id,product_id,picture_code,url,is_active,created_at,updated_at
4710786c-f19a-4d18-a83a-af8e76cfaea1,MLA30109886,822597-MLU74216106933_012024,https://http2.mlstatic.com/D_NQ_NP_822597-MLU74216106933_012024-F.jpg,True,2025-04-03 12:09:12.783714,2025-04-03 12:09:12.783715
e65e40c3-797d-4232-a160-4913b86e08fb,MLA30109886,729945-MLU74216059033_012024,https://http2.mlstatic.com/D_NQ_NP_729945-MLU74216059033_012024-F.jpg,True,2025-04-03 12:09:12.783731,2025-04-03 12:09:12.783734
37784f58-4281-42db-b999-0ea1cf16a25e,MLA27534806,955028-MLU72141797567_102023,https://http2.mlstatic.com/D_NQ_NP_955028-MLU72141797567_102023-F.jpg,True,2025-04-03 12:09:12.784052,2025-04-03 12:09:12.784052
dbd18050-5574-4e56-9616-e3974409a869,MLA36344214,885293-MLU75930193342_042024,https://http2.mlstatic.com/D_NQ_NP_885293-MLU75930193342_042024-F.jpg,True,2025-04-03 12:09:12.784682,2025-04-03 12:09:12.784683
4c64ff26-4554-4b25-8152-40cf344fd67b,MLA36344214,862221-MLU75930193364_042024,https://http2.mlstatic.com/D_NQ_NP_862221-MLU75930193364_042024-F.jpg,True,2025-04-03 12:09:12.784699,2025-04-03 12:09:12.784700
77f77684-a5e0-4898-8f6c-bec42d4ae999,MLA36344214,688225-MLU76106356061_042024,https://http2.mlstatic.com/D_NQ_NP_688225-MLU76106356061_042024-F.jpg,True,2025-04-03 12:09:12.784717,2025-04-03 12:09:12.784718
7a5c359d-510e-4010-8812-ef380521000b,MLA21615680,764034-MLU74279098346_022024,https://http2.mlstatic.com/D_NQ_NP_764034-MLU74279098346_022024-F.jpg,True,2025-04-03 12:09:12.785472,2025-04-03 12:09:12.785478
a83a7edf-09a3-454b-9751-058beaef3b73,MLA21615680,985734-MLU74279098344_022024,https://http2.mlstatic.com/D_NQ_NP_985734-MLU74279098344_022024-F.jpg,True,2025-04-03 12:09:12.785496,2025-04-03 12:09:12.785501
235b17ec-b1d5-4a32-8cdb-93c9e6987771,MLA19971472,768094-MCO74113009136_012024,https://http2.mlstatic.com/D_NQ_NP_768094-MCO74113009136_012024-F.jpg,True,2025-04-03 12:09:12.786623,2025-04-03 12:09:12.786625
2de67a0e-5939-46be-a78f-1d9d5991d627,MLA19971472,901697-MLU72756709086_112023,https://http2.mlstatic.com/D_NQ_NP_901697-MLU72756709086_112023-F.jpg,True,2025-04-03 12:09:12.786655,2025-04-03 12:09:12.786656
8966ab91-7c31-44ca-8e3a-0e5dfc89d7b0,MLA19971472,840925-MLU78229908228_082024,https://http2.mlstatic.com/D_NQ_NP_840925-MLU78229908228_082024-F.jpg,True,2025-04-03 12:09:12.786672,2025-04-03 12:09:12.786678
4bc6bd08-9153-45bb-9d6e-4b42105e4321,MLA37174404,995459-MLU76634646939_052024,https://http2.mlstatic.com/D_NQ_NP_995459-MLU76634646939_052024-F.jpg,True,2025-04-03 12:09:12.786782,2025-04-03 12:09:12.786783
46c5bbd0-bc16-42de-af21-037bdea3a963,MLA37174404,790071-MLU76439007580_052024,https://http2.mlstatic.com/D_NQ_NP_790071-MLU76439007580_052024-F.jpg,True,2025-04-03 12:09:12.786796,2025-04-03 12:09:12.786796
72b1e00a-4328-43a0-ab8e-9b991deb1f7d,MLA37174404,897195-MLU76634617137_052024,https://http2.mlstatic.com/D_NQ_NP_897195-MLU76634617137_052024-F.jpg,True,2025-04-03 12:09:12.786816,2025-04-03 12:09:12.786817
2f28677c-d421-4480-a4f9-b911a20b5340,MLA34185746,668343-MLU74801589328_032024,https://http2.mlstatic.com/D_NQ_NP_668343-MLU74801589328_032024-F.jpg,True,2025-04-03 12:09:12.787082,2025-04-03 12:09:12.787082
95d0e1fd-9dc8-44b4-9bf1-2b981874cdbd,MLA34185746,632091-MLU74801462582_032024,https://http2.mlstatic.com/D_NQ_NP_632091-MLU74801462582_032024-F.jpg,True,2025-04-03 12:09:12.787101,2025-04-03 12:09:12.787101
09e21877-0f5e-436c-8f76-ea192a513051,MLA28796813,713156-MLU73292706658_122023,https://http2.mlstatic.com/D_NQ_NP_713156-MLU73292706658_122023-F.jpg,True,2025-04-03 12:09:12.787260,2025-04-03 12:09:12.787265
4647db6e-aaf0-4744-9216-ab8aa8ec3b55,MLA28796813,841781-MLU73380236581_122023,https://http2.mlstatic.com/D_NQ_NP_841781-MLU73380236581_122023-F.jpg,True,2025-04-03 12:09:12.787280,2025-04-03 12:09:12.787285
e5e18afd-e4b1-4ca0-bf71-35a152b81027,MLA40203817,965506-MLU78905334339_092024,https://http2.mlstatic.com/D_NQ_NP_965506-MLU78905334339_092024-F.jpg,True,2025-04-03 12:09:12.787477,2025-04-03 12:09:12.787477
dd40a4ba-fcf2-4af3-81db-933eb9adfbfb,MLA40203817,902974-MLU78905951359_092024,https://http2.mlstatic.com/D_NQ_NP_902974-MLU78905951359_092024-F.jpg,True,2025-04-03 12:09:12.787491,2025-04-03 12:09:12.787496
d5d97fb8-ec91-4159-b747-93948026c8a1,MLA34077578,848186-MLU74618744618_022024,https://http2.mlstatic.com/D_NQ_NP_848186-MLU74618744618_022024-F.jpg,True,2025-04-03 12:09:12.788075,2025-04-03 12:09:12.788081
19900433-6ebc-4cb2-adf4-d09e9527df27,MLA34077578,720268-MLU74747532015_022024,https://http2.mlstatic.com/D_NQ_NP_720268-MLU74747532015_022024-F.jpg,True,2025-04-03 12:09:12.788101,2025-04-03 12:09:12.788101
6f78d963-c4fb-4463-b981-a9478e44ba57,MLA34077578,795927-MLU74747532017_022024,https://http2.mlstatic.com/D_NQ_NP_795927-MLU74747532017_022024-F.jpg,True,2025-04-03 12:09:12.788116,2025-04-03 12:09:12.788116
195bbbe4-3bae-49f2-92c4-d1eaa242ebfe,MLA34077578,882922-MLU74618744636_022024,https://http2.mlstatic.com/D_NQ_NP_882922-MLU74618744636_022024-F.jpg,True,2025-04-03 12:09:12.788130,2025-04-03 12:09:12.788131
d6e17318-921b-4104-abcf-cdb12bf2610b,MLA26953032,880083-MLA79648239177_092024,https://http2.mlstatic.com/D_NQ_NP_880083-MLA79648239177_092024-F.jpg,True,2025-04-03 12:09:12.788357,2025-04-03 12:09:12.788357
9988dc56-c564-4651-87a6-44af291753a5,MLA25208906,813521-MLU70680492880_072023,https://http2.mlstatic.com/D_NQ_NP_813521-MLU70680492880_072023-F.jpg,True,2025-04-03 12:09:12.788504,2025-04-03 12:09:12.788509
fca192fb-954d-442b-bc6d-d72df6890d1d,MLA25208906,711179-MLU70680492874_072023,https://http2.mlstatic.com/D_NQ_NP_711179-MLU70680492874_072023-F.jpg,True,2025-04-03 12:09:12.788523,2025-04-03 12:09:12.788528
4adfe04f-02eb-4aaf-ae3f-8332efddfcd7,MLA6304839,758955-MLA32691404974_102019,https://mla-s2-p.mlstatic.com/758955-MLA32691404974_102019-F.jpg,True,2025-04-03 12:09:12.789109,2025-04-03 12:09:12.789114
e2251ca6-119b-4c5e-8532-a47cf27a1b40,MLA6304839,897310-MLA32691404977_102019,https://mla-s2-p.mlstatic.com/897310-MLA32691404977_102019-F.jpg,True,2025-04-03 12:09:12.789126,2025-04-03 12:09:12.789127
9b1d2460-d647-40ec-ac3c-27dd90235b2d,MLA6304839,859696-MLA32691548343_102019,https://mla-s1-p.mlstatic.com/859696-MLA32691548343_102019-F.jpg,True,2025-04-03 12:09:12.789140,2025-04-03 12:09:12.789141
2c51eb81-384e-4af2-8b00-0229843a0319,MLA6304839,854138-MLU78110030771_082024,https://http2.mlstatic.com/D_NQ_NP_854138-MLU78110030771_082024-F.jpg,True,2025-04-03 12:09:12.789159,2025-04-03 12:09:12.789160
d034ca13-a8ac-4fbf-8553-a405745437aa,MLA6304839,890973-MLU78110020519_082024,https://http2.mlstatic.com/D_NQ_NP_890973-MLU78110020519_082024-F.jpg,True,2025-04-03 12:09:12.789177,2025-04-03 12:09:12.789178
48c1d79c-2226-4a70-a8cc-c69a262a1c22,MLA21148211,811575-MLB43753796427_102020,https://http2.mlstatic.com/D_NQ_NP_811575-MLB43753796427_102020-F.jpg,True,2025-04-03 12:09:12.789383,2025-04-03 12:09:12.789388
4401857a-b559-40bf-b056-a49cd2920f1c,MLA23298505,606270-MLU69409005802_052023,https://http2.mlstatic.com/D_NQ_NP_606270-MLU69409005802_052023-F.jpg,True,2025-04-03 12:09:12.790044,2025-04-03 12:09:12.790045
17946d86-5c0d-4b9e-89da-6122b6d33d96,MLA23298505,694256-MLU74856583701_032024,https://http2.mlstatic.com/D_NQ_NP_694256-MLU74856583701_032024-F.jpg,True,2025-04-03 12:09:12.790057,2025-04-03 12:09:12.790062
97bc88d5-fcf2-42ee-8e23-dd7073541778,MLA23298505,706270-MLU73579710574_122023,https://http2.mlstatic.com/D_NQ_NP_706270-MLU73579710574_122023-F.jpg,True,2025-04-03 12:09:12.790080,2025-04-03 12:09:12.790081
a2cd3eaa-2c79-4931-9053-93103556ec10,MLA23298505,627457-MLU78087437134_082024,https://http2.mlstatic.com/D_NQ_NP_627457-MLU78087437134_082024-F.jpg,True,2025-04-03 12:09:12.790098,2025-04-03 12:09:12.790098
b96e434b-d7e0-4860-b929-bd059768ccfe,MLA23298505,620213-MLU72856380203_112023,https://http2.mlstatic.com/D_NQ_NP_620213-MLU72856380203_112023-F.jpg,True,2025-04-03 12:09:12.790111,2025-04-03 12:09:12.790117
1d1fddfe-2350-4e0b-ab21-384781adfa11,MLA29761568,675423-MLU74048851912_012024,https://http2.mlstatic.com/D_NQ_NP_675423-MLU74048851912_012024-F.jpg,True,2025-04-03 12:09:12.790195,2025-04-03 12:09:12.790195
5f27385e-6837-4146-a171-3c94f396705b,MLA29761568,967951-MLA82564479069_022025,https://http2.mlstatic.com/D_NQ_NP_967951-MLA82564479069_022025-F.jpg,True,2025-04-03 12:09:12.790207,2025-04-03 12:09:12.790207
db7b1e3f-5f72-41f7-bb19-fc4d55252ea7,MLA29761568,911731-MLA82280538014_022025,https://http2.mlstatic.com/D_NQ_NP_911731-MLA82280538014_022025-F.jpg,True,2025-04-03 12:09:12.790221,2025-04-03 12:09:12.790221
b52ded2a-4a5a-4a0a-94af-8d59b02940e5,MLA29761568,602547-MLA82564352423_022025,https://http2.mlstatic.com/D_NQ_NP_602547-MLA82564352423_022025-F.jpg,True,2025-04-03 12:09:12.790239,2025-04-03 12:09:12.790244
65c7cb21-6eff-4180-b0b0-511b1cd2d1dc,MLA42167579,679990-MLA79866842798_102024,https://http2.mlstatic.com/D_NQ_NP_679990-MLA79866842798_102024-F.jpg,True,2025-04-03 12:09:12.790616,2025-04-03 12:09:12.790616
e8ec30cc-7560-4b86-af57-6f8b7f0b7ec0,MLA42167579,862881-MLA80101826560_102024,https://http2.mlstatic.com/D_NQ_NP_862881-MLA80101826560_102024-F.jpg,True,2025-04-03 12:09:12.790634,2025-04-03 12:09:12.790635
898c90a7-fbf2-42e6-ab65-02bfbe8b1a5f,MLA42167579,661581-MLA80357182547_102024,https://http2.mlstatic.com/D_NQ_NP_661581-MLA80357182547_102024-F.jpg,True,2025-04-03 12:09:12.790647,2025-04-03 12:09:12.790647
e94406f7-b3a2-4a86-a8f2-429000b81c68,MLA42167579,653395-MLA80101707672_102024,https://http2.mlstatic.com/D_NQ_NP_653395-MLA80101707672_102024-F.jpg,True,2025-04-03 12:09:12.790660,2025-04-03 12:09:12.790660
aa43d485-3ac5-486c-af33-0ca2f746687d,MLA36289974,843180-MLU76091268281_042024,https://http2.mlstatic.com/D_NQ_NP_843180-MLU76091268281_042024-F.jpg,True,2025-04-03 12:09:12.791040,2025-04-03 12:09:12.791040
e67ecce1-cf15-4737-86aa-ec4c9a05ad00,MLA36289974,633909-MLU75915938892_042024,https://http2.mlstatic.com/D_NQ_NP_633909-MLU75915938892_042024-F.jpg,True,2025-04-03 12:09:12.791053,2025-04-03 12:09:12.791053
2b5200d8-2179-4ba7-a5ea-6235889b8dc9,MLA36289974,971798-MLU75916106362_042024,https://http2.mlstatic.com/D_NQ_NP_971798-MLU75916106362_042024-F.jpg,True,2025-04-03 12:09:12.791065,2025-04-03 12:09:12.791069
2725f6d9-ee32-4915-848c-3e5c647032bb,MLA36289974,971759-MLU75915938898_042024,https://http2.mlstatic.com/D_NQ_NP_971759-MLU75915938898_042024-F.jpg,True,2025-04-03 12:09:12.791081,2025-04-03 12:09:12.791082
58511222-5c23-4666-b154-b044a9d68ebb,MLA45968959,960602-MLA82033741914_022025,https://http2.mlstatic.com/D_NQ_NP_960602-MLA82033741914_022025-F.jpg,True,2025-04-03 12:09:12.791868,2025-04-03 12:09:12.791869
43f48092-c7e1-4673-856a-b7fc0ed60f10,MLA45968959,842891-MLA82315840813_022025,https://http2.mlstatic.com/D_NQ_NP_842891-MLA82315840813_022025-F.jpg,True,2025-04-03 12:09:12.791875,2025-04-03 12:09:12.791875
3cbe5907-1f26-44bf-b97d-735b5ddef567,MLA45968959,696413-MLA82033722534_022025,https://http2.mlstatic.com/D_NQ_NP_696413-MLA82033722534_022025-F.jpg,True,2025-04-03 12:09:12.791881,2025-04-03 12:09:12.791881
b33743fb-a5cb-4a52-b858-e13e9bb15c57,MLA45968959,724658-MLA82876529742_032025,https://http2.mlstatic.com/D_NQ_NP_724658-MLA82876529742_032025-F.jpg,True,2025-04-03 12:09:12.791888,2025-04-03 12:09:12.791890
cfe46ede-0024-49f0-a04f-3a06c8378d0a,MLA45968959,655827-MLA82876419882_032025,https://http2.mlstatic.com/D_NQ_NP_655827-MLA82876419882_032025-F.jpg,True,2025-04-03 12:09:12.791896,2025-04-03 12:09:12.791897
8ce81632-ccfb-4dd1-9d20-cf5c5fc97ab4,MLA24266840,911414-MLU74219614902_012024,https://http2.mlstatic.com/D_NQ_NP_911414-MLU74219614902_012024-F.jpg,True,2025-04-03 12:09:12.792326,2025-04-03 12:09:12.792326
72dc6018-51ac-4b15-8d1f-77eadee181a3,MLA24266840,721184-MLU74219568760_012024,https://http2.mlstatic.com/D_NQ_NP_721184-MLU74219568760_012024-F.jpg,True,2025-04-03 12:09:12.792330,2025-04-03 12:09:12.792330
bf78a0d8-89e5-462b-b4c1-7a1e74eae2db,MLA24266840,670855-MLU70326176114_072023,https://http2.mlstatic.com/D_NQ_NP_670855-MLU70326176114_072023-F.jpg,True,2025-04-03 12:09:12.792333,2025-04-03 12:09:12.792334
5bf7f5b9-e070-4cd4-abdf-51a6417d2abf,MLA24266840,719252-MLU73885192119_012024,https://http2.mlstatic.com/D_NQ_NP_719252-MLU73885192119_012024-F.jpg,True,2025-04-03 12:09:12.792337,2025-04-03 12:09:12.792337
33df9304-d427-4b8a-bc07-af2779a616ba,MLA24266840,731333-MLU70326176118_072023,https://http2.mlstatic.com/D_NQ_NP_731333-MLU70326176118_072023-F.jpg,True,2025-04-03 12:09:12.792340,2025-04-03 12:09:12.792341
a810b274-d94e-4d72-a0d2-192b942bbfd2,MLA24266840,897909-MLU74857698077_032024,https://http2.mlstatic.com/D_NQ_NP_897909-MLU74857698077_032024-F.jpg,True,2025-04-03 12:09:12.792344,2025-04-03 12:09:12.792344
59fdf8ce-0917-4851-9778-65af01ad49ff,MLA20053803,754314-MLA74110453094_012024,https://http2.mlstatic.com/D_NQ_NP_754314-MLA74110453094_012024-F.jpg,True,2025-04-03 12:09:12.792415,2025-04-03 12:09:12.792416
99b2876f-f331-4c23-9ff3-172bd3390a4b,MLA20053803,861331-MLA74116301382_012024,https://http2.mlstatic.com/D_NQ_NP_861331-MLA74116301382_012024-F.jpg,True,2025-04-03 12:09:12.792419,2025-04-03 12:09:12.792419
ff92f540-0967-437d-9a9a-db378f967f0e,MLA20053803,822285-MLA43079185135_082020,https://http2.mlstatic.com/D_NQ_NP_822285-MLA43079185135_082020-F.jpg,True,2025-04-03 12:09:12.792422,2025-04-03 12:09:12.792423
28b0f04f-5dc8-4509-92ef-971f467559f6,MLA37201577,639869-MLU76644691567_052024,https://http2.mlstatic.com/D_NQ_NP_639869-MLU76644691567_052024-F.jpg,True,2025-04-03 12:09:12.792475,2025-04-03 12:09:12.792475
421a4cda-70d4-47ed-80d1-32c41c7e6075,MLA37201577,793634-MLU76644632267_052024,https://http2.mlstatic.com/D_NQ_NP_793634-MLU76644632267_052024-F.jpg,True,2025-04-03 12:09:12.792478,2025-04-03 12:09:12.792478
57a79475-fb40-4e19-92d7-7739aeed363b,MLA25208932,916584-MLU70680492838_072023,https://http2.mlstatic.com/D_NQ_NP_916584-MLU70680492838_072023-F.jpg,True,2025-04-03 12:09:12.792537,2025-04-03 12:09:12.792538
3e586eef-9ca7-4c14-bb4b-2a014231db3d,MLA25208932,686511-MLU70680492830_072023,https://http2.mlstatic.com/D_NQ_NP_686511-MLU70680492830_072023-F.jpg,True,2025-04-03 12:09:12.792541,2025-04-03 12:09:12.792541
7aa91876-0a54-4217-a6bf-8565bb2add17,MLA25208932,952626-MLU70710058675_072023,https://http2.mlstatic.com/D_NQ_NP_952626-MLU70710058675_072023-F.jpg,True,2025-04-03 12:09:12.792544,2025-04-03 12:09:12.792545
39ddb60b-1a0f-40a4-8a6b-09533aaeffb1,MLA25208932,828649-MLU70710226109_072023,https://http2.mlstatic.com/D_NQ_NP_828649-MLU70710226109_072023-F.jpg,True,2025-04-03 12:09:12.792548,2025-04-03 12:09:12.792548
c1968a50-5a57-4175-b123-b3eab8dbbd1b,MLA19862210,948943-MLU78058922458_082024,https://http2.mlstatic.com/D_NQ_NP_948943-MLU78058922458_082024-F.jpg,True,2025-04-03 12:09:12.792616,2025-04-03 12:09:12.792616
f1df57ef-2604-44cb-ae34-3ec83436fd82,MLA19862210,883018-MLU78059042182_082024,https://http2.mlstatic.com/D_NQ_NP_883018-MLU78059042182_082024-F.jpg,True,2025-04-03 12:09:12.792620,2025-04-03 12:09:12.792620
0a77c84d-b4aa-472e-891d-8990489a189b,MLA21560522,774446-MLB28175914405_092018,https://http2.mlstatic.com/D_NQ_NP_774446-MLB28175914405_092018-F.jpg,True,2025-04-03 12:09:12.792672,2025-04-03 12:09:12.792672
31587379-1517-40e0-875f-ba699b81ce39,MLA21560522,876486-MLB73981962430_012024,https://http2.mlstatic.com/D_NQ_NP_876486-MLB73981962430_012024-F.jpg,True,2025-04-03 12:09:12.792676,2025-04-03 12:09:12.792676
a4e14fd3-e2db-4f00-8c62-3c3542457da1,MLA16233186,700343-MLA74650711082_022024,https://http2.mlstatic.com/D_NQ_NP_700343-MLA74650711082_022024-F.jpg,True,2025-04-03 12:09:12.792890,2025-04-03 12:09:12.792890
a5218eca-681f-4038-891f-2c281018870c,MLA16233186,864549-MLU74842920836_032024,https://http2.mlstatic.com/D_NQ_NP_864549-MLU74842920836_032024-F.jpg,True,2025-04-03 12:09:12.792894,2025-04-03 12:09:12.792894
4e95b0e2-daf3-4223-84b1-72b5ad21ad9b,MLA16233186,972698-MLU74816161118_032024,https://http2.mlstatic.com/D_NQ_NP_972698-MLU74816161118_032024-F.jpg,True,2025-04-03 12:09:12.792897,2025-04-03 12:09:12.792898
714a898c-2f8a-43ac-8a10-368013c66afb,MLA16233186,892546-MLA79472166247_092024,https://http2.mlstatic.com/D_NQ_NP_892546-MLA79472166247_092024-F.jpg,True,2025-04-03 12:09:12.792902,2025-04-03 12:09:12.792902
5413d8c9-c6a0-4635-9977-435c6cc07e0d,MLA42186257,741175-MLA79884660558_102024,https://http2.mlstatic.com/D_NQ_NP_741175-MLA79884660558_102024-F.jpg,True,2025-04-03 12:09:12.793055,2025-04-03 12:09:12.793055
77be9130-b8a8-47c1-963e-5a7c7d7caacd,MLA45025509,782276-MLA81309319884_122024,https://http2.mlstatic.com/D_NQ_NP_782276-MLA81309319884_122024-F.jpg,True,2025-04-03 12:09:12.793155,2025-04-03 12:09:12.793155
e2da132f-eab5-458a-a58e-76e541d5b97c,MLA45025509,716667-MLA81309319890_122024,https://http2.mlstatic.com/D_NQ_NP_716667-MLA81309319890_122024-F.jpg,True,2025-04-03 12:09:12.793158,2025-04-03 12:09:12.793158
bf15ad7a-2646-4992-97b4-613cc4c3f95f,MLA45025509,924774-MLA81309319894_122024,https://http2.mlstatic.com/D_NQ_NP_924774-MLA81309319894_122024-F.jpg,True,2025-04-03 12:09:12.793162,2025-04-03 12:09:12.793162
bbc48f7a-b75b-4e66-9e10-09a3aca887cf,MLA45025509,674591-MLA81309233428_122024,https://http2.mlstatic.com/D_NQ_NP_674591-MLA81309233428_122024-F.jpg,True,2025-04-03 12:09:12.793165,2025-04-03 12:09:12.793165
1b51f1c8-b6dc-4955-99e0-df32d0c36679,MLA45025509,980491-MLA81309387838_122024,https://http2.mlstatic.com/D_NQ_NP_980491-MLA81309387838_122024-F.jpg,True,2025-04-03 12:09:12.793168,2025-04-03 12:09:12.793168
1bc14b83-0751-43d0-8400-7aceaf68a968,MLA45199143,922290-MLA81423472230_122024,https://http2.mlstatic.com/D_NQ_NP_922290-MLA81423472230_122024-F.jpg,True,2025-04-03 12:09:12.793293,2025-04-03 12:09:12.793293
2e17247d-fb41-4375-ba0c-3b2bcfffc530,MLA45199143,667538-MLA81423472232_122024,https://http2.mlstatic.com/D_NQ_NP_667538-MLA81423472232_122024-F.jpg,True,2025-04-03 12:09:12.793296,2025-04-03 12:09:12.793296
b6269684-8b20-4ec2-b7f7-0536c88baafd,MLA45199143,682454-MLA81693161793_122024,https://http2.mlstatic.com/D_NQ_NP_682454-MLA81693161793_122024-F.jpg,True,2025-04-03 12:09:12.793301,2025-04-03 12:09:12.793301
b6c918eb-2185-4358-a81c-eb26a65bccc9,MLA22826595,736238-MLU54974014944_042023,https://http2.mlstatic.com/D_NQ_NP_736238-MLU54974014944_042023-F.jpg,True,2025-04-03 12:09:12.793351,2025-04-03 12:09:12.793351
17fd02da-937e-44d7-bfa2-a2f279485f62,MLA22826595,959023-MLU73764795893_012024,https://http2.mlstatic.com/D_NQ_NP_959023-MLU73764795893_012024-F.jpg,True,2025-04-03 12:09:12.793354,2025-04-03 12:09:12.793354
b324a0f3-8ea3-4880-bc7f-850b816384e6,MLA36633513,612552-MLU76208063027_052024,https://http2.mlstatic.com/D_NQ_NP_612552-MLU76208063027_052024-F.jpg,True,2025-04-03 12:09:12.793494,2025-04-03 12:09:12.793494
7b875369-31a0-452d-983c-c443769bc9c8,MLA36633513,756849-MLU76027304092_052024,https://http2.mlstatic.com/D_NQ_NP_756849-MLU76027304092_052024-F.jpg,True,2025-04-03 12:09:12.793498,2025-04-03 12:09:12.793498
3ef80117-2ccc-4179-b67b-bd45c0738134,MLA36633513,609364-MLU76765718593_062024,https://http2.mlstatic.com/D_NQ_NP_609364-MLU76765718593_062024-F.jpg,True,2025-04-03 12:09:12.793501,2025-04-03 12:09:12.793501
13b9050a-ab27-46a9-a14d-f3375f872bfe,MLA36633513,982913-MLU78041537760_082024,https://http2.mlstatic.com/D_NQ_NP_982913-MLU78041537760_082024-F.jpg,True,2025-04-03 12:09:12.793504,2025-04-03 12:09:12.793505
4f119227-18f6-4deb-b990-9adc681df7df,MLA36633513,849997-MLU76027304108_052024,https://http2.mlstatic.com/D_NQ_NP_849997-MLU76027304108_052024-F.jpg,True,2025-04-03 12:09:12.793508,2025-04-03 12:09:12.793508
184ebb40-b5a4-46dd-837a-4c08f3ba8409,MLA36633513,833449-MLU76208111803_052024,https://http2.mlstatic.com/D_NQ_NP_833449-MLU76208111803_052024-F.jpg,True,2025-04-03 12:09:12.793513,2025-04-03 12:09:12.793513
33ca639f-09df-4389-944d-4cade69788de,MLA36633513,672272-MLU76566014198_062024,https://http2.mlstatic.com/D_NQ_NP_672272-MLU76566014198_062024-F.jpg,True,2025-04-03 12:09:12.793516,2025-04-03 12:09:12.793517
facd92b3-1a39-445b-af25-56ae4604044e,MLA36633513,774043-MLU76765718559_062024,https://http2.mlstatic.com/D_NQ_NP_774043-MLU76765718559_062024-F.jpg,True,2025-04-03 12:09:12.793520,2025-04-03 12:09:12.793520
7705de29-4049-4b50-a7a2-918ddacba17f,MLA36633513,931550-MLU76765718567_062024,https://http2.mlstatic.com/D_NQ_NP_931550-MLU76765718567_062024-F.jpg,True,2025-04-03 12:09:12.793523,2025-04-03 12:09:12.793523
c8bbd917-53ab-4323-a3c7-8273cd74d683,MLA36633513,876785-MLU76765718579_062024,https://http2.mlstatic.com/D_NQ_NP_876785-MLU76765718579_062024-F.jpg,True,2025-04-03 12:09:12.793527,2025-04-03 12:09:12.793527
8a5a523c-1206-4020-8438-b1e5242bec62,MLA36633513,851227-MLU76566014220_062024,https://http2.mlstatic.com/D_NQ_NP_851227-MLU76566014220_062024-F.jpg,True,2025-04-03 12:09:12.793530,2025-04-03 12:09:12.793530
88bf7f5c-e4e7-4de8-b03a-a95c1f57180e,MLA36633513,766624-MLU76566014226_062024,https://http2.mlstatic.com/D_NQ_NP_766624-MLU76566014226_062024-F.jpg,True,2025-04-03 12:09:12.793533,2025-04-03 12:09:12.793534
bed9b609-e525-44ef-acef-9097c4ff21a2,MLA42977080,717126-MLA80593833547_112024,https://http2.mlstatic.com/D_NQ_NP_717126-MLA80593833547_112024-F.jpg,True,2025-04-03 12:09:12.793574,2025-04-03 12:09:12.793574
9464fb40-3fec-46de-8b25-46b7b84833e5,MLA32064840,857967-MLU74389633329_022024,https://http2.mlstatic.com/D_NQ_NP_857967-MLU74389633329_022024-F.jpg,True,2025-04-03 12:09:12.793684,2025-04-03 12:09:12.793684
052e3a15-34d4-416b-99ed-bfd58d74d2d2,MLA22964864,731601-MLU54977742823_042023,https://http2.mlstatic.com/D_NQ_NP_731601-MLU54977742823_042023-F.jpg,True,2025-04-03 12:09:12.793785,2025-04-03 12:09:12.793785
8b7417e4-d347-448b-a847-a4faef6b2b85,MLA24460156,706996-MLU78013821034_082024,https://http2.mlstatic.com/D_NQ_NP_706996-MLU78013821034_082024-F.jpg,True,2025-04-03 12:09:12.793940,2025-04-03 12:09:12.793940
a68f820a-3166-499a-b022-ca216437a153,MLA24460156,946614-MLU74224407560_022024,https://http2.mlstatic.com/D_NQ_NP_946614-MLU74224407560_022024-F.jpg,True,2025-04-03 12:09:12.793943,2025-04-03 12:09:12.793944
9ab190e5-be15-4897-94de-c46890da1522,MLA24460156,982035-MLU78239377895_082024,https://http2.mlstatic.com/D_NQ_NP_982035-MLU78239377895_082024-F.jpg,True,2025-04-03 12:09:12.793947,2025-04-03 12:09:12.793947
6302904e-8df7-4106-8cb8-99555283d121,MLA24460156,642500-MLU73456566418_122023,https://http2.mlstatic.com/D_NQ_NP_642500-MLU73456566418_122023-F.jpg,True,2025-04-03 12:09:12.793950,2025-04-03 12:09:12.793950
f236b54b-b557-46c3-9052-d7a141b90c22,MLA24460156,636736-MLU73784219734_012024,https://http2.mlstatic.com/D_NQ_NP_636736-MLU73784219734_012024-F.jpg,True,2025-04-03 12:09:12.793954,2025-04-03 12:09:12.793954
dc0f37fa-5b1b-4b9e-a6e2-41a9ed685139,MLA20544894,978472-MEC32125652047_092019,https://http2.mlstatic.com/D_NQ_NP_978472-MEC32125652047_092019-F.jpg,True,2025-04-03 12:09:12.794101,2025-04-03 12:09:12.794101
59a56033-5fd1-457e-8729-df8ff841200f,MLA20544894,750545-MEC74113032114_012024,https://http2.mlstatic.com/D_NQ_NP_750545-MEC74113032114_012024-F.jpg,True,2025-04-03 12:09:12.794105,2025-04-03 12:09:12.794105
a16046bd-4bb8-416b-9912-18627a049426,MLA20544894,976661-MLU73568258315_122023,https://http2.mlstatic.com/D_NQ_NP_976661-MLU73568258315_122023-F.jpg,True,2025-04-03 12:09:12.794108,2025-04-03 12:09:12.794108
cf342028-6a40-4f9f-85fa-5c231bd5fdac,MLA20544894,946238-MLU73475599960_122023,https://http2.mlstatic.com/D_NQ_NP_946238-MLU73475599960_122023-F.jpg,True,2025-04-03 12:09:12.794112,2025-04-03 12:09:12.794112
be62cc17-5bd1-4ced-aefe-67e1f960ff4d,MLA20544894,973845-MLU73475511208_122023,https://http2.mlstatic.com/D_NQ_NP_973845-MLU73475511208_122023-F.jpg,True,2025-04-03 12:09:12.794115,2025-04-03 12:09:12.794115
330d1847-1a7e-4714-86ea-42bfedf70d17,MLA22742201,669079-MLU74113427817_012024,https://http2.mlstatic.com/D_NQ_NP_669079-MLU74113427817_012024-F.jpg,True,2025-04-03 12:09:12.794186,2025-04-03 12:09:12.794186
e6fac1bd-b17c-429f-834f-5006c172cb6d,MLA22244109,960125-MLB50436450645_062022,https://http2.mlstatic.com/D_NQ_NP_960125-MLB50436450645_062022-F.jpg,True,2025-04-03 12:09:12.794257,2025-04-03 12:09:12.794257
a98efd60-e259-4e1a-8011-c45968f758bc,MLA22244109,898034-MLU74960302021_032024,https://http2.mlstatic.com/D_NQ_NP_898034-MLU74960302021_032024-F.jpg,True,2025-04-03 12:09:12.794261,2025-04-03 12:09:12.794261
2c466a9b-8052-4855-869e-8cb8e895cafe,MLA22244109,979490-MLU75143905146_032024,https://http2.mlstatic.com/D_NQ_NP_979490-MLU75143905146_032024-F.jpg,True,2025-04-03 12:09:12.794264,2025-04-03 12:09:12.794264
9ff2ee22-226f-4b1a-a59a-15ad127ca4b7,MLA22244109,853896-MLU75143651040_032024,https://http2.mlstatic.com/D_NQ_NP_853896-MLU75143651040_032024-F.jpg,True,2025-04-03 12:09:12.794267,2025-04-03 12:09:12.794268
3e583282-464f-446f-83f8-f14080f5242e,MLA22244109,684168-MLU75143905164_032024,https://http2.mlstatic.com/D_NQ_NP_684168-MLU75143905164_032024-F.jpg,True,2025-04-03 12:09:12.794271,2025-04-03 12:09:12.794271
df07c415-f272-4256-93dd-50a6817f2f4b,MLA22244109,762579-MLU75289649465_032024,https://http2.mlstatic.com/D_NQ_NP_762579-MLU75289649465_032024-F.jpg,True,2025-04-03 12:09:12.794274,2025-04-03 12:09:12.794274
27b492dc-79de-4089-b335-f2e5e424b250,MLA22244109,991302-MLU75289649477_032024,https://http2.mlstatic.com/D_NQ_NP_991302-MLU75289649477_032024-F.jpg,True,2025-04-03 12:09:12.794277,2025-04-03 12:09:12.794278
ff26240c-4bae-48b7-98fc-2ac0d14426e1,MLA22244109,753856-MLU75289767339_032024,https://http2.mlstatic.com/D_NQ_NP_753856-MLU75289767339_032024-F.jpg,True,2025-04-03 12:09:12.794281,2025-04-03 12:09:12.794281
8c3bc6d9-2099-4dcc-85a6-ee20cb0f5c8e,MLA22244109,656256-MLU75143651080_032024,https://http2.mlstatic.com/D_NQ_NP_656256-MLU75143651080_032024-F.jpg,True,2025-04-03 12:09:12.794284,2025-04-03 12:09:12.794285
b96268d2-b222-4b33-aa1c-fa923212503c,MLA23856530,820067-MLU73784248178_012024,https://http2.mlstatic.com/D_NQ_NP_820067-MLU73784248178_012024-F.jpg,True,2025-04-03 12:09:12.794353,2025-04-03 12:09:12.794353
48a57851-ce68-4d9c-a01b-0a99f7f93f69,MLA23856530,908418-MLU69865241721_062023,https://http2.mlstatic.com/D_NQ_NP_908418-MLU69865241721_062023-F.jpg,True,2025-04-03 12:09:12.794357,2025-04-03 12:09:12.794357
79533232-46ab-4449-aca3-8ccd426b55ba,MLA21319228,835653-MLC49942439415_052022,https://http2.mlstatic.com/D_NQ_NP_835653-MLC49942439415_052022-F.jpg,True,2025-04-03 12:09:12.794411,2025-04-03 12:09:12.794411
05beabcf-4881-4768-98d7-08d067fdeedb,MLA21319228,971803-MLC49942416515_052022,https://http2.mlstatic.com/D_NQ_NP_971803-MLC49942416515_052022-F.jpg,True,2025-04-03 12:09:12.794415,2025-04-03 12:09:12.794415
2db9b519-b0d0-4ace-b006-d0d6192a1402,MLA19809983,715211-MLA80664628923_112024,https://http2.mlstatic.com/D_NQ_NP_715211-MLA80664628923_112024-F.jpg,True,2025-04-03 12:09:12.794515,2025-04-03 12:09:12.794515
91d28301-71e6-49ca-8def-a0afa7eed971,MLA22342000,945568-MLM27868612530_072018,https://http2.mlstatic.com/D_NQ_NP_945568-MLM27868612530_072018-F.jpg,True,2025-04-03 12:09:12.794582,2025-04-03 12:09:12.794582
66531b31-a5db-415a-88b6-7437f83ae670,MLA22342000,638374-MLM27868587344_072018,https://http2.mlstatic.com/D_NQ_NP_638374-MLM27868587344_072018-F.jpg,True,2025-04-03 12:09:12.794585,2025-04-03 12:09:12.794585
2ffce818-4dca-4fd8-9891-ed84780ef116,MLA29435056,812018-MLU77780399984_072024,https://http2.mlstatic.com/D_NQ_NP_812018-MLU77780399984_072024-F.jpg,True,2025-04-03 12:09:12.794642,2025-04-03 12:09:12.794642
48c72ba2-9ab9-4b0d-a686-336449b488bc,MLA21622186,826039-MLB74071658294_012024,https://http2.mlstatic.com/D_NQ_NP_826039-MLB74071658294_012024-F.jpg,True,2025-04-03 12:09:12.794767,2025-04-03 12:09:12.794767
5f827946-ccba-4049-adf2-b016dc539679,MLA21622186,924159-MLU71617328518_092023,https://http2.mlstatic.com/D_NQ_NP_924159-MLU71617328518_092023-F.jpg,True,2025-04-03 12:09:12.794774,2025-04-03 12:09:12.794775
97817cdb-2cd4-4e4c-8620-3d2cb9fec666,MLA21622186,820262-MLU71617169058_092023,https://http2.mlstatic.com/D_NQ_NP_820262-MLU71617169058_092023-F.jpg,True,2025-04-03 12:09:12.794778,2025-04-03 12:09:12.794778
59751ea3-08fb-4b57-8edc-c87eefb816f0,MLA22742200,841075-MLU54965231634_042023,https://http2.mlstatic.com/D_NQ_NP_841075-MLU54965231634_042023-F.jpg,True,2025-04-03 12:09:12.794829,2025-04-03 12:09:12.794829
50fd3a80-e3ea-457a-b41f-2246ec9f53d7,MLA24557201,755666-MLU74983348223_032024,https://http2.mlstatic.com/D_NQ_NP_755666-MLU74983348223_032024-F.jpg,True,2025-04-03 12:09:12.794950,2025-04-03 12:09:12.794950
095281b9-a8b2-4d59-8e3a-9972a49e1437,MLA22762005,895122-MLU54961175787_042023,https://http2.mlstatic.com/D_NQ_NP_895122-MLU54961175787_042023-F.jpg,True,2025-04-03 12:09:12.795080,2025-04-03 12:09:12.795080
c2eab22a-ba32-4710-9d96-58f30562089c,MLA22762005,673076-MLU76607457466_062024,https://http2.mlstatic.com/D_NQ_NP_673076-MLU76607457466_062024-F.jpg,True,2025-04-03 12:09:12.795083,2025-04-03 12:09:12.795084
789787d1-f0d8-4a1e-9acf-33065007f67b,MLA22762005,698566-MLA79580763770_102024,https://http2.mlstatic.com/D_NQ_NP_698566-MLA79580763770_102024-F.jpg,True,2025-04-03 12:09:12.795088,2025-04-03 12:09:12.795088
8ebda83c-d192-44bf-8f9c-38c0635c6ae6,MLA22762005,825296-MLA79580763780_102024,https://http2.mlstatic.com/D_NQ_NP_825296-MLA79580763780_102024-F.jpg,True,2025-04-03 12:09:12.795091,2025-04-03 12:09:12.795091
77a606cc-e348-4de4-8337-a664363a20ae,MLA22762005,654783-MLU76607448164_062024,https://http2.mlstatic.com/D_NQ_NP_654783-MLU76607448164_062024-F.jpg,True,2025-04-03 12:09:12.795094,2025-04-03 12:09:12.795095
7d9188ad-de0f-44a0-85e3-709fd2f48b41,MLA22762005,851710-MLU76607457502_062024,https://http2.mlstatic.com/D_NQ_NP_851710-MLU76607457502_062024-F.jpg,True,2025-04-03 12:09:12.795098,2025-04-03 12:09:12.795098
a995cac6-42b3-45e3-8032-bdf1758c2110,MLA22762005,930685-MLU76607448184_062024,https://http2.mlstatic.com/D_NQ_NP_930685-MLU76607448184_062024-F.jpg,True,2025-04-03 12:09:12.795101,2025-04-03 12:09:12.795101
71ff4dda-ba3d-4749-9a9d-761c2f2e0dff,MLA22762005,824834-MLU76808430027_062024,https://http2.mlstatic.com/D_NQ_NP_824834-MLU76808430027_062024-F.jpg,True,2025-04-03 12:09:12.795104,2025-04-03 12:09:12.795105
ad5689e8-dd7c-4d3c-8a02-680adcf49c0c,MLA22762005,872387-MLA79580763788_102024,https://http2.mlstatic.com/D_NQ_NP_872387-MLA79580763788_102024-F.jpg,True,2025-04-03 12:09:12.795108,2025-04-03 12:09:12.795108
4e78987b-fb75-449d-b4fd-e1f4c537fd05,MLA24589109,860559-MLU74960304385_032024,https://http2.mlstatic.com/D_NQ_NP_860559-MLU74960304385_032024-F.jpg,True,2025-04-03 12:09:12.795179,2025-04-03 12:09:12.795179
b853af74-21d3-425d-91b1-30347ddaf063,MLA24589109,796895-MLU74424500333_022024,https://http2.mlstatic.com/D_NQ_NP_796895-MLU74424500333_022024-F.jpg,True,2025-04-03 12:09:12.795182,2025-04-03 12:09:12.795182
deaa6a33-8e82-48ae-9827-90e2f3c5c6c3,MLA24589109,901175-MLU74307931550_022024,https://http2.mlstatic.com/D_NQ_NP_901175-MLU74307931550_022024-F.jpg,True,2025-04-03 12:09:12.795186,2025-04-03 12:09:12.795186
7009596b-6748-4648-8478-996e14ef0579,MLA24589109,744617-MLU74424500335_022024,https://http2.mlstatic.com/D_NQ_NP_744617-MLU74424500335_022024-F.jpg,True,2025-04-03 12:09:12.795189,2025-04-03 12:09:12.795189
8a26c1f7-e45c-4aff-9680-dc1f9bd42d4b,MLA27474749,606368-MLU72051064874_102023,https://http2.mlstatic.com/D_NQ_NP_606368-MLU72051064874_102023-F.jpg,True,2025-04-03 12:09:12.795319,2025-04-03 12:09:12.795319
5630076d-77d1-4a1e-900a-ed131bd69c95,MLA19943147,719408-MLM74110502218_012024,https://http2.mlstatic.com/D_NQ_NP_719408-MLM74110502218_012024-F.jpg,True,2025-04-03 12:09:12.795364,2025-04-03 12:09:12.795365
5af79a00-dabf-4df8-9a66-da6431003bb9,MLA22128219,807239-MLA79582399878_102024,https://http2.mlstatic.com/D_NQ_NP_807239-MLA79582399878_102024-F.jpg,True,2025-04-03 12:09:12.795416,2025-04-03 12:09:12.795416
b6108ff3-b9da-4811-bd8a-0351a3ac4be6,MLA22128219,871478-MLA79582399892_102024,https://http2.mlstatic.com/D_NQ_NP_871478-MLA79582399892_102024-F.jpg,True,2025-04-03 12:09:12.795421,2025-04-03 12:09:12.795421
4d5361aa-bd32-494c-ad10-2cb5f3b81705,MLA34951048,663759-MLA79167786213_092024,https://http2.mlstatic.com/D_NQ_NP_663759-MLA79167786213_092024-F.jpg,True,2025-04-03 12:09:12.795468,2025-04-03 12:09:12.795468
1753b9bf-db3c-4bad-85a5-2b69288b84e7,MLA34951048,714296-MLA78928959372_092024,https://http2.mlstatic.com/D_NQ_NP_714296-MLA78928959372_092024-F.jpg,True,2025-04-03 12:09:12.795472,2025-04-03 12:09:12.795472
0b4a9f7c-c07b-41fe-ba4d-911ad2ec08c8,MLA34951048,997598-MLU75403503399_032024,https://http2.mlstatic.com/D_NQ_NP_997598-MLU75403503399_032024-F.jpg,True,2025-04-03 12:09:12.795475,2025-04-03 12:09:12.795475
b1df17e4-a2d1-458f-9808-b93dc7016838,MLA34951048,747850-MLU75403503425_032024,https://http2.mlstatic.com/D_NQ_NP_747850-MLU75403503425_032024-F.jpg,True,2025-04-03 12:09:12.795479,2025-04-03 12:09:12.795479
1fff7b04-73ce-4c14-b51d-6e5047556001,MLA34951048,988748-MLU75403503431_032024,https://http2.mlstatic.com/D_NQ_NP_988748-MLU75403503431_032024-F.jpg,True,2025-04-03 12:09:12.795482,2025-04-03 12:09:12.795482
a1d975b9-fbe2-48e2-9f6d-71df4ec27de0,MLA34951048,994349-MLA79167569395_092024,https://http2.mlstatic.com/D_NQ_NP_994349-MLA79167569395_092024-F.jpg,True,2025-04-03 12:09:12.795485,2025-04-03 12:09:12.795486
034a5390-3c22-41ac-82a3-ad94c18d5416,MLA34951048,793437-MLA79167904757_092024,https://http2.mlstatic.com/D_NQ_NP_793437-MLA79167904757_092024-F.jpg,True,2025-04-03 12:09:12.795489,2025-04-03 12:09:12.795489
b0359a6f-9c4f-4c73-b366-ef5d95776f18,MLA34951048,802319-MLA78928958928_092024,https://http2.mlstatic.com/D_NQ_NP_802319-MLA78928958928_092024-F.jpg,True,2025-04-03 12:09:12.795492,2025-04-03 12:09:12.795492
5913b107-531e-410a-b953-030a8dd63246,MLA34951048,846777-MLA79167904775_092024,https://http2.mlstatic.com/D_NQ_NP_846777-MLA79167904775_092024-F.jpg,True,2025-04-03 12:09:12.795495,2025-04-03 12:09:12.795496
d2a47c22-1e15-4f14-acf1-436771dfa468,MLA34951048,601381-MLA79167904787_092024,https://http2.mlstatic.com/D_NQ_NP_601381-MLA79167904787_092024-F.jpg,True,2025-04-03 12:09:12.795499,2025-04-03 12:09:12.795499
c3fd64cf-d34a-4519-a6fb-69f9d2b76dae,MLA34951048,628093-MLA78928958968_092024,https://http2.mlstatic.com/D_NQ_NP_628093-MLA78928958968_092024-F.jpg,True,2025-04-03 12:09:12.795502,2025-04-03 12:09:12.795502
524ab067-20f8-4aee-9c6a-4a1229dfef0b,MLA34951048,968307-MLA79167569443_092024,https://http2.mlstatic.com/D_NQ_NP_968307-MLA79167569443_092024-F.jpg,True,2025-04-03 12:09:12.795506,2025-04-03 12:09:12.795506
49298e54-f2fb-4ed0-adb4-665de2530683,MLA26595416,822262-MLU71274105368_082023,https://http2.mlstatic.com/D_NQ_NP_822262-MLU71274105368_082023-F.jpg,True,2025-04-03 12:09:12.795606,2025-04-03 12:09:12.795606
40754ef3-3bb8-44c6-ac8e-89608d7ba0f8,MLA26595416,650454-MLU71314372873_082023,https://http2.mlstatic.com/D_NQ_NP_650454-MLU71314372873_082023-F.jpg,True,2025-04-03 12:09:12.795609,2025-04-03 12:09:12.795609
8743a96b-ebf1-4589-a922-5b44e3af6c3e,MLA26595416,664036-MLU74085586767_012024,https://http2.mlstatic.com/D_NQ_NP_664036-MLU74085586767_012024-F.jpg,True,2025-04-03 12:09:12.795613,2025-04-03 12:09:12.795613
df53fdb2-4690-485e-a861-f33a43f4e33c,MLA26595416,907381-MLU71274105372_082023,https://http2.mlstatic.com/D_NQ_NP_907381-MLU71274105372_082023-F.jpg,True,2025-04-03 12:09:12.795617,2025-04-03 12:09:12.795617
07d8595c-5fd9-46c1-9b43-eb3ca0aa0f22,MLA41609398,615557-MLA81272355345_122024,https://http2.mlstatic.com/D_NQ_NP_615557-MLA81272355345_122024-F.jpg,True,2025-04-03 12:09:12.795686,2025-04-03 12:09:12.795687
81217c56-0534-4b7b-827b-78ec02fbb632,MLA41609398,916265-MLA81005114056_122024,https://http2.mlstatic.com/D_NQ_NP_916265-MLA81005114056_122024-F.jpg,True,2025-04-03 12:09:12.795690,2025-04-03 12:09:12.795690
09ceb627-dcdc-44dc-beaf-f4babc35eecb,MLA41609398,735285-MLA81005114074_122024,https://http2.mlstatic.com/D_NQ_NP_735285-MLA81005114074_122024-F.jpg,True,2025-04-03 12:09:12.795693,2025-04-03 12:09:12.795693
ff8aebb6-9105-446a-bce8-8bf00bae0c7f,MLA14630236,625466-MLU79387437633_092024,https://http2.mlstatic.com/D_NQ_NP_625466-MLU79387437633_092024-F.jpg,True,2025-04-03 12:09:12.795834,2025-04-03 12:09:12.795834
a75071f8-9b8b-4792-9f26-febe0fde8004,MLA14630236,720359-MLU79387308891_092024,https://http2.mlstatic.com/D_NQ_NP_720359-MLU79387308891_092024-F.jpg,True,2025-04-03 12:09:12.795837,2025-04-03 12:09:12.795837
ff286695-4476-4666-ac87-3c942b46584a,MLA21674842,942981-MLU77824454237_072024,https://http2.mlstatic.com/D_NQ_NP_942981-MLU77824454237_072024-F.jpg,True,2025-04-03 12:09:12.795894,2025-04-03 12:09:12.795895
b1f51233-a9ba-41dd-9d07-da7e146a0f42,MLA21674842,857774-MLB31056881505_062019,https://http2.mlstatic.com/D_NQ_NP_857774-MLB31056881505_062019-F.jpg,True,2025-04-03 12:09:12.795898,2025-04-03 12:09:12.795898
28131249-f64e-4344-bf07-ffb7ec192769,MLA23019127,992341-MLU69206439727_052023,https://http2.mlstatic.com/D_NQ_NP_992341-MLU69206439727_052023-F.jpg,True,2025-04-03 12:09:12.795965,2025-04-03 12:09:12.795965
0a9bd87e-c3dd-4f76-ab49-23af20da2897,MLA23019127,731317-MLA79340168246_092024,https://http2.mlstatic.com/D_NQ_NP_731317-MLA79340168246_092024-F.jpg,True,2025-04-03 12:09:12.795968,2025-04-03 12:09:12.795968
875b48c4-c149-47d5-bf5d-69d7edcb44fc,MLA29652233,600053-MLU79125271275_092024,https://http2.mlstatic.com/D_NQ_NP_600053-MLU79125271275_092024-F.jpg,True,2025-04-03 12:09:12.796096,2025-04-03 12:09:12.796097
a1bef688-d0cc-4751-8dff-ff43bd94a741,MLA29652233,732543-MLU79124964177_092024,https://http2.mlstatic.com/D_NQ_NP_732543-MLU79124964177_092024-F.jpg,True,2025-04-03 12:09:12.796100,2025-04-03 12:09:12.796100
6bdde91b-1167-4e61-abf7-f37cd45ef6a7,MLA29652233,792001-MLU78887898928_092024,https://http2.mlstatic.com/D_NQ_NP_792001-MLU78887898928_092024-F.jpg,True,2025-04-03 12:09:12.796103,2025-04-03 12:09:12.796103
f9ddbd54-a8c9-434f-92c1-37ab95fc6618,MLA29652233,983785-MLU79125271287_092024,https://http2.mlstatic.com/D_NQ_NP_983785-MLU79125271287_092024-F.jpg,True,2025-04-03 12:09:12.796107,2025-04-03 12:09:12.796107
e09f2da4-8e6c-4909-bc61-5d53e3a1876b,MLA29652233,973660-MLU79125271293_092024,https://http2.mlstatic.com/D_NQ_NP_973660-MLU79125271293_092024-F.jpg,True,2025-04-03 12:09:12.796110,2025-04-03 12:09:12.796110
bcbc7951-71b9-4c06-90c4-cdc7ec3d98a3,MLA29652233,838479-MLU78888115028_092024,https://http2.mlstatic.com/D_NQ_NP_838479-MLU78888115028_092024-F.jpg,True,2025-04-03 12:09:12.796113,2025-04-03 12:09:12.796113
00feba26-8084-426a-a0b7-8f3bb707ebc1,MLA29652233,920408-MLU79125271301_092024,https://http2.mlstatic.com/D_NQ_NP_920408-MLU79125271301_092024-F.jpg,True,2025-04-03 12:09:12.796117,2025-04-03 12:09:12.796117
c682c65d-ccfe-46a7-b2f4-9662776dd8c1,MLA29652233,727729-MLU73852291024_012024,https://http2.mlstatic.com/D_NQ_NP_727729-MLU73852291024_012024-F.jpg,True,2025-04-03 12:09:12.796120,2025-04-03 12:09:12.796120
40eb404b-b3dc-4b0d-bea0-a1a65a3e967a,MLA22031298,899917-MLU53781625918_022023,https://http2.mlstatic.com/D_NQ_NP_899917-MLU53781625918_022023-F.jpg,True,2025-04-03 12:09:12.796261,2025-04-03 12:09:12.796261
de0672a4-72ae-4c83-a985-21a359c419a6,MLA42175416,883484-MLA79872933172_102024,https://http2.mlstatic.com/D_NQ_NP_883484-MLA79872933172_102024-F.jpg,True,2025-04-03 12:09:12.796376,2025-04-03 12:09:12.796376
bf08bfd0-6d96-4c64-bdeb-9c0a5bf1702f,MLA42175416,656110-MLA80126099087_102024,https://http2.mlstatic.com/D_NQ_NP_656110-MLA80126099087_102024-F.jpg,True,2025-04-03 12:09:12.796379,2025-04-03 12:09:12.796379
d41c92df-da5e-4bdb-8467-14428c2e18d4,MLA42175416,768875-MLA79873031922_102024,https://http2.mlstatic.com/D_NQ_NP_768875-MLA79873031922_102024-F.jpg,True,2025-04-03 12:09:12.796382,2025-04-03 12:09:12.796383
76546cee-dc0b-42a8-964e-d73e1f3c0b2d,MLA42175416,605092-MLA79873031924_102024,https://http2.mlstatic.com/D_NQ_NP_605092-MLA79873031924_102024-F.jpg,True,2025-04-03 12:09:12.796386,2025-04-03 12:09:12.796386
e9613974-b82b-408d-878b-eb169e28f405,MLA42175416,846932-MLA79872933188_102024,https://http2.mlstatic.com/D_NQ_NP_846932-MLA79872933188_102024-F.jpg,True,2025-04-03 12:09:12.796389,2025-04-03 12:09:12.796389
61286629-f1d4-4b44-8766-df275f1989e6,MLA25033818,901725-MLU70654939198_072023,https://http2.mlstatic.com/D_NQ_NP_901725-MLU70654939198_072023-F.jpg,True,2025-04-03 12:09:12.796507,2025-04-03 12:09:12.796507
e72aaef6-8d23-4538-a23d-b8b372453c46,MLA25033818,941943-MLU70684044751_072023,https://http2.mlstatic.com/D_NQ_NP_941943-MLU70684044751_072023-F.jpg,True,2025-04-03 12:09:12.796510,2025-04-03 12:09:12.796510
410f9f79-c513-4ae0-aa37-96955483eddd,MLA25033818,880887-MLU70654923986_072023,https://http2.mlstatic.com/D_NQ_NP_880887-MLU70654923986_072023-F.jpg,True,2025-04-03 12:09:12.796513,2025-04-03 12:09:12.796514
5b21a42c-28c3-47be-bc2d-69379e2f7d73,MLA25033818,845283-MLU77830335104_072024,https://http2.mlstatic.com/D_NQ_NP_845283-MLU77830335104_072024-F.jpg,True,2025-04-03 12:09:12.796517,2025-04-03 12:09:12.796517
406f635d-1964-47b1-b1a4-0baeef2eb917,MLA25033818,905587-MLU78051457759_072024,https://http2.mlstatic.com/D_NQ_NP_905587-MLU78051457759_072024-F.jpg,True,2025-04-03 12:09:12.796520,2025-04-03 12:09:12.796520
a2e256bf-6ae0-4a03-b1d2-e0d2bf59615e,MLA25033818,955545-MLU78051457765_072024,https://http2.mlstatic.com/D_NQ_NP_955545-MLU78051457765_072024-F.jpg,True,2025-04-03 12:09:12.796523,2025-04-03 12:09:12.796524
6ba21d07-4679-4322-aa8b-455657b5f045,MLA25033818,928663-MLU77830256734_072024,https://http2.mlstatic.com/D_NQ_NP_928663-MLU77830256734_072024-F.jpg,True,2025-04-03 12:09:12.796527,2025-04-03 12:09:12.796527
154d68c9-fe2e-46d8-ba30-7b41715a4323,MLA25033818,913083-MLU78051071031_072024,https://http2.mlstatic.com/D_NQ_NP_913083-MLU78051071031_072024-F.jpg,True,2025-04-03 12:09:12.796530,2025-04-03 12:09:12.796530
d8afcfb6-7aa3-4c5b-a62b-fbda34fa8d30,MLA25033818,928869-MLU78051071035_072024,https://http2.mlstatic.com/D_NQ_NP_928869-MLU78051071035_072024-F.jpg,True,2025-04-03 12:09:12.796533,2025-04-03 12:09:12.796534
0c85e105-585d-42df-a50e-013ec1891a66,MLA25033818,923682-MLU77830335134_072024,https://http2.mlstatic.com/D_NQ_NP_923682-MLU77830335134_072024-F.jpg,True,2025-04-03 12:09:12.796537,2025-04-03 12:09:12.796537
f49e704c-bf91-4489-b956-eddbc5845e4d,MLA23224959,823524-MLU69367912238_052023,https://http2.mlstatic.com/D_NQ_NP_823524-MLU69367912238_052023-F.jpg,True,2025-04-03 12:09:12.796604,2025-04-03 12:09:12.796605
0ebd5c58-8ebe-47d4-ba27-6d58e1ec0139,MLA42037252,895556-MLA79772211980_102024,https://http2.mlstatic.com/D_NQ_NP_895556-MLA79772211980_102024-F.jpg,True,2025-04-03 12:09:12.796680,2025-04-03 12:09:12.796680
1597d43d-61e8-4230-9d66-a798cfe397bb,MLA37555064,826224-MLU76681565260_062024,https://http2.mlstatic.com/D_NQ_NP_826224-MLU76681565260_062024-F.jpg,True,2025-04-03 12:09:12.796703,2025-04-03 12:09:12.796703
2f2817a7-3cd5-40dd-89f9-cfa712fb0e44,MLA37555064,969388-MLU76681487398_062024,https://http2.mlstatic.com/D_NQ_NP_969388-MLU76681487398_062024-F.jpg,True,2025-04-03 12:09:12.796706,2025-04-03 12:09:12.796706
97396f19-4397-4a4e-b70b-8408bfe8f268,MLA37555064,933935-MLU76681565290_062024,https://http2.mlstatic.com/D_NQ_NP_933935-MLU76681565290_062024-F.jpg,True,2025-04-03 12:09:12.796709,2025-04-03 12:09:12.796710
49798439-9cea-484e-810b-68f5ab0e047a,MLA37555064,895027-MLU76884603249_062024,https://http2.mlstatic.com/D_NQ_NP_895027-MLU76884603249_062024-F.jpg,True,2025-04-03 12:09:12.796714,2025-04-03 12:09:12.796714
7bc52410-4062-4614-8e04-88d87dbe9ad8,MLA37555064,981779-MLU76681487430_062024,https://http2.mlstatic.com/D_NQ_NP_981779-MLU76681487430_062024-F.jpg,True,2025-04-03 12:09:12.796717,2025-04-03 12:09:12.796718
92c11455-8a86-485f-8cea-f9cd52c41c3b,MLA37555064,922134-MLU76681565302_062024,https://http2.mlstatic.com/D_NQ_NP_922134-MLU76681565302_062024-F.jpg,True,2025-04-03 12:09:12.796721,2025-04-03 12:09:12.796721
576c6fa4-98e3-4ba8-894e-090519f14789,MLA38485694,865957-MLU79276253623_092024,https://http2.mlstatic.com/D_NQ_NP_865957-MLU79276253623_092024-F.jpg,True,2025-04-03 12:09:12.796768,2025-04-03 12:09:12.796768
2b6a4bab-c8fa-4b8c-b212-d1f9112a1583,MLA26595419,672863-MLU74033818674_012024,https://http2.mlstatic.com/D_NQ_NP_672863-MLU74033818674_012024-F.jpg,True,2025-04-03 12:09:12.796829,2025-04-03 12:09:12.796830
9b46df77-c803-4d2e-b56f-cf10ef313298,MLA23140666,977695-MLU69343961559_052023,https://http2.mlstatic.com/D_NQ_NP_977695-MLU69343961559_052023-F.jpg,True,2025-04-03 12:09:12.796913,2025-04-03 12:09:12.796914
5b64fa8d-c495-44f5-b3d2-adfc1aa55e6f,MLA23140666,843625-MLU69344148997_052023,https://http2.mlstatic.com/D_NQ_NP_843625-MLU69344148997_052023-F.jpg,True,2025-04-03 12:09:12.796918,2025-04-03 12:09:12.796918
e9b1b208-79ec-4c4f-8db6-108be8d1dd91,MLA28939456,635616-MLU78055440692_082024,https://http2.mlstatic.com/D_NQ_NP_635616-MLU78055440692_082024-F.jpg,True,2025-04-03 12:09:12.797023,2025-04-03 12:09:12.797023
f914025b-e2dc-48f3-a3f4-a6de1856cea2,MLA28939456,643581-MLU78055440700_082024,https://http2.mlstatic.com/D_NQ_NP_643581-MLU78055440700_082024-F.jpg,True,2025-04-03 12:09:12.797026,2025-04-03 12:09:12.797026
38ef5093-66b1-4cff-a1be-543c6b794aba,MLA28939456,876561-MLU78281493171_082024,https://http2.mlstatic.com/D_NQ_NP_876561-MLU78281493171_082024-F.jpg,True,2025-04-03 12:09:12.797029,2025-04-03 12:09:12.797029
52c6e7bb-72a4-4fb9-87c4-90808c0ebe4d,MLA28939456,626673-MLU78055440720_082024,https://http2.mlstatic.com/D_NQ_NP_626673-MLU78055440720_082024-F.jpg,True,2025-04-03 12:09:12.797032,2025-04-03 12:09:12.797032
d49d8b3d-6584-4888-941d-1efb11651ea9,MLA28939456,651737-MLU78282006443_082024,https://http2.mlstatic.com/D_NQ_NP_651737-MLU78282006443_082024-F.jpg,True,2025-04-03 12:09:12.797035,2025-04-03 12:09:12.797035
2175edc5-0f28-451d-ad16-1028ea526093,MLA28939456,889277-MLU78281621685_082024,https://http2.mlstatic.com/D_NQ_NP_889277-MLU78281621685_082024-F.jpg,True,2025-04-03 12:09:12.797038,2025-04-03 12:09:12.797038
c6700949-4d42-4fe3-a885-7b8e655654d0,MLA28939456,769180-MLU78282006475_082024,https://http2.mlstatic.com/D_NQ_NP_769180-MLU78282006475_082024-F.jpg,True,2025-04-03 12:09:12.797041,2025-04-03 12:09:12.797041
ddbcf124-86af-46f2-a7f6-82b6e24345f6,MLA28939456,666666-MLU78282006489_082024,https://http2.mlstatic.com/D_NQ_NP_666666-MLU78282006489_082024-F.jpg,True,2025-04-03 12:09:12.797044,2025-04-03 12:09:12.797044
8535eb9b-ad8d-4ef5-955a-216789bcba5b,MLA28939456,746348-MLU78055440754_082024,https://http2.mlstatic.com/D_NQ_NP_746348-MLU78055440754_082024-F.jpg,True,2025-04-03 12:09:12.797047,2025-04-03 12:09:12.797047
8143259b-2402-4824-86ab-5504effa14fe,MLA28939456,636118-MLU78281631407_082024,https://http2.mlstatic.com/D_NQ_NP_636118-MLU78281631407_082024-F.jpg,True,2025-04-03 12:09:12.797050,2025-04-03 12:09:12.797050
6318ad87-ff11-409a-8cd4-1087d0f33fdc,MLA32379039,834016-MLU74315989644_022024,https://http2.mlstatic.com/D_NQ_NP_834016-MLU74315989644_022024-F.jpg,True,2025-04-03 12:09:12.797111,2025-04-03 12:09:12.797112
fb9ee167-0b5f-4ae7-9ec9-6e928ce431dc,MLA32379039,761539-MLU74316008812_022024,https://http2.mlstatic.com/D_NQ_NP_761539-MLU74316008812_022024-F.jpg,True,2025-04-03 12:09:12.797114,2025-04-03 12:09:12.797115
041d694e-024c-4ca1-bb97-5061690a9e5b,MLA27081846,922237-MLU71759774417_092023,https://http2.mlstatic.com/D_NQ_NP_922237-MLU71759774417_092023-F.jpg,True,2025-04-03 12:09:12.797203,2025-04-03 12:09:12.797203
5b0eceb1-8090-4af7-b2a7-f253d2593053,MLA36834510,857508-MLU76140594816_052024,https://http2.mlstatic.com/D_NQ_NP_857508-MLU76140594816_052024-F.jpg,True,2025-04-03 12:09:12.797224,2025-04-03 12:09:12.797224
137c6f4d-9580-4194-be67-4c8007b1adb4,MLA36834510,659884-MLU76140359450_052024,https://http2.mlstatic.com/D_NQ_NP_659884-MLU76140359450_052024-F.jpg,True,2025-04-03 12:09:12.797228,2025-04-03 12:09:12.797228
432ec929-c0d0-41d9-bd87-070026cb5f7c,MLA36834510,797847-MLU76326206773_052024,https://http2.mlstatic.com/D_NQ_NP_797847-MLU76326206773_052024-F.jpg,True,2025-04-03 12:09:12.797230,2025-04-03 12:09:12.797231
3ea4ba31-105a-48df-be16-166be0c66b48,MLA36300441,624577-MLU76092145953_042024,https://http2.mlstatic.com/D_NQ_NP_624577-MLU76092145953_042024-F.jpg,True,2025-04-03 12:09:12.797343,2025-04-03 12:09:12.797343
df393808-9c0e-4d8e-8950-a207648ef703,MLA36300441,701983-MLU75916676722_042024,https://http2.mlstatic.com/D_NQ_NP_701983-MLU75916676722_042024-F.jpg,True,2025-04-03 12:09:12.797346,2025-04-03 12:09:12.797346
34bebaef-3f9c-4e70-bfae-d0da5a4e9341,MLA36300441,960037-MLU76091970231_042024,https://http2.mlstatic.com/D_NQ_NP_960037-MLU76091970231_042024-F.jpg,True,2025-04-03 12:09:12.797349,2025-04-03 12:09:12.797349
cec25ac2-f906-4f81-bcda-11d02c7ade87,MLA36300441,806916-MLU76091970237_042024,https://http2.mlstatic.com/D_NQ_NP_806916-MLU76091970237_042024-F.jpg,True,2025-04-03 12:09:12.797352,2025-04-03 12:09:12.797352
4d094098-d9b4-483b-8e42-e0c3b05d0d91,MLA36300441,663641-MLU76091970243_042024,https://http2.mlstatic.com/D_NQ_NP_663641-MLU76091970243_042024-F.jpg,True,2025-04-03 12:09:12.797355,2025-04-03 12:09:12.797355
bfaaea55-7437-478e-bdbc-08a8783f863f,MLA36300441,845171-MLU76091970245_042024,https://http2.mlstatic.com/D_NQ_NP_845171-MLU76091970245_042024-F.jpg,True,2025-04-03 12:09:12.797358,2025-04-03 12:09:12.797359
f0106a0b-92de-4413-9aa3-f15f58323ac8,MLA36300441,898671-MLU76091990175_042024,https://http2.mlstatic.com/D_NQ_NP_898671-MLU76091990175_042024-F.jpg,True,2025-04-03 12:09:12.797361,2025-04-03 12:09:12.797362
e294c7bb-2707-498c-afd0-f0530eb60942,MLA36300441,814541-MLU76091970253_042024,https://http2.mlstatic.com/D_NQ_NP_814541-MLU76091970253_042024-F.jpg,True,2025-04-03 12:09:12.797364,2025-04-03 12:09:12.797364
7458c979-af06-473d-a145-04b0dd87a8d7,MLA36300441,759566-MLU76092145987_042024,https://http2.mlstatic.com/D_NQ_NP_759566-MLU76092145987_042024-F.jpg,True,2025-04-03 12:09:12.797367,2025-04-03 12:09:12.797368
09b0653b-e66b-4b26-8603-1924a3749e07,MLA35715335,759612-MLA79345663662_092024,https://http2.mlstatic.com/D_NQ_NP_759612-MLA79345663662_092024-F.jpg,True,2025-04-03 12:09:12.797498,2025-04-03 12:09:12.797498
d6ef3f36-699e-478d-a25c-b6b4d160af9f,MLA35715335,950770-MLU75571028300_042024,https://http2.mlstatic.com/D_NQ_NP_950770-MLU75571028300_042024-F.jpg,True,2025-04-03 12:09:12.797501,2025-04-03 12:09:12.797502
4dc0c1a5-7e01-4631-9122-4ee75ac4f38e,MLA21494606,668155-MLB46080433963_052021,https://http2.mlstatic.com/D_NQ_NP_668155-MLB46080433963_052021-F.jpg,True,2025-04-03 12:09:12.797554,2025-04-03 12:09:12.797554
f1180c16-d474-417b-b003-78f8d59ae90c,MLA21494606,663233-MLB46080433964_052021,https://http2.mlstatic.com/D_NQ_NP_663233-MLB46080433964_052021-F.jpg,True,2025-04-03 12:09:12.797561,2025-04-03 12:09:12.797561
ad4bfdaa-5072-4109-9255-564b091f7646,MLA29583052,918174-MLU73902474397_012024,https://http2.mlstatic.com/D_NQ_NP_918174-MLU73902474397_012024-F.jpg,True,2025-04-03 12:09:12.797607,2025-04-03 12:09:12.797607
6b7f15fd-ab2d-45d5-9873-2c22172dab86,MLA24434205,854074-MLU70396526648_072023,https://http2.mlstatic.com/D_NQ_NP_854074-MLU70396526648_072023-F.jpg,True,2025-04-03 12:09:12.797684,2025-04-03 12:09:12.797685
065b38b6-5f4d-4bd9-9d66-aa63f38fdefa,MLA24434205,713029-MLU70421520687_072023,https://http2.mlstatic.com/D_NQ_NP_713029-MLU70421520687_072023-F.jpg,True,2025-04-03 12:09:12.797687,2025-04-03 12:09:12.797688
ffd1c50e-045e-48df-a420-ab49f7877e09,MLA24434205,614389-MLU70421520693_072023,https://http2.mlstatic.com/D_NQ_NP_614389-MLU70421520693_072023-F.jpg,True,2025-04-03 12:09:12.797691,2025-04-03 12:09:12.797691
112b83f3-78fe-4943-a4cb-a3fb8fc6482a,MLA24999665,886722-MLU70654720842_072023,https://http2.mlstatic.com/D_NQ_NP_886722-MLU70654720842_072023-F.jpg,True,2025-04-03 12:09:12.797742,2025-04-03 12:09:12.797742
b0f50c6d-85ff-4ffb-b020-0d1ecdbf1ba8,MLA24999665,790425-MLU70683612239_072023,https://http2.mlstatic.com/D_NQ_NP_790425-MLU70683612239_072023-F.jpg,True,2025-04-03 12:09:12.797745,2025-04-03 12:09:12.797745
05de5691-43a4-422b-8303-8fddc464d141,MLA24999665,837961-MLU70683679175_072023,https://http2.mlstatic.com/D_NQ_NP_837961-MLU70683679175_072023-F.jpg,True,2025-04-03 12:09:12.797748,2025-04-03 12:09:12.797748
6077a86f-f42d-4638-aab0-2e7deeb70209,MLA24999665,980806-MLU70683650417_072023,https://http2.mlstatic.com/D_NQ_NP_980806-MLU70683650417_072023-F.jpg,True,2025-04-03 12:09:12.797751,2025-04-03 12:09:12.797751
8696cd95-8d4c-41ca-bc63-1cf1f6cfb01e,MLA24434229,885503-MLU70396440166_072023,https://http2.mlstatic.com/D_NQ_NP_885503-MLU70396440166_072023-F.jpg,True,2025-04-03 12:09:12.797884,2025-04-03 12:09:12.797884
acdaad9f-9555-4560-b078-320a599e35e7,MLA24434229,781917-MLU75325950259_032024,https://http2.mlstatic.com/D_NQ_NP_781917-MLU75325950259_032024-F.jpg,True,2025-04-03 12:09:12.797887,2025-04-03 12:09:12.797887
2eb0e5da-77cc-410d-975f-2278afe35acc,MLA24434229,894098-MLU70421520575_072023,https://http2.mlstatic.com/D_NQ_NP_894098-MLU70421520575_072023-F.jpg,True,2025-04-03 12:09:12.797890,2025-04-03 12:09:12.797890
08e69157-6555-4868-89a2-cf0946fcd89e,MLA24434229,828045-MLU70421520577_072023,https://http2.mlstatic.com/D_NQ_NP_828045-MLU70421520577_072023-F.jpg,True,2025-04-03 12:09:12.797893,2025-04-03 12:09:12.797893
ecf47a66-2d11-48be-bc75-61ac46d036cc,MLA24434229,803037-MLU70396440170_072023,https://http2.mlstatic.com/D_NQ_NP_803037-MLU70396440170_072023-F.jpg,True,2025-04-03 12:09:12.797896,2025-04-03 12:09:12.797896
ddad332e-b7bf-4d2d-95ea-8e7a6ef24a01,MLA24434229,868373-MLU70421520583_072023,https://http2.mlstatic.com/D_NQ_NP_868373-MLU70421520583_072023-F.jpg,True,2025-04-03 12:09:12.797899,2025-04-03 12:09:12.797899
1ceccaae-a033-4a38-aa0a-1090b4ff9a1e,MLA24434229,716748-MLU78853035303_082024,https://http2.mlstatic.com/D_NQ_NP_716748-MLU78853035303_082024-F.jpg,True,2025-04-03 12:09:12.797902,2025-04-03 12:09:12.797902
03a12c8c-c5f1-4a60-88bd-a51c55789c2e,MLA24434229,631069-MLA79921780216_102024,https://http2.mlstatic.com/D_NQ_NP_631069-MLA79921780216_102024-F.jpg,True,2025-04-03 12:09:12.797905,2025-04-03 12:09:12.797905
ff1cc054-7c5f-4a38-b36b-26249712b65c,MLA24434229,967667-MLU78852928659_082024,https://http2.mlstatic.com/D_NQ_NP_967667-MLU78852928659_082024-F.jpg,True,2025-04-03 12:09:12.797908,2025-04-03 12:09:12.797909
1ca8460c-51c6-4c66-a24e-0ebb5cfa0f32,MLA24434229,989495-MLA80175894925_102024,https://http2.mlstatic.com/D_NQ_NP_989495-MLA80175894925_102024-F.jpg,True,2025-04-03 12:09:12.797912,2025-04-03 12:09:12.797912
a2b9e20e-e1fa-4f7b-8c9a-6107e68aabc2,MLA32222092,618801-MLU74418460019_022024,https://http2.mlstatic.com/D_NQ_NP_618801-MLU74418460019_022024-F.jpg,True,2025-04-03 12:09:12.797949,2025-04-03 12:09:12.797949
45d2434b-f5c6-4c6b-839f-3c9263a73116,MLA32222092,648734-MLU74418925515_022024,https://http2.mlstatic.com/D_NQ_NP_648734-MLU74418925515_022024-F.jpg,True,2025-04-03 12:09:12.797952,2025-04-03 12:09:12.797952
5c2590fc-2da6-444a-bddb-4efd87cbdd65,MLA32222092,978424-MLU74418321639_022024,https://http2.mlstatic.com/D_NQ_NP_978424-MLU74418321639_022024-F.jpg,True,2025-04-03 12:09:12.797955,2025-04-03 12:09:12.797955
4145a5a3-b427-40cc-b177-1f8b33c2b3ae,MLA23122610,845756-MLU72636715239_112023,https://http2.mlstatic.com/D_NQ_NP_845756-MLU72636715239_112023-F.jpg,True,2025-04-03 12:09:12.798065,2025-04-03 12:09:12.798065
c49d15a3-e1e2-4c5f-beb9-29e8b5713627,MLA23122610,691849-MLU72565373354_112023,https://http2.mlstatic.com/D_NQ_NP_691849-MLU72565373354_112023-F.jpg,True,2025-04-03 12:09:12.798068,2025-04-03 12:09:12.798068
42114e92-668a-4016-9915-61d147a34278,MLA23122610,757591-MLU72636559423_112023,https://http2.mlstatic.com/D_NQ_NP_757591-MLU72636559423_112023-F.jpg,True,2025-04-03 12:09:12.798071,2025-04-03 12:09:12.798071
17e66714-9feb-43d8-b16c-b57c7ed8bab0,MLA23122610,610935-MLU72565373388_112023,https://http2.mlstatic.com/D_NQ_NP_610935-MLU72565373388_112023-F.jpg,True,2025-04-03 12:09:12.798076,2025-04-03 12:09:12.798076
c89c3e18-c8c9-407e-8842-7ec93f1486b3,MLA25863373,636172-MLU70904051834_082023,https://http2.mlstatic.com/D_NQ_NP_636172-MLU70904051834_082023-F.jpg,True,2025-04-03 12:09:12.798199,2025-04-03 12:09:12.798199
dfcccbf0-9084-4eac-8805-0015818989f5,MLA25863373,691822-MLU74533107663_022024,https://http2.mlstatic.com/D_NQ_NP_691822-MLU74533107663_022024-F.jpg,True,2025-04-03 12:09:12.798202,2025-04-03 12:09:12.798202
181ad6b5-970a-4fc2-8646-f0f07b88707e,MLA25863373,978636-MLU70938551175_082023,https://http2.mlstatic.com/D_NQ_NP_978636-MLU70938551175_082023-F.jpg,True,2025-04-03 12:09:12.798205,2025-04-03 12:09:12.798205
fd164333-fc1c-48af-a4a4-4747eaad2789,MLA25863373,878809-MLU70904051822_082023,https://http2.mlstatic.com/D_NQ_NP_878809-MLU70904051822_082023-F.jpg,True,2025-04-03 12:09:12.798208,2025-04-03 12:09:12.798208
c60ace8c-a289-4d68-ba8e-cac2d8327e11,MLA25863373,663928-MLU74412055304_022024,https://http2.mlstatic.com/D_NQ_NP_663928-MLU74412055304_022024-F.jpg,True,2025-04-03 12:09:12.798211,2025-04-03 12:09:12.798211
447ddeb9-8463-4158-82aa-aab10bb8331a,MLA21774715,820731-MEC49046529482_022022,https://http2.mlstatic.com/D_NQ_NP_820731-MEC49046529482_022022-F.jpg,True,2025-04-03 12:09:12.798335,2025-04-03 12:09:12.798336
58922456-5e5d-4701-b5a9-37a1474845be,MLA21774715,805502-MEC49046498693_022022,https://http2.mlstatic.com/D_NQ_NP_805502-MEC49046498693_022022-F.jpg,True,2025-04-03 12:09:12.798338,2025-04-03 12:09:12.798339
9e449a6b-a222-424b-bf1f-fc355398ad02,MLA21774715,687910-MLU75455886951_032024,https://http2.mlstatic.com/D_NQ_NP_687910-MLU75455886951_032024-F.jpg,True,2025-04-03 12:09:12.798341,2025-04-03 12:09:12.798342
f257a121-29fc-457d-b1ce-3d38ec0887d4,MLA21774715,851856-MLU75455946483_032024,https://http2.mlstatic.com/D_NQ_NP_851856-MLU75455946483_032024-F.jpg,True,2025-04-03 12:09:12.798346,2025-04-03 12:09:12.798346
6694f992-8c2b-4d47-b77f-81822a7ece65,MLA21774715,651101-MLU75455946495_032024,https://http2.mlstatic.com/D_NQ_NP_651101-MLU75455946495_032024-F.jpg,True,2025-04-03 12:09:12.798349,2025-04-03 12:09:12.798349
fae63ada-4805-4895-a980-e0a1c4950385,MLA21774715,805779-MLU75304686008_032024,https://http2.mlstatic.com/D_NQ_NP_805779-MLU75304686008_032024-F.jpg,True,2025-04-03 12:09:12.798352,2025-04-03 12:09:12.798352
b65aca04-262c-42c7-a8c5-a006771a4d15,MLA21774715,677007-MLU75304686020_032024,https://http2.mlstatic.com/D_NQ_NP_677007-MLU75304686020_032024-F.jpg,True,2025-04-03 12:09:12.798355,2025-04-03 12:09:12.798355
32fd16d6-edca-4cec-9e34-64368c842b79,MLA25208909,800758-MLU75027608950_032024,https://http2.mlstatic.com/D_NQ_NP_800758-MLU75027608950_032024-F.jpg,True,2025-04-03 12:09:12.798443,2025-04-03 12:09:12.798443
e3488db4-da13-46aa-bcb6-0a7178437a8c,MLA25208909,790050-MLU70710058705_072023,https://http2.mlstatic.com/D_NQ_NP_790050-MLU70710058705_072023-F.jpg,True,2025-04-03 12:09:12.798446,2025-04-03 12:09:12.798446
9a71084d-f2d8-4f30-b7cd-4ff4c4bab64b,MLA25208909,722148-MLU70710140061_072023,https://http2.mlstatic.com/D_NQ_NP_722148-MLU70710140061_072023-F.jpg,True,2025-04-03 12:09:12.798449,2025-04-03 12:09:12.798449
b4ae4048-7c75-477f-9d5f-3fe141bd050d,MLA25208909,942468-MLU70680492890_072023,https://http2.mlstatic.com/D_NQ_NP_942468-MLU70680492890_072023-F.jpg,True,2025-04-03 12:09:12.798452,2025-04-03 12:09:12.798452
346db8c6-4b40-4b68-821a-34f98b31e13a,MLA24132571,834379-MLU70137629695_062023,https://http2.mlstatic.com/D_NQ_NP_834379-MLU70137629695_062023-F.jpg,True,2025-04-03 12:09:12.798560,2025-04-03 12:09:12.798561
00644b85-e314-4b87-ae17-d43ec4dbdca7,MLA24132571,616908-MLU74861623883_032024,https://http2.mlstatic.com/D_NQ_NP_616908-MLU74861623883_032024-F.jpg,True,2025-04-03 12:09:12.798564,2025-04-03 12:09:12.798564
7e0c0a96-8a81-4d7d-9f42-2a2176eb2a01,MLA24132571,713608-MLU74445555745_022024,https://http2.mlstatic.com/D_NQ_NP_713608-MLU74445555745_022024-F.jpg,True,2025-04-03 12:09:12.798566,2025-04-03 12:09:12.798567
5e58c029-109a-42b0-bc6b-8abdb3c16c66,MLA23953957,789870-MLU74088825524_012024,https://http2.mlstatic.com/D_NQ_NP_789870-MLU74088825524_012024-F.jpg,True,2025-04-03 12:09:12.798666,2025-04-03 12:09:12.798666
e33252f5-343a-4304-8834-d66ac9c72fac,MLA23953957,715020-MLU70884135634_082023,https://http2.mlstatic.com/D_NQ_NP_715020-MLU70884135634_082023-F.jpg,True,2025-04-03 12:09:12.798669,2025-04-03 12:09:12.798669
3ec2253d-2406-459e-8c1b-0fb6c39ff8b6,MLA23953957,950699-MLU70917991525_082023,https://http2.mlstatic.com/D_NQ_NP_950699-MLU70917991525_082023-F.jpg,True,2025-04-03 12:09:12.798672,2025-04-03 12:09:12.798672
50643b1b-5485-437b-98da-09b01bc6485b,MLA23953957,948550-MLU70917991519_082023,https://http2.mlstatic.com/D_NQ_NP_948550-MLU70917991519_082023-F.jpg,True,2025-04-03 12:09:12.798675,2025-04-03 12:09:12.798675
590f0740-d6d5-4053-bab8-2adf1a6e659b,MLA23953957,841576-MLU70917991527_082023,https://http2.mlstatic.com/D_NQ_NP_841576-MLU70917991527_082023-F.jpg,True,2025-04-03 12:09:12.798678,2025-04-03 12:09:12.798678
85bd6c67-332e-46a4-9475-0fd865a89dc6,MLA23953957,681621-MLU70884135624_082023,https://http2.mlstatic.com/D_NQ_NP_681621-MLU70884135624_082023-F.jpg,True,2025-04-03 12:09:12.798681,2025-04-03 12:09:12.798681
ebff63e0-adf1-4329-a786-2ecfe25e1a9c,MLA23953957,864489-MLU70917991531_082023,https://http2.mlstatic.com/D_NQ_NP_864489-MLU70917991531_082023-F.jpg,True,2025-04-03 12:09:12.798684,2025-04-03 12:09:12.798684
17be8df6-47cb-4d53-bf0d-d9b7e32fcc19,MLA15984003,988091-MLU69826403059_062023,https://http2.mlstatic.com/D_NQ_NP_988091-MLU69826403059_062023-F.jpg,True,2025-04-03 12:09:12.799032,2025-04-03 12:09:12.799032
63c5b4ef-68a8-4209-892d-e930ee1396c8,MLA15984003,663159-MLU75601431608_042024,https://http2.mlstatic.com/D_NQ_NP_663159-MLU75601431608_042024-F.jpg,True,2025-04-03 12:09:12.799035,2025-04-03 12:09:12.799035
40f67613-dec2-461a-906b-a3f596acc284,MLA15984003,886852-MLU72927941925_112023,https://http2.mlstatic.com/D_NQ_NP_886852-MLU72927941925_112023-F.jpg,True,2025-04-03 12:09:12.799038,2025-04-03 12:09:12.799038
73853845-ec7d-4ee3-b625-aa50b39c6d84,MLA15984003,697009-MLU69810666558_062023,https://http2.mlstatic.com/D_NQ_NP_697009-MLU69810666558_062023-F.jpg,True,2025-04-03 12:09:12.799041,2025-04-03 12:09:12.799041
87d82805-fa90-4cb9-a5b9-9b190e3b6a8b,MLA15984003,844757-MLU69825292121_062023,https://http2.mlstatic.com/D_NQ_NP_844757-MLU69825292121_062023-F.jpg,True,2025-04-03 12:09:12.799044,2025-04-03 12:09:12.799044
083ea59b-eff5-4b93-9796-9f643edf8708,MLA15984003,724291-MLU74873262242_032024,https://http2.mlstatic.com/D_NQ_NP_724291-MLU74873262242_032024-F.jpg,True,2025-04-03 12:09:12.799047,2025-04-03 12:09:12.799048
5cc46798-3274-41e5-8ff3-a1a67c06c072,MLA15984003,971009-MLU72639811727_112023,https://http2.mlstatic.com/D_NQ_NP_971009-MLU72639811727_112023-F.jpg,True,2025-04-03 12:09:12.799051,2025-04-03 12:09:12.799051
2782f0c3-49ab-447e-a7c0-c85a5a430642,MLA15984003,611366-MLU72639792129_112023,https://http2.mlstatic.com/D_NQ_NP_611366-MLU72639792129_112023-F.jpg,True,2025-04-03 12:09:12.799054,2025-04-03 12:09:12.799054
1bf81681-c10c-4c0b-929e-fcd4eba1cce3,MLA15984003,820518-MLU69955355880_062023,https://http2.mlstatic.com/D_NQ_NP_820518-MLU69955355880_062023-F.jpg,True,2025-04-03 12:09:12.799057,2025-04-03 12:09:12.799057
a6714070-b19e-44d4-8c5c-17dc234dc7e2,MLA15984003,704946-MLU69972233341_062023,https://http2.mlstatic.com/D_NQ_NP_704946-MLU69972233341_062023-F.jpg,True,2025-04-03 12:09:12.799060,2025-04-03 12:09:12.799060
679257ba-b6e7-4b35-a9c2-130ba08002ad,MLA15984003,840889-MLU69972233345_062023,https://http2.mlstatic.com/D_NQ_NP_840889-MLU69972233345_062023-F.jpg,True,2025-04-03 12:09:12.799063,2025-04-03 12:09:12.799063
1ad8f3eb-6fef-4f5b-97bc-31fc3853488f,MLA15984003,919909-MLU72608037977_112023,https://http2.mlstatic.com/D_NQ_NP_919909-MLU72608037977_112023-F.jpg,True,2025-04-03 12:09:12.799066,2025-04-03 12:09:12.799066
f19e468e-b033-4b50-80f0-d300454fb263,MLA42847198,993277-MLA80263374144_112024,https://http2.mlstatic.com/D_NQ_NP_993277-MLA80263374144_112024-F.jpg,True,2025-04-03 12:09:12.799128,2025-04-03 12:09:12.799128
2fc6bc33-9a41-4ffb-90dc-918969966ff4,MLA42847198,679748-MLA80263403650_112024,https://http2.mlstatic.com/D_NQ_NP_679748-MLA80263403650_112024-F.jpg,True,2025-04-03 12:09:12.799131,2025-04-03 12:09:12.799131
ea33f44f-350d-44c9-aee4-446eaeb4aa2f,MLA46650591,992152-MLA82841215339_032025,https://http2.mlstatic.com/D_NQ_NP_992152-MLA82841215339_032025-F.jpg,True,2025-04-03 12:09:12.799235,2025-04-03 12:09:12.799235
43706715-5120-45f7-b971-9ff66517522f,MLA46650591,605835-MLA82841099729_032025,https://http2.mlstatic.com/D_NQ_NP_605835-MLA82841099729_032025-F.jpg,True,2025-04-03 12:09:12.799240,2025-04-03 12:09:12.799240
93461849-6189-460b-bb5f-334257249dca,MLA20255932,931611-MLA79426865805_092024,https://http2.mlstatic.com/D_NQ_NP_931611-MLA79426865805_092024-F.jpg,True,2025-04-03 12:09:12.799362,2025-04-03 12:09:12.799362
c8dfc4c5-f692-4dfa-8e77-b85efa4ebd70,MLA20255932,663929-MLA79426647377_092024,https://http2.mlstatic.com/D_NQ_NP_663929-MLA79426647377_092024-F.jpg,True,2025-04-03 12:09:12.799365,2025-04-03 12:09:12.799365
4b91db20-8f1c-43e9-a5d7-341b6c36982b,MLA20255932,822212-MLU72836487633_112023,https://http2.mlstatic.com/D_NQ_NP_822212-MLU72836487633_112023-F.jpg,True,2025-04-03 12:09:12.799368,2025-04-03 12:09:12.799368
071cae22-406a-4e60-88c7-299b15d5a99d,MLA20255932,669094-MLA79426302219_092024,https://http2.mlstatic.com/D_NQ_NP_669094-MLA79426302219_092024-F.jpg,True,2025-04-03 12:09:12.799371,2025-04-03 12:09:12.799371
38ddb60a-f91a-4fe3-8d73-8e0a438d1510,MLA20255932,702294-MLA79426302231_092024,https://http2.mlstatic.com/D_NQ_NP_702294-MLA79426302231_092024-F.jpg,True,2025-04-03 12:09:12.799374,2025-04-03 12:09:12.799374
f512395b-569e-4542-9450-f29ebc30e204,MLA20255932,755464-MLU74859786776_032024,https://http2.mlstatic.com/D_NQ_NP_755464-MLU74859786776_032024-F.jpg,True,2025-04-03 12:09:12.799377,2025-04-03 12:09:12.799377
16390625-7ee6-4c22-8d88-35b132c3541f,MLA20255932,739717-MLU74859776760_032024,https://http2.mlstatic.com/D_NQ_NP_739717-MLU74859776760_032024-F.jpg,True,2025-04-03 12:09:12.799380,2025-04-03 12:09:12.799380
817fca3c-9479-4e3b-96b6-4d94b934d4a7,MLA20255932,801584-MLU74859806502_032024,https://http2.mlstatic.com/D_NQ_NP_801584-MLU74859806502_032024-F.jpg,True,2025-04-03 12:09:12.799383,2025-04-03 12:09:12.799383
c20ce615-97e7-4104-a16b-49cd1847167d,MLA20255932,980416-MLU74996846025_032024,https://http2.mlstatic.com/D_NQ_NP_980416-MLU74996846025_032024-F.jpg,True,2025-04-03 12:09:12.799386,2025-04-03 12:09:12.799386
25276a7b-7b37-4b24-8dcf-780f862fb432,MLA20255932,633456-MLA79426291989_092024,https://http2.mlstatic.com/D_NQ_NP_633456-MLA79426291989_092024-F.jpg,True,2025-04-03 12:09:12.799389,2025-04-03 12:09:12.799389
c7e0b7aa-1a93-4443-91c2-950662b72723,MLA27202677,761192-MLU75321747181_032024,https://http2.mlstatic.com/D_NQ_NP_761192-MLU75321747181_032024-F.jpg,True,2025-04-03 12:09:12.799457,2025-04-03 12:09:12.799457
7b80c6b3-fe29-45bb-bec6-b954e317c825,MLA6125040,806074-MLU78768348155_082024,https://http2.mlstatic.com/D_NQ_NP_806074-MLU78768348155_082024-F.jpg,True,2025-04-03 12:09:12.799568,2025-04-03 12:09:12.799568
d7beb257-6e22-4d84-a63b-bbcd231bcaaa,MLA6125040,840459-MLA32691404947_102019,https://http2.mlstatic.com/D_NQ_NP_840459-MLA32691404947_102019-F.jpg,True,2025-04-03 12:09:12.799571,2025-04-03 12:09:12.799571
23ff033c-089f-4eb5-a7a5-3fc43cb51cc3,MLA6125040,722465-MLU78768455087_082024,https://http2.mlstatic.com/D_NQ_NP_722465-MLU78768455087_082024-F.jpg,True,2025-04-03 12:09:12.799574,2025-04-03 12:09:12.799574
523e92fc-a1c8-4355-a4bb-08008b66453a,MLA6125041,776956-MLA32691548309_102019,https://mla-s2-p.mlstatic.com/776956-MLA32691548309_102019-F.jpg,True,2025-04-03 12:09:12.799685,2025-04-03 12:09:12.799685
eed67c5a-a90a-458b-9ec4-25133b974a9e,MLA6125041,614010-MLA32691548310_102019,https://mla-s2-p.mlstatic.com/614010-MLA32691548310_102019-F.jpg,True,2025-04-03 12:09:12.799688,2025-04-03 12:09:12.799688
8102bfa2-301e-4d62-bdee-93c2e5569b9c,MLA6125041,747163-MLA74652650174_022024,https://http2.mlstatic.com/D_NQ_NP_747163-MLA74652650174_022024-F.jpg,True,2025-04-03 12:09:12.799691,2025-04-03 12:09:12.799691
eb94d6f8-2422-4015-a94b-e84e92c484ce,MLA40695658,964853-MLU79229344037_092024,https://http2.mlstatic.com/D_NQ_NP_964853-MLU79229344037_092024-F.jpg,True,2025-04-03 12:09:12.799739,2025-04-03 12:09:12.799739
5b3a98b6-8d6b-4dce-a2de-edae27f2e7b0,MLA46599052,803927-MLA82816018235_032025,https://http2.mlstatic.com/D_NQ_NP_803927-MLA82816018235_032025-F.jpg,True,2025-04-03 12:09:12.799784,2025-04-03 12:09:12.799785
696f75e6-0210-43b3-8dd9-8a67f8f144f9,MLA37734297,730031-MLU77015911803_062024,https://http2.mlstatic.com/D_NQ_NP_730031-MLU77015911803_062024-F.jpg,True,2025-04-03 12:09:12.799804,2025-04-03 12:09:12.799804
97bbf611-a236-46eb-919d-8d09a37448c1,MLA37734297,852731-MLU77015901779_062024,https://http2.mlstatic.com/D_NQ_NP_852731-MLU77015901779_062024-F.jpg,True,2025-04-03 12:09:12.799807,2025-04-03 12:09:12.799808
6d0d56e3-cbd8-4bda-b1b9-83f2dcaca8b4,MLA37734297,860163-MLU77015911865_062024,https://http2.mlstatic.com/D_NQ_NP_860163-MLU77015911865_062024-F.jpg,True,2025-04-03 12:09:12.799810,2025-04-03 12:09:12.799811
abb74068-0e59-40cf-8f01-9ef7c39354ac,MLA37734297,662056-MLU76809400158_062024,https://http2.mlstatic.com/D_NQ_NP_662056-MLU76809400158_062024-F.jpg,True,2025-04-03 12:09:12.799813,2025-04-03 12:09:12.799814
2009a6af-9b77-439a-827f-698ee7580602,MLA47354226,924027-MLA82959017162_032025,https://http2.mlstatic.com/D_NQ_NP_924027-MLA82959017162_032025-F.jpg,True,2025-04-03 12:09:12.799938,2025-04-03 12:09:12.799938
c365fcdd-a2b7-4369-9db6-c93d72989f87,MLA47354226,890114-MLA82959017172_032025,https://http2.mlstatic.com/D_NQ_NP_890114-MLA82959017172_032025-F.jpg,True,2025-04-03 12:09:12.799941,2025-04-03 12:09:12.799941
e1cd61e2-3a7f-4267-b1a2-1e4ab64317f0,MLA47354226,733202-MLA82959007318_032025,https://http2.mlstatic.com/D_NQ_NP_733202-MLA82959007318_032025-F.jpg,True,2025-04-03 12:09:12.799944,2025-04-03 12:09:12.799944
5812311c-770b-4bdf-a930-a2b59af34242,MLA47354226,738502-MLA82959084972_032025,https://http2.mlstatic.com/D_NQ_NP_738502-MLA82959084972_032025-F.jpg,True,2025-04-03 12:09:12.799947,2025-04-03 12:09:12.799947
3629a0fd-3d70-4481-8b6b-e147d2bf2d7f,MLA47354226,626028-MLA82959017194_032025,https://http2.mlstatic.com/D_NQ_NP_626028-MLA82959017194_032025-F.jpg,True,2025-04-03 12:09:12.799950,2025-04-03 12:09:12.799950
a81b16cf-ed97-4b45-87bf-0b18a522aa59,MLA47546956,942798-MLA83394535547_032025,https://http2.mlstatic.com/D_NQ_NP_942798-MLA83394535547_032025-F.jpg,True,2025-04-03 12:09:12.800065,2025-04-03 12:09:12.800065
a3654f0a-3b84-4d51-b90b-b7e945694054,MLA47546956,787776-MLA83103879770_032025,https://http2.mlstatic.com/D_NQ_NP_787776-MLA83103879770_032025-F.jpg,True,2025-04-03 12:09:12.800068,2025-04-03 12:09:12.800068
3406dfe3-2fd8-4c27-9577-889aefa896fa,MLA47546956,874872-MLA83103793492_032025,https://http2.mlstatic.com/D_NQ_NP_874872-MLA83103793492_032025-F.jpg,True,2025-04-03 12:09:12.800071,2025-04-03 12:09:12.800072
6b104379-db3e-45c4-9b63-7f00b918f875,MLA47546956,622354-MLA83103984882_032025,https://http2.mlstatic.com/D_NQ_NP_622354-MLA83103984882_032025-F.jpg,True,2025-04-03 12:09:12.800075,2025-04-03 12:09:12.800075
9d97e0a7-430e-4fcd-bbb5-2247e0cd79f3,MLA38351184,627843-MLU77831029024_072024,https://http2.mlstatic.com/D_NQ_NP_627843-MLU77831029024_072024-F.jpg,True,2025-04-03 12:09:12.800228,2025-04-03 12:09:12.800228
dc8997e9-3acb-460f-9651-feaa47449030,MLA38351184,710909-MLA82775592649_022025,https://http2.mlstatic.com/D_NQ_NP_710909-MLA82775592649_022025-F.jpg,True,2025-04-03 12:09:12.800231,2025-04-03 12:09:12.800231
f1ff48a5-510e-4932-b6f4-82c39d89975f,MLA38351184,791050-MLA82775592651_022025,https://http2.mlstatic.com/D_NQ_NP_791050-MLA82775592651_022025-F.jpg,True,2025-04-03 12:09:12.800235,2025-04-03 12:09:12.800235
cbe6cdfd-2eb0-4c9b-bae4-60d806a981e0,MLA38351184,694448-MLA82775523893_022025,https://http2.mlstatic.com/D_NQ_NP_694448-MLA82775523893_022025-F.jpg,True,2025-04-03 12:09:12.800238,2025-04-03 12:09:12.800238
962bb471-866f-4f7a-9adb-64e2a3cb81db,MLA38351184,928980-MLA82775414671_022025,https://http2.mlstatic.com/D_NQ_NP_928980-MLA82775414671_022025-F.jpg,True,2025-04-03 12:09:12.800241,2025-04-03 12:09:12.800242
3023adeb-ae8b-485c-bbf9-fa3f1d01614f,MLA37281209,646223-MLU78589317501_082024,https://http2.mlstatic.com/D_NQ_NP_646223-MLU78589317501_082024-F.jpg,True,2025-04-03 12:09:12.800272,2025-04-03 12:09:12.800272
0aae0032-c60b-46b2-8902-aa6ad4c48d8b,MLA37281209,688576-MLU76498199952_052024,https://http2.mlstatic.com/D_NQ_NP_688576-MLU76498199952_052024-F.jpg,True,2025-04-03 12:09:12.800275,2025-04-03 12:09:12.800275
85d9096f-9b7c-4e4d-bce1-b0d17a723f18,MLA37281209,883013-MLU76498466752_052024,https://http2.mlstatic.com/D_NQ_NP_883013-MLU76498466752_052024-F.jpg,True,2025-04-03 12:09:12.800279,2025-04-03 12:09:12.800279
7292ab9f-b6e0-4753-8fa0-48417a824204,MLA37281209,618283-MLU76695531257_052024,https://http2.mlstatic.com/D_NQ_NP_618283-MLU76695531257_052024-F.jpg,True,2025-04-03 12:09:12.800282,2025-04-03 12:09:12.800282
2bf4581b-20bb-47cf-869b-2690aae5b03f,MLA21237756,891351-MLU74085599976_012024,https://http2.mlstatic.com/D_NQ_NP_891351-MLU74085599976_012024-F.jpg,True,2025-04-03 12:09:12.800397,2025-04-03 12:09:12.800397
5a582142-2514-458a-930c-894129380bab,MLA21237756,963467-MLU74833447764_032024,https://http2.mlstatic.com/D_NQ_NP_963467-MLU74833447764_032024-F.jpg,True,2025-04-03 12:09:12.800401,2025-04-03 12:09:12.800401
92251a8d-567a-4b46-98d0-92d0c5a56e89,MLA21237756,867334-MLU74162100611_012024,https://http2.mlstatic.com/D_NQ_NP_867334-MLU74162100611_012024-F.jpg,True,2025-04-03 12:09:12.800410,2025-04-03 12:09:12.800411
1f05cd74-105f-4c9e-b167-53544ee9e989,MLA21237756,881612-MLU74833059116_032024,https://http2.mlstatic.com/D_NQ_NP_881612-MLU74833059116_032024-F.jpg,True,2025-04-03 12:09:12.800417,2025-04-03 12:09:12.800418
114893db-30a6-4cf4-b0f8-ae5010ef008f,MLA21237756,790614-MLU74140587145_012024,https://http2.mlstatic.com/D_NQ_NP_790614-MLU74140587145_012024-F.jpg,True,2025-04-03 12:09:12.800421,2025-04-03 12:09:12.800422
c9f31828-9246-4c82-9bb9-16c6033838c7,MLA21237756,660569-MLU72836355569_112023,https://http2.mlstatic.com/D_NQ_NP_660569-MLU72836355569_112023-F.jpg,True,2025-04-03 12:09:12.800425,2025-04-03 12:09:12.800425
4b6239f9-987d-44e4-a1a8-fe2f3b61e301,MLA21237756,980972-MLU74143196789_012024,https://http2.mlstatic.com/D_NQ_NP_980972-MLU74143196789_012024-F.jpg,True,2025-04-03 12:09:12.800428,2025-04-03 12:09:12.800429
43d869fc-17be-4d92-8b7c-81c997d5e927,MLA28801485,942066-MLU73384080129_122023,https://http2.mlstatic.com/D_NQ_NP_942066-MLU73384080129_122023-F.jpg,True,2025-04-03 12:09:12.800499,2025-04-03 12:09:12.800500
32e4850a-d379-43d2-82f7-59b9e2030a4c,MLA28801485,982190-MLU73296032302_122023,https://http2.mlstatic.com/D_NQ_NP_982190-MLU73296032302_122023-F.jpg,True,2025-04-03 12:09:12.800503,2025-04-03 12:09:12.800503
0e94b677-bd3f-4662-b5f0-f443d9f40093,MLA28801485,619506-MLU73296032306_122023,https://http2.mlstatic.com/D_NQ_NP_619506-MLU73296032306_122023-F.jpg,True,2025-04-03 12:09:12.800506,2025-04-03 12:09:12.800507
8f772a59-9ba0-4f74-bf8f-10eb1b02d27b,MLA28801485,932058-MLU73296390606_122023,https://http2.mlstatic.com/D_NQ_NP_932058-MLU73296390606_122023-F.jpg,True,2025-04-03 12:09:12.800510,2025-04-03 12:09:12.800510
c9c28c85-b75e-419a-9164-7ca25a125267,MLA16233185,928308-MLA82914116966_032025,https://http2.mlstatic.com/D_NQ_NP_928308-MLA82914116966_032025-F.jpg,True,2025-04-03 12:09:12.800654,2025-04-03 12:09:12.800655
b5a178bd-4372-441f-a138-6aa831642461,MLA16233185,635602-MLA74782529607_022024,https://http2.mlstatic.com/D_NQ_NP_635602-MLA74782529607_022024-F.jpg,True,2025-04-03 12:09:12.800658,2025-04-03 12:09:12.800658
c3be0458-5907-4ddc-9e7a-bf0919570daf,MLA16233185,710781-MLA74779495325_022024,https://http2.mlstatic.com/D_NQ_NP_710781-MLA74779495325_022024-F.jpg,True,2025-04-03 12:09:12.800661,2025-04-03 12:09:12.800661
0933ac4b-f559-4b27-a6e4-cc8724e6bcf5,MLA16233185,656871-MLU72825274805_112023,https://http2.mlstatic.com/D_NQ_NP_656871-MLU72825274805_112023-F.jpg,True,2025-04-03 12:09:12.800665,2025-04-03 12:09:12.800665
114dc7b4-2ecc-4cd7-b059-76598dcaf66c,MLA16233185,786654-MLU70065259577_062023,https://http2.mlstatic.com/D_NQ_NP_786654-MLU70065259577_062023-F.jpg,True,2025-04-03 12:09:12.800668,2025-04-03 12:09:12.800668
e5f4aca0-32a8-40c2-bfc3-ebc25ba71631,MLA6125043,810860-MLA32767958234_112019,https://http2.mlstatic.com/D_NQ_NP_810860-MLA32767958234_112019-F.jpg,True,2025-04-03 12:09:12.800809,2025-04-03 12:09:12.800810
d0b6b97b-f2ff-4f11-ac94-3a2a4adf923d,MLA6125043,601722-MLA79894547678_102024,https://http2.mlstatic.com/D_NQ_NP_601722-MLA79894547678_102024-F.jpg,True,2025-04-03 12:09:12.800813,2025-04-03 12:09:12.800813
5f5dfbaf-af37-4d2c-ab86-a3a4bfe5353e,MLA6125043,721876-MLA79894414532_102024,https://http2.mlstatic.com/D_NQ_NP_721876-MLA79894414532_102024-F.jpg,True,2025-04-03 12:09:12.800816,2025-04-03 12:09:12.800816
209bed13-cfe8-4118-a71b-e85a59a8ba2f,MLA6125043,851141-MLU73213456245_122023,https://http2.mlstatic.com/D_NQ_NP_851141-MLU73213456245_122023-F.jpg,True,2025-04-03 12:09:12.800819,2025-04-03 12:09:12.800819
a9163aca-7afa-4a33-8bcd-55b0607c057d,MLA6125043,905333-MLU73213485059_122023,https://http2.mlstatic.com/D_NQ_NP_905333-MLU73213485059_122023-F.jpg,True,2025-04-03 12:09:12.800822,2025-04-03 12:09:12.800823
ff46e40e-9d58-45ab-9196-ebba10d6354f,MLA44016696,853600-MLA81007736225_112024,https://http2.mlstatic.com/D_NQ_NP_853600-MLA81007736225_112024-F.jpg,True,2025-04-03 12:09:12.800896,2025-04-03 12:09:12.800896
3ac935c9-ce1c-409b-8d4e-b4ef331136e0,MLA46646080,725826-MLA82553020200_032025,https://http2.mlstatic.com/D_NQ_NP_725826-MLA82553020200_032025-F.jpg,True,2025-04-03 12:09:12.801019,2025-04-03 12:09:12.801019
31943b58-12e4-43a8-b6fe-115c22235eb4,MLA46646080,696587-MLA82553078090_032025,https://http2.mlstatic.com/D_NQ_NP_696587-MLA82553078090_032025-F.jpg,True,2025-04-03 12:09:12.801022,2025-04-03 12:09:12.801022
a1a03b13-4370-494d-9c9e-b7993bbec888,MLA40682584,962131-MLU79222529651_092024,https://http2.mlstatic.com/D_NQ_NP_962131-MLU79222529651_092024-F.jpg,True,2025-04-03 12:09:12.801065,2025-04-03 12:09:12.801066
67ca7a01-3bfc-43fe-8719-e2d34c185ad0,MLA40682584,891661-MLA80443269979_112024,https://http2.mlstatic.com/D_NQ_NP_891661-MLA80443269979_112024-F.jpg,True,2025-04-03 12:09:12.801069,2025-04-03 12:09:12.801069
3bff1f1f-9160-4206-ae14-2ab206503e23,MLA40682584,988653-MLA80186788164_112024,https://http2.mlstatic.com/D_NQ_NP_988653-MLA80186788164_112024-F.jpg,True,2025-04-03 12:09:12.801072,2025-04-03 12:09:12.801072
b78b5053-1270-46b3-b165-6eb10c9391bf,MLA47449800,654706-MLA83374777627_032025,https://http2.mlstatic.com/D_NQ_NP_654706-MLA83374777627_032025-F.jpg,True,2025-04-03 12:09:12.801150,2025-04-03 12:09:12.801150
cb4e361a-8493-4b60-95da-930c5ac06634,MLA47449800,955434-MLA83374777631_032025,https://http2.mlstatic.com/D_NQ_NP_955434-MLA83374777631_032025-F.jpg,True,2025-04-03 12:09:12.801153,2025-04-03 12:09:12.801153
9472b128-fd37-449d-a097-caff44fd4302,MLA47449800,991835-MLA83084358136_032025,https://http2.mlstatic.com/D_NQ_NP_991835-MLA83084358136_032025-F.jpg,True,2025-04-03 12:09:12.801156,2025-04-03 12:09:12.801156
5fba088c-63cd-4556-a251-5308090690b4,MLA47449800,921403-MLA83084189122_032025,https://http2.mlstatic.com/D_NQ_NP_921403-MLA83084189122_032025-F.jpg,True,2025-04-03 12:09:12.801159,2025-04-03 12:09:12.801159
ed587b8d-2ad1-4e5c-a4f6-487ff7a292da,MLA47449800,649267-MLA83374777637_032025,https://http2.mlstatic.com/D_NQ_NP_649267-MLA83374777637_032025-F.jpg,True,2025-04-03 12:09:12.801162,2025-04-03 12:09:12.801162
e9d79a0c-1340-4e7c-b2e3-b5be081f8bcf,MLA29041598,806179-MLU74197136399_012024,https://http2.mlstatic.com/D_NQ_NP_806179-MLU74197136399_012024-F.jpg,True,2025-04-03 12:09:12.801182,2025-04-03 12:09:12.801182
d013b947-60f4-4dcf-b628-d80f27ff09f1,MLA29041598,951409-MLU73503232229_122023,https://http2.mlstatic.com/D_NQ_NP_951409-MLU73503232229_122023-F.jpg,True,2025-04-03 12:09:12.801185,2025-04-03 12:09:12.801185
edf4c3ee-e019-44fb-b989-402b963f906b,MLA29041598,859580-MLU73412627872_122023,https://http2.mlstatic.com/D_NQ_NP_859580-MLU73412627872_122023-F.jpg,True,2025-04-03 12:09:12.801188,2025-04-03 12:09:12.801188
72c40164-c2f8-47d7-9889-3f4cd325b10d,MLA29041598,949343-MLU73503212291_122023,https://http2.mlstatic.com/D_NQ_NP_949343-MLU73503212291_122023-F.jpg,True,2025-04-03 12:09:12.801191,2025-04-03 12:09:12.801192
31fe1719-5fb8-4514-91aa-e4f829b89a5e,MLA29041598,985274-MLU73503666617_122023,https://http2.mlstatic.com/D_NQ_NP_985274-MLU73503666617_122023-F.jpg,True,2025-04-03 12:09:12.801194,2025-04-03 12:09:12.801195
bf3489b7-2fab-4519-9e79-44789497667f,MLA29041598,766072-MLU73503212301_122023,https://http2.mlstatic.com/D_NQ_NP_766072-MLU73503212301_122023-F.jpg,True,2025-04-03 12:09:12.801198,2025-04-03 12:09:12.801198
2c13e959-9b7d-493b-91ad-a9d3c0207806,MLA29041598,783915-MLU73503627233_122023,https://http2.mlstatic.com/D_NQ_NP_783915-MLU73503627233_122023-F.jpg,True,2025-04-03 12:09:12.801201,2025-04-03 12:09:12.801201
63383e21-811e-4a33-911b-d41955700c11,MLA34334446,716225-MLU74944447364_032024,https://http2.mlstatic.com/D_NQ_NP_716225-MLU74944447364_032024-F.jpg,True,2025-04-03 12:09:12.801227,2025-04-03 12:09:12.801227
c40390ea-600e-4715-8b45-45b3fb0d0a27,MLA46644650,844783-MLA82550421100_032025,https://http2.mlstatic.com/D_NQ_NP_844783-MLA82550421100_032025-F.jpg,True,2025-04-03 12:09:12.801305,2025-04-03 12:09:12.801305
240e1f42-3647-49a1-9a08-73ea5dea749b,MLA46644650,711700-MLA82550352144_032025,https://http2.mlstatic.com/D_NQ_NP_711700-MLA82550352144_032025-F.jpg,True,2025-04-03 12:09:12.801308,2025-04-03 12:09:12.801308
d2c836c4-a5e5-4d8f-9590-f6721a12d859,MLA34921279,890350-MLU75377669023_032024,https://http2.mlstatic.com/D_NQ_NP_890350-MLU75377669023_032024-F.jpg,True,2025-04-03 12:09:12.801417,2025-04-03 12:09:12.801418
171d4f89-a8fc-47cf-a8b9-e72eca6e013f,MLA34921279,983559-MLU77962685973_072024,https://http2.mlstatic.com/D_NQ_NP_983559-MLU77962685973_072024-F.jpg,True,2025-04-03 12:09:12.801420,2025-04-03 12:09:12.801421
b276fe68-cefc-4cd3-959b-dcd7f600f98b,MLA34921279,760209-MLU77962704953_072024,https://http2.mlstatic.com/D_NQ_NP_760209-MLU77962704953_072024-F.jpg,True,2025-04-03 12:09:12.801423,2025-04-03 12:09:12.801424
d56e6084-704f-4aac-88ea-b891040b1750,MLA34921279,982370-MLU77962656495_072024,https://http2.mlstatic.com/D_NQ_NP_982370-MLU77962656495_072024-F.jpg,True,2025-04-03 12:09:12.801426,2025-04-03 12:09:12.801427
acb66642-29e2-4015-a363-92e163ebfec4,MLA34921279,647536-MLU77742394718_072024,https://http2.mlstatic.com/D_NQ_NP_647536-MLU77742394718_072024-F.jpg,True,2025-04-03 12:09:12.801430,2025-04-03 12:09:12.801430
37b97908-eda2-48ed-a964-f557d0266724,MLA34921279,830517-MLU77742199862_072024,https://http2.mlstatic.com/D_NQ_NP_830517-MLU77742199862_072024-F.jpg,True,2025-04-03 12:09:12.801433,2025-04-03 12:09:12.801433
27363fdf-f6dd-4bcf-bfa5-dc856dcbdcfc,MLA34921279,744647-MLU77742199872_072024,https://http2.mlstatic.com/D_NQ_NP_744647-MLU77742199872_072024-F.jpg,True,2025-04-03 12:09:12.801436,2025-04-03 12:09:12.801436
a0428474-71f1-450b-bad2-6aa78281c0d7,MLA39011584,877174-MLU77966334920_082024,https://http2.mlstatic.com/D_NQ_NP_877174-MLU77966334920_082024-F.jpg,True,2025-04-03 12:09:12.801472,2025-04-03 12:09:12.801473
503c190d-e8a7-4f01-904a-a3e37bc18753,MLA39011584,621305-MLU77965960106_082024,https://http2.mlstatic.com/D_NQ_NP_621305-MLU77965960106_082024-F.jpg,True,2025-04-03 12:09:12.801476,2025-04-03 12:09:12.801476
89244e0e-c6fd-46cc-8c4b-b281ff3c618f,MLA39011584,707454-MLU77965979932_082024,https://http2.mlstatic.com/D_NQ_NP_707454-MLU77965979932_082024-F.jpg,True,2025-04-03 12:09:12.801479,2025-04-03 12:09:12.801479
d7325854-dd83-47fc-96a2-e88b06eeb3e0,MLA39011584,712171-MLU77965970132_082024,https://http2.mlstatic.com/D_NQ_NP_712171-MLU77965970132_082024-F.jpg,True,2025-04-03 12:09:12.801482,2025-04-03 12:09:12.801482
cb244935-ad76-4e2e-a371-2998f982b21d,MLA39011584,645768-MLU77965831280_082024,https://http2.mlstatic.com/D_NQ_NP_645768-MLU77965831280_082024-F.jpg,True,2025-04-03 12:09:12.801485,2025-04-03 12:09:12.801485
e9fcd116-0090-4bca-8b83-97433733c079,MLA39011584,954760-MLU77965979970_082024,https://http2.mlstatic.com/D_NQ_NP_954760-MLU77965979970_082024-F.jpg,True,2025-04-03 12:09:12.801488,2025-04-03 12:09:12.801488
4af65bd3-fd3c-42f4-85f5-786fd9ecb50e,MLA37230837,618935-MLU77860423774_072024,https://http2.mlstatic.com/D_NQ_NP_618935-MLU77860423774_072024-F.jpg,True,2025-04-03 12:09:12.801510,2025-04-03 12:09:12.801510
5d0c2fc2-e4ee-4b57-944b-6c6b5ba7f656,MLA37230837,879452-MLU78082655165_072024,https://http2.mlstatic.com/D_NQ_NP_879452-MLU78082655165_072024-F.jpg,True,2025-04-03 12:09:12.801513,2025-04-03 12:09:12.801513
a357db6e-3ad1-4c14-8831-86e545f49e98,MLA37230837,835986-MLU77860423804_072024,https://http2.mlstatic.com/D_NQ_NP_835986-MLU77860423804_072024-F.jpg,True,2025-04-03 12:09:12.801516,2025-04-03 12:09:12.801516
b806c16e-d5a6-4f92-9e6c-2ec586256123,MLA37230837,880885-MLU76659679989_052024,https://http2.mlstatic.com/D_NQ_NP_880885-MLU76659679989_052024-F.jpg,True,2025-04-03 12:09:12.801519,2025-04-03 12:09:12.801519
67137836-06d0-43b3-b422-7fe551fca22a,MLA37230837,703188-MLU78082694739_072024,https://http2.mlstatic.com/D_NQ_NP_703188-MLU78082694739_072024-F.jpg,True,2025-04-03 12:09:12.801522,2025-04-03 12:09:12.801522
fd42d0c6-d2a5-4c7c-af31-0bb2e6753513,MLA37230837,864850-MLU76659630341_052024,https://http2.mlstatic.com/D_NQ_NP_864850-MLU76659630341_052024-F.jpg,True,2025-04-03 12:09:12.801525,2025-04-03 12:09:12.801525
c24bebf5-99b8-465a-9e05-e0b827ebc083,MLA37719267,927087-MLU76790373618_062024,https://http2.mlstatic.com/D_NQ_NP_927087-MLU76790373618_062024-F.jpg,True,2025-04-03 12:09:12.801540,2025-04-03 12:09:12.801540
47262437-7f88-4fbf-adb0-501fabbb9396,MLA37719267,843778-MLU76996611941_062024,https://http2.mlstatic.com/D_NQ_NP_843778-MLU76996611941_062024-F.jpg,True,2025-04-03 12:09:12.801543,2025-04-03 12:09:12.801544
8b0055a1-c09e-4105-bd4f-6f41554c43e7,MLA37719267,930357-MLU76790344184_062024,https://http2.mlstatic.com/D_NQ_NP_930357-MLU76790344184_062024-F.jpg,True,2025-04-03 12:09:12.801546,2025-04-03 12:09:12.801547
3469676f-3e49-4d92-be31-852f04a6f1dc,MLA37719267,824973-MLU76790344186_062024,https://http2.mlstatic.com/D_NQ_NP_824973-MLU76790344186_062024-F.jpg,True,2025-04-03 12:09:12.801550,2025-04-03 12:09:12.801550
8650a947-3018-445f-9c67-036a043f0b1c,MLA37719267,898998-MLU76996611951_062024,https://http2.mlstatic.com/D_NQ_NP_898998-MLU76996611951_062024-F.jpg,True,2025-04-03 12:09:12.801553,2025-04-03 12:09:12.801553
3d51972b-f184-4931-9700-a0a8747e6f59,MLA37719267,714493-MLU76996611955_062024,https://http2.mlstatic.com/D_NQ_NP_714493-MLU76996611955_062024-F.jpg,True,2025-04-03 12:09:12.801556,2025-04-03 12:09:12.801556
21f836ba-b929-431a-945f-96745e924c05,MLA37719267,766903-MLU76790334318_062024,https://http2.mlstatic.com/D_NQ_NP_766903-MLU76790334318_062024-F.jpg,True,2025-04-03 12:09:12.801559,2025-04-03 12:09:12.801559
0be56603-ca18-4237-89cf-c08ef1b77b63,MLA41155487,853521-MLA80365749121_112024,https://http2.mlstatic.com/D_NQ_NP_853521-MLA80365749121_112024-F.jpg,True,2025-04-03 12:09:12.801630,2025-04-03 12:09:12.801630
fbae9af3-33e6-4afa-b0b9-4646d26b8b22,MLA41155487,628471-MLA80365719515_112024,https://http2.mlstatic.com/D_NQ_NP_628471-MLA80365719515_112024-F.jpg,True,2025-04-03 12:09:12.801633,2025-04-03 12:09:12.801633
24e3d8fd-05e6-4a44-8d28-16dea0668b83,MLA41155487,668161-MLA80365758787_112024,https://http2.mlstatic.com/D_NQ_NP_668161-MLA80365758787_112024-F.jpg,True,2025-04-03 12:09:12.801636,2025-04-03 12:09:12.801636
45ff14c0-362e-4389-aaaa-2d392c781c4e,MLA42838649,895293-MLA80263317032_112024,https://http2.mlstatic.com/D_NQ_NP_895293-MLA80263317032_112024-F.jpg,True,2025-04-03 12:09:12.801708,2025-04-03 12:09:12.801708
113e031d-8586-4dbf-8c74-6a713e22c6ec,MLA41082280,725494-MLA79696497047_102024,https://http2.mlstatic.com/D_NQ_NP_725494-MLA79696497047_102024-F.jpg,True,2025-04-03 12:09:12.801740,2025-04-03 12:09:12.801740
e880b216-b261-4b49-a69b-d9bf3842c73b,MLA41082280,726624-MLA79696363495_102024,https://http2.mlstatic.com/D_NQ_NP_726624-MLA79696363495_102024-F.jpg,True,2025-04-03 12:09:12.801743,2025-04-03 12:09:12.801743
a39ff149-f09d-4c0c-b51d-093be0065ac6,MLA41082280,726444-MLA79696497059_102024,https://http2.mlstatic.com/D_NQ_NP_726444-MLA79696497059_102024-F.jpg,True,2025-04-03 12:09:12.801746,2025-04-03 12:09:12.801746
38d7aee0-4348-4992-966b-491ed658babe,MLA41082280,717537-MLA79696497071_102024,https://http2.mlstatic.com/D_NQ_NP_717537-MLA79696497071_102024-F.jpg,True,2025-04-03 12:09:12.801749,2025-04-03 12:09:12.801749
50b27397-8c5c-4c02-9c63-f671f44d699a,MLA41082280,669136-MLA79696546065_102024,https://http2.mlstatic.com/D_NQ_NP_669136-MLA79696546065_102024-F.jpg,True,2025-04-03 12:09:12.801752,2025-04-03 12:09:12.801752
dc4e9fcb-bdc2-4038-b2d2-d445db883a79,MLA41082280,933392-MLA79450401482_102024,https://http2.mlstatic.com/D_NQ_NP_933392-MLA79450401482_102024-F.jpg,True,2025-04-03 12:09:12.801755,2025-04-03 12:09:12.801755
16172111-d230-44d7-8bb8-1b93d06f3641,MLA41082280,929237-MLA79696497103_102024,https://http2.mlstatic.com/D_NQ_NP_929237-MLA79696497103_102024-F.jpg,True,2025-04-03 12:09:12.801758,2025-04-03 12:09:12.801758
9880baca-87f2-4be8-8257-fd80817230b0,MLA41082280,846725-MLA79450401496_102024,https://http2.mlstatic.com/D_NQ_NP_846725-MLA79450401496_102024-F.jpg,True,2025-04-03 12:09:12.801761,2025-04-03 12:09:12.801761
85a43789-2bed-42e8-9dab-5c4900e20cf5,MLA37291478,697223-MLU76711601073_052024,https://http2.mlstatic.com/D_NQ_NP_697223-MLU76711601073_052024-F.jpg,True,2025-04-03 12:09:12.801776,2025-04-03 12:09:12.801776
c68bb7f6-8dcb-44f4-876a-e2cc5e073473,MLA37291478,622048-MLU76711402743_052024,https://http2.mlstatic.com/D_NQ_NP_622048-MLU76711402743_052024-F.jpg,True,2025-04-03 12:09:12.801779,2025-04-03 12:09:12.801779
bcbac6c4-e6b1-4ef2-b0fa-b1839b31092b,MLA37291478,604466-MLU76711620647_052024,https://http2.mlstatic.com/D_NQ_NP_604466-MLU76711620647_052024-F.jpg,True,2025-04-03 12:09:12.801782,2025-04-03 12:09:12.801783
ad8ff863-f85a-4205-bf10-d99a51acacf6,MLA37291478,866988-MLU76711304505_052024,https://http2.mlstatic.com/D_NQ_NP_866988-MLU76711304505_052024-F.jpg,True,2025-04-03 12:09:12.801785,2025-04-03 12:09:12.801786
9cd563ec-ee77-4e18-8609-c057c2b029ce,MLA37291478,885958-MLU76711402755_052024,https://http2.mlstatic.com/D_NQ_NP_885958-MLU76711402755_052024-F.jpg,True,2025-04-03 12:09:12.801789,2025-04-03 12:09:12.801789
61be71b4-d52f-4839-b436-d9e1679bd723,MLA37291478,714860-MLU76513542386_052024,https://http2.mlstatic.com/D_NQ_NP_714860-MLU76513542386_052024-F.jpg,True,2025-04-03 12:09:12.801793,2025-04-03 12:09:12.801793
a72d96e4-26de-416d-8266-44cae159b285,MLA46660900,945362-MLA82560902950_032025,https://http2.mlstatic.com/D_NQ_NP_945362-MLA82560902950_032025-F.jpg,True,2025-04-03 12:09:12.801847,2025-04-03 12:09:12.801848
a1306123-a0c2-44cd-b8a3-7d969db0399d,MLA46660900,647921-MLA82847924957_032025,https://http2.mlstatic.com/D_NQ_NP_647921-MLA82847924957_032025-F.jpg,True,2025-04-03 12:09:12.801850,2025-04-03 12:09:12.801851
5935e3c9-7f51-4c0d-96dd-2e2be3934adf,MLA41077223,618877-MLA79213713818_092024,https://http2.mlstatic.com/D_NQ_NP_618877-MLA79213713818_092024-F.jpg,True,2025-04-03 12:09:12.801865,2025-04-03 12:09:12.801865
3b1d62b0-c218-4187-a39f-36d7f22e0faa,MLA41077223,872192-MLA79213713826_092024,https://http2.mlstatic.com/D_NQ_NP_872192-MLA79213713826_092024-F.jpg,True,2025-04-03 12:09:12.801868,2025-04-03 12:09:12.801868
19dac9de-f911-45c7-b620-12c9b818026d,MLA41077223,694646-MLA79213713830_092024,https://http2.mlstatic.com/D_NQ_NP_694646-MLA79213713830_092024-F.jpg,True,2025-04-03 12:09:12.801871,2025-04-03 12:09:12.801871
678c4a4f-4ca5-41d1-a100-11c181ea60e9,MLA41077223,877675-MLA79213810468_092024,https://http2.mlstatic.com/D_NQ_NP_877675-MLA79213810468_092024-F.jpg,True,2025-04-03 12:09:12.801874,2025-04-03 12:09:12.801874
f1071e14-e61a-43a0-bb0c-decb1db87ec4,MLA41077223,882712-MLA79213713846_092024,https://http2.mlstatic.com/D_NQ_NP_882712-MLA79213713846_092024-F.jpg,True,2025-04-03 12:09:12.801877,2025-04-03 12:09:12.801877
d3d1bce7-9449-4616-89bd-76917f85b08e,MLA41077223,759797-MLA79456194251_092024,https://http2.mlstatic.com/D_NQ_NP_759797-MLA79456194251_092024-F.jpg,True,2025-04-03 12:09:12.801880,2025-04-03 12:09:12.801880
1ff0fc9a-1e79-4b93-a4b6-313fa533d8a3,MLA41077223,610826-MLA79456223643_092024,https://http2.mlstatic.com/D_NQ_NP_610826-MLA79456223643_092024-F.jpg,True,2025-04-03 12:09:12.801883,2025-04-03 12:09:12.801883
d213283c-9af7-4b03-a78a-586b5be3a494,MLA28705947,888884-MLA80293383161_102024,https://http2.mlstatic.com/D_NQ_NP_888884-MLA80293383161_102024-F.jpg,True,2025-04-03 12:09:12.802005,2025-04-03 12:09:12.802005
0f4ac3f2-3efe-4cb3-804b-44c9b4f2342e,MLA28705947,777180-MLA80038578318_102024,https://http2.mlstatic.com/D_NQ_NP_777180-MLA80038578318_102024-F.jpg,True,2025-04-03 12:09:12.802008,2025-04-03 12:09:12.802008
57ade157-345f-407d-a3dc-251185bddb59,MLA28705947,748778-MLA80038419698_102024,https://http2.mlstatic.com/D_NQ_NP_748778-MLA80038419698_102024-F.jpg,True,2025-04-03 12:09:12.802011,2025-04-03 12:09:12.802011
ad8cfab8-a6f4-437b-a9c0-dedc5da6bd83,MLA28705947,934771-MLA80293174221_102024,https://http2.mlstatic.com/D_NQ_NP_934771-MLA80293174221_102024-F.jpg,True,2025-04-03 12:09:12.802014,2025-04-03 12:09:12.802014
2905e317-6d7d-4c43-abcc-d39683746ebf,MLA28705947,744410-MLA80293383163_102024,https://http2.mlstatic.com/D_NQ_NP_744410-MLA80293383163_102024-F.jpg,True,2025-04-03 12:09:12.802017,2025-04-03 12:09:12.802017
86dbb106-d88f-4b09-b024-2b56fed99264,MLA28705947,831733-MLA80038548846_102024,https://http2.mlstatic.com/D_NQ_NP_831733-MLA80038548846_102024-F.jpg,True,2025-04-03 12:09:12.802020,2025-04-03 12:09:12.802020
9fa00a68-bff5-4085-83b9-4d853bbc5732,MLA28705947,844254-MLA80038578320_102024,https://http2.mlstatic.com/D_NQ_NP_844254-MLA80038578320_102024-F.jpg,True,2025-04-03 12:09:12.802023,2025-04-03 12:09:12.802023
57df8981-a947-49bd-b69b-a264018051ff,MLA28705947,930514-MLA80293383165_102024,https://http2.mlstatic.com/D_NQ_NP_930514-MLA80293383165_102024-F.jpg,True,2025-04-03 12:09:12.802026,2025-04-03 12:09:12.802026
815927bc-6e04-40af-8606-e0c19690cd05,MLA28705947,989033-MLA80294465867_102024,https://http2.mlstatic.com/D_NQ_NP_989033-MLA80294465867_102024-F.jpg,True,2025-04-03 12:09:12.802029,2025-04-03 12:09:12.802029
72eb3c9b-65f9-4740-9d65-da90cc663e0e,MLA45001905,840692-MLA81281728458_122024,https://http2.mlstatic.com/D_NQ_NP_840692-MLA81281728458_122024-F.jpg,True,2025-04-03 12:09:12.802085,2025-04-03 12:09:12.802086
b48ee4ca-bc06-4f4b-a748-76a225a8dfba,MLA45001905,837370-MLA81281728460_122024,https://http2.mlstatic.com/D_NQ_NP_837370-MLA81281728460_122024-F.jpg,True,2025-04-03 12:09:12.802089,2025-04-03 12:09:12.802089
11ef02b7-07bd-4c42-8f0b-7adb0c6edc69,MLA45001905,811528-MLA81550645181_122024,https://http2.mlstatic.com/D_NQ_NP_811528-MLA81550645181_122024-F.jpg,True,2025-04-03 12:09:12.802092,2025-04-03 12:09:12.802092
b6804b31-613b-4d3e-82b1-0aad7e34870d,MLA42827642,980283-MLA80559966660_112024,https://http2.mlstatic.com/D_NQ_NP_980283-MLA80559966660_112024-F.jpg,True,2025-04-03 12:09:12.802138,2025-04-03 12:09:12.802138
ba381ce4-b28a-4cfc-b68b-7c71180df7ff,MLA42827642,750058-MLA80821928079_112024,https://http2.mlstatic.com/D_NQ_NP_750058-MLA80821928079_112024-F.jpg,True,2025-04-03 12:09:12.802141,2025-04-03 12:09:12.802141
febb4ee8-76db-4ec4-b427-64b467dba671,MLA42827642,909023-MLA80559779908_112024,https://http2.mlstatic.com/D_NQ_NP_909023-MLA80559779908_112024-F.jpg,True,2025-04-03 12:09:12.802144,2025-04-03 12:09:12.802144
25873b70-89f7-4713-94b1-fda543372a08,MLA42827642,928173-MLA80559966678_112024,https://http2.mlstatic.com/D_NQ_NP_928173-MLA80559966678_112024-F.jpg,True,2025-04-03 12:09:12.802147,2025-04-03 12:09:12.802147
12a919b5-fdc1-43c9-9d2f-df681f0f1122,MLA42827642,620386-MLA80559722156_112024,https://http2.mlstatic.com/D_NQ_NP_620386-MLA80559722156_112024-F.jpg,True,2025-04-03 12:09:12.802150,2025-04-03 12:09:12.802150
5df8dfc8-f0c0-4fa3-aa07-ad9407af25dd,MLA42827642,657285-MLA80821819751_112024,https://http2.mlstatic.com/D_NQ_NP_657285-MLA80821819751_112024-F.jpg,True,2025-04-03 12:09:12.802153,2025-04-03 12:09:12.802153
22a5a55a-393d-4eb9-95f7-674874aad129,MLA42827642,753950-MLA80821928109_112024,https://http2.mlstatic.com/D_NQ_NP_753950-MLA80821928109_112024-F.jpg,True,2025-04-03 12:09:12.802156,2025-04-03 12:09:12.802156
fd8c08f0-ab01-4c91-9c6d-d01586fcdb6b,MLA42827642,821877-MLA80559966692_112024,https://http2.mlstatic.com/D_NQ_NP_821877-MLA80559966692_112024-F.jpg,True,2025-04-03 12:09:12.802159,2025-04-03 12:09:12.802159
45e65a75-22c9-4f93-b6ad-f949fdda9864,MLA42827642,917296-MLA80821928121_112024,https://http2.mlstatic.com/D_NQ_NP_917296-MLA80821928121_112024-F.jpg,True,2025-04-03 12:09:12.802162,2025-04-03 12:09:12.802162
d6d8c8d3-f560-44c3-abdc-cb2910cdd627,MLA42827642,797399-MLA80559937192_112024,https://http2.mlstatic.com/D_NQ_NP_797399-MLA80559937192_112024-F.jpg,True,2025-04-03 12:09:12.802165,2025-04-03 12:09:12.802165
8e3513ed-3a04-49db-8814-adef9680623e,MLA44748277,911159-MLA81123871422_122024,https://http2.mlstatic.com/D_NQ_NP_911159-MLA81123871422_122024-F.jpg,True,2025-04-03 12:09:12.802212,2025-04-03 12:09:12.802213
98ed253b-ae6c-4cc4-9c59-db089a14709b,MLA44748277,685553-MLA81123995852_122024,https://http2.mlstatic.com/D_NQ_NP_685553-MLA81123995852_122024-F.jpg,True,2025-04-03 12:09:12.802215,2025-04-03 12:09:12.802216
55325d26-9acf-469a-918f-1c809e68c380,MLA44748277,823035-MLA81123774442_122024,https://http2.mlstatic.com/D_NQ_NP_823035-MLA81123774442_122024-F.jpg,True,2025-04-03 12:09:12.802218,2025-04-03 12:09:12.802219
ff750d43-da0d-4a8a-9a35-4dca19fb3f61,MLA44748277,726175-MLA81123995864_122024,https://http2.mlstatic.com/D_NQ_NP_726175-MLA81123995864_122024-F.jpg,True,2025-04-03 12:09:12.802221,2025-04-03 12:09:12.802222
25284b21-dbe9-4c8a-91ad-7ab4b47314ac,MLA44748277,838321-MLA82381909650_022025,https://http2.mlstatic.com/D_NQ_NP_838321-MLA82381909650_022025-F.jpg,True,2025-04-03 12:09:12.802224,2025-04-03 12:09:12.802225
e68e4592-5b13-4e0d-a8a8-82a5195824c8,MLA44748277,849512-MLA82666774443_022025,https://http2.mlstatic.com/D_NQ_NP_849512-MLA82666774443_022025-F.jpg,True,2025-04-03 12:09:12.802227,2025-04-03 12:09:12.802228
6a3a65cf-5ed6-4072-8756-3e5f69a6d8f8,MLA44748277,823110-MLA82381909656_022025,https://http2.mlstatic.com/D_NQ_NP_823110-MLA82381909656_022025-F.jpg,True,2025-04-03 12:09:12.802230,2025-04-03 12:09:12.802231
ae953f2b-be1d-4342-be9b-b68f498265f4,MLA42834722,701958-MLA80520073491_112024,https://http2.mlstatic.com/D_NQ_NP_701958-MLA80520073491_112024-F.jpg,True,2025-04-03 12:09:12.802281,2025-04-03 12:09:12.802281
1862e43a-9c7c-4266-a595-947a75da69d8,MLA42834722,850562-MLA80263116934_112024,https://http2.mlstatic.com/D_NQ_NP_850562-MLA80263116934_112024-F.jpg,True,2025-04-03 12:09:12.802284,2025-04-03 12:09:12.802284
5f523d06-364f-4ebe-aa78-0bf664cb243b,MLA42834722,738484-MLA80520073499_112024,https://http2.mlstatic.com/D_NQ_NP_738484-MLA80520073499_112024-F.jpg,True,2025-04-03 12:09:12.802287,2025-04-03 12:09:12.802287
2f882cac-8ea4-4ff6-8db6-e76434e0284a,MLA42834722,615355-MLA80262774188_112024,https://http2.mlstatic.com/D_NQ_NP_615355-MLA80262774188_112024-F.jpg,True,2025-04-03 12:09:12.802290,2025-04-03 12:09:12.802290
b37677ca-e208-481b-87b5-95e00cfd0ae3,MLA21728489,714134-MLB51872692510_102022,https://http2.mlstatic.com/D_NQ_NP_714134-MLB51872692510_102022-F.jpg,True,2025-04-03 12:09:12.802332,2025-04-03 12:09:12.802333
c8668215-cc03-4411-b399-d585a03f9e01,MLA21728489,892372-MLB74088141985_012024,https://http2.mlstatic.com/D_NQ_NP_892372-MLB74088141985_012024-F.jpg,True,2025-04-03 12:09:12.802335,2025-04-03 12:09:12.802336
aabc4311-a646-4757-a951-a4cb3e3f5ade,MLA21728489,723015-MLB51109205883_082022,https://http2.mlstatic.com/D_NQ_NP_723015-MLB51109205883_082022-F.jpg,True,2025-04-03 12:09:12.802338,2025-04-03 12:09:12.802339
38f3ff1a-868d-456e-b626-607de9706c74,MLA42843484,606650-MLA80520631485_112024,https://http2.mlstatic.com/D_NQ_NP_606650-MLA80520631485_112024-F.jpg,True,2025-04-03 12:09:12.802363,2025-04-03 12:09:12.802363
6b93acc0-dd91-4a73-9c13-67eff9547a9a,MLA34955589,943255-MLU75408367497_032024,https://http2.mlstatic.com/D_NQ_NP_943255-MLU75408367497_032024-F.jpg,True,2025-04-03 12:09:12.802411,2025-04-03 12:09:12.802411
e19dde66-b077-4f07-bb25-4242fccc5467,MLA34955589,883019-MLU78155721985_082024,https://http2.mlstatic.com/D_NQ_NP_883019-MLU78155721985_082024-F.jpg,True,2025-04-03 12:09:12.802414,2025-04-03 12:09:12.802414
4a1bc4a3-10f6-40be-893b-0547230bbc9d,MLA22209472,845154-MLA31064385926_062019,https://http2.mlstatic.com/D_NQ_NP_845154-MLA31064385926_062019-F.jpg,True,2025-04-03 12:09:12.802458,2025-04-03 12:09:12.802458
4140b2b0-d211-4ac7-aec3-5872ea4d4ca0,MLA26707106,961713-MLA71455891939_092023,https://http2.mlstatic.com/D_NQ_NP_961713-MLA71455891939_092023-F.jpg,True,2025-04-03 12:09:12.802562,2025-04-03 12:09:12.802563
f543782d-4c0f-41b9-b591-843881b76cda,MLA42857839,885177-MLA80521133893_112024,https://http2.mlstatic.com/D_NQ_NP_885177-MLA80521133893_112024-F.jpg,True,2025-04-03 12:09:12.802635,2025-04-03 12:09:12.802635
df11dbb1-8763-49a9-947f-e0e245c9add8,MLA28495758,633261-MLU74085815487_012024,https://http2.mlstatic.com/D_NQ_NP_633261-MLU74085815487_012024-F.jpg,True,2025-04-03 12:09:12.802666,2025-04-03 12:09:12.802666
e40a70bb-c9e8-4105-8161-82228c6ba0c3,MLA28495758,939419-MLU74113870329_012024,https://http2.mlstatic.com/D_NQ_NP_939419-MLU74113870329_012024-F.jpg,True,2025-04-03 12:09:12.802670,2025-04-03 12:09:12.802670
e4c2716f-65a7-4d07-bf06-28c3bf84afc0,MLA28495758,640082-MLU74194944841_012024,https://http2.mlstatic.com/D_NQ_NP_640082-MLU74194944841_012024-F.jpg,True,2025-04-03 12:09:12.802673,2025-04-03 12:09:12.802673
d6ab9b1a-81fe-4552-8201-397a196fcd9f,MLA47080081,626095-MLA83034191403_032025,https://http2.mlstatic.com/D_NQ_NP_626095-MLA83034191403_032025-F.jpg,True,2025-04-03 12:09:12.802793,2025-04-03 12:09:12.802793
13c620e9-7531-45c9-922d-e7b072fe01fe,MLA47080081,610996-MLA82746547332_032025,https://http2.mlstatic.com/D_NQ_NP_610996-MLA82746547332_032025-F.jpg,True,2025-04-03 12:09:12.802796,2025-04-03 12:09:12.802796
ca36b82f-cbfb-4453-9087-f711498a8541,MLA47080081,784608-MLA82746585352_032025,https://http2.mlstatic.com/D_NQ_NP_784608-MLA82746585352_032025-F.jpg,True,2025-04-03 12:09:12.802799,2025-04-03 12:09:12.802799
146c3207-fb7a-454b-b3cf-73813d495d2f,MLA47080081,680234-MLA83034191427_032025,https://http2.mlstatic.com/D_NQ_NP_680234-MLA83034191427_032025-F.jpg,True,2025-04-03 12:09:12.802802,2025-04-03 12:09:12.802802
381290a5-deb8-4acc-bc25-30d6626413e2,MLA47080081,995998-MLA83034182839_032025,https://http2.mlstatic.com/D_NQ_NP_995998-MLA83034182839_032025-F.jpg,True,2025-04-03 12:09:12.802805,2025-04-03 12:09:12.802805
1becb206-1d8f-4e9c-8901-5344d788546e,MLA47080081,892517-MLA83034182855_032025,https://http2.mlstatic.com/D_NQ_NP_892517-MLA83034182855_032025-F.jpg,True,2025-04-03 12:09:12.802808,2025-04-03 12:09:12.802808
9e33ae6b-4e70-422f-9463-c71722906578,MLA47080081,607137-MLA83034191461_032025,https://http2.mlstatic.com/D_NQ_NP_607137-MLA83034191461_032025-F.jpg,True,2025-04-03 12:09:12.802811,2025-04-03 12:09:12.802811
160b88ee-58be-4792-9cb7-52a99a6081f6,MLA47080081,760215-MLA83034182889_032025,https://http2.mlstatic.com/D_NQ_NP_760215-MLA83034182889_032025-F.jpg,True,2025-04-03 12:09:12.802814,2025-04-03 12:09:12.802814
bc573c09-8c95-4876-9e74-94094cb29e8d,MLA47080081,647831-MLA82746585410_032025,https://http2.mlstatic.com/D_NQ_NP_647831-MLA82746585410_032025-F.jpg,True,2025-04-03 12:09:12.802817,2025-04-03 12:09:12.802817
c89b80ba-e648-4819-8fc5-a320feff38e2,MLA47080081,661811-MLA83034191501_032025,https://http2.mlstatic.com/D_NQ_NP_661811-MLA83034191501_032025-F.jpg,True,2025-04-03 12:09:12.802820,2025-04-03 12:09:12.802820
b4bcef83-a7b2-454d-8ece-c6fa0c3cd03d,MLA47080081,888635-MLA83034191517_032025,https://http2.mlstatic.com/D_NQ_NP_888635-MLA83034191517_032025-F.jpg,True,2025-04-03 12:09:12.802823,2025-04-03 12:09:12.802823
db0f17b2-697a-4c89-bd32-85dae8ea47cd,MLA36986130,888921-MLU76505215523_052024,https://http2.mlstatic.com/D_NQ_NP_888921-MLU76505215523_052024-F.jpg,True,2025-04-03 12:09:12.802844,2025-04-03 12:09:12.802844
edad03e3-fd3b-4fc1-8cc7-eed6bd41251e,MLA36986130,930612-MLU76313910294_052024,https://http2.mlstatic.com/D_NQ_NP_930612-MLU76313910294_052024-F.jpg,True,2025-04-03 12:09:12.802847,2025-04-03 12:09:12.802847
9cef2004-7760-4776-94bf-707cc50a1546,MLA36986130,708471-MLU76505148485_052024,https://http2.mlstatic.com/D_NQ_NP_708471-MLU76505148485_052024-F.jpg,True,2025-04-03 12:09:12.802850,2025-04-03 12:09:12.802850
3cdf3fb4-a7a3-4d3b-9ec7-f34cb8e3e072,MLA36986130,719257-MLU76313910324_052024,https://http2.mlstatic.com/D_NQ_NP_719257-MLU76313910324_052024-F.jpg,True,2025-04-03 12:09:12.802853,2025-04-03 12:09:12.802853
4d9becfd-c16a-4a8a-9718-9ca65f816742,MLA36986130,882008-MLU76505215571_052024,https://http2.mlstatic.com/D_NQ_NP_882008-MLU76505215571_052024-F.jpg,True,2025-04-03 12:09:12.802856,2025-04-03 12:09:12.802856
ea3c3a36-e782-4894-acce-ff0a3b3153a9,MLA36986130,623803-MLU76314038300_052024,https://http2.mlstatic.com/D_NQ_NP_623803-MLU76314038300_052024-F.jpg,True,2025-04-03 12:09:12.802859,2025-04-03 12:09:12.802859
04217ab6-267c-4dd9-9cc1-dc5208311e99,MLA36986130,734776-MLU76505215595_052024,https://http2.mlstatic.com/D_NQ_NP_734776-MLU76505215595_052024-F.jpg,True,2025-04-03 12:09:12.802862,2025-04-03 12:09:12.802862
9acfe7dd-8db0-4271-8a91-f0bcf67f814f,MLA36986130,936042-MLU76313803560_052024,https://http2.mlstatic.com/D_NQ_NP_936042-MLU76313803560_052024-F.jpg,True,2025-04-03 12:09:12.802865,2025-04-03 12:09:12.802865
cd9cf3d7-3655-42d7-bd98-40a1a1bf45e0,MLA45571762,652186-MLA81735844212_012025,https://http2.mlstatic.com/D_NQ_NP_652186-MLA81735844212_012025-F.jpg,True,2025-04-03 12:09:12.802957,2025-04-03 12:09:12.802957
af8d0b8a-7cae-400e-8e82-d28613c28186,MLA43275820,810104-MLA81005142084_122024,https://http2.mlstatic.com/D_NQ_NP_810104-MLA81005142084_122024-F.jpg,True,2025-04-03 12:09:12.803084,2025-04-03 12:09:12.803085
9ecb18f6-d551-45ee-904d-58ae3888f4d3,MLA43275820,798554-MLA81272305585_122024,https://http2.mlstatic.com/D_NQ_NP_798554-MLA81272305585_122024-F.jpg,True,2025-04-03 12:09:12.803088,2025-04-03 12:09:12.803088
aecd25a6-01a6-4aba-b69a-e2034c049603,MLA43275820,916031-MLA81271923309_122024,https://http2.mlstatic.com/D_NQ_NP_916031-MLA81271923309_122024-F.jpg,True,2025-04-03 12:09:12.803091,2025-04-03 12:09:12.803091
3b034b5c-5670-418f-876a-9b6b1f7e2365,MLA41750701,814065-MLA79633833858_102024,https://http2.mlstatic.com/D_NQ_NP_814065-MLA79633833858_102024-F.jpg,True,2025-04-03 12:09:12.803172,2025-04-03 12:09:12.803173
f2d9a0b9-496a-408a-8356-9bf45a3cde95,MLA41750701,855978-MLA79633833866_102024,https://http2.mlstatic.com/D_NQ_NP_855978-MLA79633833866_102024-F.jpg,True,2025-04-03 12:09:12.803176,2025-04-03 12:09:12.803176
fe2b4273-dec5-4db8-806d-2e7afe1e6c32,MLA41750701,968061-MLA79633833884_102024,https://http2.mlstatic.com/D_NQ_NP_968061-MLA79633833884_102024-F.jpg,True,2025-04-03 12:09:12.803179,2025-04-03 12:09:12.803179
270a4251-0d8e-4784-8bb1-10de1703890d,MLA41750701,677936-MLA79634055584_102024,https://http2.mlstatic.com/D_NQ_NP_677936-MLA79634055584_102024-F.jpg,True,2025-04-03 12:09:12.803182,2025-04-03 12:09:12.803182
5445fd7d-1558-4e01-8252-89a002075c46,MLA41750701,690614-MLA79634026856_102024,https://http2.mlstatic.com/D_NQ_NP_690614-MLA79634026856_102024-F.jpg,True,2025-04-03 12:09:12.803185,2025-04-03 12:09:12.803185
fb8d12ea-4dd2-4d25-aa35-f50224054366,MLA41750701,753184-MLA79633833914_102024,https://http2.mlstatic.com/D_NQ_NP_753184-MLA79633833914_102024-F.jpg,True,2025-04-03 12:09:12.803188,2025-04-03 12:09:12.803188
c28b9b2a-68b7-4f5d-8e24-b2f2461d5ba6,MLA41750701,706223-MLA79883196617_102024,https://http2.mlstatic.com/D_NQ_NP_706223-MLA79883196617_102024-F.jpg,True,2025-04-03 12:09:12.803191,2025-04-03 12:09:12.803191
6ea5103b-3222-4c49-bf00-2deba2b3cb68,MLA27716550,889547-MLU74828182384_032024,https://http2.mlstatic.com/D_NQ_NP_889547-MLU74828182384_032024-F.jpg,True,2025-04-03 12:09:12.803275,2025-04-03 12:09:12.803275
e85a11d5-72ca-4d0b-a964-eab9bb674633,MLA27716550,869131-MLU72530223657_102023,https://http2.mlstatic.com/D_NQ_NP_869131-MLU72530223657_102023-F.jpg,True,2025-04-03 12:09:12.803278,2025-04-03 12:09:12.803278
fe4e9bd3-daf1-4e1a-a795-c62e94f8cbc2,MLA43943950,936717-MLA80727560530_112024,https://http2.mlstatic.com/D_NQ_NP_936717-MLA80727560530_112024-F.jpg,True,2025-04-03 12:09:12.803310,2025-04-03 12:09:12.803311
550691a2-0d26-41fb-b54b-6b6377d86b8c,MLA43943950,821111-MLA80727560542_112024,https://http2.mlstatic.com/D_NQ_NP_821111-MLA80727560542_112024-F.jpg,True,2025-04-03 12:09:12.803314,2025-04-03 12:09:12.803314
164edd86-8955-4c00-91d4-4c67240ad7ba,MLA42791859,914494-MLA80245654686_112024,https://http2.mlstatic.com/D_NQ_NP_914494-MLA80245654686_112024-F.jpg,True,2025-04-03 12:09:12.803370,2025-04-03 12:09:12.803370
386648eb-67e9-4a10-acb7-459b16c0cb20,MLA42791859,775724-MLA80503205323_112024,https://http2.mlstatic.com/D_NQ_NP_775724-MLA80503205323_112024-F.jpg,True,2025-04-03 12:09:12.803373,2025-04-03 12:09:12.803373
17b81da4-7a88-48ac-91f7-d1bb5d10bce3,MLA42791859,704929-MLA80245936980_112024,https://http2.mlstatic.com/D_NQ_NP_704929-MLA80245936980_112024-F.jpg,True,2025-04-03 12:09:12.803376,2025-04-03 12:09:12.803376
f77130d9-1bd2-43da-ad93-15b4a8d485cb,MLA42791859,770612-MLA80246015874_112024,https://http2.mlstatic.com/D_NQ_NP_770612-MLA80246015874_112024-F.jpg,True,2025-04-03 12:09:12.803383,2025-04-03 12:09:12.803384
f9d4bf89-42a0-41f0-8954-f7b225398a3e,MLA42791859,820446-MLA80245654696_112024,https://http2.mlstatic.com/D_NQ_NP_820446-MLA80245654696_112024-F.jpg,True,2025-04-03 12:09:12.803387,2025-04-03 12:09:12.803387
8cb6d82e-a265-4b67-81ca-f151d6c93bc0,MLA42791859,743134-MLA80245937000_112024,https://http2.mlstatic.com/D_NQ_NP_743134-MLA80245937000_112024-F.jpg,True,2025-04-03 12:09:12.803390,2025-04-03 12:09:12.803390
4f8df302-c85e-4d1e-a72b-09062f6c2231,MLA42791859,939813-MLA80245937006_112024,https://http2.mlstatic.com/D_NQ_NP_939813-MLA80245937006_112024-F.jpg,True,2025-04-03 12:09:12.803393,2025-04-03 12:09:12.803393
5b05bd92-add7-4fdf-b30a-acd253704030,MLA42791859,889460-MLA80245937028_112024,https://http2.mlstatic.com/D_NQ_NP_889460-MLA80245937028_112024-F.jpg,True,2025-04-03 12:09:12.803396,2025-04-03 12:09:12.803396
ebe08fa5-f3ca-4528-a0ea-b139f1596bd8,MLA42791859,617034-MLA80245674156_112024,https://http2.mlstatic.com/D_NQ_NP_617034-MLA80245674156_112024-F.jpg,True,2025-04-03 12:09:12.803399,2025-04-03 12:09:12.803399
7483f44a-7682-4a9c-9245-6027777480b1,MLA43273493,998855-MLA80450404708_112024,https://http2.mlstatic.com/D_NQ_NP_998855-MLA80450404708_112024-F.jpg,True,2025-04-03 12:09:12.803445,2025-04-03 12:09:12.803445
91ca73ba-17b0-499a-8914-9c3c6ec26c17,MLA43273493,686422-MLA80450698470_112024,https://http2.mlstatic.com/D_NQ_NP_686422-MLA80450698470_112024-F.jpg,True,2025-04-03 12:09:12.803448,2025-04-03 12:09:12.803448
fefd6c13-a9ea-42b8-b5af-e5a833e4c5e0,MLA43273493,982770-MLA80450698474_112024,https://http2.mlstatic.com/D_NQ_NP_982770-MLA80450698474_112024-F.jpg,True,2025-04-03 12:09:12.803451,2025-04-03 12:09:12.803451
209c265c-9fa1-482b-8fc6-b10ca120988d,MLA45480527,877347-MLA81675430460_012025,https://http2.mlstatic.com/D_NQ_NP_877347-MLA81675430460_012025-F.jpg,True,2025-04-03 12:09:12.803496,2025-04-03 12:09:12.803496
dcfe45ac-ac38-428c-9aef-3d95f6f678af,MLA45480527,626811-MLA81948048227_012025,https://http2.mlstatic.com/D_NQ_NP_626811-MLA81948048227_012025-F.jpg,True,2025-04-03 12:09:12.803499,2025-04-03 12:09:12.803499
637f4583-6893-4662-9901-329844b6945c,MLA45480527,966050-MLA81675381588_012025,https://http2.mlstatic.com/D_NQ_NP_966050-MLA81675381588_012025-F.jpg,True,2025-04-03 12:09:12.803502,2025-04-03 12:09:12.803502
18d14148-82ce-4c12-8091-fcdb77dcf4cb,MLA45480527,922906-MLA81675548314_012025,https://http2.mlstatic.com/D_NQ_NP_922906-MLA81675548314_012025-F.jpg,True,2025-04-03 12:09:12.803505,2025-04-03 12:09:12.803505
22b345dd-460b-4847-b4eb-97b3b686cd17,MLA39016572,998192-MLU78191190993_082024,https://http2.mlstatic.com/D_NQ_NP_998192-MLU78191190993_082024-F.jpg,True,2025-04-03 12:09:12.803534,2025-04-03 12:09:12.803534
0e3f9a46-064c-4030-b15b-0cd0e934c3d3,MLA39016572,865424-MLU78191318727_082024,https://http2.mlstatic.com/D_NQ_NP_865424-MLU78191318727_082024-F.jpg,True,2025-04-03 12:09:12.803537,2025-04-03 12:09:12.803537
e40855c2-4c75-4f3a-93f4-c2d9c30564fc,MLA39016572,849513-MLU78191191007_082024,https://http2.mlstatic.com/D_NQ_NP_849513-MLU78191191007_082024-F.jpg,True,2025-04-03 12:09:12.803540,2025-04-03 12:09:12.803540
551d73c1-5844-44c3-854f-bc96a12c8a0d,MLA39016572,879448-MLU78191378231_082024,https://http2.mlstatic.com/D_NQ_NP_879448-MLU78191378231_082024-F.jpg,True,2025-04-03 12:09:12.803543,2025-04-03 12:09:12.803543
da9f7612-121e-4c22-acf5-0c8bdbf3aa92,MLA39016572,691816-MLU78191112145_082024,https://http2.mlstatic.com/D_NQ_NP_691816-MLU78191112145_082024-F.jpg,True,2025-04-03 12:09:12.803546,2025-04-03 12:09:12.803546
04432459-3ad6-4420-be34-d3d5c45bc21e,MLA39016572,685587-MLU77967272166_082024,https://http2.mlstatic.com/D_NQ_NP_685587-MLU77967272166_082024-F.jpg,True,2025-04-03 12:09:12.803549,2025-04-03 12:09:12.803550
182fd655-1b35-47dc-a4c2-37ccb9a70fee,MLA39016572,698617-MLU78191112169_082024,https://http2.mlstatic.com/D_NQ_NP_698617-MLU78191112169_082024-F.jpg,True,2025-04-03 12:09:12.803552,2025-04-03 12:09:12.803553
aa496bdd-4960-485c-9a1e-e01d3b72b4f7,MLA39016572,655974-MLU78191191061_082024,https://http2.mlstatic.com/D_NQ_NP_655974-MLU78191191061_082024-F.jpg,True,2025-04-03 12:09:12.803556,2025-04-03 12:09:12.803556
3eca10ba-ece0-4b02-b224-4e0f885e0209,MLA41829330,829198-MLA79658937336_102024,https://http2.mlstatic.com/D_NQ_NP_829198-MLA79658937336_102024-F.jpg,True,2025-04-03 12:09:12.803596,2025-04-03 12:09:12.803596
fdf26776-7882-4d64-8c54-cae3bcd17174,MLA8738165,813854-MLA32691548421_102019,https://mla-s2-p.mlstatic.com/813854-MLA32691548421_102019-F.jpg,True,2025-04-03 12:09:12.803695,2025-04-03 12:09:12.803695
d0a597e1-47e0-4251-b679-71f2abb79ce3,MLA8738165,686755-MLA74651537916_022024,https://http2.mlstatic.com/D_NQ_NP_686755-MLA74651537916_022024-F.jpg,True,2025-04-03 12:09:12.803698,2025-04-03 12:09:12.803698
2d762648-e62d-4459-9ed1-09a5f428e863,MLA8738165,771162-MLA74651089348_022024,https://http2.mlstatic.com/D_NQ_NP_771162-MLA74651089348_022024-F.jpg,True,2025-04-03 12:09:12.803701,2025-04-03 12:09:12.803701
fe7da361-678c-481c-947b-de0270f4eb8a,MLA29124502,798280-MLU73555861747_122023,https://http2.mlstatic.com/D_NQ_NP_798280-MLU73555861747_122023-F.jpg,True,2025-04-03 12:09:12.803722,2025-04-03 12:09:12.803723
aaba4b36-badb-4442-a032-5c9792c9704b,MLA29124502,816287-MLU73555861761_122023,https://http2.mlstatic.com/D_NQ_NP_816287-MLU73555861761_122023-F.jpg,True,2025-04-03 12:09:12.803725,2025-04-03 12:09:12.803726
c80ef296-cd6a-48ba-802f-5f768ab14aa9,MLA29124502,681808-MLU73555861777_122023,https://http2.mlstatic.com/D_NQ_NP_681808-MLU73555861777_122023-F.jpg,True,2025-04-03 12:09:12.803729,2025-04-03 12:09:12.803729
cc58e0d7-f076-40be-a50b-dbde2bedc628,MLA29124502,715161-MLU73556274901_122023,https://http2.mlstatic.com/D_NQ_NP_715161-MLU73556274901_122023-F.jpg,True,2025-04-03 12:09:12.803732,2025-04-03 12:09:12.803732
280599bf-52fb-44c3-966f-1edf3698dbc2,MLA29124502,813972-MLU73556274909_122023,https://http2.mlstatic.com/D_NQ_NP_813972-MLU73556274909_122023-F.jpg,True,2025-04-03 12:09:12.803735,2025-04-03 12:09:12.803735
88e3c14c-22b8-438c-9340-01b33a0f2433,MLA29124502,628392-MLU73556059091_122023,https://http2.mlstatic.com/D_NQ_NP_628392-MLU73556059091_122023-F.jpg,True,2025-04-03 12:09:12.803738,2025-04-03 12:09:12.803738
67e48d13-303f-4a5e-aceb-c6cd144ac01e,MLA45961530,993273-MLA82029360006_022025,https://http2.mlstatic.com/D_NQ_NP_993273-MLA82029360006_022025-F.jpg,True,2025-04-03 12:09:12.803851,2025-04-03 12:09:12.803851
ecc428d5-5f4a-4203-815b-e66e897906c1,MLA45961530,718600-MLA82029311206_022025,https://http2.mlstatic.com/D_NQ_NP_718600-MLA82029311206_022025-F.jpg,True,2025-04-03 12:09:12.803854,2025-04-03 12:09:12.803855
5cf22399-3285-47da-bb7d-1311a2709800,MLA45961530,747812-MLA82029340276_022025,https://http2.mlstatic.com/D_NQ_NP_747812-MLA82029340276_022025-F.jpg,True,2025-04-03 12:09:12.803857,2025-04-03 12:09:12.803858
8fe41df7-f826-4830-b6d1-f87d053d93a7,MLA45961530,740223-MLA82311359113_022025,https://http2.mlstatic.com/D_NQ_NP_740223-MLA82311359113_022025-F.jpg,True,2025-04-03 12:09:12.803860,2025-04-03 12:09:12.803861
89006def-d2f5-4370-982f-994d08d07f2c,MLA45961530,680418-MLA82029360032_022025,https://http2.mlstatic.com/D_NQ_NP_680418-MLA82029360032_022025-F.jpg,True,2025-04-03 12:09:12.803863,2025-04-03 12:09:12.803864
145ad65d-3723-4a98-acaa-31f91677e0d7,MLA45961530,677642-MLA82029340290_022025,https://http2.mlstatic.com/D_NQ_NP_677642-MLA82029340290_022025-F.jpg,True,2025-04-03 12:09:12.803866,2025-04-03 12:09:12.803867
da0a86dd-0a37-44e1-8dbf-8c9b83cd49f0,MLA45961530,758282-MLA82311398033_022025,https://http2.mlstatic.com/D_NQ_NP_758282-MLA82311398033_022025-F.jpg,True,2025-04-03 12:09:12.803870,2025-04-03 12:09:12.803870
c8e471c9-adce-4f70-be48-eedafea4bdb8,MLA45961530,981645-MLA82311359149_022025,https://http2.mlstatic.com/D_NQ_NP_981645-MLA82311359149_022025-F.jpg,True,2025-04-03 12:09:12.803873,2025-04-03 12:09:12.803873
faab09f6-4192-4f53-9e05-3ce1d2188f67,MLA45961530,656204-MLA82029360052_022025,https://http2.mlstatic.com/D_NQ_NP_656204-MLA82029360052_022025-F.jpg,True,2025-04-03 12:09:12.803876,2025-04-03 12:09:12.803876
75fd7cd4-e12d-4623-bb1c-c967d7b7e65b,MLA45961530,976341-MLA82311398055_022025,https://http2.mlstatic.com/D_NQ_NP_976341-MLA82311398055_022025-F.jpg,True,2025-04-03 12:09:12.803879,2025-04-03 12:09:12.803879
19534831-9f7e-409e-b722-2e6e413ba41f,MLA45961530,840743-MLA82311232311_022025,https://http2.mlstatic.com/D_NQ_NP_840743-MLA82311232311_022025-F.jpg,True,2025-04-03 12:09:12.803882,2025-04-03 12:09:12.803882
abbf9219-7dac-49cd-aa4f-cb02d791f783,MLA27390180,978487-MLU71971944828_092023,https://http2.mlstatic.com/D_NQ_NP_978487-MLU71971944828_092023-F.jpg,True,2025-04-03 12:09:12.803930,2025-04-03 12:09:12.803930
6ebc71b9-c05b-407b-a27a-fbad5d9dd383,MLA27390180,858649-MLU72028072731_092023,https://http2.mlstatic.com/D_NQ_NP_858649-MLU72028072731_092023-F.jpg,True,2025-04-03 12:09:12.803933,2025-04-03 12:09:12.803933
a7af1ace-c4e2-4ab3-a9ac-cbdaef5b4d72,MLA27390180,653518-MLU74558351713_022024,https://http2.mlstatic.com/D_NQ_NP_653518-MLU74558351713_022024-F.jpg,True,2025-04-03 12:09:12.803936,2025-04-03 12:09:12.803936
f905e979-b555-4e78-9f27-084a392e3e91,MLA21392300,878893-MLA79532274728_102024,https://http2.mlstatic.com/D_NQ_NP_878893-MLA79532274728_102024-F.jpg,True,2025-04-03 12:09:12.803963,2025-04-03 12:09:12.803963
96539d42-d259-43e3-bc7e-d62d748fddb4,MLA6184344,661535-MLA74652337276_022024,https://http2.mlstatic.com/D_NQ_NP_661535-MLA74652337276_022024-F.jpg,True,2025-04-03 12:09:12.803996,2025-04-03 12:09:12.803996
2cc0a4ad-6282-4744-8e51-dc343cc9e403,MLA41073937,850430-MLA79456215495_092024,https://http2.mlstatic.com/D_NQ_NP_850430-MLA79456215495_092024-F.jpg,True,2025-04-03 12:09:12.804040,2025-04-03 12:09:12.804040
e27090bc-62dd-4249-a057-892052470524,MLA41073937,836540-MLA79456052423_092024,https://http2.mlstatic.com/D_NQ_NP_836540-MLA79456052423_092024-F.jpg,True,2025-04-03 12:09:12.804043,2025-04-03 12:09:12.804043
877d2a36-43b7-4c92-9f54-ec9a12e60853,MLA41073937,833706-MLA79213705772_092024,https://http2.mlstatic.com/D_NQ_NP_833706-MLA79213705772_092024-F.jpg,True,2025-04-03 12:09:12.804046,2025-04-03 12:09:12.804046
6ddabdfb-a295-4c3e-877b-4f40cc3e0072,MLA41073937,801620-MLA79456186231_092024,https://http2.mlstatic.com/D_NQ_NP_801620-MLA79456186231_092024-F.jpg,True,2025-04-03 12:09:12.804049,2025-04-03 12:09:12.804049
f5195f38-c3ec-4734-8fa8-2f2297dd9f5f,MLA41073937,729427-MLA79213570920_092024,https://http2.mlstatic.com/D_NQ_NP_729427-MLA79213570920_092024-F.jpg,True,2025-04-03 12:09:12.804052,2025-04-03 12:09:12.804052
30bd8dea-efdc-4651-a8b0-b36c9307bd28,MLA41073937,824293-MLA79213570926_092024,https://http2.mlstatic.com/D_NQ_NP_824293-MLA79213570926_092024-F.jpg,True,2025-04-03 12:09:12.804055,2025-04-03 12:09:12.804055
d3ca70d3-341a-4ccc-b4bf-6ebe7e81a8fe,MLA25306161,807288-MLU75592637627_042024,https://http2.mlstatic.com/D_NQ_NP_807288-MLU75592637627_042024-F.jpg,True,2025-04-03 12:09:12.804157,2025-04-03 12:09:12.804157
5bc6a9e6-17a9-46cb-bb4b-616a368651a6,MLA25306161,899225-MLU74985639000_032024,https://http2.mlstatic.com/D_NQ_NP_899225-MLU74985639000_032024-F.jpg,True,2025-04-03 12:09:12.804160,2025-04-03 12:09:12.804160
3f02a1f1-999f-4d18-98c0-ce44effc1755,MLA25306161,818451-MLU75126645059_032024,https://http2.mlstatic.com/D_NQ_NP_818451-MLU75126645059_032024-F.jpg,True,2025-04-03 12:09:12.804163,2025-04-03 12:09:12.804163
2b5eb762-d272-436b-a134-efd8b0acf6dd,MLA27081850,907091-MLU71759959795_092023,https://http2.mlstatic.com/D_NQ_NP_907091-MLU71759959795_092023-F.jpg,True,2025-04-03 12:09:12.804254,2025-04-03 12:09:12.804254
fcbcc444-a4b4-4528-acd3-9beb643c4bb3,MLA27081850,770722-MLU71759969837_092023,https://http2.mlstatic.com/D_NQ_NP_770722-MLU71759969837_092023-F.jpg,True,2025-04-03 12:09:12.804257,2025-04-03 12:09:12.804257
62c2e533-bcd0-47f4-9913-2a21e4d609af,MLA41070755,969744-MLA79213408474_092024,https://http2.mlstatic.com/D_NQ_NP_969744-MLA79213408474_092024-F.jpg,True,2025-04-03 12:09:12.804323,2025-04-03 12:09:12.804323
f4a7ed9b-1981-45a4-b0dc-b14a73433f6c,MLA41070755,798950-MLA79213194566_092024,https://http2.mlstatic.com/D_NQ_NP_798950-MLA79213194566_092024-F.jpg,True,2025-04-03 12:09:12.804326,2025-04-03 12:09:12.804326
27cda75d-cca6-4654-8acb-8855f74a6a18,MLA41070755,609609-MLA79213437730_092024,https://http2.mlstatic.com/D_NQ_NP_609609-MLA79213437730_092024-F.jpg,True,2025-04-03 12:09:12.804329,2025-04-03 12:09:12.804329
9f3cf745-901f-4ad2-9200-7723bb7c1d07,MLA41070755,794914-MLA79213194572_092024,https://http2.mlstatic.com/D_NQ_NP_794914-MLA79213194572_092024-F.jpg,True,2025-04-03 12:09:12.804332,2025-04-03 12:09:12.804333
bea95ff7-f095-4928-8143-bd448051c3c0,MLA41070755,686241-MLA79213437742_092024,https://http2.mlstatic.com/D_NQ_NP_686241-MLA79213437742_092024-F.jpg,True,2025-04-03 12:09:12.804335,2025-04-03 12:09:12.804336
fdc3b1ec-7657-4ed7-96a1-c67bb9bb3803,MLA42846011,677641-MLA80520633727_112024,https://http2.mlstatic.com/D_NQ_NP_677641-MLA80520633727_112024-F.jpg,True,2025-04-03 12:09:12.804395,2025-04-03 12:09:12.804395
3eec89b1-082b-4da7-80d4-728a3af25a99,MLA42846011,629985-MLA80263323948_112024,https://http2.mlstatic.com/D_NQ_NP_629985-MLA80263323948_112024-F.jpg,True,2025-04-03 12:09:12.804398,2025-04-03 12:09:12.804399
ebaeb249-0c8f-4eac-a051-817f439a98b3,MLA28367883,983394-MLU72981641472_112023,https://http2.mlstatic.com/D_NQ_NP_983394-MLU72981641472_112023-F.jpg,True,2025-04-03 12:09:12.804423,2025-04-03 12:09:12.804423
9f61bc97-7231-44f2-aad7-4049478555fa,MLA28367883,634024-MLU78286616893_082024,https://http2.mlstatic.com/D_NQ_NP_634024-MLU78286616893_082024-F.jpg,True,2025-04-03 12:09:12.804426,2025-04-03 12:09:12.804426
f53485d4-9853-421d-b980-5f17cc1633ed,MLA28367883,794021-MLU78060445294_082024,https://http2.mlstatic.com/D_NQ_NP_794021-MLU78060445294_082024-F.jpg,True,2025-04-03 12:09:12.804429,2025-04-03 12:09:12.804429
22810c0b-0477-40b6-b7dc-17bb714e69c5,MLA28367883,937264-MLU78286616907_082024,https://http2.mlstatic.com/D_NQ_NP_937264-MLU78286616907_082024-F.jpg,True,2025-04-03 12:09:12.804432,2025-04-03 12:09:12.804432
73452455-5027-412b-9394-322a37188b00,MLA28367883,838897-MLU78060197928_082024,https://http2.mlstatic.com/D_NQ_NP_838897-MLU78060197928_082024-F.jpg,True,2025-04-03 12:09:12.804435,2025-04-03 12:09:12.804435
a2447d2c-67dd-4285-892a-7b8f56b212ab,MLA42193314,781529-MLA80140221801_102024,https://http2.mlstatic.com/D_NQ_NP_781529-MLA80140221801_102024-F.jpg,True,2025-04-03 12:09:12.804501,2025-04-03 12:09:12.804501
d25efab5-22ee-48a6-9a07-a125e0232ca5,MLA28144143,787712-MLA72861228374_112023,https://http2.mlstatic.com/D_NQ_NP_787712-MLA72861228374_112023-F.jpg,True,2025-04-03 12:09:12.804599,2025-04-03 12:09:12.804600
0cce5e40-a94f-466b-a497-12638871da46,MLA42618514,691622-MLA80403670861_112024,https://http2.mlstatic.com/D_NQ_NP_691622-MLA80403670861_112024-F.jpg,True,2025-04-03 12:09:12.804620,2025-04-03 12:09:12.804620
0f21c584-b95d-4822-ad11-5782c22b4033,MLA42618514,845892-MLA80403592987_112024,https://http2.mlstatic.com/D_NQ_NP_845892-MLA80403592987_112024-F.jpg,True,2025-04-03 12:09:12.804623,2025-04-03 12:09:12.804623
0c5cd7b7-292e-4824-841e-118001250a37,MLA37165537,963767-MLU79083580910_092024,https://http2.mlstatic.com/D_NQ_NP_963767-MLU79083580910_092024-F.jpg,True,2025-04-03 12:09:12.804638,2025-04-03 12:09:12.804638
b660fa4d-5d56-4795-b330-afd650d3d905,MLA37165537,983070-MLU79083580918_092024,https://http2.mlstatic.com/D_NQ_NP_983070-MLU79083580918_092024-F.jpg,True,2025-04-03 12:09:12.804641,2025-04-03 12:09:12.804641
ea6be7bc-cf52-4890-a8a4-f491b289034e,MLA37165537,722937-MLU79083686274_092024,https://http2.mlstatic.com/D_NQ_NP_722937-MLU79083686274_092024-F.jpg,True,2025-04-03 12:09:12.804644,2025-04-03 12:09:12.804644
f115f7c2-cabd-4d83-9f3c-2d0b1188c749,MLA37165537,828709-MLU79083725080_092024,https://http2.mlstatic.com/D_NQ_NP_828709-MLU79083725080_092024-F.jpg,True,2025-04-03 12:09:12.804647,2025-04-03 12:09:12.804647
72c9f91d-39e9-4549-9fc9-455e9d159655,MLA37165537,918419-MLU76634150571_052024,https://http2.mlstatic.com/D_NQ_NP_918419-MLU76634150571_052024-F.jpg,True,2025-04-03 12:09:12.804650,2025-04-03 12:09:12.804650
53881fd8-3947-4dd9-bfc0-37b52828cded,MLA37165537,827447-MLU76634170217_052024,https://http2.mlstatic.com/D_NQ_NP_827447-MLU76634170217_052024-F.jpg,True,2025-04-03 12:09:12.804653,2025-04-03 12:09:12.804653
6eff5582-b6ec-4617-987e-5b5ff8f8a73a,MLA37165537,743221-MLU79324414309_092024,https://http2.mlstatic.com/D_NQ_NP_743221-MLU79324414309_092024-F.jpg,True,2025-04-03 12:09:12.804657,2025-04-03 12:09:12.804657
9eddaaa5-d742-4dab-9c7e-26c15644f080,MLA41831681,980877-MLA79658944028_102024,https://http2.mlstatic.com/D_NQ_NP_980877-MLA79658944028_102024-F.jpg,True,2025-04-03 12:09:12.804697,2025-04-03 12:09:12.804697
dfc63308-914a-4a37-84e1-c398984b2d61,MLA42425158,766328-MLA80046917228_102024,https://http2.mlstatic.com/D_NQ_NP_766328-MLA80046917228_102024-F.jpg,True,2025-04-03 12:09:12.804717,2025-04-03 12:09:12.804717
5bb12188-d636-4479-b095-f0d0bdd87601,MLA20544893,864937-MLU71372776197_082023,https://http2.mlstatic.com/D_NQ_NP_864937-MLU71372776197_082023-F.jpg,True,2025-04-03 12:09:12.804833,2025-04-03 12:09:12.804833
a0a8f2b3-a3e1-4ca6-8a65-da647f621d56,MLA20544893,991521-MLU74223820720_022024,https://http2.mlstatic.com/D_NQ_NP_991521-MLU74223820720_022024-F.jpg,True,2025-04-03 12:09:12.804836,2025-04-03 12:09:12.804836
666e600a-c5fb-4b94-9616-b57f14ae6e8c,MLA41079335,806877-MLA79456343119_092024,https://http2.mlstatic.com/D_NQ_NP_806877-MLA79456343119_092024-F.jpg,True,2025-04-03 12:09:12.804898,2025-04-03 12:09:12.804898
ff3381f8-dd20-493b-8e87-8c56441f3dc0,MLA41079335,728263-MLA79213988312_092024,https://http2.mlstatic.com/D_NQ_NP_728263-MLA79213988312_092024-F.jpg,True,2025-04-03 12:09:12.804901,2025-04-03 12:09:12.804902
eeba9bff-ae05-4b56-8750-1462faf2f3e5,MLA41079335,856614-MLA79213988314_092024,https://http2.mlstatic.com/D_NQ_NP_856614-MLA79213988314_092024-F.jpg,True,2025-04-03 12:09:12.804905,2025-04-03 12:09:12.804905
625268e5-0092-4778-9136-dd303e7ff2e1,MLA41079335,750208-MLA79213814484_092024,https://http2.mlstatic.com/D_NQ_NP_750208-MLA79213814484_092024-F.jpg,True,2025-04-03 12:09:12.804908,2025-04-03 12:09:12.804908
6631dd57-625b-4fea-ad97-7fe48e7fc6e3,MLA41079335,914069-MLA79213814492_092024,https://http2.mlstatic.com/D_NQ_NP_914069-MLA79213814492_092024-F.jpg,True,2025-04-03 12:09:12.804911,2025-04-03 12:09:12.804911
8c0f59ce-2f10-425d-b770-002c1433559c,MLA41079335,982376-MLA79214007580_092024,https://http2.mlstatic.com/D_NQ_NP_982376-MLA79214007580_092024-F.jpg,True,2025-04-03 12:09:12.804914,2025-04-03 12:09:12.804914
83d96792-20b8-4874-9520-b9c0200de9b3,MLA41079335,984892-MLA79456343187_092024,https://http2.mlstatic.com/D_NQ_NP_984892-MLA79456343187_092024-F.jpg,True,2025-04-03 12:09:12.804917,2025-04-03 12:09:12.804917
e5d42e16-a7c1-42c8-bf02-8dd0d26ca6e3,MLA41079335,845711-MLA79213988342_092024,https://http2.mlstatic.com/D_NQ_NP_845711-MLA79213988342_092024-F.jpg,True,2025-04-03 12:09:12.804920,2025-04-03 12:09:12.804920
9fa02ef2-349b-4b0e-8ce6-f14814fd1a78,MLA41070580,751128-MLA79455772629_092024,https://http2.mlstatic.com/D_NQ_NP_751128-MLA79455772629_092024-F.jpg,True,2025-04-03 12:09:12.804949,2025-04-03 12:09:12.804949
20b82a15-56a6-4e43-9243-7517baa04895,MLA41070580,677799-MLA79213437226_092024,https://http2.mlstatic.com/D_NQ_NP_677799-MLA79213437226_092024-F.jpg,True,2025-04-03 12:09:12.804952,2025-04-03 12:09:12.804952
56e4623a-aa83-4ae7-b6f8-86f3ee55e84b,MLA41070580,792270-MLA79455772631_092024,https://http2.mlstatic.com/D_NQ_NP_792270-MLA79455772631_092024-F.jpg,True,2025-04-03 12:09:12.804956,2025-04-03 12:09:12.804956
30a4e189-810c-4987-a494-50bdcf5f1118,MLA41070580,952024-MLA79455947545_092024,https://http2.mlstatic.com/D_NQ_NP_952024-MLA79455947545_092024-F.jpg,True,2025-04-03 12:09:12.804960,2025-04-03 12:09:12.804960
c951a97d-efd9-49a0-972e-048b3c9c9afc,MLA41070580,921871-MLA79455947549_092024,https://http2.mlstatic.com/D_NQ_NP_921871-MLA79455947549_092024-F.jpg,True,2025-04-03 12:09:12.804963,2025-04-03 12:09:12.804963
a619f23a-b078-4416-8aee-6c14fd0f3310,MLA41070580,897471-MLA79213437238_092024,https://http2.mlstatic.com/D_NQ_NP_897471-MLA79213437238_092024-F.jpg,True,2025-04-03 12:09:12.804966,2025-04-03 12:09:12.804967
84835994-9f50-4c78-ac8f-efb009c3a8a1,MLA41070580,854513-MLA79213407918_092024,https://http2.mlstatic.com/D_NQ_NP_854513-MLA79213407918_092024-F.jpg,True,2025-04-03 12:09:12.804970,2025-04-03 12:09:12.804970
de1ca604-e761-4a5e-8a0e-22128d85876a,MLA41070580,820530-MLA79213437248_092024,https://http2.mlstatic.com/D_NQ_NP_820530-MLA79213437248_092024-F.jpg,True,2025-04-03 12:09:12.804973,2025-04-03 12:09:12.804973
b0d374ef-b8c9-4e16-ad2a-874529d0430c,MLA24596630,694909-MLU70516710282_072023,https://http2.mlstatic.com/D_NQ_NP_694909-MLU70516710282_072023-F.jpg,True,2025-04-03 12:09:12.805050,2025-04-03 12:09:12.805050
ba16566d-5cfd-4a0f-bb32-343c248238c4,MLA24596630,847956-MLU78786871378_092024,https://http2.mlstatic.com/D_NQ_NP_847956-MLU78786871378_092024-F.jpg,True,2025-04-03 12:09:12.805053,2025-04-03 12:09:12.805053
66dbd5c6-0c73-42d9-a695-81e2f9027c77,MLA18605482,634020-MLA74652693452_022024,https://http2.mlstatic.com/D_NQ_NP_634020-MLA74652693452_022024-F.jpg,True,2025-04-03 12:09:12.805124,2025-04-03 12:09:12.805124
063def65-d85f-4bc3-930c-13c0c99001a4,MLA34303722,953858-MLU75081757705_032024,https://http2.mlstatic.com/D_NQ_NP_953858-MLU75081757705_032024-F.jpg,True,2025-04-03 12:09:12.805150,2025-04-03 12:09:12.805150
8dbfad85-63b1-45e0-b903-ecdd78bdf614,MLA34303722,823364-MLU74941821198_032024,https://http2.mlstatic.com/D_NQ_NP_823364-MLU74941821198_032024-F.jpg,True,2025-04-03 12:09:12.805153,2025-04-03 12:09:12.805153
c8ee84f5-c65d-496f-aff5-e1f6ea3bf8ce,MLA34303722,645693-MLU75081573533_032024,https://http2.mlstatic.com/D_NQ_NP_645693-MLU75081573533_032024-F.jpg,True,2025-04-03 12:09:12.805156,2025-04-03 12:09:12.805156
6b1ee89d-c294-4286-80ec-666ac95c0ab4,MLA34303722,966478-MLU75081777417_032024,https://http2.mlstatic.com/D_NQ_NP_966478-MLU75081777417_032024-F.jpg,True,2025-04-03 12:09:12.805159,2025-04-03 12:09:12.805159
aba3cdcd-451c-4fb9-b6b6-714c2c0bb002,MLA34303722,884180-MLU75081573557_032024,https://http2.mlstatic.com/D_NQ_NP_884180-MLU75081573557_032024-F.jpg,True,2025-04-03 12:09:12.805162,2025-04-03 12:09:12.805162
d64182cc-263e-49e3-817c-6f49e5e8f456,MLA34303722,841128-MLU75081787029_032024,https://http2.mlstatic.com/D_NQ_NP_841128-MLU75081787029_032024-F.jpg,True,2025-04-03 12:09:12.805166,2025-04-03 12:09:12.805167
bd3d15aa-fff3-489d-bd18-8974f7831a09,MLA34303722,974739-MLU75081787035_032024,https://http2.mlstatic.com/D_NQ_NP_974739-MLU75081787035_032024-F.jpg,True,2025-04-03 12:09:12.805170,2025-04-03 12:09:12.805170
5f7c9792-6c52-49fe-9d36-a1178cf2b66b,MLA37503450,923772-MLU76652537620_062024,https://http2.mlstatic.com/D_NQ_NP_923772-MLU76652537620_062024-F.jpg,True,2025-04-03 12:09:12.805190,2025-04-03 12:09:12.805190
b967d87a-f359-4d22-93df-41107d28bb2c,MLA37503450,746017-MLU76855025165_062024,https://http2.mlstatic.com/D_NQ_NP_746017-MLU76855025165_062024-F.jpg,True,2025-04-03 12:09:12.805193,2025-04-03 12:09:12.805193
b5c27662-77b1-434f-990b-450b7ad7972b,MLA37503450,656157-MLU76652071870_062024,https://http2.mlstatic.com/D_NQ_NP_656157-MLU76652071870_062024-F.jpg,True,2025-04-03 12:09:12.805196,2025-04-03 12:09:12.805197
2be22bf1-ce03-4c12-9758-70b25a62fe36,MLA21389309,788323-CBT49958261065_052022,https://http2.mlstatic.com/D_NQ_NP_788323-CBT49958261065_052022-F.jpg,True,2025-04-03 12:09:12.805248,2025-04-03 12:09:12.805249
6090a97b-8c0c-4d90-b4e0-2a16408178fe,MLA6121663,710250-MLA74245595169_012024,https://http2.mlstatic.com/D_NQ_NP_710250-MLA74245595169_012024-F.jpg,True,2025-04-03 12:09:12.805293,2025-04-03 12:09:12.805293
4ff1dd27-6c7a-4819-ab5d-9670905545cf,MLA6121663,848278-MLA74652412230_022024,https://http2.mlstatic.com/D_NQ_NP_848278-MLA74652412230_022024-F.jpg,True,2025-04-03 12:09:12.805296,2025-04-03 12:09:12.805296
55a581ef-d720-4d37-8649-edf924678027,MLA45571641,822018-MLA82014071671_012025,https://http2.mlstatic.com/D_NQ_NP_822018-MLA82014071671_012025-F.jpg,True,2025-04-03 12:09:12.805338,2025-04-03 12:09:12.805338
b77466c4-89a6-4897-9f43-5c64201a4c1e,MLA45571641,937463-MLA81735732950_012025,https://http2.mlstatic.com/D_NQ_NP_937463-MLA81735732950_012025-F.jpg,True,2025-04-03 12:09:12.805341,2025-04-03 12:09:12.805341
0b72b0c0-1696-45f3-bad7-ed6b3b315c2d,MLA45571641,983620-MLA81735840096_012025,https://http2.mlstatic.com/D_NQ_NP_983620-MLA81735840096_012025-F.jpg,True,2025-04-03 12:09:12.805344,2025-04-03 12:09:12.805344
7c09b40b-f264-4965-9509-7b9585a67a69,MLA45571641,647096-MLA81735840100_012025,https://http2.mlstatic.com/D_NQ_NP_647096-MLA81735840100_012025-F.jpg,True,2025-04-03 12:09:12.805347,2025-04-03 12:09:12.805347
4aa2d38d-edb5-4bf2-bc85-cb784403bd9d,MLA45571641,801945-MLA82014071673_012025,https://http2.mlstatic.com/D_NQ_NP_801945-MLA82014071673_012025-F.jpg,True,2025-04-03 12:09:12.805350,2025-04-03 12:09:12.805351
0b003632-cad6-4d15-ae6f-08b1f7796028,MLA45571641,652113-MLA81735840102_012025,https://http2.mlstatic.com/D_NQ_NP_652113-MLA81735840102_012025-F.jpg,True,2025-04-03 12:09:12.805353,2025-04-03 12:09:12.805354
754c1a7b-996c-4a1d-9969-545b18f9499c,MLA45571641,978315-MLA81736035796_012025,https://http2.mlstatic.com/D_NQ_NP_978315-MLA81736035796_012025-F.jpg,True,2025-04-03 12:09:12.805356,2025-04-03 12:09:12.805357
7217fb68-a05a-47c8-a354-16f0ec42fa9c,MLA45571641,908370-MLA81735732952_012025,https://http2.mlstatic.com/D_NQ_NP_908370-MLA81735732952_012025-F.jpg,True,2025-04-03 12:09:12.805359,2025-04-03 12:09:12.805360
c60a037d-b46c-4513-a53a-11cb255e5b3b,MLA45571641,661659-MLA82014071677_012025,https://http2.mlstatic.com/D_NQ_NP_661659-MLA82014071677_012025-F.jpg,True,2025-04-03 12:09:12.805363,2025-04-03 12:09:12.805363
213a310d-3444-4516-9d09-be307187a25a,MLA45571641,823444-MLA82014356161_012025,https://http2.mlstatic.com/D_NQ_NP_823444-MLA82014356161_012025-F.jpg,True,2025-04-03 12:09:12.805366,2025-04-03 12:09:12.805366
737c22b9-e7a0-4e32-af30-2b8a570eae6c,MLA42838201,624693-MLA80263395008_112024,https://http2.mlstatic.com/D_NQ_NP_624693-MLA80263395008_112024-F.jpg,True,2025-04-03 12:09:12.805419,2025-04-03 12:09:12.805419
9f850798-483d-4bed-b37d-47905124aa12,MLA42838201,602385-MLA80263395014_112024,https://http2.mlstatic.com/D_NQ_NP_602385-MLA80263395014_112024-F.jpg,True,2025-04-03 12:09:12.805423,2025-04-03 12:09:12.805423
106b8898-93e6-4922-aeac-ae96201f89ab,MLA36998765,649748-MLU78779186159_082024,https://http2.mlstatic.com/D_NQ_NP_649748-MLU78779186159_082024-F.jpg,True,2025-04-03 12:09:12.805439,2025-04-03 12:09:12.805439
74be66a9-c73d-4f24-8ca8-dbdbb9bcb637,MLA36664193,834708-MLU76032741398_052024,https://http2.mlstatic.com/D_NQ_NP_834708-MLU76032741398_052024-F.jpg,True,2025-04-03 12:09:12.805500,2025-04-03 12:09:12.805501
17fd11a8-98e8-49fc-985b-97fd8e613d94,MLA36664193,855640-MLU76214296041_052024,https://http2.mlstatic.com/D_NQ_NP_855640-MLU76214296041_052024-F.jpg,True,2025-04-03 12:09:12.805503,2025-04-03 12:09:12.805504
dfbd924f-c1b9-44b4-91ab-600cfe87d78e,MLA41043432,946325-MLA79654174801_092024,https://http2.mlstatic.com/D_NQ_NP_946325-MLA79654174801_092024-F.jpg,True,2025-04-03 12:09:12.805544,2025-04-03 12:09:12.805544
09930b7a-6776-4320-a229-0044be62e5cf,MLA41043432,890821-MLA79409303704_092024,https://http2.mlstatic.com/D_NQ_NP_890821-MLA79409303704_092024-F.jpg,True,2025-04-03 12:09:12.805547,2025-04-03 12:09:12.805547
946bb683-b3ff-4f80-9f69-c91e57d2e08f,MLA41043432,950344-MLA79435562443_092024,https://http2.mlstatic.com/D_NQ_NP_950344-MLA79435562443_092024-F.jpg,True,2025-04-03 12:09:12.805550,2025-04-03 12:09:12.805550
ba66352c-630b-4f2f-a38c-5a6404a82e0c,MLA41043432,783341-MLA79435592149_092024,https://http2.mlstatic.com/D_NQ_NP_783341-MLA79435592149_092024-F.jpg,True,2025-04-03 12:09:12.805553,2025-04-03 12:09:12.805554
29367ea7-f559-4e3a-a08e-dbf393dd3143,MLA41043432,763371-MLA79435592153_092024,https://http2.mlstatic.com/D_NQ_NP_763371-MLA79435592153_092024-F.jpg,True,2025-04-03 12:09:12.805556,2025-04-03 12:09:12.805557
d2d3b0d1-06d2-4fe7-b67d-b39efb6c80b5,MLA41043432,716270-MLA79435562445_092024,https://http2.mlstatic.com/D_NQ_NP_716270-MLA79435562445_092024-F.jpg,True,2025-04-03 12:09:12.805559,2025-04-03 12:09:12.805560
7093c680-4771-4373-a85a-e22039242960,MLA41043432,977691-MLA79435592157_092024,https://http2.mlstatic.com/D_NQ_NP_977691-MLA79435592157_092024-F.jpg,True,2025-04-03 12:09:12.805562,2025-04-03 12:09:12.805563
1a7ecacf-f060-40ff-b8b9-dc4347fe87af,MLA36181128,793617-MLA75985796331_042024,https://http2.mlstatic.com/D_NQ_NP_793617-MLA75985796331_042024-F.jpg,True,2025-04-03 12:09:12.805619,2025-04-03 12:09:12.805619
83512a61-b748-4795-8cbb-ef44220c9ced,MLA36181128,808246-MLA75985650029_042024,https://http2.mlstatic.com/D_NQ_NP_808246-MLA75985650029_042024-F.jpg,True,2025-04-03 12:09:12.805622,2025-04-03 12:09:12.805622
fa132b9f-bc9e-4c49-833e-0cdcd3515be1,MLA45886147,954698-MLA82250561759_022025,https://http2.mlstatic.com/D_NQ_NP_954698-MLA82250561759_022025-F.jpg,True,2025-04-03 12:09:12.805697,2025-04-03 12:09:12.805697
2d8be6f7-1692-4de3-9deb-9d05ba955e09,MLA45886147,913658-MLA81969222164_022025,https://http2.mlstatic.com/D_NQ_NP_913658-MLA81969222164_022025-F.jpg,True,2025-04-03 12:09:12.805700,2025-04-03 12:09:12.805700
50a8ffec-77d9-4b8b-9e3d-4a62280056b8,MLA44999223,857714-MLA81550016277_122024,https://http2.mlstatic.com/D_NQ_NP_857714-MLA81550016277_122024-F.jpg,True,2025-04-03 12:09:12.805746,2025-04-03 12:09:12.805746
33e9fd75-e537-4454-b102-0d6ce4b7fb49,MLA44999223,916084-MLA81550016279_122024,https://http2.mlstatic.com/D_NQ_NP_916084-MLA81550016279_122024-F.jpg,True,2025-04-03 12:09:12.805749,2025-04-03 12:09:12.805749
1d58a6d5-c754-4da8-b1f1-768fb95ea736,MLA44999223,950789-MLA81280920268_122024,https://http2.mlstatic.com/D_NQ_NP_950789-MLA81280920268_122024-F.jpg,True,2025-04-03 12:09:12.805752,2025-04-03 12:09:12.805752
aa5eabee-3b4b-4bbf-a1e6-41916d7f8c7b,MLA42824996,709478-MLA80519393653_112024,https://http2.mlstatic.com/D_NQ_NP_709478-MLA80519393653_112024-F.jpg,True,2025-04-03 12:09:12.805798,2025-04-03 12:09:12.805799
8c29e1cb-2734-44a9-940d-248d12d0a297,MLA42824996,634553-MLA80519393657_112024,https://http2.mlstatic.com/D_NQ_NP_634553-MLA80519393657_112024-F.jpg,True,2025-04-03 12:09:12.805801,2025-04-03 12:09:12.805802
5afb29f9-ee30-4915-8b03-f242ac7efc03,MLA42824996,669976-MLA80262212762_112024,https://http2.mlstatic.com/D_NQ_NP_669976-MLA80262212762_112024-F.jpg,True,2025-04-03 12:09:12.805804,2025-04-03 12:09:12.805805
c2c74716-287a-47b4-a819-d41424b28e31,MLA42824996,969661-MLA80519393661_112024,https://http2.mlstatic.com/D_NQ_NP_969661-MLA80519393661_112024-F.jpg,True,2025-04-03 12:09:12.805807,2025-04-03 12:09:12.805808
e4b690f1-fcef-4f6f-80e1-7a9b04ee6594,MLA40922941,641670-MLU79105619980_092024,https://http2.mlstatic.com/D_NQ_NP_641670-MLU79105619980_092024-F.jpg,True,2025-04-03 12:09:12.805925,2025-04-03 12:09:12.805925
aa1f9f98-d7be-4d40-a2e1-1d1d3a639b3e,MLA40943619,699228-MLA79518586701_092024,https://http2.mlstatic.com/D_NQ_NP_699228-MLA79518586701_092024-F.jpg,True,2025-04-03 12:09:12.806027,2025-04-03 12:09:12.806027
954c1815-0353-470b-b960-1a9a65f0ed3d,MLA40943619,751910-MLA79518586709_092024,https://http2.mlstatic.com/D_NQ_NP_751910-MLA79518586709_092024-F.jpg,True,2025-04-03 12:09:12.806030,2025-04-03 12:09:12.806030
6a87297a-042b-4a5b-b2f0-83f352603c45,MLA40943619,886624-MLA79275377518_092024,https://http2.mlstatic.com/D_NQ_NP_886624-MLA79275377518_092024-F.jpg,True,2025-04-03 12:09:12.806033,2025-04-03 12:09:12.806033
84373e5d-5d9c-4509-b5cf-b71154de5171,MLA40943619,914417-MLA79518586735_092024,https://http2.mlstatic.com/D_NQ_NP_914417-MLA79518586735_092024-F.jpg,True,2025-04-03 12:09:12.806036,2025-04-03 12:09:12.806036
ac7bc9ff-0c2b-46c3-b7f2-1290ba6d2a7a,MLA40943619,742593-MLA79518586693_092024,https://http2.mlstatic.com/D_NQ_NP_742593-MLA79518586693_092024-F.jpg,True,2025-04-03 12:09:12.806039,2025-04-03 12:09:12.806039
c376d456-088f-4020-b139-563655c8b196,MLA40943619,650138-MLA79275183570_092024,https://http2.mlstatic.com/D_NQ_NP_650138-MLA79275183570_092024-F.jpg,True,2025-04-03 12:09:12.806042,2025-04-03 12:09:12.806043
ea08035e-7fc8-4b12-90ab-0760b0b3d2fe,MLA40943619,741587-MLU79359406139_092024,https://http2.mlstatic.com/D_NQ_NP_741587-MLU79359406139_092024-F.jpg,True,2025-04-03 12:09:12.806045,2025-04-03 12:09:12.806046
2c11ca2c-97f7-4f88-8424-a3058b190f23,MLA37167679,892479-MLU77917877372_082024,https://http2.mlstatic.com/D_NQ_NP_892479-MLU77917877372_082024-F.jpg,True,2025-04-03 12:09:12.806060,2025-04-03 12:09:12.806061
ac4bebee-fe98-4648-a2a8-14e1b3bf2f36,MLA37167679,814214-MLU78140778557_082024,https://http2.mlstatic.com/D_NQ_NP_814214-MLU78140778557_082024-F.jpg,True,2025-04-03 12:09:12.806064,2025-04-03 12:09:12.806064
50905ca2-e63c-4dc9-a245-fc3b10a65732,MLA37167679,792232-MLU78140583265_082024,https://http2.mlstatic.com/D_NQ_NP_792232-MLU78140583265_082024-F.jpg,True,2025-04-03 12:09:12.806067,2025-04-03 12:09:12.806067
8a8d6e6e-0585-444d-8ccc-1a29f6865c87,MLA37167679,651518-MLU76634436047_052024,https://http2.mlstatic.com/D_NQ_NP_651518-MLU76634436047_052024-F.jpg,True,2025-04-03 12:09:12.806070,2025-04-03 12:09:12.806070
febbd895-39cd-48c2-aaf6-1b265e16e701,MLA46618082,947454-MLA82530311836_032025,https://http2.mlstatic.com/D_NQ_NP_947454-MLA82530311836_032025-F.jpg,True,2025-04-03 12:09:12.806088,2025-04-03 12:09:12.806088
50ce4bed-a2d1-4dcc-9896-5cc85ee720c3,MLA41828680,908029-MLA79658770912_102024,https://http2.mlstatic.com/D_NQ_NP_908029-MLA79658770912_102024-F.jpg,True,2025-04-03 12:09:12.806117,2025-04-03 12:09:12.806117
79bc46e0-4f5f-4331-9c40-bd92109f1ae9,MLA34488740,634807-MLU79146038140_092024,https://http2.mlstatic.com/D_NQ_NP_634807-MLU79146038140_092024-F.jpg,True,2025-04-03 12:09:12.806137,2025-04-03 12:09:12.806137
f4759317-2f20-4ec1-9008-6e654371b5b7,MLA29123916,893756-MLU74163652863_012024,https://http2.mlstatic.com/D_NQ_NP_893756-MLU74163652863_012024-F.jpg,True,2025-04-03 12:09:12.806152,2025-04-03 12:09:12.806152
8edb9b8d-a2f1-409e-b20f-0ab087efeb23,MLA29123916,884076-MLU73555859867_122023,https://http2.mlstatic.com/D_NQ_NP_884076-MLU73555859867_122023-F.jpg,True,2025-04-03 12:09:12.806155,2025-04-03 12:09:12.806155
5e46d902-bd7c-4dd9-9e7c-b94f6e8984c8,MLA29123916,760227-MLU73556057087_122023,https://http2.mlstatic.com/D_NQ_NP_760227-MLU73556057087_122023-F.jpg,True,2025-04-03 12:09:12.806158,2025-04-03 12:09:12.806158
299973ee-e6d3-432c-aba5-73bc703e036e,MLA42427748,614011-MLA80303152219_102024,https://http2.mlstatic.com/D_NQ_NP_614011-MLA80303152219_102024-F.jpg,True,2025-04-03 12:09:12.806173,2025-04-03 12:09:12.806173
f0ebe6ab-0316-456b-9c2c-ff6591c12997,MLA42427748,659478-MLA80303053991_102024,https://http2.mlstatic.com/D_NQ_NP_659478-MLA80303053991_102024-F.jpg,True,2025-04-03 12:09:12.806176,2025-04-03 12:09:12.806176
bbd50b3d-228b-4912-afda-d5b555e0d2f3,MLA42427748,630528-MLA80303221049_102024,https://http2.mlstatic.com/D_NQ_NP_630528-MLA80303221049_102024-F.jpg,True,2025-04-03 12:09:12.806180,2025-04-03 12:09:12.806180
9b071e22-fd2f-4846-87e2-a29c07bcadd7,MLA43280439,874466-MLA81271923289_122024,https://http2.mlstatic.com/D_NQ_NP_874466-MLA81271923289_122024-F.jpg,True,2025-04-03 12:09:12.806272,2025-04-03 12:09:12.806272
daa3820d-a542-435e-8ab1-3828c44aeb04,MLA42725087,808320-MLA80474350553_112024,https://http2.mlstatic.com/D_NQ_NP_808320-MLA80474350553_112024-F.jpg,True,2025-04-03 12:09:12.806293,2025-04-03 12:09:12.806293
adb1c884-fc20-4da0-9fa3-0e5ddcb46073,MLA34116578,609219-MLU74831870033_022024,https://http2.mlstatic.com/D_NQ_NP_609219-MLU74831870033_022024-F.jpg,True,2025-04-03 12:09:12.806333,2025-04-03 12:09:12.806333
df27ceae-b212-478d-a852-8876d722c505,MLA34116578,801462-MLU74700478574_022024,https://http2.mlstatic.com/D_NQ_NP_801462-MLU74700478574_022024-F.jpg,True,2025-04-03 12:09:12.806336,2025-04-03 12:09:12.806336
3afd1c6e-9091-4ae2-b211-98f68d15604d,MLA34116578,683001-MLU74831552115_022024,https://http2.mlstatic.com/D_NQ_NP_683001-MLU74831552115_022024-F.jpg,True,2025-04-03 12:09:12.806339,2025-04-03 12:09:12.806339
d65536b2-a328-45c0-b8e3-54d487e85a3d,MLA34116578,807594-MLU74832235515_022024,https://http2.mlstatic.com/D_NQ_NP_807594-MLU74832235515_022024-F.jpg,True,2025-04-03 12:09:12.806342,2025-04-03 12:09:12.806342
ab04102c-c516-4891-8612-023961bcda54,MLA45000299,971211-MLA81281546588_122024,https://http2.mlstatic.com/D_NQ_NP_971211-MLA81281546588_122024-F.jpg,True,2025-04-03 12:09:12.806408,2025-04-03 12:09:12.806409
217b019b-2259-49aa-957f-9be5b9d15c87,MLA45000299,894382-MLA81281546598_122024,https://http2.mlstatic.com/D_NQ_NP_894382-MLA81281546598_122024-F.jpg,True,2025-04-03 12:09:12.806411,2025-04-03 12:09:12.806412
bf1dc735-3575-486f-b626-9c0455bd4428,MLA45000299,645527-MLA81550279573_122024,https://http2.mlstatic.com/D_NQ_NP_645527-MLA81550279573_122024-F.jpg,True,2025-04-03 12:09:12.806414,2025-04-03 12:09:12.806415
ba90e96f-3caa-405c-8c4e-6b5fc6c50def,MLA18194004,619773-MLA74652409518_022024,https://http2.mlstatic.com/D_NQ_NP_619773-MLA74652409518_022024-F.jpg,True,2025-04-03 12:09:12.806510,2025-04-03 12:09:12.806510
fe1d54bb-9bed-4180-9a2d-2ad5c99ded3a,MLA18194004,998158-MLA74781932013_022024,https://http2.mlstatic.com/D_NQ_NP_998158-MLA74781932013_022024-F.jpg,True,2025-04-03 12:09:12.806513,2025-04-03 12:09:12.806514
7bec7b7e-b1b1-4e50-a33d-c1c47ce3c4ad,MLA44779432,825619-MLA81408314921_122024,https://http2.mlstatic.com/D_NQ_NP_825619-MLA81408314921_122024-F.jpg,True,2025-04-03 12:09:12.806575,2025-04-03 12:09:12.806575
9fed072c-66d0-4fd2-9149-9661cc16cbb1,MLA44779432,844161-MLA81407890541_122024,https://http2.mlstatic.com/D_NQ_NP_844161-MLA81407890541_122024-F.jpg,True,2025-04-03 12:09:12.806578,2025-04-03 12:09:12.806578
2b30b172-c1fc-4b52-9b38-15226896ae39,MLA35899098,681697-MLU75688943058_042024,https://http2.mlstatic.com/D_NQ_NP_681697-MLU75688943058_042024-F.jpg,True,2025-04-03 12:09:12.806621,2025-04-03 12:09:12.806621
8e933c56-7572-4c48-b6f4-79057d9116ec,MLA35899098,798332-MLU75689239746_042024,https://http2.mlstatic.com/D_NQ_NP_798332-MLU75689239746_042024-F.jpg,True,2025-04-03 12:09:12.806624,2025-04-03 12:09:12.806624
0984125f-1675-41c5-a8a8-bdb85963e3dd,MLA35899098,713059-MLU75689239752_042024,https://http2.mlstatic.com/D_NQ_NP_713059-MLU75689239752_042024-F.jpg,True,2025-04-03 12:09:12.806627,2025-04-03 12:09:12.806627
70dceec7-d001-44be-83e1-2f845767987c,MLA35899098,769262-MLU75689061138_042024,https://http2.mlstatic.com/D_NQ_NP_769262-MLU75689061138_042024-F.jpg,True,2025-04-03 12:09:12.806630,2025-04-03 12:09:12.806630
26bb2fd0-6b34-477c-baeb-6ab94933d1c7,MLA35899098,674437-MLU75689199964_042024,https://http2.mlstatic.com/D_NQ_NP_674437-MLU75689199964_042024-F.jpg,True,2025-04-03 12:09:12.806633,2025-04-03 12:09:12.806633
f08bd625-5dda-4ab1-bc23-c79b656e3ca3,MLA35899098,874697-MLU75689199968_042024,https://http2.mlstatic.com/D_NQ_NP_874697-MLU75689199968_042024-F.jpg,True,2025-04-03 12:09:12.806636,2025-04-03 12:09:12.806636
fdd96562-de5a-4f32-a617-5d4a19a27173,MLA43320186,975685-MLA80470667682_112024,https://http2.mlstatic.com/D_NQ_NP_975685-MLA80470667682_112024-F.jpg,True,2025-04-03 12:09:12.806735,2025-04-03 12:09:12.806735
08dece7a-0072-4f72-ba47-dc79c5f970b5,MLA43320186,823937-MLA80731190319_112024,https://http2.mlstatic.com/D_NQ_NP_823937-MLA80731190319_112024-F.jpg,True,2025-04-03 12:09:12.806738,2025-04-03 12:09:12.806739
bae1d67a-5388-40dd-802c-8d80769c42bf,MLA41375746,974101-MLA79707702775_102024,https://http2.mlstatic.com/D_NQ_NP_974101-MLA79707702775_102024-F.jpg,True,2025-04-03 12:09:12.806841,2025-04-03 12:09:12.806841
2138c16e-7c0e-4e04-a78b-e51230a36adb,MLA41375746,950071-MLA79707712579_102024,https://http2.mlstatic.com/D_NQ_NP_950071-MLA79707712579_102024-F.jpg,True,2025-04-03 12:09:12.806844,2025-04-03 12:09:12.806844
958a9c39-8941-4496-8ef9-4cac7984755b,MLA41375746,685628-MLA79707673759_102024,https://http2.mlstatic.com/D_NQ_NP_685628-MLA79707673759_102024-F.jpg,True,2025-04-03 12:09:12.806847,2025-04-03 12:09:12.806847
7642d2b0-7337-400e-bf08-946794913d20,MLA42301552,692510-MLA80223344699_102024,https://http2.mlstatic.com/D_NQ_NP_692510-MLA80223344699_102024-F.jpg,True,2025-04-03 12:09:12.806867,2025-04-03 12:09:12.806868
b75eedc9-2427-471e-b34c-05bd7df1ed7a,MLA44238927,642673-MLA81062066479_112024,https://http2.mlstatic.com/D_NQ_NP_642673-MLA81062066479_112024-F.jpg,True,2025-04-03 12:09:12.806929,2025-04-03 12:09:12.806929
e02a96dc-378d-4b28-ab00-f82ac510b9c1,MLA27269094,795362-MLU71915572117_092023,https://http2.mlstatic.com/D_NQ_NP_795362-MLU71915572117_092023-F.jpg,True,2025-04-03 12:09:12.806968,2025-04-03 12:09:12.806968
a1230aea-63c0-41aa-86ba-f498a3bec818,MLA42413856,617336-MLA80297685465_102024,https://http2.mlstatic.com/D_NQ_NP_617336-MLA80297685465_102024-F.jpg,True,2025-04-03 12:09:12.806983,2025-04-03 12:09:12.806983
e162d7bb-0d33-4433-8800-2b8807a6b189,MLA43268437,960805-MLA80550058458_112024,https://http2.mlstatic.com/D_NQ_NP_960805-MLA80550058458_112024-F.jpg,True,2025-04-03 12:09:12.807058,2025-04-03 12:09:12.807058
f49fe8ca-24f9-4462-93e3-b232ec948eda,MLA43268437,813539-MLA80812115837_112024,https://http2.mlstatic.com/D_NQ_NP_813539-MLA80812115837_112024-F.jpg,True,2025-04-03 12:09:12.807061,2025-04-03 12:09:12.807061
11b44f2c-18d7-448a-a7fe-535e0c9453e9,MLA43268437,670359-MLA80550058468_112024,https://http2.mlstatic.com/D_NQ_NP_670359-MLA80550058468_112024-F.jpg,True,2025-04-03 12:09:12.807064,2025-04-03 12:09:12.807064
2f979c70-9899-46a4-97e9-38c7a6d0c581,MLA43268437,770455-MLA80550058474_112024,https://http2.mlstatic.com/D_NQ_NP_770455-MLA80550058474_112024-F.jpg,True,2025-04-03 12:09:12.807067,2025-04-03 12:09:12.807067
d8311182-445b-4c3d-a5d9-7f0ede0589d4,MLA42855293,777989-MLA80615883949_112024,https://http2.mlstatic.com/D_NQ_NP_777989-MLA80615883949_112024-F.jpg,True,2025-04-03 12:09:12.807133,2025-04-03 12:09:12.807133
eeadfa6a-d04f-439f-9fc3-114eb959cc4c,MLA21891478,843690-MLU77791647097_072024,https://http2.mlstatic.com/D_NQ_NP_843690-MLU77791647097_072024-F.jpg,True,2025-04-03 12:09:12.807160,2025-04-03 12:09:12.807160
6b5eea14-81ce-42a6-b1d6-a341d0b2ea16,MLA21891478,916188-MLU77791775709_072024,https://http2.mlstatic.com/D_NQ_NP_916188-MLU77791775709_072024-F.jpg,True,2025-04-03 12:09:12.807164,2025-04-03 12:09:12.807164
0014edc4-00a5-4417-a146-b40dc817a314,MLA21891478,791142-MLU77791588563_072024,https://http2.mlstatic.com/D_NQ_NP_791142-MLU77791588563_072024-F.jpg,True,2025-04-03 12:09:12.807167,2025-04-03 12:09:12.807167
75ae9fc4-3789-43d4-b305-8c0e8caf8b11,MLA46629263,641962-MLA82817439339_032025,https://http2.mlstatic.com/D_NQ_NP_641962-MLA82817439339_032025-F.jpg,True,2025-04-03 12:09:12.807191,2025-04-03 12:09:12.807191
2c3b0f13-de6b-4703-a614-f02f2c73c78d,MLA16590847,967767-MLA51920717175_102022,https://http2.mlstatic.com/D_NQ_NP_967767-MLA51920717175_102022-F.jpg,True,2025-04-03 12:09:12.807276,2025-04-03 12:09:12.807276
2a06915e-9b24-4b38-8537-a75fd66135b6,MLA16590847,912966-MLA51920658504_102022,https://http2.mlstatic.com/D_NQ_NP_912966-MLA51920658504_102022-F.jpg,True,2025-04-03 12:09:12.807279,2025-04-03 12:09:12.807279
bb7e17c7-09e2-4dcd-a4fa-2a881d2d3e58,MLA43251460,655984-MLA80439199638_112024,https://http2.mlstatic.com/D_NQ_NP_655984-MLA80439199638_112024-F.jpg,True,2025-04-03 12:09:12.807329,2025-04-03 12:09:12.807329
6680fce9-3ffa-40e2-bbdb-c7e1004c2266,MLA45653047,675018-MLA82071177223_012025,https://http2.mlstatic.com/D_NQ_NP_675018-MLA82071177223_012025-F.jpg,True,2025-04-03 12:09:12.807417,2025-04-03 12:09:12.807417
7c334bad-a682-4fec-aeb0-742239d5cdc6,MLA45653047,702693-MLA81792149288_012025,https://http2.mlstatic.com/D_NQ_NP_702693-MLA81792149288_012025-F.jpg,True,2025-04-03 12:09:12.807420,2025-04-03 12:09:12.807420
f5308656-2ab6-4b1c-85bb-91e731cc8321,MLA28307360,768837-MLU73045810021_112023,https://http2.mlstatic.com/D_NQ_NP_768837-MLU73045810021_112023-F.jpg,True,2025-04-03 12:09:12.807454,2025-04-03 12:09:12.807454
f46bd189-95f5-4a2b-9c9f-20dd4983bb0c,MLA28307360,922522-MLU73045722431_112023,https://http2.mlstatic.com/D_NQ_NP_922522-MLU73045722431_112023-F.jpg,True,2025-04-03 12:09:12.807457,2025-04-03 12:09:12.807457
4d3895aa-6c17-4645-901a-f97910b2c59e,MLA42847946,829126-MLA80599207505_112024,https://http2.mlstatic.com/D_NQ_NP_829126-MLA80599207505_112024-F.jpg,True,2025-04-03 12:09:12.807551,2025-04-03 12:09:12.807552
8c525662-60d1-4c83-aac1-d31b4ea94f54,MLA45773538,698216-MLA82167420437_012025,https://http2.mlstatic.com/D_NQ_NP_698216-MLA82167420437_012025-F.jpg,True,2025-04-03 12:09:12.807622,2025-04-03 12:09:12.807623
e6bc21a3-92c3-4d9c-9785-36b3e491c2c5,MLA45773538,682650-MLA81887275448_012025,https://http2.mlstatic.com/D_NQ_NP_682650-MLA81887275448_012025-F.jpg,True,2025-04-03 12:09:12.807625,2025-04-03 12:09:12.807626
a7302f89-2a3e-460c-b0c5-c6f56105268f,MLA45773538,860749-MLA81887197996_012025,https://http2.mlstatic.com/D_NQ_NP_860749-MLA81887197996_012025-F.jpg,True,2025-04-03 12:09:12.807628,2025-04-03 12:09:12.807629
9cbed670-35bc-4f52-a0cc-f2d9e7e30e93,MLA45773538,845154-MLA81887197998_012025,https://http2.mlstatic.com/D_NQ_NP_845154-MLA81887197998_012025-F.jpg,True,2025-04-03 12:09:12.807631,2025-04-03 12:09:12.807632
b6f17fd7-17b5-47a2-8370-a53a0546ec52,MLA45773538,858211-MLA81887178110_012025,https://http2.mlstatic.com/D_NQ_NP_858211-MLA81887178110_012025-F.jpg,True,2025-04-03 12:09:12.807634,2025-04-03 12:09:12.807635
d3c9de31-a697-4764-8520-33ad29a6cf4f,MLA45773538,791428-MLA82167469247_012025,https://http2.mlstatic.com/D_NQ_NP_791428-MLA82167469247_012025-F.jpg,True,2025-04-03 12:09:12.807637,2025-04-03 12:09:12.807638
302fa300-9ce2-4914-a762-654e8fc21603,MLA45773538,775976-MLA82216900796_022025,https://http2.mlstatic.com/D_NQ_NP_775976-MLA82216900796_022025-F.jpg,True,2025-04-03 12:09:12.807640,2025-04-03 12:09:12.807641
d39ae641-6aa8-42c8-8963-2a82fc22682d,MLA45773538,689407-MLA82216928360_022025,https://http2.mlstatic.com/D_NQ_NP_689407-MLA82216928360_022025-F.jpg,True,2025-04-03 12:09:12.807643,2025-04-03 12:09:12.807644
61c6a794-db7d-4eb2-a3aa-dccaad739670,MLA45773538,628401-MLA82216928364_022025,https://http2.mlstatic.com/D_NQ_NP_628401-MLA82216928364_022025-F.jpg,True,2025-04-03 12:09:12.807646,2025-04-03 12:09:12.807647
c18f0d21-a9a8-4730-b339-4d4c2cda8aad,MLA45773538,977070-MLA82500416407_022025,https://http2.mlstatic.com/D_NQ_NP_977070-MLA82500416407_022025-F.jpg,True,2025-04-03 12:09:12.807650,2025-04-03 12:09:12.807650
19f765ad-ea66-4e86-b1ed-689e343118ce,MLA45773538,800537-MLA82500378917_022025,https://http2.mlstatic.com/D_NQ_NP_800537-MLA82500378917_022025-F.jpg,True,2025-04-03 12:09:12.807653,2025-04-03 12:09:12.807653
335c8166-b4a2-4b78-90bc-7f458c136308,MLA45773538,704095-MLA82500378921_022025,https://http2.mlstatic.com/D_NQ_NP_704095-MLA82500378921_022025-F.jpg,True,2025-04-03 12:09:12.807656,2025-04-03 12:09:12.807656
f22fa97a-111f-44a9-af12-c03546aa341f,MLA43320106,989454-MLA80731189287_112024,https://http2.mlstatic.com/D_NQ_NP_989454-MLA80731189287_112024-F.jpg,True,2025-04-03 12:09:12.807709,2025-04-03 12:09:12.807710
feefb77f-a10c-4c15-bd1f-f92855074546,MLA43320106,830179-MLA80470666580_112024,https://http2.mlstatic.com/D_NQ_NP_830179-MLA80470666580_112024-F.jpg,True,2025-04-03 12:09:12.807712,2025-04-03 12:09:12.807713
28730981-c311-4dae-b558-00ca2f9ddef0,MLA43320106,954208-MLA80470551486_112024,https://http2.mlstatic.com/D_NQ_NP_954208-MLA80470551486_112024-F.jpg,True,2025-04-03 12:09:12.807715,2025-04-03 12:09:12.807716
edd4b7e9-2d2d-4f2e-b36b-0a1450d2b9c3,MLA43320106,649878-MLA80470637296_112024,https://http2.mlstatic.com/D_NQ_NP_649878-MLA80470637296_112024-F.jpg,True,2025-04-03 12:09:12.807718,2025-04-03 12:09:12.807719
8db14601-19b2-4e48-8fda-1e8c294c09ed,MLA41829760,945310-MLA80517709728_112024,https://http2.mlstatic.com/D_NQ_NP_945310-MLA80517709728_112024-F.jpg,True,2025-04-03 12:09:12.807754,2025-04-03 12:09:12.807754
e456ae65-f503-4112-89eb-29c141183206,MLA41829760,949169-MLA80517660580_112024,https://http2.mlstatic.com/D_NQ_NP_949169-MLA80517660580_112024-F.jpg,True,2025-04-03 12:09:12.807758,2025-04-03 12:09:12.807758
da9a8279-f25b-45dc-af55-ebcec7b46adc,MLA41829760,687057-MLA80517574372_112024,https://http2.mlstatic.com/D_NQ_NP_687057-MLA80517574372_112024-F.jpg,True,2025-04-03 12:09:12.807761,2025-04-03 12:09:12.807761
d4fe1770-3a71-4931-a90d-70f5ea3c2327,MLA41829760,722781-MLA80517660602_112024,https://http2.mlstatic.com/D_NQ_NP_722781-MLA80517660602_112024-F.jpg,True,2025-04-03 12:09:12.807764,2025-04-03 12:09:12.807764
0c3e2cca-1981-49ce-a6c7-3540f6029e8d,MLA41829760,623975-MLA80517574390_112024,https://http2.mlstatic.com/D_NQ_NP_623975-MLA80517574390_112024-F.jpg,True,2025-04-03 12:09:12.807767,2025-04-03 12:09:12.807767
735184b4-9d63-405d-b31d-64967d866bb5,MLA41829760,881458-MLA80517660628_112024,https://http2.mlstatic.com/D_NQ_NP_881458-MLA80517660628_112024-F.jpg,True,2025-04-03 12:09:12.807770,2025-04-03 12:09:12.807770
dea16d99-b50e-4d8e-ab8f-8cffc6e7db44,MLA41829760,650679-MLA79658938588_102024,https://http2.mlstatic.com/D_NQ_NP_650679-MLA79658938588_102024-F.jpg,True,2025-04-03 12:09:12.807773,2025-04-03 12:09:12.807773
a00d09b4-bc17-471d-95c3-92445d26c04b,MLA41829760,849822-MLA80517709798_112024,https://http2.mlstatic.com/D_NQ_NP_849822-MLA80517709798_112024-F.jpg,True,2025-04-03 12:09:12.807776,2025-04-03 12:09:12.807776
57768b0a-0ce3-418e-88be-250beeb94492,MLA45571780,691368-MLA82014447369_012025,https://http2.mlstatic.com/D_NQ_NP_691368-MLA82014447369_012025-F.jpg,True,2025-04-03 12:09:12.807846,2025-04-03 12:09:12.807846
7de26927-940c-43ab-a514-111bd3a60aa7,MLA45571780,706162-MLA82014447373_012025,https://http2.mlstatic.com/D_NQ_NP_706162-MLA82014447373_012025-F.jpg,True,2025-04-03 12:09:12.807849,2025-04-03 12:09:12.807849
ac5e1903-1367-4b72-a554-751566ada440,MLA45571780,605598-MLA82014447377_012025,https://http2.mlstatic.com/D_NQ_NP_605598-MLA82014447377_012025-F.jpg,True,2025-04-03 12:09:12.807852,2025-04-03 12:09:12.807852
4c3cb2fd-07dc-4683-8154-eea44f94306e,MLA46469654,815565-MLA82442213730_022025,https://http2.mlstatic.com/D_NQ_NP_815565-MLA82442213730_022025-F.jpg,True,2025-04-03 12:09:12.807922,2025-04-03 12:09:12.807922
9b04db5f-ba3e-4d94-9f2a-7414e69fc924,MLA46469654,759643-MLA82731514781_022025,https://http2.mlstatic.com/D_NQ_NP_759643-MLA82731514781_022025-F.jpg,True,2025-04-03 12:09:12.807925,2025-04-03 12:09:12.807926
ae4ad416-af3f-48fa-93c7-4fd4554563c7,MLA20333246,891483-MLB46798993939_072021,https://http2.mlstatic.com/D_NQ_NP_891483-MLB46798993939_072021-F.jpg,True,2025-04-03 12:09:12.807958,2025-04-03 12:09:12.807958
57fe1477-94e0-430f-b991-c1a97237b660,MLA20333246,854236-MLU73660196532_012024,https://http2.mlstatic.com/D_NQ_NP_854236-MLU73660196532_012024-F.jpg,True,2025-04-03 12:09:12.807961,2025-04-03 12:09:12.807961
50ce3823-e2a5-4999-b963-7cc7b07b6c5c,MLA20333246,956128-MLU74218958251_012024,https://http2.mlstatic.com/D_NQ_NP_956128-MLU74218958251_012024-F.jpg,True,2025-04-03 12:09:12.807964,2025-04-03 12:09:12.807964
e1715871-8a15-4c77-a513-f7827aba7517,MLA20333246,848435-MLU74226383945_012024,https://http2.mlstatic.com/D_NQ_NP_848435-MLU74226383945_012024-F.jpg,True,2025-04-03 12:09:12.807967,2025-04-03 12:09:12.807967
02f40418-3390-4679-b2ed-46a4557b28b8,MLA20333246,832303-MLU74111634302_012024,https://http2.mlstatic.com/D_NQ_NP_832303-MLU74111634302_012024-F.jpg,True,2025-04-03 12:09:12.807970,2025-04-03 12:09:12.807970
00ab44c6-4d7e-423a-9624-cc1c3b6ec7d8,MLA20333246,802176-MLU73755773507_012024,https://http2.mlstatic.com/D_NQ_NP_802176-MLU73755773507_012024-F.jpg,True,2025-04-03 12:09:12.807974,2025-04-03 12:09:12.807975
44e662c2-aba3-4bfd-9f10-7448bb463e82,MLA20333246,773646-MLU73755822263_012024,https://http2.mlstatic.com/D_NQ_NP_773646-MLU73755822263_012024-F.jpg,True,2025-04-03 12:09:12.807977,2025-04-03 12:09:12.807978
014deed6-4ba5-4e78-bc73-f0679213d826,MLA43265433,660796-MLA80710222525_112024,https://http2.mlstatic.com/D_NQ_NP_660796-MLA80710222525_112024-F.jpg,True,2025-04-03 12:09:12.808088,2025-04-03 12:09:12.808089
1b376a7d-5bcc-47a5-8444-4ed5ba007636,MLA43265433,677169-MLA80449851352_112024,https://http2.mlstatic.com/D_NQ_NP_677169-MLA80449851352_112024-F.jpg,True,2025-04-03 12:09:12.808091,2025-04-03 12:09:12.808092
1b79c09a-a2c5-4ce8-a142-390eb638e8a5,MLA43265433,825840-MLA80710575771_112024,https://http2.mlstatic.com/D_NQ_NP_825840-MLA80710575771_112024-F.jpg,True,2025-04-03 12:09:12.808094,2025-04-03 12:09:12.808095
7498ea3b-7dbc-4e3d-a414-d69ee1b6a020,MLA43265433,869673-MLA80449968558_112024,https://http2.mlstatic.com/D_NQ_NP_869673-MLA80449968558_112024-F.jpg,True,2025-04-03 12:09:12.808099,2025-04-03 12:09:12.808099
b7e97223-773f-4b88-a514-e411c65f7596,MLA15989655,627852-MLA43408397707_092020,https://mla-s2-p.mlstatic.com/627852-MLA43408397707_092020-F.jpg,True,2025-04-03 12:09:12.808170,2025-04-03 12:09:12.808170
a056b4ad-6647-4e4e-b555-7328606f8fef,MLA15989655,984339-MLA74782708257_022024,https://http2.mlstatic.com/D_NQ_NP_984339-MLA74782708257_022024-F.jpg,True,2025-04-03 12:09:12.808173,2025-04-03 12:09:12.808173
653ee397-b132-4908-9313-8f7745c2c98a,MLA15989655,845254-MLA74781547967_022024,https://http2.mlstatic.com/D_NQ_NP_845254-MLA74781547967_022024-F.jpg,True,2025-04-03 12:09:12.808176,2025-04-03 12:09:12.808176
16ac48c0-ad91-4be8-8282-d902c067e4bb,MLA15989655,852787-MLA43408430556_092020,https://mla-s1-p.mlstatic.com/852787-MLA43408430556_092020-F.jpg,True,2025-04-03 12:09:12.808179,2025-04-03 12:09:12.808179
78aff610-6a5e-4d40-a739-7fd4e3857beb,MLA15989655,821715-MLA74780219543_022024,https://http2.mlstatic.com/D_NQ_NP_821715-MLA74780219543_022024-F.jpg,True,2025-04-03 12:09:12.808182,2025-04-03 12:09:12.808182
4ce317a9-52be-4fb3-a92b-725428f1301d,MLA38660485,638417-MLU77817760542_072024,https://http2.mlstatic.com/D_NQ_NP_638417-MLU77817760542_072024-F.jpg,True,2025-04-03 12:09:12.808240,2025-04-03 12:09:12.808240
972ad937-edd6-474e-8263-4fb4a432375c,MLA34504409,761219-MLU78461566801_082024,https://http2.mlstatic.com/D_NQ_NP_761219-MLU78461566801_082024-F.jpg,True,2025-04-03 12:09:12.808263,2025-04-03 12:09:12.808263
6ae6dc35-95dd-4381-805e-62bcdfcd8cd3,MLA34504409,687217-MLU75097505094_032024,https://http2.mlstatic.com/D_NQ_NP_687217-MLU75097505094_032024-F.jpg,True,2025-04-03 12:09:12.808266,2025-04-03 12:09:12.808266
d691224c-b8ae-43d3-a898-443a96cc3dd3,MLA34504409,711086-MLU78461299789_082024,https://http2.mlstatic.com/D_NQ_NP_711086-MLU78461299789_082024-F.jpg,True,2025-04-03 12:09:12.808269,2025-04-03 12:09:12.808269
cd1575a8-c6b1-402e-bda8-8e79a301098e,MLA34311773,967438-MLU79297492149_092024,https://http2.mlstatic.com/D_NQ_NP_967438-MLU79297492149_092024-F.jpg,True,2025-04-03 12:09:12.808285,2025-04-03 12:09:12.808285
6168db9f-e6dd-41a4-8511-d2bb483ed1a0,MLA21015912,894652-MLB49039860482_022022,https://http2.mlstatic.com/D_NQ_NP_894652-MLB49039860482_022022-F.jpg,True,2025-04-03 12:09:12.808321,2025-04-03 12:09:12.808321
0d452c8a-efdf-4718-bfba-2631bb589e12,MLA46031077,826718-MLA82385090463_022025,https://http2.mlstatic.com/D_NQ_NP_826718-MLA82385090463_022025-F.jpg,True,2025-04-03 12:09:12.808357,2025-04-03 12:09:12.808357
36dbae70-234d-42d7-b1ac-7dcc2a50bc48,MLA46031077,896522-MLA82385090467_022025,https://http2.mlstatic.com/D_NQ_NP_896522-MLA82385090467_022025-F.jpg,True,2025-04-03 12:09:12.808360,2025-04-03 12:09:12.808360
1307a7f0-9632-44e9-a6e3-17297c7a6f6f,MLA46031077,740923-MLA82385734945_022025,https://http2.mlstatic.com/D_NQ_NP_740923-MLA82385734945_022025-F.jpg,True,2025-04-03 12:09:12.808363,2025-04-03 12:09:12.808363
350b42c2-5004-41e1-8438-3eab7c01bb81,MLA46031077,808474-MLA82102551842_022025,https://http2.mlstatic.com/D_NQ_NP_808474-MLA82102551842_022025-F.jpg,True,2025-04-03 12:09:12.808366,2025-04-03 12:09:12.808366
00c7658e-f0b8-4d70-a9fc-f221f5bad501,MLA46031077,924268-MLA82385090479_022025,https://http2.mlstatic.com/D_NQ_NP_924268-MLA82385090479_022025-F.jpg,True,2025-04-03 12:09:12.808369,2025-04-03 12:09:12.808369
ab841464-8d3c-4b87-9a0e-b8c62e5dd0c0,MLA45478109,755201-MLA81675102650_012025,https://http2.mlstatic.com/D_NQ_NP_755201-MLA81675102650_012025-F.jpg,True,2025-04-03 12:09:12.808410,2025-04-03 12:09:12.808410
698c4383-9b90-41b9-ad6d-aa65bd025630,MLA45478109,972980-MLA81675112334_012025,https://http2.mlstatic.com/D_NQ_NP_972980-MLA81675112334_012025-F.jpg,True,2025-04-03 12:09:12.808413,2025-04-03 12:09:12.808413
6770482e-5cf2-4d74-aab2-19d38e649623,MLA45478109,721037-MLA81947652373_012025,https://http2.mlstatic.com/D_NQ_NP_721037-MLA81947652373_012025-F.jpg,True,2025-04-03 12:09:12.808416,2025-04-03 12:09:12.808416
246f3399-1788-47c5-8021-5c544f8691ae,MLA42856754,758216-MLA80521072837_112024,https://http2.mlstatic.com/D_NQ_NP_758216-MLA80521072837_112024-F.jpg,True,2025-04-03 12:09:12.808462,2025-04-03 12:09:12.808462
8282ed01-c25b-4bc4-ad36-5207b8cb94c6,MLA37006144,821231-MLU76323028866_052024,https://http2.mlstatic.com/D_NQ_NP_821231-MLU76323028866_052024-F.jpg,True,2025-04-03 12:09:12.808477,2025-04-03 12:09:12.808477
040def53-b4ff-492a-bdcd-91de99475ff8,MLA37006144,854647-MLU76514362095_052024,https://http2.mlstatic.com/D_NQ_NP_854647-MLU76514362095_052024-F.jpg,True,2025-04-03 12:09:12.808480,2025-04-03 12:09:12.808480
79c82b76-889f-4287-be76-2dc1b132a9c5,MLA37006144,760758-MLA80341216371_102024,https://http2.mlstatic.com/D_NQ_NP_760758-MLA80341216371_102024-F.jpg,True,2025-04-03 12:09:12.808483,2025-04-03 12:09:12.808484
5e9681d3-e507-499b-95fa-81f6badfa5a4,MLA6345542,800875-MLA74781347299_022024,https://http2.mlstatic.com/D_NQ_NP_800875-MLA74781347299_022024-F.jpg,True,2025-04-03 12:09:12.808541,2025-04-03 12:09:12.808541
aed38539-1454-4a7e-83c0-cd6532138ee4,MLA6345542,660196-MLA42397445361_062020,https://mla-s1-p.mlstatic.com/660196-MLA42397445361_062020-F.jpg,True,2025-04-03 12:09:12.808544,2025-04-03 12:09:12.808544
d5d842c7-73f5-45a0-a05b-a7ff5d4d7f99,MLA21930293,774902-MCO74156650065_012024,https://http2.mlstatic.com/D_NQ_NP_774902-MCO74156650065_012024-F.jpg,True,2025-04-03 12:09:12.808584,2025-04-03 12:09:12.808584
f931251d-222c-41b3-bc62-d3283b494652,MLA47246152,758256-MLA82861334330_032025,https://http2.mlstatic.com/D_NQ_NP_758256-MLA82861334330_032025-F.jpg,True,2025-04-03 12:09:12.808720,2025-04-03 12:09:12.808720
77d9ac3a-66cf-47ab-94fa-3053a0b1c02f,MLA6386869,630563-MLA74227129949_012024,https://http2.mlstatic.com/D_NQ_NP_630563-MLA74227129949_012024-F.jpg,True,2025-04-03 12:09:12.808772,2025-04-03 12:09:12.808772
3f6af53b-cee5-42b6-bc5e-5ee26a25b1d5,MLA6386869,836744-MLA74781910955_022024,https://http2.mlstatic.com/D_NQ_NP_836744-MLA74781910955_022024-F.jpg,True,2025-04-03 12:09:12.808775,2025-04-03 12:09:12.808776
eff4a25b-24d8-476c-a4ae-06933b604161,MLA35714572,775348-MLU75570655522_042024,https://http2.mlstatic.com/D_NQ_NP_775348-MLU75570655522_042024-F.jpg,True,2025-04-03 12:09:12.808795,2025-04-03 12:09:12.808796
3e22f2a5-3336-4e78-9cc1-4e2532ecaaee,MLA22641206,645186-MLA54970379447_042023,https://http2.mlstatic.com/D_NQ_NP_645186-MLA54970379447_042023-F.jpg,True,2025-04-03 12:09:12.808904,2025-04-03 12:09:12.808904
b889bfcf-1618-4a5f-b48c-4685a8c663ad,MLA22641206,697123-MLA82960774185_032025,https://http2.mlstatic.com/D_NQ_NP_697123-MLA82960774185_032025-F.jpg,True,2025-04-03 12:09:12.808907,2025-04-03 12:09:12.808907
60cf0bb5-1886-4d77-b759-6564a5234b41,MLA22641206,907010-MLA82961496163_032025,https://http2.mlstatic.com/D_NQ_NP_907010-MLA82961496163_032025-F.jpg,True,2025-04-03 12:09:12.808910,2025-04-03 12:09:12.808910
ff770b3d-7873-4d32-9a6b-833b4ccfa08b,MLA22641206,995148-MLA82960774187_032025,https://http2.mlstatic.com/D_NQ_NP_995148-MLA82960774187_032025-F.jpg,True,2025-04-03 12:09:12.808913,2025-04-03 12:09:12.808913
dcd1e3ca-11e8-4925-8f33-af16227c0448,MLA44894386,966265-MLA81217251018_122024,https://http2.mlstatic.com/D_NQ_NP_966265-MLA81217251018_122024-F.jpg,True,2025-04-03 12:09:12.808990,2025-04-03 12:09:12.808991
b3d0245e-462c-40ed-b794-4a716fe857f5,MLA39136311,836375-MLU78241544651_082024,https://http2.mlstatic.com/D_NQ_NP_836375-MLU78241544651_082024-F.jpg,True,2025-04-03 12:09:12.809046,2025-04-03 12:09:12.809046
51b35107-f24e-4d1b-a592-9d911b63b320,MLA39136311,854513-MLU78016478478_082024,https://http2.mlstatic.com/D_NQ_NP_854513-MLU78016478478_082024-F.jpg,True,2025-04-03 12:09:12.809049,2025-04-03 12:09:12.809049
aee7177d-d459-4dc6-956b-ca7aed8451b9,MLA39136311,773477-MLU78241730609_082024,https://http2.mlstatic.com/D_NQ_NP_773477-MLU78241730609_082024-F.jpg,True,2025-04-03 12:09:12.809052,2025-04-03 12:09:12.809052
483ae138-07b2-4b30-9fb0-932fa34c48a3,MLA39136311,670384-MLU78241730633_082024,https://http2.mlstatic.com/D_NQ_NP_670384-MLU78241730633_082024-F.jpg,True,2025-04-03 12:09:12.809058,2025-04-03 12:09:12.809058
375a44a5-2b40-4d93-b737-0e8ae43f97b4,MLA39136311,951242-MLU78016458786_082024,https://http2.mlstatic.com/D_NQ_NP_951242-MLU78016458786_082024-F.jpg,True,2025-04-03 12:09:12.809062,2025-04-03 12:09:12.809062
c0b3f02b-8c75-4b50-b6d1-8ee2d4880e46,MLA39136311,805075-MLU78016644740_082024,https://http2.mlstatic.com/D_NQ_NP_805075-MLU78016644740_082024-F.jpg,True,2025-04-03 12:09:12.809065,2025-04-03 12:09:12.809065
8ef8cc74-6da5-442f-84e7-dc092bcc9720,MLA39136311,889537-MLU78016644756_082024,https://http2.mlstatic.com/D_NQ_NP_889537-MLU78016644756_082024-F.jpg,True,2025-04-03 12:09:12.809068,2025-04-03 12:09:12.809068
adae34c3-87ed-4f7b-9025-2d880b8fcdf9,MLA39136311,669810-MLU78016458826_082024,https://http2.mlstatic.com/D_NQ_NP_669810-MLU78016458826_082024-F.jpg,True,2025-04-03 12:09:12.809071,2025-04-03 12:09:12.809071
5f0067cc-ff0d-4a8d-a98b-9ccaadd25b07,MLA27753970,667650-MLU74051577213_012024,https://http2.mlstatic.com/D_NQ_NP_667650-MLU74051577213_012024-F.jpg,True,2025-04-03 12:09:12.809106,2025-04-03 12:09:12.809106
72c5382e-72a4-4b83-a618-fab5d03f2f3e,MLA27753970,845659-MLU74051577217_012024,https://http2.mlstatic.com/D_NQ_NP_845659-MLU74051577217_012024-F.jpg,True,2025-04-03 12:09:12.809109,2025-04-03 12:09:12.809109
e194f678-6052-4f8c-a876-12447a93d3dc,MLA27753970,912098-MLU72209643128_102023,https://http2.mlstatic.com/D_NQ_NP_912098-MLU72209643128_102023-F.jpg,True,2025-04-03 12:09:12.809112,2025-04-03 12:09:12.809112
65aff1cd-f721-432e-ae39-e57b29c5ea42,MLA27753970,830494-MLU72209643132_102023,https://http2.mlstatic.com/D_NQ_NP_830494-MLU72209643132_102023-F.jpg,True,2025-04-03 12:09:12.809115,2025-04-03 12:09:12.809116
0a220bd7-c5aa-4d70-877b-20830a493426,MLA29637610,646382-MLU78708540515_082024,https://http2.mlstatic.com/D_NQ_NP_646382-MLU78708540515_082024-F.jpg,True,2025-04-03 12:09:12.809181,2025-04-03 12:09:12.809182
ed97dea9-60a3-4a11-943f-9a427412c057,MLA29637610,675242-MLU78476254018_082024,https://http2.mlstatic.com/D_NQ_NP_675242-MLU78476254018_082024-F.jpg,True,2025-04-03 12:09:12.809185,2025-04-03 12:09:12.809185
2b98de82-fb1c-4548-9a1a-cf6c3a90ca9a,MLA29637610,857358-MLU78476350084_082024,https://http2.mlstatic.com/D_NQ_NP_857358-MLU78476350084_082024-F.jpg,True,2025-04-03 12:09:12.809188,2025-04-03 12:09:12.809188
67b5308b-739c-4860-a394-263ae591db3b,MLA29637610,613374-MLU78476244388_082024,https://http2.mlstatic.com/D_NQ_NP_613374-MLU78476244388_082024-F.jpg,True,2025-04-03 12:09:12.809191,2025-04-03 12:09:12.809191
68f81b20-3c07-4c01-aac6-4a31bd7718b3,MLA29637610,707309-MLU78476292212_082024,https://http2.mlstatic.com/D_NQ_NP_707309-MLU78476292212_082024-F.jpg,True,2025-04-03 12:09:12.809194,2025-04-03 12:09:12.809194
e9725876-5063-4401-b0aa-7013e0e16497,MLA29637610,609423-MLU78476448666_082024,https://http2.mlstatic.com/D_NQ_NP_609423-MLU78476448666_082024-F.jpg,True,2025-04-03 12:09:12.809197,2025-04-03 12:09:12.809197
94b94c65-7063-439a-a70a-c6a30fc1673d,MLA29637610,742078-MLU78708765649_082024,https://http2.mlstatic.com/D_NQ_NP_742078-MLU78708765649_082024-F.jpg,True,2025-04-03 12:09:12.809200,2025-04-03 12:09:12.809200
c781fe30-deef-4a6d-b639-15d1518ca46d,MLA35734835,874877-MLA79280406960_092024,https://http2.mlstatic.com/D_NQ_NP_874877-MLA79280406960_092024-F.jpg,True,2025-04-03 12:09:12.809233,2025-04-03 12:09:12.809233
b2812095-9e91-44b6-9aca-a5ec0fa44c73,MLA28929968,976869-MLU73421950807_122023,https://http2.mlstatic.com/D_NQ_NP_976869-MLU73421950807_122023-F.jpg,True,2025-04-03 12:09:12.809295,2025-04-03 12:09:12.809295
70928d59-61ff-441a-9d43-58f55a21a0be,MLA28929968,875562-MLU73421881745_122023,https://http2.mlstatic.com/D_NQ_NP_875562-MLU73421881745_122023-F.jpg,True,2025-04-03 12:09:12.809298,2025-04-03 12:09:12.809298
b29f0a3f-5e0e-4fa4-b9f7-69dd76d4f01e,MLA28929968,879698-MLU73421950825_122023,https://http2.mlstatic.com/D_NQ_NP_879698-MLU73421950825_122023-F.jpg,True,2025-04-03 12:09:12.809301,2025-04-03 12:09:12.809301
d821da65-6968-4e6a-a87b-83eeb16a0b85,MLA28929968,936174-MLU73422056947_122023,https://http2.mlstatic.com/D_NQ_NP_936174-MLU73422056947_122023-F.jpg,True,2025-04-03 12:09:12.809304,2025-04-03 12:09:12.809304
804d3687-8156-44fd-9d73-9420b028c1ea,MLA28929968,615972-MLU73421950845_122023,https://http2.mlstatic.com/D_NQ_NP_615972-MLU73421950845_122023-F.jpg,True,2025-04-03 12:09:12.809307,2025-04-03 12:09:12.809307
873bda8c-da19-415a-8954-a0f2d2c6917f,MLA46977442,807099-MLA82665347334_032025,https://http2.mlstatic.com/D_NQ_NP_807099-MLA82665347334_032025-F.jpg,True,2025-04-03 12:09:12.809361,2025-04-03 12:09:12.809361
48f94cfd-3494-4dae-a69d-1b1535af1a73,MLA46977442,933273-MLA82952162763_032025,https://http2.mlstatic.com/D_NQ_NP_933273-MLA82952162763_032025-F.jpg,True,2025-04-03 12:09:12.809364,2025-04-03 12:09:12.809364
69d2b256-7ea2-4ead-9b2a-09ab39db73f5,MLA43012589,953052-MLA80627936039_112024,https://http2.mlstatic.com/D_NQ_NP_953052-MLA80627936039_112024-F.jpg,True,2025-04-03 12:09:12.809439,2025-04-03 12:09:12.809440
a167fce0-ab53-40a6-b92f-0998584168bd,MLA42963033,626811-MLA80584840445_112024,https://http2.mlstatic.com/D_NQ_NP_626811-MLA80584840445_112024-F.jpg,True,2025-04-03 12:09:12.809465,2025-04-03 12:09:12.809465
5ca0bdce-b4dd-4a8f-9d85-f87cf1f11424,MLA22209479,810850-MLA74035745292_012024,https://http2.mlstatic.com/D_NQ_NP_810850-MLA74035745292_012024-F.jpg,True,2025-04-03 12:09:12.809517,2025-04-03 12:09:12.809517
453a22ec-cfae-4f6d-baee-e3a67505edaa,MLA43273427,896818-MLA80710764077_112024,https://http2.mlstatic.com/D_NQ_NP_896818-MLA80710764077_112024-F.jpg,True,2025-04-03 12:09:12.809565,2025-04-03 12:09:12.809565
49434ded-9d56-406d-ae03-75f4de992084,MLA43273427,775355-MLA80450443870_112024,https://http2.mlstatic.com/D_NQ_NP_775355-MLA80450443870_112024-F.jpg,True,2025-04-03 12:09:12.809568,2025-04-03 12:09:12.809568
9431ca2c-013e-4153-aff9-3ddbd8797a9f,MLA14141502,816190-MLA74781911295_022024,https://http2.mlstatic.com/D_NQ_NP_816190-MLA74781911295_022024-F.jpg,True,2025-04-03 12:09:12.809629,2025-04-03 12:09:12.809629
373a985c-65de-43bb-848d-23ac9ed50c0f,MLA14141502,855218-MLA32691559396_102019,https://mla-s1-p.mlstatic.com/855218-MLA32691559396_102019-F.jpg,True,2025-04-03 12:09:12.809632,2025-04-03 12:09:12.809632
d2776c2d-9483-41f5-9fbc-798eee1adbec,MLA36775989,851785-MLU76290878335_052024,https://http2.mlstatic.com/D_NQ_NP_851785-MLU76290878335_052024-F.jpg,True,2025-04-03 12:09:12.809655,2025-04-03 12:09:12.809655
2ec6a2ec-78ec-4ae7-a545-3b3424480b4c,MLA39064534,689272-MLU77983873824_082024,https://http2.mlstatic.com/D_NQ_NP_689272-MLU77983873824_082024-F.jpg,True,2025-04-03 12:09:12.809714,2025-04-03 12:09:12.809714
8705b3cf-c94a-4415-b2ec-fa0c82beedcf,MLA21494611,639341-MLB44486212256_012021,https://http2.mlstatic.com/D_NQ_NP_639341-MLB44486212256_012021-F.jpg,True,2025-04-03 12:09:12.809767,2025-04-03 12:09:12.809767
421bba53-3d0f-44e4-b1e8-f3e3ffd036f5,MLA36873001,820239-MLU76346658661_052024,https://http2.mlstatic.com/D_NQ_NP_820239-MLU76346658661_052024-F.jpg,True,2025-04-03 12:09:12.809789,2025-04-03 12:09:12.809789
984a01a5-1c49-4bdf-837f-dce91759afd8,MLA36873001,834455-MLU76346484425_052024,https://http2.mlstatic.com/D_NQ_NP_834455-MLU76346484425_052024-F.jpg,True,2025-04-03 12:09:12.809792,2025-04-03 12:09:12.809792
cbffcc98-7d2f-4064-8264-d10d8434af59,MLA36873001,767008-MLU76160265838_052024,https://http2.mlstatic.com/D_NQ_NP_767008-MLU76160265838_052024-F.jpg,True,2025-04-03 12:09:12.809795,2025-04-03 12:09:12.809795
2c9e7fdb-3316-4b53-a289-2b842322cabe,MLA22102557,947735-MLC53777657298_022023,https://http2.mlstatic.com/D_NQ_NP_947735-MLC53777657298_022023-F.jpg,True,2025-04-03 12:09:12.809831,2025-04-03 12:09:12.809831
1581c699-2527-4e2b-a5d5-5fc0b8a479a6,MLA22102557,821655-MLA53777896119_022023,https://http2.mlstatic.com/D_NQ_NP_821655-MLA53777896119_022023-F.jpg,True,2025-04-03 12:09:12.809834,2025-04-03 12:09:12.809834
0be73475-7d94-49d7-aec5-a8d4b3698f2a,MLA21319245,995784-MLC50101779125_052022,https://http2.mlstatic.com/D_NQ_NP_995784-MLC50101779125_052022-F.jpg,True,2025-04-03 12:09:12.809864,2025-04-03 12:09:12.809864
eee3da3b-a206-4f7e-b667-131ac722ed5c,MLA38218444,902563-MLU77658038197_072024,https://http2.mlstatic.com/D_NQ_NP_902563-MLU77658038197_072024-F.jpg,True,2025-04-03 12:09:12.809919,2025-04-03 12:09:12.809919
ca638880-09dd-48f5-b11c-f5f15655a0e9,MLA38218444,896578-MLU77658038201_072024,https://http2.mlstatic.com/D_NQ_NP_896578-MLU77658038201_072024-F.jpg,True,2025-04-03 12:09:12.809922,2025-04-03 12:09:12.809923
779b0322-c36e-4350-ba2c-a51c15045176,MLA42907196,783667-MLA80547113283_112024,https://http2.mlstatic.com/D_NQ_NP_783667-MLA80547113283_112024-F.jpg,True,2025-04-03 12:09:12.810003,2025-04-03 12:09:12.810003
4395840b-2b6e-42b0-a06d-8c44384e969a,MLA42907196,651674-MLA80547113285_112024,https://http2.mlstatic.com/D_NQ_NP_651674-MLA80547113285_112024-F.jpg,True,2025-04-03 12:09:12.810006,2025-04-03 12:09:12.810006
526fe572-ba1c-48c0-83b5-4a0e1b2d60e4,MLA42907196,675018-MLA80289819392_112024,https://http2.mlstatic.com/D_NQ_NP_675018-MLA80289819392_112024-F.jpg,True,2025-04-03 12:09:12.810009,2025-04-03 12:09:12.810009
6838c748-adb7-437c-b7ef-0340959f5405,MLA42907196,917785-MLA80547113291_112024,https://http2.mlstatic.com/D_NQ_NP_917785-MLA80547113291_112024-F.jpg,True,2025-04-03 12:09:12.810012,2025-04-03 12:09:12.810012
cede70c4-c443-4ae0-87ad-c88398166721,MLA42907196,928052-MLA80289711086_112024,https://http2.mlstatic.com/D_NQ_NP_928052-MLA80289711086_112024-F.jpg,True,2025-04-03 12:09:12.810015,2025-04-03 12:09:12.810015
f68fe3ac-ba4e-4c70-85e6-740e14cf0b46,MLA37034302,934234-MLU76521650559_052024,https://http2.mlstatic.com/D_NQ_NP_934234-MLU76521650559_052024-F.jpg,True,2025-04-03 12:09:12.810030,2025-04-03 12:09:12.810030
cc361f6c-bc3a-45d9-86fd-de83a0fd336f,MLA37034302,735663-MLU76330234804_052024,https://http2.mlstatic.com/D_NQ_NP_735663-MLU76330234804_052024-F.jpg,True,2025-04-03 12:09:12.810033,2025-04-03 12:09:12.810034
aeedb638-7f53-4243-8719-195eded08696,MLA37034302,851767-MLU76521650571_052024,https://http2.mlstatic.com/D_NQ_NP_851767-MLU76521650571_052024-F.jpg,True,2025-04-03 12:09:12.810036,2025-04-03 12:09:12.810037
c5ed4166-8a67-46e1-804a-119153f16d40,MLA37034302,771397-MLU76330147802_052024,https://http2.mlstatic.com/D_NQ_NP_771397-MLU76330147802_052024-F.jpg,True,2025-04-03 12:09:12.810039,2025-04-03 12:09:12.810040
5681f265-3ac1-4cda-91ce-21d86d368b2a,MLA37034302,770760-MLU76521504559_052024,https://http2.mlstatic.com/D_NQ_NP_770760-MLU76521504559_052024-F.jpg,True,2025-04-03 12:09:12.810042,2025-04-03 12:09:12.810043
111483fd-4918-403c-aaab-97fc9853b7f0,MLA37034302,728629-MLU76330147814_052024,https://http2.mlstatic.com/D_NQ_NP_728629-MLU76330147814_052024-F.jpg,True,2025-04-03 12:09:12.810047,2025-04-03 12:09:12.810047
77ee9dd5-a07c-4e45-aec1-1fb9702c82af,MLA24801177,915409-MLU70657566977_072023,https://http2.mlstatic.com/D_NQ_NP_915409-MLU70657566977_072023-F.jpg,True,2025-04-03 12:09:12.810129,2025-04-03 12:09:12.810129
0a34fe33-71af-4beb-81c6-0939c7cf922e,MLA24801177,979222-MLU70657228909_072023,https://http2.mlstatic.com/D_NQ_NP_979222-MLU70657228909_072023-F.jpg,True,2025-04-03 12:09:12.810132,2025-04-03 12:09:12.810133
fd58d2b3-2d48-49c6-a552-4c7d2ac90ec8,MLA41826511,820784-MLA79658665000_102024,https://http2.mlstatic.com/D_NQ_NP_820784-MLA79658665000_102024-F.jpg,True,2025-04-03 12:09:12.810163,2025-04-03 12:09:12.810163
00c78f5c-0d14-4752-a978-3e61a1882833,MLA6134629,655215-MLA25146831162_112016,https://http2.mlstatic.com/D_NQ_NP_655215-MLA25146831162_112016-F.jpg,True,2025-04-03 12:09:12.810208,2025-04-03 12:09:12.810208
35d74430-4dd7-494c-8b95-e1ddc27c2cd5,MLA41763612,750442-MLA79635290048_102024,https://http2.mlstatic.com/D_NQ_NP_750442-MLA79635290048_102024-F.jpg,True,2025-04-03 12:09:12.810225,2025-04-03 12:09:12.810226
a2a68618-3986-4ffd-ab9a-908aa434c3d8,MLA41763612,691440-MLA79884558873_102024,https://http2.mlstatic.com/D_NQ_NP_691440-MLA79884558873_102024-F.jpg,True,2025-04-03 12:09:12.810229,2025-04-03 12:09:12.810229
58e3a268-e84e-434b-ae5e-a190071a37c8,MLA41763612,688544-MLA79884558879_102024,https://http2.mlstatic.com/D_NQ_NP_688544-MLA79884558879_102024-F.jpg,True,2025-04-03 12:09:12.810232,2025-04-03 12:09:12.810233
c6a44315-8eac-4383-82ac-d8acfa28106e,MLA41763612,690114-MLA79635290060_102024,https://http2.mlstatic.com/D_NQ_NP_690114-MLA79635290060_102024-F.jpg,True,2025-04-03 12:09:12.810236,2025-04-03 12:09:12.810236
f0dea111-c1fe-4b20-b9be-f2dc6205b6fa,MLA41763612,929869-MLA79884461627_102024,https://http2.mlstatic.com/D_NQ_NP_929869-MLA79884461627_102024-F.jpg,True,2025-04-03 12:09:12.810239,2025-04-03 12:09:12.810239
3f86cf75-3a32-4110-b8c2-7e45f1fc2ba9,MLA41763612,774128-MLA79884607741_102024,https://http2.mlstatic.com/D_NQ_NP_774128-MLA79884607741_102024-F.jpg,True,2025-04-03 12:09:12.810243,2025-04-03 12:09:12.810243
7d801820-bf3a-4112-ac9a-3ff2820573de,MLA41763612,905171-MLA79884607753_102024,https://http2.mlstatic.com/D_NQ_NP_905171-MLA79884607753_102024-F.jpg,True,2025-04-03 12:09:12.810246,2025-04-03 12:09:12.810246
1891c282-7294-4c24-b4cf-55193ec2e920,MLA41763612,941027-MLA79884558921_102024,https://http2.mlstatic.com/D_NQ_NP_941027-MLA79884558921_102024-F.jpg,True,2025-04-03 12:09:12.810249,2025-04-03 12:09:12.810249
c12e7d02-7581-4292-80f3-d44a96dc8732,MLA14540830,644940-MLA32691860057_102019,https://mla-s2-p.mlstatic.com/644940-MLA32691860057_102019-F.jpg,True,2025-04-03 12:09:12.810370,2025-04-03 12:09:12.810370
2e114730-7129-4858-8251-72a92c7e903d,MLA14540830,632140-MLA32691404917_102019,https://mla-s2-p.mlstatic.com/632140-MLA32691404917_102019-F.jpg,True,2025-04-03 12:09:12.810374,2025-04-03 12:09:12.810375
baceee64-4a23-46f0-afc8-22077d942aa3,MLA41081314,707719-MLA79213992636_092024,https://http2.mlstatic.com/D_NQ_NP_707719-MLA79213992636_092024-F.jpg,True,2025-04-03 12:09:12.810412,2025-04-03 12:09:12.810412
270f6efa-cecd-4a10-94d1-e6ef0a614d74,MLA41081314,663891-MLA79213992644_092024,https://http2.mlstatic.com/D_NQ_NP_663891-MLA79213992644_092024-F.jpg,True,2025-04-03 12:09:12.810416,2025-04-03 12:09:12.810416
f50d35e1-2c2f-49aa-a955-4309046d8256,MLA41081314,938758-MLA79214097600_092024,https://http2.mlstatic.com/D_NQ_NP_938758-MLA79214097600_092024-F.jpg,True,2025-04-03 12:09:12.810419,2025-04-03 12:09:12.810419
e4df32a7-efa1-4e6d-83af-34e7a5465137,MLA41081314,690385-MLA79456492363_092024,https://http2.mlstatic.com/D_NQ_NP_690385-MLA79456492363_092024-F.jpg,True,2025-04-03 12:09:12.810422,2025-04-03 12:09:12.810422
fa4d7604-a9a6-4bb3-88de-bd9c5327d8f9,MLA41081314,899953-MLA79456492377_092024,https://http2.mlstatic.com/D_NQ_NP_899953-MLA79456492377_092024-F.jpg,True,2025-04-03 12:09:12.810426,2025-04-03 12:09:12.810426
876c0515-eba8-455d-b8b6-184e144724c6,MLA41081314,690175-MLA79456598851_092024,https://http2.mlstatic.com/D_NQ_NP_690175-MLA79456598851_092024-F.jpg,True,2025-04-03 12:09:12.810429,2025-04-03 12:09:12.810429
4609a205-e032-42d9-bb25-928495e9725a,MLA41081314,876345-MLA79456598875_092024,https://http2.mlstatic.com/D_NQ_NP_876345-MLA79456598875_092024-F.jpg,True,2025-04-03 12:09:12.810432,2025-04-03 12:09:12.810432
58fd1378-baa0-4b37-937c-ae62a079daf5,MLA41081314,923370-MLA79456598885_092024,https://http2.mlstatic.com/D_NQ_NP_923370-MLA79456598885_092024-F.jpg,True,2025-04-03 12:09:12.810436,2025-04-03 12:09:12.810436
31cd5297-d039-41dc-b742-1ff727d8fe5c,MLA37220358,685412-MLU76655988385_052024,https://http2.mlstatic.com/D_NQ_NP_685412-MLU76655988385_052024-F.jpg,True,2025-04-03 12:09:12.810452,2025-04-03 12:09:12.810452
4b741b87-6c5f-4281-a09b-f494bfcd2c42,MLA37220358,647543-MLA80117935626_112024,https://http2.mlstatic.com/D_NQ_NP_647543-MLA80117935626_112024-F.jpg,True,2025-04-03 12:09:12.810456,2025-04-03 12:09:12.810456
0b728495-3ce5-489e-a064-e0cdbdb8e993,MLA37220358,662799-MLA80117534684_112024,https://http2.mlstatic.com/D_NQ_NP_662799-MLA80117534684_112024-F.jpg,True,2025-04-03 12:09:12.810459,2025-04-03 12:09:12.810459
018c6f71-1a67-49d9-b13c-aeb2bdd4f674,MLA42707732,848440-MLA80471449893_112024,https://http2.mlstatic.com/D_NQ_NP_848440-MLA80471449893_112024-F.jpg,True,2025-04-03 12:09:12.810476,2025-04-03 12:09:12.810476
b389bc7d-6d29-462a-9f26-517d7703310a,MLA42707090,682501-MLA80214409158_112024,https://http2.mlstatic.com/D_NQ_NP_682501-MLA80214409158_112024-F.jpg,True,2025-04-03 12:09:12.810492,2025-04-03 12:09:12.810493
660c5ecb-09c3-4360-979d-716b1d5e8c5f,MLA42707090,642385-MLA80471444795_112024,https://http2.mlstatic.com/D_NQ_NP_642385-MLA80471444795_112024-F.jpg,True,2025-04-03 12:09:12.810496,2025-04-03 12:09:12.810496
5bd106c5-de41-43f9-a598-3233a359214a,MLA42707090,783731-MLA80471377783_112024,https://http2.mlstatic.com/D_NQ_NP_783731-MLA80471377783_112024-F.jpg,True,2025-04-03 12:09:12.810499,2025-04-03 12:09:12.810499
ac8fb8cb-15d7-4013-9a89-c33fd920113b,MLA42707090,757414-MLA80214409174_112024,https://http2.mlstatic.com/D_NQ_NP_757414-MLA80214409174_112024-F.jpg,True,2025-04-03 12:09:12.810503,2025-04-03 12:09:12.810503
5506da23-da19-4758-bb69-897027f51750,MLA42857385,927848-MLA80264217676_112024,https://http2.mlstatic.com/D_NQ_NP_927848-MLA80264217676_112024-F.jpg,True,2025-04-03 12:09:12.810552,2025-04-03 12:09:12.810553
ee3828de-eb1a-45f6-a1af-8a890d542ad5,MLA42857385,787553-MLA80264217682_112024,https://http2.mlstatic.com/D_NQ_NP_787553-MLA80264217682_112024-F.jpg,True,2025-04-03 12:09:12.810556,2025-04-03 12:09:12.810556
f70a981b-aabd-4c10-a4dd-02d40399ab4a,MLA42857385,681275-MLA80264335074_112024,https://http2.mlstatic.com/D_NQ_NP_681275-MLA80264335074_112024-F.jpg,True,2025-04-03 12:09:12.810559,2025-04-03 12:09:12.810559
916cb65a-7029-4457-bda4-84514347c6db,MLA42857385,875872-MLA80264217690_112024,https://http2.mlstatic.com/D_NQ_NP_875872-MLA80264217690_112024-F.jpg,True,2025-04-03 12:09:12.810563,2025-04-03 12:09:12.810563
2e8ce03b-bef4-493f-9fa7-88ae9c65824e,MLA42857385,846418-MLA80521073559_112024,https://http2.mlstatic.com/D_NQ_NP_846418-MLA80521073559_112024-F.jpg,True,2025-04-03 12:09:12.810566,2025-04-03 12:09:12.810566
842d1b6f-4c59-4f50-9d03-81eeb9835b58,MLA42857385,768155-MLA80264335090_112024,https://http2.mlstatic.com/D_NQ_NP_768155-MLA80264335090_112024-F.jpg,True,2025-04-03 12:09:12.810569,2025-04-03 12:09:12.810569
9a3bbba8-4405-45dd-96e7-ae9410f0fbd5,MLA42857385,881811-MLA80521133345_112024,https://http2.mlstatic.com/D_NQ_NP_881811-MLA80521133345_112024-F.jpg,True,2025-04-03 12:09:12.810573,2025-04-03 12:09:12.810573
28bfe7a0-e0b5-43d8-962c-911664c78dfa,MLA42427194,857700-MLA80303051169_102024,https://http2.mlstatic.com/D_NQ_NP_857700-MLA80303051169_102024-F.jpg,True,2025-04-03 12:09:12.810590,2025-04-03 12:09:12.810590
d5bae996-032a-4bf0-bb8a-147e85d75ed0,MLA42427194,787904-MLA80302922877_102024,https://http2.mlstatic.com/D_NQ_NP_787904-MLA80302922877_102024-F.jpg,True,2025-04-03 12:09:12.810593,2025-04-03 12:09:12.810593
83899913-edd5-498b-9338-53db03a7e497,MLA42427194,614368-MLA80303139707_102024,https://http2.mlstatic.com/D_NQ_NP_614368-MLA80303139707_102024-F.jpg,True,2025-04-03 12:09:12.810596,2025-04-03 12:09:12.810597
cdc718e8-420d-47b4-9815-303fcc9d72d8,MLA42427194,977479-MLA80303218427_102024,https://http2.mlstatic.com/D_NQ_NP_977479-MLA80303218427_102024-F.jpg,True,2025-04-03 12:09:12.810600,2025-04-03 12:09:12.810600
fc358a17-15e3-42fe-80f4-2640983bcc89,MLA22870933,821091-MLU75055876225_032024,https://http2.mlstatic.com/D_NQ_NP_821091-MLU75055876225_032024-F.jpg,True,2025-04-03 12:09:12.810676,2025-04-03 12:09:12.810676
42a8dcd0-3d28-4c92-b2dd-e83a35aba168,MLA22870933,635624-MLU74917125866_032024,https://http2.mlstatic.com/D_NQ_NP_635624-MLU74917125866_032024-F.jpg,True,2025-04-03 12:09:12.810679,2025-04-03 12:09:12.810679
af9fe234-6050-4708-8f38-7837783d16e2,MLA22870933,989841-MLU74916979830_032024,https://http2.mlstatic.com/D_NQ_NP_989841-MLU74916979830_032024-F.jpg,True,2025-04-03 12:09:12.810683,2025-04-03 12:09:12.810683
fc375241-afd3-477b-8386-57c6425f9922,MLA22870933,610886-MLU54974316811_042023,https://http2.mlstatic.com/D_NQ_NP_610886-MLU54974316811_042023-F.jpg,True,2025-04-03 12:09:12.810686,2025-04-03 12:09:12.810687
44d7352c-0f0c-4ca7-9d5f-02889b409cf8,MLA22870933,684003-MLU54974312953_042023,https://http2.mlstatic.com/D_NQ_NP_684003-MLU54974312953_042023-F.jpg,True,2025-04-03 12:09:12.810690,2025-04-03 12:09:12.810690
45a5374c-06ff-4d6d-81a7-30edf5d4bcf9,MLA22870933,867471-MLU54974316815_042023,https://http2.mlstatic.com/D_NQ_NP_867471-MLU54974316815_042023-F.jpg,True,2025-04-03 12:09:12.810693,2025-04-03 12:09:12.810693
fcffcf27-94b5-4987-b197-12175e6df05a,MLA19756737,617675-MLA52166775772_102022,https://http2.mlstatic.com/D_NQ_NP_617675-MLA52166775772_102022-F.jpg,True,2025-04-03 12:09:12.810798,2025-04-03 12:09:12.810798
6f101998-cbcd-4ea3-84c5-1fb87ca7db03,MLA19756737,631309-MLA74116313344_012024,https://http2.mlstatic.com/D_NQ_NP_631309-MLA74116313344_012024-F.jpg,True,2025-04-03 12:09:12.810801,2025-04-03 12:09:12.810801
bbdf6ee6-9b8d-44ae-83ba-a9958049feb8,MLA19756737,771990-MLA52146367494_102022,https://http2.mlstatic.com/D_NQ_NP_771990-MLA52146367494_102022-F.jpg,True,2025-04-03 12:09:12.810805,2025-04-03 12:09:12.810805
0edda893-75c3-40ac-a6b1-b348392606e7,MLA19756737,954651-MLA74226024401_012024,https://http2.mlstatic.com/D_NQ_NP_954651-MLA74226024401_012024-F.jpg,True,2025-04-03 12:09:12.810808,2025-04-03 12:09:12.810808
9480387f-74e2-4d6c-a14d-0bb78a71598a,MLA19756737,675322-MLA74135795788_012024,https://http2.mlstatic.com/D_NQ_NP_675322-MLA74135795788_012024-F.jpg,True,2025-04-03 12:09:12.810811,2025-04-03 12:09:12.810812
294d5ad0-fa00-4c05-9526-610073d8f541,MLA19756737,853575-MLA74117437844_012024,https://http2.mlstatic.com/D_NQ_NP_853575-MLA74117437844_012024-F.jpg,True,2025-04-03 12:09:12.810815,2025-04-03 12:09:12.810815
caa270d9-26d5-48c5-a660-2885892f3798,MLA19756737,970431-MLA52350534360_112022,https://http2.mlstatic.com/D_NQ_NP_970431-MLA52350534360_112022-F.jpg,True,2025-04-03 12:09:12.810818,2025-04-03 12:09:12.810818
6b728f65-dd6b-4807-ba4f-50f8d545d442,MLA19756737,695227-MLA52146403416_102022,https://http2.mlstatic.com/D_NQ_NP_695227-MLA52146403416_102022-F.jpg,True,2025-04-03 12:09:12.810822,2025-04-03 12:09:12.810822
40184e97-4841-4267-b517-8897724bc3af,MLA42864777,961003-MLA80531633643_112024,https://http2.mlstatic.com/D_NQ_NP_961003-MLA80531633643_112024-F.jpg,True,2025-04-03 12:09:12.810864,2025-04-03 12:09:12.810864
811d6817-3098-4989-b55e-45ecdc091067,MLA37170466,987900-MLU76634392209_052024,https://http2.mlstatic.com/D_NQ_NP_987900-MLU76634392209_052024-F.jpg,True,2025-04-03 12:09:12.810881,2025-04-03 12:09:12.810881
a2844531-6fe9-4253-a381-8546e3cf5467,MLA37170466,917516-MLU76438730978_052024,https://http2.mlstatic.com/D_NQ_NP_917516-MLU76438730978_052024-F.jpg,True,2025-04-03 12:09:12.810884,2025-04-03 12:09:12.810885
1471c9b2-ab01-49eb-9233-5372cd1106df,MLA37170466,754646-MLU76438750632_052024,https://http2.mlstatic.com/D_NQ_NP_754646-MLU76438750632_052024-F.jpg,True,2025-04-03 12:09:12.810888,2025-04-03 12:09:12.810888
80fd69ac-85a0-432c-9622-da48dc959c41,MLA37170466,764306-MLU76634441367_052024,https://http2.mlstatic.com/D_NQ_NP_764306-MLU76634441367_052024-F.jpg,True,2025-04-03 12:09:12.810891,2025-04-03 12:09:12.810891
b469522a-5053-4c89-9d71-fa3139180b04,MLA37170466,660438-MLU76634392261_052024,https://http2.mlstatic.com/D_NQ_NP_660438-MLU76634392261_052024-F.jpg,True,2025-04-03 12:09:12.810895,2025-04-03 12:09:12.810895
fdde9e72-1796-4f31-84f2-c378a86db3b5,MLA37170466,998404-MLU76438884868_052024,https://http2.mlstatic.com/D_NQ_NP_998404-MLU76438884868_052024-F.jpg,True,2025-04-03 12:09:12.810898,2025-04-03 12:09:12.810898
32f23cc8-2164-46c9-9fc9-2e76aa9b1d24,MLA37170466,999862-MLU76438750674_052024,https://http2.mlstatic.com/D_NQ_NP_999862-MLU76438750674_052024-F.jpg,True,2025-04-03 12:09:12.810901,2025-04-03 12:09:12.810902
eb2327d7-19a3-4a46-82ae-fa0b41e308ba,MLA44999334,619964-MLA81281010732_122024,https://http2.mlstatic.com/D_NQ_NP_619964-MLA81281010732_122024-F.jpg,True,2025-04-03 12:09:12.810956,2025-04-03 12:09:12.810956
771c83cf-485f-45cc-b308-29c251256a52,MLA44999334,702444-MLA81550018047_122024,https://http2.mlstatic.com/D_NQ_NP_702444-MLA81550018047_122024-F.jpg,True,2025-04-03 12:09:12.810960,2025-04-03 12:09:12.810960
ff8cb6b4-199d-471c-a092-1e1434b17e3b,MLA16033188,609982-MLU78888123346_092024,https://http2.mlstatic.com/D_NQ_NP_609982-MLU78888123346_092024-F.jpg,True,2025-04-03 12:09:12.811051,2025-04-03 12:09:12.811051
9d181881-dfbf-47e1-a424-ad41eba1b5ee,MLA16033188,975624-MLU79126166883_092024,https://http2.mlstatic.com/D_NQ_NP_975624-MLU79126166883_092024-F.jpg,True,2025-04-03 12:09:12.811054,2025-04-03 12:09:12.811054
482a035c-4013-441a-8999-a7b58222f612,MLA29066258,958137-MLU73513445217_122023,https://http2.mlstatic.com/D_NQ_NP_958137-MLU73513445217_122023-F.jpg,True,2025-04-03 12:09:12.811146,2025-04-03 12:09:12.811146
4c9c7135-4c7b-4bce-bfcb-48312fbc5da8,MLA29066258,843159-MLU73513445225_122023,https://http2.mlstatic.com/D_NQ_NP_843159-MLU73513445225_122023-F.jpg,True,2025-04-03 12:09:12.811149,2025-04-03 12:09:12.811149
9d9d1092-649c-4b63-8b59-12517978eb15,MLA29066258,732443-MLU73421820120_122023,https://http2.mlstatic.com/D_NQ_NP_732443-MLU73421820120_122023-F.jpg,True,2025-04-03 12:09:12.811153,2025-04-03 12:09:12.811153
6ed1027b-d46d-4094-9879-358ace620639,MLA29066258,782115-MLU73421820128_122023,https://http2.mlstatic.com/D_NQ_NP_782115-MLU73421820128_122023-F.jpg,True,2025-04-03 12:09:12.811157,2025-04-03 12:09:12.811157
468ce3dd-3316-4348-ae4a-d83d13fa9594,MLA29066258,923305-MLU73513445241_122023,https://http2.mlstatic.com/D_NQ_NP_923305-MLU73513445241_122023-F.jpg,True,2025-04-03 12:09:12.811161,2025-04-03 12:09:12.811161
380f8421-7925-4e21-a5ac-80d3e772213f,MLA29066258,835525-MLU73421839920_122023,https://http2.mlstatic.com/D_NQ_NP_835525-MLU73421839920_122023-F.jpg,True,2025-04-03 12:09:12.811164,2025-04-03 12:09:12.811164
10ef8ae8-ac1c-4850-914a-05d3ee76b1fc,MLA29066258,741133-MLU73421513600_122023,https://http2.mlstatic.com/D_NQ_NP_741133-MLU73421513600_122023-F.jpg,True,2025-04-03 12:09:12.811167,2025-04-03 12:09:12.811168
5b403b14-7b81-4a40-9cd8-854d9ccec7cb,MLA29066258,808080-MLU73421839926_122023,https://http2.mlstatic.com/D_NQ_NP_808080-MLU73421839926_122023-F.jpg,True,2025-04-03 12:09:12.811171,2025-04-03 12:09:12.811171
fa1006c1-5a50-44f2-937d-5350a8ca4291,MLA29066258,893776-MLU73421958608_122023,https://http2.mlstatic.com/D_NQ_NP_893776-MLU73421958608_122023-F.jpg,True,2025-04-03 12:09:12.811174,2025-04-03 12:09:12.811174
be973c60-c8f2-4f27-8a89-fd098f24cabd,MLA29066258,793198-MLU73513445267_122023,https://http2.mlstatic.com/D_NQ_NP_793198-MLU73513445267_122023-F.jpg,True,2025-04-03 12:09:12.811178,2025-04-03 12:09:12.811178
bbe8951c-e69f-4c34-9f99-35c164d3f9ca,MLA43918831,645667-MLA80706203482_112024,https://http2.mlstatic.com/D_NQ_NP_645667-MLA80706203482_112024-F.jpg,True,2025-04-03 12:09:12.811287,2025-04-03 12:09:12.811287
9d8c6a4d-3d96-4150-9e3b-f68c345a2ffd,MLA43918831,864983-MLA80706380678_112024,https://http2.mlstatic.com/D_NQ_NP_864983-MLA80706380678_112024-F.jpg,True,2025-04-03 12:09:12.811290,2025-04-03 12:09:12.811290
3f9af66f-4c51-4607-bd82-b075a6de1d2b,MLA41083730,875346-MLA79214307528_092024,https://http2.mlstatic.com/D_NQ_NP_875346-MLA79214307528_092024-F.jpg,True,2025-04-03 12:09:12.811363,2025-04-03 12:09:12.811363
e72a13e8-edf1-4191-b5bf-6d04bece4059,MLA41083730,989044-MLA79456603797_092024,https://http2.mlstatic.com/D_NQ_NP_989044-MLA79456603797_092024-F.jpg,True,2025-04-03 12:09:12.811367,2025-04-03 12:09:12.811367
53bcb561-96fe-44db-b938-e320232a1c3c,MLA41083730,972014-MLA79214307546_092024,https://http2.mlstatic.com/D_NQ_NP_972014-MLA79214307546_092024-F.jpg,True,2025-04-03 12:09:12.811370,2025-04-03 12:09:12.811370
166f2c23-48ff-4ae8-9821-9c4dd65d13fd,MLA41083730,739272-MLA79456887027_092024,https://http2.mlstatic.com/D_NQ_NP_739272-MLA79456887027_092024-F.jpg,True,2025-04-03 12:09:12.811373,2025-04-03 12:09:12.811374
9208c828-6c66-4953-b2be-ba5af8e064d3,MLA41083730,982841-MLA79456887033_092024,https://http2.mlstatic.com/D_NQ_NP_982841-MLA79456887033_092024-F.jpg,True,2025-04-03 12:09:12.811377,2025-04-03 12:09:12.811377
e6549591-b6c5-44ea-88ad-f0517b2f24e8,MLA41083730,944791-MLA79214307558_092024,https://http2.mlstatic.com/D_NQ_NP_944791-MLA79214307558_092024-F.jpg,True,2025-04-03 12:09:12.811380,2025-04-03 12:09:12.811380
91c5f639-c833-4cde-91b7-3d7b71f11f42,MLA42411374,930035-MLA80040937206_102024,https://http2.mlstatic.com/D_NQ_NP_930035-MLA80040937206_102024-F.jpg,True,2025-04-03 12:09:12.811415,2025-04-03 12:09:12.811416
ed83a7b4-cc80-4e1d-931c-d0ac702871b4,MLA44429515,731449-MLA81165437107_122024,https://http2.mlstatic.com/D_NQ_NP_731449-MLA81165437107_122024-F.jpg,True,2025-04-03 12:09:12.811512,2025-04-03 12:09:12.811512
2eb6de66-907f-479a-a550-83fccb802d53,MLA25362243,765269-MLU70712528652_072023,https://http2.mlstatic.com/D_NQ_NP_765269-MLU70712528652_072023-F.jpg,True,2025-04-03 12:09:12.811574,2025-04-03 12:09:12.811574
7e702f7a-7fda-4f47-96fd-6e2ff62d808d,MLA45646033,617290-MLA82067536675_012025,https://http2.mlstatic.com/D_NQ_NP_617290-MLA82067536675_012025-F.jpg,True,2025-04-03 12:09:12.811713,2025-04-03 12:09:12.811713
d5db0cd1-7598-4330-af96-964228e71c07,MLA29223144,672221-MLU79083960927_092024,https://http2.mlstatic.com/D_NQ_NP_672221-MLU79083960927_092024-F.jpg,True,2025-04-03 12:09:12.811817,2025-04-03 12:09:12.811817
fcd41b8b-df18-4617-9345-7746e0dffbfe,MLA29223144,605026-MLU73573982565_122023,https://http2.mlstatic.com/D_NQ_NP_605026-MLU73573982565_122023-F.jpg,True,2025-04-03 12:09:12.811820,2025-04-03 12:09:12.811821
96d0bb28-602d-4f69-8980-1c65d52adad1,MLA29223144,917229-MLU73573894271_122023,https://http2.mlstatic.com/D_NQ_NP_917229-MLU73573894271_122023-F.jpg,True,2025-04-03 12:09:12.811824,2025-04-03 12:09:12.811824
10d05f9b-fe2e-40db-8d2f-1431e2100f1b,MLA29223144,800066-MLU79083960937_092024,https://http2.mlstatic.com/D_NQ_NP_800066-MLU79083960937_092024-F.jpg,True,2025-04-03 12:09:12.811827,2025-04-03 12:09:12.811827
3d53ad90-b5ef-4309-a24d-97bbf73c59d9,MLA29223144,715559-MLU79084059075_092024,https://http2.mlstatic.com/D_NQ_NP_715559-MLU79084059075_092024-F.jpg,True,2025-04-03 12:09:12.811830,2025-04-03 12:09:12.811831
c44c1c90-2e23-4e60-a192-319e8fa41a87,MLA23906562,897944-MLU69889823206_062023,https://http2.mlstatic.com/D_NQ_NP_897944-MLU69889823206_062023-F.jpg,True,2025-04-03 12:09:12.811939,2025-04-03 12:09:12.811939
3c794cae-9909-4a80-8e3c-0f234b2b2a64,MLA23906562,758884-MLU69908925501_062023,https://http2.mlstatic.com/D_NQ_NP_758884-MLU69908925501_062023-F.jpg,True,2025-04-03 12:09:12.811942,2025-04-03 12:09:12.811942
5ed06c6c-463b-43d6-8408-7590296d0d94,MLA23906562,890465-MLU69908925503_062023,https://http2.mlstatic.com/D_NQ_NP_890465-MLU69908925503_062023-F.jpg,True,2025-04-03 12:09:12.811946,2025-04-03 12:09:12.811946
1dde4e6a-bbbf-4984-ab6c-30df9a1d9ad2,MLA41630493,727430-MLA79784522487_102024,https://http2.mlstatic.com/D_NQ_NP_727430-MLA79784522487_102024-F.jpg,True,2025-04-03 12:09:12.812038,2025-04-03 12:09:12.812038
4800f1c5-9394-46b6-aa17-5eaa07ce8aee,MLA41630493,978860-MLA79537209800_102024,https://http2.mlstatic.com/D_NQ_NP_978860-MLA79537209800_102024-F.jpg,True,2025-04-03 12:09:12.812041,2025-04-03 12:09:12.812041
f341ecf7-39df-4414-b30a-d04bd4945eb9,MLA23876507,801777-MLU73705515933_122023,https://http2.mlstatic.com/D_NQ_NP_801777-MLU73705515933_122023-F.jpg,True,2025-04-03 12:09:12.812123,2025-04-03 12:09:12.812123
8bf6e945-e86b-40f9-958c-df703f942b3f,MLA23876507,956389-MLU74022976246_012024,https://http2.mlstatic.com/D_NQ_NP_956389-MLU74022976246_012024-F.jpg,True,2025-04-03 12:09:12.812126,2025-04-03 12:09:12.812127
84dce9f5-bb3b-4f9f-b744-1ee51c74791e,MLA23876507,680873-MLU73705515935_122023,https://http2.mlstatic.com/D_NQ_NP_680873-MLU73705515935_122023-F.jpg,True,2025-04-03 12:09:12.812130,2025-04-03 12:09:12.812130
a478fa64-bec6-4e7e-bb3d-5736bfd8b075,MLA28370643,915397-MLA80413263826_112024,https://http2.mlstatic.com/D_NQ_NP_915397-MLA80413263826_112024-F.jpg,True,2025-04-03 12:09:12.812155,2025-04-03 12:09:12.812155
5f6a8481-7368-4143-a710-c3ca6319de28,MLA28370643,821982-MLA80413655560_112024,https://http2.mlstatic.com/D_NQ_NP_821982-MLA80413655560_112024-F.jpg,True,2025-04-03 12:09:12.812158,2025-04-03 12:09:12.812158
36e96773-a531-4c89-82b3-914738072bc5,MLA28370643,948335-MLA80413675288_112024,https://http2.mlstatic.com/D_NQ_NP_948335-MLA80413675288_112024-F.jpg,True,2025-04-03 12:09:12.812161,2025-04-03 12:09:12.812162
0504bb5c-dd23-4522-865f-87125bd5c28f,MLA28370643,666308-MLA80672881769_112024,https://http2.mlstatic.com/D_NQ_NP_666308-MLA80672881769_112024-F.jpg,True,2025-04-03 12:09:12.812165,2025-04-03 12:09:12.812165
30541f45-c431-401f-ad80-f2e88dc67c10,MLA41826045,864026-MLA79907973947_102024,https://http2.mlstatic.com/D_NQ_NP_864026-MLA79907973947_102024-F.jpg,True,2025-04-03 12:09:12.812195,2025-04-03 12:09:12.812195
cdd83ea5-e582-4651-97a2-91dc2bb71f35,MLA20561974,742777-MLB50665380984_072022,https://http2.mlstatic.com/D_NQ_NP_742777-MLB50665380984_072022-F.jpg,True,2025-04-03 12:09:12.812235,2025-04-03 12:09:12.812236
5b1cffc2-0a2d-462f-b643-a790f4703ed4,MLA20561974,977608-MLB50665380983_072022,https://http2.mlstatic.com/D_NQ_NP_977608-MLB50665380983_072022-F.jpg,True,2025-04-03 12:09:12.812243,2025-04-03 12:09:12.812243
a490e1a8-c704-41f7-9379-9004c7c9774a,MLA45377763,968063-MLA81580008424_012025,https://http2.mlstatic.com/D_NQ_NP_968063-MLA81580008424_012025-F.jpg,True,2025-04-03 12:09:12.812335,2025-04-03 12:09:12.812335
c4d04d26-e804-43fb-826b-9a01a0631d5b,MLA28479770,740051-MLU73107374273_112023,https://http2.mlstatic.com/D_NQ_NP_740051-MLU73107374273_112023-F.jpg,True,2025-04-03 12:09:12.812374,2025-04-03 12:09:12.812374
4e3c9b27-836b-4a6b-9e00-960ccbc6cace,MLA28479770,695314-MLU73025919620_112023,https://http2.mlstatic.com/D_NQ_NP_695314-MLU73025919620_112023-F.jpg,True,2025-04-03 12:09:12.812377,2025-04-03 12:09:12.812377
823adae7-db3b-4318-87ec-d5831cfa31a4,MLA28479770,731953-MLU73025939214_112023,https://http2.mlstatic.com/D_NQ_NP_731953-MLU73025939214_112023-F.jpg,True,2025-04-03 12:09:12.812380,2025-04-03 12:09:12.812381
431791e5-9c38-431b-bfa5-d133c55aac40,MLA28479770,843053-MLU73107510765_112023,https://http2.mlstatic.com/D_NQ_NP_843053-MLU73107510765_112023-F.jpg,True,2025-04-03 12:09:12.812384,2025-04-03 12:09:12.812384
de9123db-bae3-449a-b6de-a0c0ecbe42d5,MLA28479770,603716-MLU73025939218_112023,https://http2.mlstatic.com/D_NQ_NP_603716-MLU73025939218_112023-F.jpg,True,2025-04-03 12:09:12.812387,2025-04-03 12:09:12.812387
d8b40bd0-e9a5-4f01-ada4-bbfd69f04d4a,MLA28479770,774318-MLU73107374281_112023,https://http2.mlstatic.com/D_NQ_NP_774318-MLU73107374281_112023-F.jpg,True,2025-04-03 12:09:12.812390,2025-04-03 12:09:12.812391
da281588-5642-4576-a924-d7495be32b13,MLA43274418,832034-MLA80451035898_112024,https://http2.mlstatic.com/D_NQ_NP_832034-MLA80451035898_112024-F.jpg,True,2025-04-03 12:09:12.812467,2025-04-03 12:09:12.812468
8d69cdfc-678b-41c0-8713-56d2a8dbf0fc,MLA39014899,951757-MLU77967066780_082024,https://http2.mlstatic.com/D_NQ_NP_951757-MLU77967066780_082024-F.jpg,True,2025-04-03 12:09:12.812506,2025-04-03 12:09:12.812506
3e51209c-d314-493e-9f0b-ffde6d715f2e,MLA39014899,709400-MLU77967265708_082024,https://http2.mlstatic.com/D_NQ_NP_709400-MLU77967265708_082024-F.jpg,True,2025-04-03 12:09:12.812509,2025-04-03 12:09:12.812509
23168a4f-87ed-4b97-bf4a-302fe25e2234,MLA39014899,708691-MLU77966822312_082024,https://http2.mlstatic.com/D_NQ_NP_708691-MLU77966822312_082024-F.jpg,True,2025-04-03 12:09:12.812512,2025-04-03 12:09:12.812512
4cccff82-08e7-4381-9447-84619427cb2e,MLA39014899,799024-MLU78190996555_082024,https://http2.mlstatic.com/D_NQ_NP_799024-MLU78190996555_082024-F.jpg,True,2025-04-03 12:09:12.812516,2025-04-03 12:09:12.812516
926b7563-9cf0-41e3-96cd-4c6c0480f76f,MLA39014899,934254-MLU77967236012_082024,https://http2.mlstatic.com/D_NQ_NP_934254-MLU77967236012_082024-F.jpg,True,2025-04-03 12:09:12.812519,2025-04-03 12:09:12.812519
c24845a3-038d-4113-b7c0-bd7802ebbe40,MLA41834937,805531-MLA79659591456_102024,https://http2.mlstatic.com/D_NQ_NP_805531-MLA79659591456_102024-F.jpg,True,2025-04-03 12:09:12.812581,2025-04-03 12:09:12.812582
b1334fd1-cb88-495e-9fd1-68dbfb8b2d78,MLA41834937,757884-MLA79659591462_102024,https://http2.mlstatic.com/D_NQ_NP_757884-MLA79659591462_102024-F.jpg,True,2025-04-03 12:09:12.812585,2025-04-03 12:09:12.812585
a6f66ff5-32aa-4431-a84e-e30673a57d00,MLA42857060,698328-MLA80263774126_112024,https://http2.mlstatic.com/D_NQ_NP_698328-MLA80263774126_112024-F.jpg,True,2025-04-03 12:09:12.812712,2025-04-03 12:09:12.812712
3fa9c889-c4d4-4a7d-bf24-4601587d52a2,MLA34219547,749470-MLU74979989771_032024,https://http2.mlstatic.com/D_NQ_NP_749470-MLU74979989771_032024-F.jpg,True,2025-04-03 12:09:12.812759,2025-04-03 12:09:12.812759
cbbf9eee-565c-4ffb-a996-e451288490ea,MLA36100882,812790-MLA80587233881_112024,https://http2.mlstatic.com/D_NQ_NP_812790-MLA80587233881_112024-F.jpg,True,2025-04-03 12:09:12.812895,2025-04-03 12:09:12.812895
d379d4e3-d99d-4ce5-9dbf-a343a2252cee,MLA36100882,656325-MLA80587307153_112024,https://http2.mlstatic.com/D_NQ_NP_656325-MLA80587307153_112024-F.jpg,True,2025-04-03 12:09:12.812899,2025-04-03 12:09:12.812899
daafbd4d-3ed9-445d-ae67-7b9b2c060a50,MLA34350481,815670-MLA79584059829_092024,https://http2.mlstatic.com/D_NQ_NP_815670-MLA79584059829_092024-F.jpg,True,2025-04-03 12:09:12.812919,2025-04-03 12:09:12.812919
8d241c8e-586e-4587-9abc-64de1659bf6f,MLA46424691,798966-MLA82689879931_022025,https://http2.mlstatic.com/D_NQ_NP_798966-MLA82689879931_022025-F.jpg,True,2025-04-03 12:09:12.813012,2025-04-03 12:09:12.813012
f7193897-a322-4bd8-8cd7-de6ab3197de3,MLA46424691,956167-MLA82689889635_022025,https://http2.mlstatic.com/D_NQ_NP_956167-MLA82689889635_022025-F.jpg,True,2025-04-03 12:09:12.813015,2025-04-03 12:09:12.813015
0720249b-4fc3-4664-a321-907cdc0f5093,MLA46424691,842047-MLA82689978747_022025,https://http2.mlstatic.com/D_NQ_NP_842047-MLA82689978747_022025-F.jpg,True,2025-04-03 12:09:12.813020,2025-04-03 12:09:12.813020
a57482c3-5c0a-429d-acf6-6d2d3d53d6cf,MLA46424691,775457-MLA82689978749_022025,https://http2.mlstatic.com/D_NQ_NP_775457-MLA82689978749_022025-F.jpg,True,2025-04-03 12:09:12.813023,2025-04-03 12:09:12.813024
3b9c2825-3467-4c1b-b0c7-9698b9dd66d7,MLA41915257,899219-MLA79690882342_102024,https://http2.mlstatic.com/D_NQ_NP_899219-MLA79690882342_102024-F.jpg,True,2025-04-03 12:09:12.813064,2025-04-03 12:09:12.813064
642590a1-0281-43cc-9f08-d08b8dd41c88,MLA37501143,673032-MLU76852907293_062024,https://http2.mlstatic.com/D_NQ_NP_673032-MLU76852907293_062024-F.jpg,True,2025-04-03 12:09:12.813080,2025-04-03 12:09:12.813080
07c9c0ac-373c-474c-97a3-b4a04abd8036,MLA46615984,809409-MLA82530279334_032025,https://http2.mlstatic.com/D_NQ_NP_809409-MLA82530279334_032025-F.jpg,True,2025-04-03 12:09:12.813097,2025-04-03 12:09:12.813097
da7416c2-476a-4326-9c31-a4b368cc1c81,MLA46615984,948031-MLA82530328022_032025,https://http2.mlstatic.com/D_NQ_NP_948031-MLA82530328022_032025-F.jpg,True,2025-04-03 12:09:12.813100,2025-04-03 12:09:12.813100
895a669e-71e1-4cf8-8235-b4c24519afc1,MLA46615984,928812-MLA82530279340_032025,https://http2.mlstatic.com/D_NQ_NP_928812-MLA82530279340_032025-F.jpg,True,2025-04-03 12:09:12.813103,2025-04-03 12:09:12.813104
92134e23-41ec-45f5-8b01-3e52da93775b,MLA41101465,720073-MLA79479529725_092024,https://http2.mlstatic.com/D_NQ_NP_720073-MLA79479529725_092024-F.jpg,True,2025-04-03 12:09:12.813140,2025-04-03 12:09:12.813140
b05db8aa-ff17-4347-88c4-351bfb28205f,MLA41101465,956920-MLA79236839934_092024,https://http2.mlstatic.com/D_NQ_NP_956920-MLA79236839934_092024-F.jpg,True,2025-04-03 12:09:12.813143,2025-04-03 12:09:12.813143
46236b3d-0d2b-41ad-a83f-555dbae08408,MLA41101465,711790-MLA79479597837_092024,https://http2.mlstatic.com/D_NQ_NP_711790-MLA79479597837_092024-F.jpg,True,2025-04-03 12:09:12.813146,2025-04-03 12:09:12.813147
678c47a3-5989-45d2-8d8c-7aee07d69ddb,MLA41101465,794242-MLA79479529749_092024,https://http2.mlstatic.com/D_NQ_NP_794242-MLA79479529749_092024-F.jpg,True,2025-04-03 12:09:12.813150,2025-04-03 12:09:12.813150
66720367-355d-4a5d-891e-83a0f86cb2a5,MLA41101465,958020-MLA79479597937_092024,https://http2.mlstatic.com/D_NQ_NP_958020-MLA79479597937_092024-F.jpg,True,2025-04-03 12:09:12.813154,2025-04-03 12:09:12.813155
2f5c801e-cd19-47e9-99d0-c10ff210960a,MLA34337474,837492-MLU75084575829_032024,https://http2.mlstatic.com/D_NQ_NP_837492-MLU75084575829_032024-F.jpg,True,2025-04-03 12:09:12.813171,2025-04-03 12:09:12.813171
af736f32-7cdd-4f40-98a5-d7604159627b,MLA27803562,835002-MLA79778407737_102024,https://http2.mlstatic.com/D_NQ_NP_835002-MLA79778407737_102024-F.jpg,True,2025-04-03 12:09:12.813270,2025-04-03 12:09:12.813271
7183dacf-ddac-4875-a52e-f732404277af,MLA27803562,644106-MLA79531078112_102024,https://http2.mlstatic.com/D_NQ_NP_644106-MLA79531078112_102024-F.jpg,True,2025-04-03 12:09:12.813274,2025-04-03 12:09:12.813274
7cb31d95-dd9e-42be-8254-0284e5ba7b0a,MLA27803562,863085-MLA79778407747_102024,https://http2.mlstatic.com/D_NQ_NP_863085-MLA79778407747_102024-F.jpg,True,2025-04-03 12:09:12.813277,2025-04-03 12:09:12.813277
8b60f398-bd4d-478b-bc75-a70adf273f85,MLA27803562,709531-MLA79530982642_102024,https://http2.mlstatic.com/D_NQ_NP_709531-MLA79530982642_102024-F.jpg,True,2025-04-03 12:09:12.813281,2025-04-03 12:09:12.813281
6408374b-ece1-4686-af35-a3da95e2f286,MLA27803562,808433-MLA79531078124_102024,https://http2.mlstatic.com/D_NQ_NP_808433-MLA79531078124_102024-F.jpg,True,2025-04-03 12:09:12.813284,2025-04-03 12:09:12.813284
5d6e1956-7b08-4359-b212-ad5ee10aa5e8,MLA27803562,943819-MLA79531001460_102024,https://http2.mlstatic.com/D_NQ_NP_943819-MLA79531001460_102024-F.jpg,True,2025-04-03 12:09:12.813287,2025-04-03 12:09:12.813287
404e683b-3ec7-4b20-92a8-6c6d237fe2b9,MLA27803562,917332-MLU72275293634_102023,https://http2.mlstatic.com/D_NQ_NP_917332-MLU72275293634_102023-F.jpg,True,2025-04-03 12:09:12.813290,2025-04-03 12:09:12.813291
1ec0a8c6-8744-43aa-8206-b8df2a2a8b80,MLA27803562,973293-MLU69483011574_052023,https://http2.mlstatic.com/D_NQ_NP_973293-MLU69483011574_052023-F.jpg,True,2025-04-03 12:09:12.813294,2025-04-03 12:09:12.813294
10dc4b5c-f7a2-4c57-afc2-c9fac6d44182,MLA27803562,842339-MLU69495668719_052023,https://http2.mlstatic.com/D_NQ_NP_842339-MLU69495668719_052023-F.jpg,True,2025-04-03 12:09:12.813297,2025-04-03 12:09:12.813298
6ccd79e7-7c41-49f0-8691-2f363f8b7683,MLA25444469,836590-MLU73779948589_012024,https://http2.mlstatic.com/D_Q_NP_836590-MLU73779948589_012024-C.jpg,True,2025-04-03 12:09:12.813582,2025-04-03 12:09:12.813582
9c5ddf52-cbae-4087-ae57-9d30c0df5179,MLA25444469,909350-MLU73683656546_012024,https://http2.mlstatic.com/D_Q_NP_909350-MLU73683656546_012024-C.jpg,True,2025-04-03 12:09:12.813585,2025-04-03 12:09:12.813585
12603ddf-e7ce-4636-a9c6-1e248507cc28,MLA6304838,967405-MLA28498306898_102018,https://mla-s1-p.mlstatic.com/967405-MLA28498306898_102018-O.jpg,True,2025-04-03 12:09:12.814398,2025-04-03 12:09:12.814398
f2473012-7917-4d7c-9a70-d3e9a8b76fa0,MLA6304838,785672-MLA28498300924_102018,https://mla-s1-p.mlstatic.com/785672-MLA28498300924_102018-O.jpg,True,2025-04-03 12:09:12.814402,2025-04-03 12:09:12.814402
83a8f5fe-313d-4c84-8b2b-d0c8a3dc9d21,MLA27202671,767309-MLU73783520306_012024,https://http2.mlstatic.com/D_Q_NP_767309-MLU73783520306_012024-C.jpg,True,2025-04-03 12:09:12.814840,2025-04-03 12:09:12.814840
aeb1bf95-1ed5-4495-a60f-2010311ffac5,MLA27202671,750824-MLU73883138773_012024,https://http2.mlstatic.com/D_Q_NP_750824-MLU73883138773_012024-C.jpg,True,2025-04-03 12:09:12.814843,2025-04-03 12:09:12.814844
e05b4e48-5b5b-46f3-b4f3-78d944133b71,MLA6125038,774976-MLU50293311191_062022,https://http2.mlstatic.com/D_NQ_NP_774976-MLU50293311191_062022-O.jpg,True,2025-04-03 12:09:12.815194,2025-04-03 12:09:12.815195
b78f8c02-a7ef-49ce-be18-99877b8fe834,MLA6125038,817414-MLU50293189538_062022,https://http2.mlstatic.com/D_NQ_NP_817414-MLU50293189538_062022-O.jpg,True,2025-04-03 12:09:12.815198,2025-04-03 12:09:12.815198
ab1674b3-1d6f-4c44-90ad-a381493c5842,MLA20544892,944606-MLU69245029895_052023,https://http2.mlstatic.com/D_NQ_NP_944606-MLU69245029895_052023-C.jpg,True,2025-04-03 12:09:12.815457,2025-04-03 12:09:12.815457
e0790a8d-40a9-43f8-9a59-b4676ae914ed,MLA20544892,921568-MLU69245029897_052023,https://http2.mlstatic.com/D_NQ_NP_921568-MLU69245029897_052023-C.jpg,True,2025-04-03 12:09:12.815460,2025-04-03 12:09:12.815460
c03bddf6-5cc6-4f3a-816a-21c6e68d346e,MLA21237750,949558-MLU75958427661_042024,https://http2.mlstatic.com/D_Q_NP_949558-MLU75958427661_042024-C.jpg,True,2025-04-03 12:09:12.815753,2025-04-03 12:09:12.815753
495b9e0e-4f6c-41a6-9d43-c617dea4f10d,MLA21237750,979570-MLU75958224335_042024,https://http2.mlstatic.com/D_Q_NP_979570-MLU75958224335_042024-C.jpg,True,2025-04-03 12:09:12.815756,2025-04-03 12:09:12.815757
e1d5dc24-47d0-44e3-bda9-635df2f77614,MLA13841392,640884-MLA45742724142_042021,https://mla-s2-p.mlstatic.com/640884-MLA45742724142_042021-O.jpg,True,2025-04-03 12:09:12.816021,2025-04-03 12:09:12.816021
090222b1-3436-4d9b-bb12-53035fcb8d71,MLA13841392,924383-MLA45742686363_042021,https://mla-s1-p.mlstatic.com/924383-MLA45742686363_042021-O.jpg,True,2025-04-03 12:09:12.816024,2025-04-03 12:09:12.816025
7192a649-d219-4dff-937d-3aa5ccb61ef4,MLA13841393,620605-MLA32691559317_102019,https://mla-s2-p.mlstatic.com/620605-MLA32691559317_102019-F.jpg,True,2025-04-03 12:09:12.816219,2025-04-03 12:09:12.816220
af963b20-e4f3-44e9-a292-9d21bfd81984,MLA13841393,693792-MLA32782022240_112019,https://mla-s1-p.mlstatic.com/693792-MLA32782022240_112019-F.jpg,True,2025-04-03 12:09:12.816223,2025-04-03 12:09:12.816223
d9856f1d-cebd-4786-9e0a-211d94857746,MLA13841393,701603-MLA32691559322_102019,https://mla-s2-p.mlstatic.com/701603-MLA32691559322_102019-F.jpg,True,2025-04-03 12:09:12.816226,2025-04-03 12:09:12.816227
28ef4e9a-db69-4153-a851-185598b0cf35,MLA13841393,923430-MLU69972226783_062023,https://http2.mlstatic.com/D_NQ_NP_923430-MLU69972226783_062023-F.jpg,True,2025-04-03 12:09:12.816230,2025-04-03 12:09:12.816230
172c8d9d-bab0-46e4-841e-6e84cd35fd9a,MLA13841393,757247-MLU70005554448_062023,https://http2.mlstatic.com/D_NQ_NP_757247-MLU70005554448_062023-F.jpg,True,2025-04-03 12:09:12.816233,2025-04-03 12:09:12.816233
0af0e6cd-c7a1-4e32-92d8-30ea0ea875f9,MLA13841393,631859-MLU70015076160_062023,https://http2.mlstatic.com/D_NQ_NP_631859-MLU70015076160_062023-F.jpg,True,2025-04-03 12:09:12.816237,2025-04-03 12:09:12.816237
519836b1-f70e-41a9-a7c9-d642c03cc166,MLA13841393,953692-MLU70015076162_062023,https://http2.mlstatic.com/D_NQ_NP_953692-MLU70015076162_062023-F.jpg,True,2025-04-03 12:09:12.816240,2025-04-03 12:09:12.816240
588ffdfa-1744-4621-9ff3-9656ecd385a9,MLA13841393,816849-MLU70015076164_062023,https://http2.mlstatic.com/D_NQ_NP_816849-MLU70015076164_062023-F.jpg,True,2025-04-03 12:09:12.816244,2025-04-03 12:09:12.816245
db027893-5d76-495f-8262-f834bc12d2cc,MLA13841393,838532-MLU70015076166_062023,https://http2.mlstatic.com/D_NQ_NP_838532-MLU70015076166_062023-F.jpg,True,2025-04-03 12:09:12.816248,2025-04-03 12:09:12.816248
0f0670a0-eebd-469a-a768-89f34849b08b,MLA13841393,921760-MLU70015115550_062023,https://http2.mlstatic.com/D_NQ_NP_921760-MLU70015115550_062023-F.jpg,True,2025-04-03 12:09:12.816251,2025-04-03 12:09:12.816252
af56d0bc-481d-4150-93a4-88a57e77c54b,MLA13841393,606628-MLU70015115552_062023,https://http2.mlstatic.com/D_NQ_NP_606628-MLU70015115552_062023-F.jpg,True,2025-04-03 12:09:12.816255,2025-04-03 12:09:12.816255
4bc906a9-af7b-41cd-8186-c7b5ac0100e8,MLA6125042,794610-MLA25654071821_062017,https://mla-s1-p.mlstatic.com/794610-MLA25654071821_062017-O.jpg,True,2025-04-03 12:09:12.816681,2025-04-03 12:09:12.816682
1367220c-ca37-49b5-898f-fcfaf6b4d0eb,MLA6125042,630433-MLA25654068920_062017,https://mla-s1-p.mlstatic.com/630433-MLA25654068920_062017-O.jpg,True,2025-04-03 12:09:12.816685,2025-04-03 12:09:12.816685
7252e661-196a-428d-9c84-dcf9c1aa1dce,MLA26746470,985404-MLU71431403226_092023,https://http2.mlstatic.com/D_NQ_NP_985404-MLU71431403226_092023-F.jpg,True,2025-04-03 12:09:12.816984,2025-04-03 12:09:12.816984
9d693aa7-ccb7-46ef-b48a-32ffec762dd1,MLA26746470,640398-MLU73204797532_122023,https://http2.mlstatic.com/D_NQ_NP_640398-MLU73204797532_122023-F.jpg,True,2025-04-03 12:09:12.816988,2025-04-03 12:09:12.816988
70e6a7b8-54ad-4fda-83c2-f866994cbe62,MLA26746470,650906-MLU73290586839_122023,https://http2.mlstatic.com/D_NQ_NP_650906-MLU73290586839_122023-F.jpg,True,2025-04-03 12:09:12.816991,2025-04-03 12:09:12.816992
858bc2cc-0caa-46d4-816b-575608ab0207,MLA21560506,826026-MLU71540584734_092023,https://http2.mlstatic.com/D_Q_NP_826026-MLU71540584734_092023-C.jpg,True,2025-04-03 12:09:12.817130,2025-04-03 12:09:12.817130
87f5f8ce-c238-4f9c-a84c-fc48cf9d610f,MLA21560506,922234-MLU71540526616_092023,https://http2.mlstatic.com/D_Q_NP_922234-MLU71540526616_092023-C.jpg,True,2025-04-03 12:09:12.817133,2025-04-03 12:09:12.817133
b41af040-306b-4f2e-8d73-1aa07dedb790,MLA13877774,770195-MLA30057177475_042019,https://mla-s2-p.mlstatic.com/770195-MLA30057177475_042019-O.jpg,True,2025-04-03 12:09:12.817244,2025-04-03 12:09:12.817244
aac21188-e7ed-4cfe-97c3-b79312bd4953,MLA42839612,850716-MLA80263396314_112024,https://http2.mlstatic.com/D_NQ_NP_850716-MLA80263396314_112024-F.jpg,True,2025-04-03 12:09:12.817475,2025-04-03 12:09:12.817476
41ccf068-0c8b-4192-8821-6c57276004b8,MLA16140082,892338-MLA43652655877_102020,https://mla-s1-p.mlstatic.com/892338-MLA43652655877_102020-O.jpg,True,2025-04-03 12:09:12.817553,2025-04-03 12:09:12.817553
e25d3f4c-5af6-4ee1-9f1d-a66c105d29d7,MLA16140082,716145-MLA43652654885_102020,https://mla-s2-p.mlstatic.com/716145-MLA43652654885_102020-O.jpg,True,2025-04-03 12:09:12.817556,2025-04-03 12:09:12.817556
90e2e19e-8369-4bf8-a2b1-98c29f438e74,MLA23871059,869592-MLU75838793980_042024,https://http2.mlstatic.com/D_Q_NP_869592-MLU75838793980_042024-C.jpg,True,2025-04-03 12:09:12.817766,2025-04-03 12:09:12.817766
14882a93-cd35-40a3-bc4f-2e0510e6df7c,MLA23871059,627847-MLU75838862360_042024,https://http2.mlstatic.com/D_Q_NP_627847-MLU75838862360_042024-C.jpg,True,2025-04-03 12:09:12.817769,2025-04-03 12:09:12.817769
e0f8bda0-c5d4-4ed3-9604-f241bd5bacf8,MLA16023740,893381-MLU72298225300_102023,https://http2.mlstatic.com/D_Q_NP_893381-MLU72298225300_102023-C.jpg,True,2025-04-03 12:09:12.817836,2025-04-03 12:09:12.817836
cbdb625b-6904-4bd2-9d04-7fc29360236a,MLA16023740,707577-MLU72362995601_102023,https://http2.mlstatic.com/D_Q_NP_707577-MLU72362995601_102023-C.jpg,True,2025-04-03 12:09:12.817839,2025-04-03 12:09:12.817840
00f1da2f-e481-4b07-b244-e6a5339de520,MLA11979832,749595-MLA31355173008_072019,https://mla-s1-p.mlstatic.com/749595-MLA31355173008_072019-O.jpg,True,2025-04-03 12:09:12.817956,2025-04-03 12:09:12.817956
b7b378f4-b30e-49e9-a73f-c639e43160a1,MLA20615703,699638-MLU53590072130_022023,https://http2.mlstatic.com/D_NQ_NP_699638-MLU53590072130_022023-C.jpg,True,2025-04-03 12:09:12.818024,2025-04-03 12:09:12.818024
819b76ad-19bd-45f0-b9de-75d1eb114e66,MLA20615703,635549-MLU73783402184_012024,https://http2.mlstatic.com/D_Q_NP_635549-MLU73783402184_012024-C.jpg,True,2025-04-03 12:09:12.818028,2025-04-03 12:09:12.818028
dd3c0238-2b90-460f-945b-b06bd549f160,MLA6253547,585115-MLA25147216295_112016,https://mla-s1-p.mlstatic.com/585115-MLA25147216295_112016-O.jpg,True,2025-04-03 12:09:12.818184,2025-04-03 12:09:12.818184
1770cfab-017f-4bbb-8c28-a64b1cfca78a,MLA6253547,138115-MLA25147212468_112016,https://mla-s1-p.mlstatic.com/138115-MLA25147212468_112016-O.jpg,True,2025-04-03 12:09:12.818187,2025-04-03 12:09:12.818187
cd9769ed-2899-4f32-8685-287f7bbb0802,MLA24596825,704181-MLU70543576427_072023,https://http2.mlstatic.com/D_NQ_NP_704181-MLU70543576427_072023-F.jpg,True,2025-04-03 12:09:12.818228,2025-04-03 12:09:12.818228
05af3524-879e-4c3c-a631-5fa03bd0901e,MLA24596825,669643-MLU70516711348_072023,https://http2.mlstatic.com/D_NQ_NP_669643-MLU70516711348_072023-F.jpg,True,2025-04-03 12:09:12.818231,2025-04-03 12:09:12.818231
8bc6d937-c562-46b3-ab41-586e849f633a,MLA28112657,646343-MLU72876950197_112023,https://http2.mlstatic.com/D_Q_NP_646343-MLU72876950197_112023-C.jpg,True,2025-04-03 12:09:12.818322,2025-04-03 12:09:12.818323
1c1596e9-89bf-4099-8a14-522cbbacdd69,MLA28112657,686454-MLU72800474146_112023,https://http2.mlstatic.com/D_Q_NP_686454-MLU72800474146_112023-C.jpg,True,2025-04-03 12:09:12.818325,2025-04-03 12:09:12.818326
c28ebc65-6afc-4cb4-90c7-5325a681ceca,MLA46577168,942458-MLA82815408439_032025,https://http2.mlstatic.com/D_NQ_NP_942458-MLA82815408439_032025-F.jpg,True,2025-04-03 12:09:12.818843,2025-04-03 12:09:12.818843
2e7acc7a-10a7-4a32-b4c6-8b5e8139111d,MLA13877782,899845-MLU69735820455_052023,https://http2.mlstatic.com/D_Q_NP_899845-MLU69735820455_052023-C.jpg,True,2025-04-03 12:09:12.819078,2025-04-03 12:09:12.819079
edc2ed65-f079-4e72-ad21-0c2e3603ccc0,MLA13877782,784010-MLU69735820459_052023,https://http2.mlstatic.com/D_Q_NP_784010-MLU69735820459_052023-C.jpg,True,2025-04-03 12:09:12.819082,2025-04-03 12:09:12.819082
6584a452-2330-48ce-b5d9-72bba0f5b89b,MLA38462012,830243-MLU77589585050_072024,https://http2.mlstatic.com/D_NQ_NP_830243-MLU77589585050_072024-F.jpg,True,2025-04-03 12:09:12.819325,2025-04-03 12:09:12.819325
58c02989-c8ca-4e46-9dd2-ccb197d1977c,MLA38462012,644874-MLU77805834153_072024,https://http2.mlstatic.com/D_NQ_NP_644874-MLU77805834153_072024-F.jpg,True,2025-04-03 12:09:12.819328,2025-04-03 12:09:12.819328
c0ebafe2-4630-4f0d-8057-9acf756133ae,MLA38462012,771677-MLU78073790983_072024,https://http2.mlstatic.com/D_NQ_NP_771677-MLU78073790983_072024-F.jpg,True,2025-04-03 12:09:12.819331,2025-04-03 12:09:12.819331
0a79e4c9-605b-4910-b434-5e5ccac862f4,MLA38462012,858902-MLU77589336102_072024,https://http2.mlstatic.com/D_NQ_NP_858902-MLU77589336102_072024-F.jpg,True,2025-04-03 12:09:12.819334,2025-04-03 12:09:12.819334
638e5c12-b73f-45c3-8770-0947cb5b5e80,MLA22618658,637475-MLU77344438654_072024,https://http2.mlstatic.com/D_NQ_NP_637475-MLU77344438654_072024-F.jpg,True,2025-04-03 12:09:12.819601,2025-04-03 12:09:12.819602
ab85aed4-8d06-4b2b-a99b-3810960d3993,MLA22618658,999408-MLB44375315290_122020,https://http2.mlstatic.com/D_NQ_NP_999408-MLB44375315290_122020-F.jpg,True,2025-04-03 12:09:12.819604,2025-04-03 12:09:12.819605
81989c43-d930-4267-944e-15d07cfc733f,MLA35587177,900516-MLU75958466761_042024,https://http2.mlstatic.com/D_Q_NP_900516-MLU75958466761_042024-C.jpg,True,2025-04-03 12:09:12.819733,2025-04-03 12:09:12.819733
c73adb78-6822-4d58-8337-b27717428a5a,MLA35587177,825791-MLU75958291853_042024,https://http2.mlstatic.com/D_Q_NP_825791-MLU75958291853_042024-C.jpg,True,2025-04-03 12:09:12.819736,2025-04-03 12:09:12.819736
a8f12044-554c-4db6-a1cd-a1d320fea491,MLA10931841,714917-MLA28086859737_092018,https://mla-s1-p.mlstatic.com/714917-MLA28086859737_092018-O.jpg,True,2025-04-03 12:09:12.819991,2025-04-03 12:09:12.819992
e962e4d6-c498-4382-8b43-b8740d368a64,MLA23069364,933897-MLU75437499260_042024,https://http2.mlstatic.com/D_NQ_NP_933897-MLU75437499260_042024-F.jpg,True,2025-04-03 12:09:12.820550,2025-04-03 12:09:12.820550
d4e8e99c-a2e6-47f3-a7f0-64e6f714ab60,MLA23069364,678010-MLU75289119917_032024,https://http2.mlstatic.com/D_NQ_NP_678010-MLU75289119917_032024-F.jpg,True,2025-04-03 12:09:12.820554,2025-04-03 12:09:12.820554
e2386a5a-e493-40e4-b72e-a11f812ca16d,MLA15998180,870030-MLA43468318630_092020,https://mla-s2-p.mlstatic.com/870030-MLA43468318630_092020-F.jpg,True,2025-04-03 12:09:12.820782,2025-04-03 12:09:12.820782
c6bc398d-b6e2-42a2-b7a4-4c5fe30d49dd,MLA15998180,784527-MLA43468318643_092020,https://mla-s1-p.mlstatic.com/784527-MLA43468318643_092020-F.jpg,True,2025-04-03 12:09:12.820785,2025-04-03 12:09:12.820786
c1a75c22-dfb9-4f64-b9e8-372d783b3899,MLA15998180,688162-MLA43468318719_092020,https://mla-s1-p.mlstatic.com/688162-MLA43468318719_092020-F.jpg,True,2025-04-03 12:09:12.820789,2025-04-03 12:09:12.820789
2d9036d0-c445-48f2-8e55-68917996a2fd,MLA10931843,981703-MLA28086852860_092018,https://mla-s2-p.mlstatic.com/981703-MLA28086852860_092018-O.jpg,True,2025-04-03 12:09:12.820851,2025-04-03 12:09:12.820852
055d40f8-607b-4d26-9d18-624b67e8f824,MLA22870931,862356-MLU54974312967_042023,https://http2.mlstatic.com/D_NQ_NP_862356-MLU54974312967_042023-F.jpg,True,2025-04-03 12:09:12.821005,2025-04-03 12:09:12.821006
a5bc4e0e-8c2b-4d3d-b06b-7c71bccb6dab,MLA22870931,808659-MLU54974302619_042023,https://http2.mlstatic.com/D_NQ_NP_808659-MLU54974302619_042023-F.jpg,True,2025-04-03 12:09:12.821009,2025-04-03 12:09:12.821009
c4348543-92fc-40a1-bed0-18cafe071d99,MLA20188982,828024-MLB48148136768_112021,https://http2.mlstatic.com/D_NQ_NP_828024-MLB48148136768_112021-F.jpg,True,2025-04-03 12:09:12.821260,2025-04-03 12:09:12.821260
6224e8fc-40e1-435d-83ea-f73e5c339913,MLA23952431,912230-MLU69942726319_062023,https://http2.mlstatic.com/D_Q_NP_912230-MLU69942726319_062023-C.jpg,True,2025-04-03 12:09:12.822027,2025-04-03 12:09:12.822027
5ca63e7c-d2b2-452a-9fb4-b99cbbeba930,MLA23952431,917657-MLU69942785947_062023,https://http2.mlstatic.com/D_Q_NP_917657-MLU69942785947_062023-C.jpg,True,2025-04-03 12:09:12.822062,2025-04-03 12:09:12.822062
a24c1b10-f9ff-4fa5-92b7-6044231d0507,MLA24219630,705186-MLU71551254411_092023,https://http2.mlstatic.com/D_Q_NP_705186-MLU71551254411_092023-C.jpg,True,2025-04-03 12:09:12.822215,2025-04-03 12:09:12.822215
c5114b9f-6666-43f9-981d-25a03e7fb886,MLA24219630,703406-MLU71551391459_092023,https://http2.mlstatic.com/D_Q_NP_703406-MLU71551391459_092023-C.jpg,True,2025-04-03 12:09:12.822218,2025-04-03 12:09:12.822218
094f6fa3-04ee-47b0-be19-500dd842e236,MLA24219630,826288-MLU71551254413_092023,https://http2.mlstatic.com/D_Q_NP_826288-MLU71551254413_092023-C.jpg,True,2025-04-03 12:09:12.822222,2025-04-03 12:09:12.822222
fa14597b-ecf5-4bcb-b832-5af17b03fdee,MLA24219630,765581-MLU71551391481_092023,https://http2.mlstatic.com/D_Q_NP_765581-MLU71551391481_092023-C.jpg,True,2025-04-03 12:09:12.822225,2025-04-03 12:09:12.822225
7bae1fbb-f257-4c5a-8228-c3938f667ad8,MLA24219630,676385-MLU71551391471_092023,https://http2.mlstatic.com/D_Q_NP_676385-MLU71551391471_092023-C.jpg,True,2025-04-03 12:09:12.822228,2025-04-03 12:09:12.822229
d82700b0-310e-439d-9291-ff4e180ee247,MLA24219630,720276-MLU71551351921_092023,https://http2.mlstatic.com/D_Q_NP_720276-MLU71551351921_092023-C.jpg,True,2025-04-03 12:09:12.822232,2025-04-03 12:09:12.822232
c3894bf4-63eb-4b6d-9d4d-a60b81492b63,MLA24219630,679448-MLU71551391467_092023,https://http2.mlstatic.com/D_Q_NP_679448-MLU71551391467_092023-C.jpg,True,2025-04-03 12:09:12.822235,2025-04-03 12:09:12.822236
2979c815-1bc9-47de-9f2e-d460a1a2112f,MLA24219630,685934-MLU71551254415_092023,https://http2.mlstatic.com/D_Q_NP_685934-MLU71551254415_092023-C.jpg,True,2025-04-03 12:09:12.822239,2025-04-03 12:09:12.822239
f802c40c-0716-435a-a6f4-e054181498ef,MLA24219630,724109-MLU71551391491_092023,https://http2.mlstatic.com/D_Q_NP_724109-MLU71551391491_092023-C.jpg,True,2025-04-03 12:09:12.822242,2025-04-03 12:09:12.822242
e7383756-e128-49b2-b697-9e51e2de6a15,MLA45643642,734384-MLA81786103152_012025,https://http2.mlstatic.com/D_NQ_NP_734384-MLA81786103152_012025-F.jpg,True,2025-04-03 12:09:12.822360,2025-04-03 12:09:12.822361
0d7483f8-a0c9-42db-96b4-c6c652cd5383,MLA45643642,780211-MLA81786083976_012025,https://http2.mlstatic.com/D_NQ_NP_780211-MLA81786083976_012025-F.jpg,True,2025-04-03 12:09:12.822364,2025-04-03 12:09:12.822364
4c70ef5f-6004-4a3c-9cd1-ec8c9f07b73f,MLA17795952,652874-MLA45549487585_042021,https://mla-s2-p.mlstatic.com/652874-MLA45549487585_042021-O.jpg,True,2025-04-03 12:09:12.822510,2025-04-03 12:09:12.822510
28b1a73a-f636-4351-821a-8bb362325624,MLA17795952,958926-MLA45549499282_042021,https://mla-s2-p.mlstatic.com/958926-MLA45549499282_042021-O.jpg,True,2025-04-03 12:09:12.822514,2025-04-03 12:09:12.822514
62a1d7f8-b2d5-4d23-a159-c4eadb3f6b19,MLA42226421,885276-MLA80165606417_102024,https://http2.mlstatic.com/D_NQ_NP_885276-MLA80165606417_102024-F.jpg,True,2025-04-03 12:09:12.822551,2025-04-03 12:09:12.822551
203fe612-dca0-4564-bd5d-dcf39769fdf2,MLA42226421,700078-MLA80165606435_102024,https://http2.mlstatic.com/D_NQ_NP_700078-MLA80165606435_102024-F.jpg,True,2025-04-03 12:09:12.822554,2025-04-03 12:09:12.822554
e95b2be0-bbf4-4e46-92b6-965f37ec9c47,MLA40697019,757254-MLU79230281687_092024,https://http2.mlstatic.com/D_NQ_NP_757254-MLU79230281687_092024-F.jpg,True,2025-04-03 12:09:12.822622,2025-04-03 12:09:12.822622
1513339b-4bc1-4ef2-a8cc-da4fc2de71d0,MLA40697019,902513-MLU78990816950_092024,https://http2.mlstatic.com/D_NQ_NP_902513-MLU78990816950_092024-F.jpg,True,2025-04-03 12:09:12.822627,2025-04-03 12:09:12.822627
9b8280de-fb1e-4ede-ae3c-5668f45a6b02,MLA6253543,873221-MLA45839501737_052021,https://mla-s2-p.mlstatic.com/873221-MLA45839501737_052021-O.jpg,True,2025-04-03 12:09:12.822721,2025-04-03 12:09:12.822722
fbeaf4e6-b120-455c-83e6-91e837a65607,MLA6253543,994731-MLA45839709094_052021,https://mla-s2-p.mlstatic.com/994731-MLA45839709094_052021-O.jpg,True,2025-04-03 12:09:12.822725,2025-04-03 12:09:12.822725
