id,product_id,attribute_code,attribute_name,value_id,value_name,is_active,created_at,updated_at
489f95b3-c220-4692-857f-f0474423bf09,MLA30109886,BRAND,Marca,52701,Google,True,2025-04-03 12:09:12.783637,2025-04-03 12:09:12.783638
20263588-52ea-4c08-ae10-f57b80153a3c,MLA30109886,LINE,Línea,340816,Chromecast,True,2025-04-03 12:09:12.783656,2025-04-03 12:09:12.783657
ad10888a-ae91-44cb-8b69-70d99e865cde,MLA30109886,MODEL,Modelo,48553282,Chromecast 3,True,2025-04-03 12:09:12.783675,2025-04-03 12:09:12.783676
be86fd10-2df1-4425-af94-51a97d9f41b6,MLA30109886,ALPHANUMERIC_MODEL,Modelo alfanumérico,14342600,Chromecast 3,True,2025-04-03 12:09:12.783692,2025-04-03 12:09:12.783698
47fea2d8-5b43-4832-bd25-a60f6b38bf98,MLA27534806,BRAND,Marca,25016678,Bleiden,True,2025-04-03 12:09:12.783826,2025-04-03 12:09:12.783827
aae79033-f40a-4c55-a585-b30ef76beb08,MLA27534806,MODEL,Modelo,25016680,HDMI2AV-CHRC,True,2025-04-03 12:09:12.783843,2025-04-03 12:09:12.783844
ed2ad8f1-7c96-4e76-bede-6bff736ed51f,MLA27534806,LENGTH,Largo,7847913,18.5 cm,True,2025-04-03 12:09:12.783875,2025-04-03 12:09:12.783876
c5b2f465-6849-4b53-a209-60d1497da688,MLA27534806,WIDTH,Ancho,7778835,14 cm,True,2025-04-03 12:09:12.783893,2025-04-03 12:09:12.783893
2688165d-702c-499f-899d-32ad477490f6,MLA27534806,MPN,MPN,,HDMI2AV-CHRC,True,2025-04-03 12:09:12.784031,2025-04-03 12:09:12.784035
d564460a-9c02-4a0b-bd6f-212d0767e441,MLA36344214,BRAND,Marca,9701064,BR,True,2025-04-03 12:09:12.784142,2025-04-03 12:09:12.784142
0027ee18-04b0-4414-8b9c-d05c1c679860,MLA36344214,LINE,Línea,340816,Chromecast,True,2025-04-03 12:09:12.784156,2025-04-03 12:09:12.784156
0308cc4d-1b64-4f17-b4fd-3a82cfcecbaf,MLA36344214,MODEL,Modelo,11281877,Chromecast,True,2025-04-03 12:09:12.784173,2025-04-03 12:09:12.784174
f6130350-d3e3-4422-b01e-0a603ce98dfb,MLA36344214,GENERATION,Generación,8248559,3.ª generación,True,2025-04-03 12:09:12.784191,2025-04-03 12:09:12.784203
3b65d109-64e0-49be-8255-18b0edbca4b7,MLA36344214,ALPHANUMERIC_MODEL,Modelo alfanumérico,14342600,Chromecast 3,True,2025-04-03 12:09:12.784236,2025-04-03 12:09:12.784237
1c115946-4669-49df-a818-6efacbb82381,MLA36344214,COLOR,Color,52049,Negro,True,2025-04-03 12:09:12.784263,2025-04-03 12:09:12.784265
4dbdd7b0-e402-4aab-87c6-c941f1705ee0,MLA36344214,DEVICE_FORMAT,Formato del dispositivo,9234856,Pendant Box,True,2025-04-03 12:09:12.784283,2025-04-03 12:09:12.784283
3e7fcc36-2a47-4973-b790-78a8426024ab,MLA36344214,MAX_VIDEO_RESOLUTION,Resolución máxima de video,168332,Full HD,True,2025-04-03 12:09:12.784307,2025-04-03 12:09:12.784309
ca782335-5bb1-485f-8261-bb3e00724b21,MLA36344214,COMPATIBLE_APPLICATIONS,Aplicaciones compatibles,,Google Fotos,True,2025-04-03 12:09:12.784326,2025-04-03 12:09:12.784327
7a7e4c44-807d-4d5c-8cfa-ffc0b107f79c,MLA36344214,RECOMMENDED_DEVICES,Dispositivos recomendados,,Celulares,True,2025-04-03 12:09:12.784344,2025-04-03 12:09:12.784345
d3e92bbc-4170-4a95-bf58-63a5d7579e92,MLA36344214,AUDIO_AND_VIDEO_INTERFACES,Interfaces de audio y video,,HDMI,True,2025-04-03 12:09:12.784368,2025-04-03 12:09:12.784369
71f64142-45a8-475e-b657-7c73b295dfcc,MLA36344214,PORTS_AND_CONNECTORS_TYPES,Tipos de puertos y conectores,,Micro-USB,True,2025-04-03 12:09:12.784387,2025-04-03 12:09:12.784388
7a5f8256-b8e7-4e4d-95ad-d0c931dd09c1,MLA36344214,WITH_WI_FI,Con Wi-Fi,242085,Sí,True,2025-04-03 12:09:12.784406,2025-04-03 12:09:12.784407
2f6f7448-f120-48cc-9413-ec1bc9f36620,MLA36344214,LENGTH,Largo,48553666,5.18 cm,True,2025-04-03 12:09:12.784441,2025-04-03 12:09:12.784442
1bcd6902-f7fa-4184-9d01-f2bacab0e48b,MLA36344214,WIDTH,Ancho,7817388,8 cm,True,2025-04-03 12:09:12.784459,2025-04-03 12:09:12.784460
c7725739-e96c-41dc-bc57-1ec9fd22d117,MLA36344214,HEIGHT,Altura,7841468,5 cm,True,2025-04-03 12:09:12.784477,2025-04-03 12:09:12.784482
28964bbc-83f1-447d-94d3-e2db1cacac20,MLA36344214,WEIGHT,Peso,19174041,39.1 g,True,2025-04-03 12:09:12.784500,2025-04-03 12:09:12.784506
76860a32-696e-4326-86e0-4de69d8f52f9,MLA36344214,OS_NAME,Nombre del sistema operativo,296858,Android,True,2025-04-03 12:09:12.784522,2025-04-03 12:09:12.784522
734a60bb-33bc-49c2-812d-fb31f1609140,MLA36344214,STREAMING_TECHNOLOGIES,Tecnologías de streaming,,Chromecast,True,2025-04-03 12:09:12.784539,2025-04-03 12:09:12.784540
52ecaeca-f97f-4723-a206-06874bab7922,MLA36344214,AUDIO_QUALITY,Calidad de audio,,Dolby Digital 5.1,True,2025-04-03 12:09:12.784559,2025-04-03 12:09:12.784564
4f6af875-7b05-45ab-a17c-5d9dde749c56,MLA36344214,MIN_OPERATING_SYSTEMS_REQUIRED,Sistemas operativos mínimos requeridos,,Android,True,2025-04-03 12:09:12.784582,2025-04-03 12:09:12.784582
887fed90-3822-41ba-8bf2-a6f72cc258e0,MLA36344214,CPU,CPU,,230,True,2025-04-03 12:09:12.784599,2025-04-03 12:09:12.784600
098602b2-53c0-4b0b-8145-450020e64770,MLA36344214,WI_FI_STANDARDS,Estándares Wi-Fi,,IEEE 802.11ac,True,2025-04-03 12:09:12.784618,2025-04-03 12:09:12.784618
1a360cff-926d-4f86-a809-c2ca276ec20e,MLA36344214,FREQUENCIES,Frecuencias,,2.4 GHz,True,2025-04-03 12:09:12.784635,2025-04-03 12:09:12.784636
1f9bcf59-6677-4311-b5f8-50f65caee84f,MLA36344214,DEVICE_OPERATING_VOLTAGE,Voltaje de funcionamiento,8631470,5 V,True,2025-04-03 12:09:12.784658,2025-04-03 12:09:12.784659
4a2a14eb-9786-45fe-8cfe-89975a1402aa,MLA21615680,BRAND,Marca,52701,Google,True,2025-04-03 12:09:12.784813,2025-04-03 12:09:12.784813
bb507fe7-c6d3-4468-93b5-f074038df1ce,MLA21615680,LINE,Línea,340816,Chromecast,True,2025-04-03 12:09:12.784831,2025-04-03 12:09:12.784832
8f465a41-9927-4b96-a0ae-7f9751353bee,MLA21615680,MODEL,Modelo,49506,3,True,2025-04-03 12:09:12.784850,2025-04-03 12:09:12.784855
16e2ec34-c936-4afb-b29d-e2f1446d5bbd,MLA21615680,GENERATION,Generación,8248559,3.ª generación,True,2025-04-03 12:09:12.784879,2025-04-03 12:09:12.784880
335955c8-bf50-4dbb-9e1d-b070ae784e0d,MLA21615680,ALPHANUMERIC_MODEL,Modelo alfanumérico,14342600,Chromecast 3,True,2025-04-03 12:09:12.784898,2025-04-03 12:09:12.784898
d906f1c7-3d24-4a14-b43d-225c386bc2d4,MLA21615680,DEVICE_FORMAT,Formato del dispositivo,8616495,TV Box,True,2025-04-03 12:09:12.784915,2025-04-03 12:09:12.784916
da4aacc3-aa47-4e21-9069-d9520f3661fe,MLA21615680,MAX_VIDEO_RESOLUTION,Resolución máxima de video,168332,Full HD,True,2025-04-03 12:09:12.784933,2025-04-03 12:09:12.784934
6c8ae8f2-5f81-4519-bd71-fe7c77a73f2c,MLA21615680,COMPATIBLE_APPLICATIONS,Aplicaciones compatibles,,"Netflix, YouTube, Spotify, Google Fotos, Google TV, YouTube TV, HBO Now",True,2025-04-03 12:09:12.784951,2025-04-03 12:09:12.784957
08ead0bd-d25d-4161-9cfe-5b203cc6f1a9,MLA21615680,RECOMMENDED_DEVICES,Dispositivos recomendados,,"Televisores, Celulares, Computadoras, Tablets",True,2025-04-03 12:09:12.784974,2025-04-03 12:09:12.784975
9ccbe1d6-bea4-4013-ab8d-37975e7953e8,MLA21615680,AUDIO_AND_VIDEO_INTERFACES,Interfaces de audio y video,,HDMI,True,2025-04-03 12:09:12.785037,2025-04-03 12:09:12.785038
8b3f0816-d910-4f6b-abcb-1e112ecd83a9,MLA21615680,PORTS_AND_CONNECTORS_TYPES,Tipos de puertos y conectores,,Micro-USB,True,2025-04-03 12:09:12.785057,2025-04-03 12:09:12.785057
28ac8032-757b-41a7-955c-2cb5968bbaec,MLA21615680,MANUFACTURER,Fabricante,52701,Google,True,2025-04-03 12:09:12.785074,2025-04-03 12:09:12.785074
5c1e3886-afc5-4515-8ab4-e1729b81f97f,MLA21615680,ANATEL_HOMOLOGATION_NUMBER,Homologación Anatel Nº,41557501,47151504818,True,2025-04-03 12:09:12.785097,2025-04-03 12:09:12.785098
8f0cb8b7-210d-4e14-b124-9dabe0bf967b,MLA21615680,WITH_BLUETOOTH,Con Bluetooth,242084,No,True,2025-04-03 12:09:12.785116,2025-04-03 12:09:12.785116
b83fffbc-d4b8-485f-93cb-4b25de4e7071,MLA21615680,WITH_WI_FI,Con Wi-Fi,242085,Sí,True,2025-04-03 12:09:12.785136,2025-04-03 12:09:12.785141
456ea1c4-70c1-4040-99dc-19beba5ae20f,MLA21615680,WITH_INTEGRATED_VOICE_ASSISTANTS,Con asistentes de voz integrados,242084,No,True,2025-04-03 12:09:12.785160,2025-04-03 12:09:12.785160
1182c355-aad2-4b9d-b9ce-d245091b8b16,MLA21615680,INCLUDES_HDMI_CABLE,Incluye cable HDMI,242085,Sí,True,2025-04-03 12:09:12.785179,2025-04-03 12:09:12.785184
312acda6-453d-4142-b3f6-f3d4bc4be4d4,MLA21615680,INCLUDES_CELL_BATTERIES,Incluye pilas,242084,No,True,2025-04-03 12:09:12.785207,2025-04-03 12:09:12.785208
42ce5646-6469-4c68-898f-787b01782eb9,MLA21615680,LENGTH,Largo,48553666,5.18 cm,True,2025-04-03 12:09:12.785225,2025-04-03 12:09:12.785225
c839ebe1-6e30-449f-b2da-d94db71bf0c1,MLA21615680,WIDTH,Ancho,48717962,5.19 cm,True,2025-04-03 12:09:12.785242,2025-04-03 12:09:12.785242
4a99388d-d57e-4248-8c4b-2dff282b6872,MLA21615680,HEIGHT,Altura,22237619,1.38 cm,True,2025-04-03 12:09:12.785258,2025-04-03 12:09:12.785259
9e969b96-3a47-44fe-b774-dc097c0a7b2a,MLA21615680,WEIGHT,Peso,15996549,40 g,True,2025-04-03 12:09:12.785275,2025-04-03 12:09:12.785276
a97c0191-368d-4df9-b285-8327a0121246,MLA21615680,OS_NAME,Nombre del sistema operativo,355776,Chrome OS,True,2025-04-03 12:09:12.785292,2025-04-03 12:09:12.785293
07a73758-e638-4f25-a4df-7d29402ed18e,MLA21615680,STREAMING_TECHNOLOGIES,Tecnologías de streaming,,Chromecast,True,2025-04-03 12:09:12.785310,2025-04-03 12:09:12.785310
7228385b-fa1c-4a84-b318-26ffa0fa223e,MLA21615680,AUDIO_QUALITY,Calidad de audio,,"Dolby Digital 5.1, Dolby Digital Plus 7.1",True,2025-04-03 12:09:12.785351,2025-04-03 12:09:12.785352
8d1e0939-b798-4c0a-a1ef-b881150c58c8,MLA21615680,LANGUAGE_OPTIONS,Opciones de idioma,,Español,True,2025-04-03 12:09:12.785369,2025-04-03 12:09:12.785375
ab252eb5-b108-4452-9c64-f09b064265dc,MLA21615680,MIN_OPERATING_SYSTEMS_REQUIRED,Sistemas operativos mínimos requeridos,,"Android 4.2, iOS 9.1, macOS X 10.9, Windows 7",True,2025-04-03 12:09:12.785392,2025-04-03 12:09:12.785392
8dbe7e54-5873-42de-869f-f6280f347fa3,MLA21615680,WI_FI_STANDARDS,Estándares Wi-Fi,,IEEE 802.11ac,True,2025-04-03 12:09:12.785408,2025-04-03 12:09:12.785409
0dc5a2da-569b-4f5a-8ffe-9009b03d8c7c,MLA21615680,FREQUENCIES,Frecuencias,,"2.4 GHz, 5 GHz",True,2025-04-03 12:09:12.785426,2025-04-03 12:09:12.785427
b66c974a-acfd-4208-ad23-75a0a55313a8,MLA21615680,DEVICE_OPERATING_VOLTAGE,Voltaje de funcionamiento,8631470,5 V,True,2025-04-03 12:09:12.785449,2025-04-03 12:09:12.785450
fcb03e07-cf0b-40b5-b9b6-7908e4e39881,MLA19971472,BRAND,Marca,52701,Google,True,2025-04-03 12:09:12.785599,2025-04-03 12:09:12.785600
6ec346ac-0b51-4784-837a-083dfe76c92a,MLA19971472,MODEL,Modelo,40464,HD,True,2025-04-03 12:09:12.785620,2025-04-03 12:09:12.785626
b79674a6-d358-4610-a23b-59533ac451e2,MLA19971472,GENERATION,Generación,26133534,4.ª generación,True,2025-04-03 12:09:12.785648,2025-04-03 12:09:12.785650
f5c3460b-dc80-42e9-ad30-cb07fcd356c4,MLA19971472,ALPHANUMERIC_MODEL,Modelo alfanumérico,26141914,G454V,True,2025-04-03 12:09:12.785667,2025-04-03 12:09:12.785667
76020a5f-0107-4070-97a6-e7b2ac1eb45a,MLA19971472,COLOR,Color,12472061,Blanco,True,2025-04-03 12:09:12.785689,2025-04-03 12:09:12.785695
085ccab3-6c09-46b9-83e9-c2d18cf8e450,MLA19971472,STORAGE_CAPACITY,Capacidad de almacenamiento,18646,8 GB,True,2025-04-03 12:09:12.785711,2025-04-03 12:09:12.785712
4ac3c309-3a01-42d9-ae28-dc2a502a7ade,MLA19971472,RAM_MEMORY,Memoria RAM,445979,1.5 GB,True,2025-04-03 12:09:12.785729,2025-04-03 12:09:12.785729
a5463e42-94b7-401f-b632-17983c9a91a3,MLA19971472,REMOTE_CONTROL_TYPE,Tipo de control remoto,26133535,De voz,True,2025-04-03 12:09:12.785746,2025-04-03 12:09:12.785747
60844d71-400f-4748-a9c2-6230f93bbea9,MLA19971472,MAIN_COLOR,Color principal,2450308,Blanco,True,2025-04-03 12:09:12.785763,2025-04-03 12:09:12.785769
f770c41a-c318-476a-b879-5642d641178b,MLA19971472,DEVICE_FORMAT,Formato del dispositivo,8616495,TV Box,True,2025-04-03 12:09:12.785786,2025-04-03 12:09:12.785786
496d8405-4f01-4c84-9c9d-592b1358f406,MLA19971472,MAX_VIDEO_RESOLUTION,Resolución máxima de video,168331,HD,True,2025-04-03 12:09:12.785809,2025-04-03 12:09:12.785810
9a20469f-b4ba-491e-bb40-c7a293775252,MLA19971472,COMPATIBLE_APPLICATIONS,Aplicaciones compatibles,,"Amazon Prime Video, Netflix, YouTube, HBO Go",True,2025-04-03 12:09:12.785832,2025-04-03 12:09:12.785833
4d958c78-82aa-495e-b0b7-0999f5104036,MLA19971472,RECOMMENDED_DEVICES,Dispositivos recomendados,,"Celulares, Computadoras, Tablets, Televisores",True,2025-04-03 12:09:12.785855,2025-04-03 12:09:12.785856
0a78eeef-2d70-4902-9228-3a826d05466e,MLA19971472,AUDIO_AND_VIDEO_INTERFACES,Interfaces de audio y video,,HDMI,True,2025-04-03 12:09:12.785873,2025-04-03 12:09:12.785874
80e59774-4de3-469e-bc69-9d4ed0a353f7,MLA19971472,PORTS_AND_CONNECTORS_TYPES,Tipos de puertos y conectores,,USB-C,True,2025-04-03 12:09:12.785891,2025-04-03 12:09:12.785891
83e50bb0-9276-4ebb-a623-5ad65bd63e21,MLA19971472,ANATEL_HOMOLOGATION_NUMBER,Homologación Anatel Nº,40365824,94662204818,True,2025-04-03 12:09:12.785912,2025-04-03 12:09:12.785918
e82ff606-8d98-4cf0-addd-5b6e051e0df9,MLA19971472,WITH_BLUETOOTH,Con Bluetooth,242085,Sí,True,2025-04-03 12:09:12.785940,2025-04-03 12:09:12.785941
4599e1de-f561-453b-9c46-ca429e2f29f5,MLA19971472,WITH_WI_FI,Con Wi-Fi,242085,Sí,True,2025-04-03 12:09:12.785957,2025-04-03 12:09:12.785958
b5aba2f8-d8dd-4f73-af6e-85e5e19bf082,MLA19971472,INCLUDES_HDMI_CABLE,Incluye cable HDMI,242085,Sí,True,2025-04-03 12:09:12.785979,2025-04-03 12:09:12.785985
d1b00700-15a2-4ab0-94a4-7efcec377a77,MLA19971472,LENGTH,Largo,8927824,16.2 cm,True,2025-04-03 12:09:12.786001,2025-04-03 12:09:12.786002
6788b5c7-0b2e-43f6-8c37-7bb36ca0e40b,MLA19971472,WIDTH,Ancho,8919901,6.1 cm,True,2025-04-03 12:09:12.786019,2025-04-03 12:09:12.786025
801296e6-4b4c-43eb-98d3-fa04becd4c46,MLA19971472,HEIGHT,Altura,8248374,1.25 cm,True,2025-04-03 12:09:12.786042,2025-04-03 12:09:12.786047
8c8861f2-5c5a-42d1-a64c-ce23ff021478,MLA19971472,WEIGHT,Peso,20142203,292 g,True,2025-04-03 12:09:12.786065,2025-04-03 12:09:12.786066
eee32d62-5940-4919-94d1-2eada877fd88,MLA19971472,OS_NAME,Nombre del sistema operativo,13310224,Google TV,True,2025-04-03 12:09:12.786083,2025-04-03 12:09:12.786084
548da73a-75b6-4dd6-a0cf-c6c759baae43,MLA19971472,STREAMING_TECHNOLOGIES,Tecnologías de streaming,,Chromecast,True,2025-04-03 12:09:12.786101,2025-04-03 12:09:12.786101
99c0518e-7df7-4e53-8559-11387ab05942,MLA19971472,AUDIO_QUALITY,Calidad de audio,,"Dolby Atmos, Dolby Digital, Dolby Digital Plus",True,2025-04-03 12:09:12.786118,2025-04-03 12:09:12.786118
d971074e-0b20-4fcb-8610-22abca85dda6,MLA19971472,CPU,CPU,,Amlogic S905X3 Cortex-A55 Quad-Core,True,2025-04-03 12:09:12.786137,2025-04-03 12:09:12.786143
4b68eac0-7a10-4f6e-8aca-29c843a9b1aa,MLA19971472,GRAPHICS_PROCESSOR,Procesador gráfico,7569896,Mali-G31 MP2,True,2025-04-03 12:09:12.786166,2025-04-03 12:09:12.786167
56b996bb-0a2e-4205-afc3-5a8393d576b8,MLA19971472,WI_FI_STANDARDS,Estándares Wi-Fi,,IEEE 802.11ac,True,2025-04-03 12:09:12.786184,2025-04-03 12:09:12.786185
158ae74a-249e-47fb-b9b9-24ff270bfbe4,MLA19971472,FREQUENCIES,Frecuencias,,"2.4 GHz, 5 GHz",True,2025-04-03 12:09:12.786202,2025-04-03 12:09:12.786203
1f95bb1f-b04c-4352-beaf-ba4ed71e73fd,MLA19971472,DEVICE_OPERATING_VOLTAGE,Voltaje de funcionamiento,8631470,5 V,True,2025-04-03 12:09:12.786220,2025-04-03 12:09:12.786221
7335f684-267d-477b-bcd1-f15d9ef65b5e,MLA37174404,BRAND,Marca,38053550,uramircle,True,2025-04-03 12:09:12.786766,2025-04-03 12:09:12.786766
3317ff3b-a25d-42b8-8245-31c15e44a236,MLA34185746,BRAND,Marca,52701,Google,True,2025-04-03 12:09:12.786900,2025-04-03 12:09:12.786901
b273c1e1-664d-44d7-8480-f6b0dec86b70,MLA34185746,LINE,Línea,340816,Chromecast,True,2025-04-03 12:09:12.786913,2025-04-03 12:09:12.786918
f979fb9c-dd07-4bc8-a554-89a80012b877,MLA34185746,MODEL,Modelo,48553282,Chromecast 3,True,2025-04-03 12:09:12.786933,2025-04-03 12:09:12.786938
c4a0ea32-f9ff-4d07-a616-3403ae071812,MLA34185746,GENERATION,Generación,10910111,4.ª generación,True,2025-04-03 12:09:12.786951,2025-04-03 12:09:12.786951
c20b99f0-6e94-43dc-8f0d-bc2a382a2ea7,MLA34185746,ALPHANUMERIC_MODEL,Modelo alfanumérico,14342600,Chromecast 3,True,2025-04-03 12:09:12.786965,2025-04-03 12:09:12.786965
50166645-7cec-47f9-80e1-8e6abe0a7efc,MLA34185746,COLOR,Color,52049,Negro,True,2025-04-03 12:09:12.786983,2025-04-03 12:09:12.786984
821211b2-1c1b-4532-bf8c-d0db5d3eade3,MLA34185746,STORAGE_CAPACITY,Capacidad de almacenamiento,135798,512 MB,True,2025-04-03 12:09:12.787002,2025-04-03 12:09:12.787003
fc9e49f0-5ddb-4d8a-8194-f7e1979df302,MLA34185746,REMOTE_CONTROL_TYPE,Tipo de control remoto,16502149,Negro,True,2025-04-03 12:09:12.787017,2025-04-03 12:09:12.787022
11e8f6c1-f6e5-4db2-aec6-750ca5cff879,MLA34185746,DEVICE_FORMAT,Formato del dispositivo,8616495,TV Box,True,2025-04-03 12:09:12.787036,2025-04-03 12:09:12.787040
7be87dbf-db95-411d-84ab-3eb431373d34,MLA34185746,AUDIO_AND_VIDEO_INTERFACES,Interfaces de audio y video,,HDMI,True,2025-04-03 12:09:12.787054,2025-04-03 12:09:12.787054
78ccf064-7fef-4f77-8f92-8858f99d1063,MLA34185746,WITH_WI_FI,Con Wi-Fi,242085,Sí,True,2025-04-03 12:09:12.787067,2025-04-03 12:09:12.787067
e3af5768-b33f-4e4a-94b8-3c2d498c397b,MLA28796813,BRAND,Marca,15071817,Fi,True,2025-04-03 12:09:12.787175,2025-04-03 12:09:12.787175
2d062331-09d0-4f31-9190-f21752eb260c,MLA28796813,LINE,Línea,340816,Chromecast,True,2025-04-03 12:09:12.787193,2025-04-03 12:09:12.787194
a57fb4ca-d149-4140-aa66-a7b0591608e2,MLA28796813,MODEL,Modelo,27175892,Google Chromecast Hdmi 1080P,True,2025-04-03 12:09:12.787209,2025-04-03 12:09:12.787209
78cac967-a1a2-438e-82ad-eb992efebd66,MLA28796813,GENERATION,Generación,10910111,4.ª generación,True,2025-04-03 12:09:12.787230,2025-04-03 12:09:12.787231
bef2b03f-09dc-4317-9964-e57509b33d3a,MLA28796813,ALPHANUMERIC_MODEL,Modelo alfanumérico,27175890,Google Chromecast Hdmi 1080P,True,2025-04-03 12:09:12.787245,2025-04-03 12:09:12.787246
7df3199f-7baf-4915-a344-5951e5dfa55a,MLA40203817,BRAND,Marca,15071817,Fi,True,2025-04-03 12:09:12.787354,2025-04-03 12:09:12.787358
8b0bd13b-6a64-43e4-8226-ae7a76f6dfa2,MLA40203817,LINE,Línea,340816,Chromecast,True,2025-04-03 12:09:12.787376,2025-04-03 12:09:12.787376
aa58b562-e2f8-498b-81f3-312fce75a7f1,MLA40203817,MODEL,Modelo,11281877,Chromecast,True,2025-04-03 12:09:12.787391,2025-04-03 12:09:12.787396
dc097379-ffd2-4d2f-acf5-b408f4bf2a38,MLA40203817,ALPHANUMERIC_MODEL,Modelo alfanumérico,27175890,Google Chromecast Hdmi 1080P,True,2025-04-03 12:09:12.787410,2025-04-03 12:09:12.787410
52ef34f8-8860-4ed8-a2f6-6390ff7a17f9,MLA40203817,COLOR,Color,52049,Negro,True,2025-04-03 12:09:12.787429,2025-04-03 12:09:12.787429
9cef5f59-ce30-4a15-adae-e8b4856568f2,MLA40203817,DEVICE_FORMAT,Formato del dispositivo,9234856,Pendant Box,True,2025-04-03 12:09:12.787446,2025-04-03 12:09:12.787447
01623bb7-4795-42e5-907a-631cb463f46c,MLA40203817,AUDIO_AND_VIDEO_INTERFACES,Interfaces de audio y video,,HDMI,True,2025-04-03 12:09:12.787462,2025-04-03 12:09:12.787463
e31de582-4e1f-4672-9596-b4f712612343,MLA34077578,BRAND,Marca,52701,Google,True,2025-04-03 12:09:12.787567,2025-04-03 12:09:12.787568
1fdfaa29-4aac-4d94-b676-1875d1b3ac65,MLA34077578,LINE,Línea,340816,Chromecast,True,2025-04-03 12:09:12.787582,2025-04-03 12:09:12.787583
0fd36bb3-afef-4b4d-ba31-5fb6e3aeaa56,MLA34077578,MODEL,Modelo,11281877,Chromecast,True,2025-04-03 12:09:12.787602,2025-04-03 12:09:12.787603
ef742af9-3eb3-4beb-8dfd-aa6d4748da73,MLA34077578,GENERATION,Generación,8248559,3.ª generación,True,2025-04-03 12:09:12.787616,2025-04-03 12:09:12.787622
c7318e87-af6c-429a-b2f7-d5bb3fae025e,MLA34077578,ALPHANUMERIC_MODEL,Modelo alfanumérico,13332023,GA00439,True,2025-04-03 12:09:12.787636,2025-04-03 12:09:12.787641
8e84cd0c-b33c-41f8-956f-620d81595517,MLA34077578,COLOR,Color,52049,Negro,True,2025-04-03 12:09:12.787660,2025-04-03 12:09:12.787666
c63485d8-6bec-4087-be00-a0159923d888,MLA34077578,STORAGE_CAPACITY,Capacidad de almacenamiento,135798,512 MB,True,2025-04-03 12:09:12.787680,2025-04-03 12:09:12.787680
58b93e4d-22bc-4517-8559-823a633df796,MLA34077578,REMOTE_CONTROL_TYPE,Tipo de control remoto,16502149,Negro,True,2025-04-03 12:09:12.787694,2025-04-03 12:09:12.787694
f967ebaa-f92b-44b6-8ac7-c1058bd0398d,MLA34077578,MAIN_COLOR,Color principal,2450295,Negro,True,2025-04-03 12:09:12.787709,2025-04-03 12:09:12.787709
b67bc4bf-5206-4040-ad11-c85ad5a0fb58,MLA34077578,DEVICE_FORMAT,Formato del dispositivo,9234856,Pendant Box,True,2025-04-03 12:09:12.787723,2025-04-03 12:09:12.787723
e2df4a80-5378-48d7-a27c-b84db2c48bc1,MLA34077578,MAX_VIDEO_RESOLUTION,Resolución máxima de video,168332,Full HD,True,2025-04-03 12:09:12.787741,2025-04-03 12:09:12.787742
2289e4c6-23ad-45db-8ff5-08acf04a9d89,MLA34077578,AUDIO_AND_VIDEO_INTERFACES,Interfaces de audio y video,,HDMI,True,2025-04-03 12:09:12.787756,2025-04-03 12:09:12.787756
2f033249-9af0-49e2-bf5c-c172fd95e05d,MLA34077578,PORTS_AND_CONNECTORS_TYPES,Tipos de puertos y conectores,,Micro-USB,True,2025-04-03 12:09:12.787775,2025-04-03 12:09:12.787775
6db6c6da-7b8b-4aef-ab30-2bbd62aca5f9,MLA34077578,MANUFACTURER,Fabricante,52701,Google,True,2025-04-03 12:09:12.787789,2025-04-03 12:09:12.787789
a3c80a8d-98d6-4ab7-8ade-d1098be1e6e3,MLA34077578,WITH_BLUETOOTH,Con Bluetooth,242085,Sí,True,2025-04-03 12:09:12.787804,2025-04-03 12:09:12.787804
76f09544-02e7-4266-878c-eae9b2fddeeb,MLA34077578,WITH_WI_FI,Con Wi-Fi,242085,Sí,True,2025-04-03 12:09:12.787817,2025-04-03 12:09:12.787818
1cd877a4-7480-4e0d-a7f2-511f0602bbbf,MLA34077578,WITH_INTEGRATED_VOICE_ASSISTANTS,Con asistentes de voz integrados,242084,No,True,2025-04-03 12:09:12.787831,2025-04-03 12:09:12.787836
b459e11a-9cd0-48f3-a391-ee1df318059e,MLA34077578,INTEGRATED_VOICE_ASSISTANTS,Asistentes de voz integrados,,Google Assistant,True,2025-04-03 12:09:12.787855,2025-04-03 12:09:12.787856
28806371-8284-4f78-bbfc-fe262f28e553,MLA34077578,INCLUDES_HDMI_CABLE,Incluye cable HDMI,242085,Sí,True,2025-04-03 12:09:12.787871,2025-04-03 12:09:12.787876
c6131220-d691-40f0-819b-a13946470ad1,MLA34077578,LENGTH,Largo,48553666,5.18 cm,True,2025-04-03 12:09:12.787895,2025-04-03 12:09:12.787896
44252e4c-9cd8-4f44-a6f9-cc2d106430f5,MLA34077578,WIDTH,Ancho,48717962,5.19 cm,True,2025-04-03 12:09:12.787913,2025-04-03 12:09:12.787914
9392f46e-444f-406b-8c1a-f6c03b1ada6c,MLA34077578,HEIGHT,Altura,22237619,1.38 cm,True,2025-04-03 12:09:12.787927,2025-04-03 12:09:12.787928
93f67a94-0bf3-47a9-a4ef-a00ca44e1dc1,MLA34077578,WEIGHT,Peso,18372933,32 g,True,2025-04-03 12:09:12.787946,2025-04-03 12:09:12.787947
dbd89749-8434-47df-aeba-cb1b5037fbb2,MLA34077578,OS_NAME,Nombre del sistema operativo,355776,Chrome OS,True,2025-04-03 12:09:12.787961,2025-04-03 12:09:12.787961
2c5b79f1-fd27-492f-8ad6-693a38734882,MLA34077578,STREAMING_TECHNOLOGIES,Tecnologías de streaming,,Chromecast,True,2025-04-03 12:09:12.787975,2025-04-03 12:09:12.787975
534d8981-3688-4f09-94ff-481124c27d01,MLA34077578,CPU,CPU,,Cortex-A7 Dual-Core,True,2025-04-03 12:09:12.787993,2025-04-03 12:09:12.787994
f61279e3-ad07-4e51-829a-0eb175500c2f,MLA34077578,GRAPHICS_PROCESSOR,Procesador gráfico,7569896,Mali-G31 MP2,True,2025-04-03 12:09:12.788007,2025-04-03 12:09:12.788008
d7178113-7888-4f72-945d-b82d054f68b8,MLA34077578,WI_FI_STANDARDS,Estándares Wi-Fi,,IEEE 802.11ac,True,2025-04-03 12:09:12.788025,2025-04-03 12:09:12.788026
42b6c298-22f8-4013-a27b-162bf0ce6960,MLA34077578,FREQUENCIES,Frecuencias,,"2.4 GHz, 5 GHz",True,2025-04-03 12:09:12.788045,2025-04-03 12:09:12.788046
98124adf-5e85-4dfe-b238-80cdb81cef86,MLA34077578,DEVICE_OPERATING_VOLTAGE,Voltaje de funcionamiento,8631470,5 V,True,2025-04-03 12:09:12.788061,2025-04-03 12:09:12.788061
b136e7d8-cf79-4215-84a4-33fdfc7105df,MLA26953032,BRAND,Marca,52701,Google,True,2025-04-03 12:09:12.788214,2025-04-03 12:09:12.788214
a44d9018-eb39-4277-ad13-3ad5f7a92ad6,MLA26953032,MODEL,Modelo,11281877,Chromecast,True,2025-04-03 12:09:12.788233,2025-04-03 12:09:12.788234
c968f3fd-a99e-4ddc-8a85-20a6f9262ef8,MLA26953032,ALPHANUMERIC_MODEL,Modelo alfanumérico,48877374,Chromecast Carvão,True,2025-04-03 12:09:12.788252,2025-04-03 12:09:12.788253
ef58bf8c-55b9-4cdc-8c4a-56b771d3a5cb,MLA26953032,COLOR,Color,52051,Gris oscuro,True,2025-04-03 12:09:12.788265,2025-04-03 12:09:12.788265
41e12d48-ab8e-4a3a-a402-4d5e7b90fc52,MLA26953032,MAX_VIDEO_RESOLUTION,Resolución máxima de video,168332,Full HD,True,2025-04-03 12:09:12.788283,2025-04-03 12:09:12.788283
943f4012-9c96-498a-841d-d0d90fdea758,MLA26953032,COMPATIBLE_APPLICATIONS,Aplicaciones compatibles,,Google Play,True,2025-04-03 12:09:12.788297,2025-04-03 12:09:12.788297
afc05fce-1cf2-4604-971b-31fcc6b4284a,MLA26953032,RECOMMENDED_DEVICES,Dispositivos recomendados,,Televisores,True,2025-04-03 12:09:12.788315,2025-04-03 12:09:12.788315
d60da444-bf3a-4dc7-8578-723ec9ae7d74,MLA26953032,MIN_OPERATING_SYSTEMS_REQUIRED,Sistemas operativos mínimos requeridos,,Android,True,2025-04-03 12:09:12.788329,2025-04-03 12:09:12.788329
ff13d4c0-729f-437d-bfe2-7e9a506ce31d,MLA26953032,MPN,MPN,,Google chromecast full hd carvão,True,2025-04-03 12:09:12.788343,2025-04-03 12:09:12.788343
4981f118-705f-4d26-8bad-d3949cb384cf,MLA25208906,BRAND,Marca,14890066,Outro,True,2025-04-03 12:09:12.788420,2025-04-03 12:09:12.788421
c1c03cbf-633d-4f36-bb60-9289f05d090f,MLA25208906,LINE,Línea,340816,Chromecast,True,2025-04-03 12:09:12.788440,2025-04-03 12:09:12.788441
7e58554f-ed33-4feb-a444-5955a1fa1a7f,MLA25208906,MODEL,Modelo,21801061,Google Chromecast 3 Hdmi Hd,True,2025-04-03 12:09:12.788455,2025-04-03 12:09:12.788455
24f42562-9748-4f3f-accc-f1a56d9d7743,MLA25208906,ALPHANUMERIC_MODEL,Modelo alfanumérico,14342600,Chromecast 3,True,2025-04-03 12:09:12.788474,2025-04-03 12:09:12.788475
5d84dacf-f33c-4ef6-b7f5-d645d1727d6c,MLA25208906,COLOR,Color,52049,Negro,True,2025-04-03 12:09:12.788489,2025-04-03 12:09:12.788490
bbb13166-8211-430f-9def-0827859a10c4,MLA6304839,BRAND,Marca,52701,Google,True,2025-04-03 12:09:12.788604,2025-04-03 12:09:12.788604
a2f52a5d-1724-4375-a00e-f8bb16507572,MLA6304839,MODEL,Modelo,402606,Chromecast Ultra,True,2025-04-03 12:09:12.788617,2025-04-03 12:09:12.788618
1176970c-b428-4f76-a20d-f0f86ba5afc2,MLA6304839,COLOR,Color,52049,Negro,True,2025-04-03 12:09:12.788631,2025-04-03 12:09:12.788631
c45b7643-bf49-44d5-b020-63f1dfd50137,MLA6304839,MAIN_COLOR,Color principal,2450295,Negro,True,2025-04-03 12:09:12.788645,2025-04-03 12:09:12.788646
c75f09d8-9685-4af2-960c-4c0507449cb8,MLA6304839,DEVICE_FORMAT,Formato del dispositivo,9234856,Pendant Box,True,2025-04-03 12:09:12.788659,2025-04-03 12:09:12.788659
5e1ce017-085c-4da4-8b5a-7581906f7a81,MLA6304839,MAX_VIDEO_RESOLUTION,Resolución máxima de video,43239621,4K,True,2025-04-03 12:09:12.788674,2025-04-03 12:09:12.788678
4d29f2d0-9023-423e-8b0a-e69bf1635397,MLA6304839,COMPATIBLE_APPLICATIONS,Aplicaciones compatibles,,"YouTube, Spotify, Hulu, Disney+, Amazon Prime Video, HBO Go, Vudu, Starz, Netflix, Tubi, Google TV",True,2025-04-03 12:09:12.788697,2025-04-03 12:09:12.788698
b89ddfa5-e65d-4ce9-ae06-fc89499f6a8a,MLA6304839,RECOMMENDED_DEVICES,Dispositivos recomendados,,"Celulares, Computadoras, Televisores",True,2025-04-03 12:09:12.788716,2025-04-03 12:09:12.788717
4d18cc39-ae4b-4148-8b23-53c841706867,MLA6304839,AUDIO_AND_VIDEO_INTERFACES,Interfaces de audio y video,,HDMI,True,2025-04-03 12:09:12.788736,2025-04-03 12:09:12.788737
b350d8ad-44cc-4cb0-83e6-b1fc916d0caa,MLA6304839,PORTS_AND_CONNECTORS_TYPES,Tipos de puertos y conectores,,"Micro-USB, Ethernet",True,2025-04-03 12:09:12.788751,2025-04-03 12:09:12.788757
7932565a-fcf4-45f6-9f62-f151e061444c,MLA6304839,MANUFACTURER,Fabricante,52701,Google,True,2025-04-03 12:09:12.788776,2025-04-03 12:09:12.788777
8eceab66-0bda-4f46-b93f-bb115cf4e663,MLA6304839,WITH_BLUETOOTH,Con Bluetooth,242085,Sí,True,2025-04-03 12:09:12.788794,2025-04-03 12:09:12.788795
3a1e1f0b-31e0-4907-9554-9d7fea96a17c,MLA6304839,WITH_WI_FI,Con Wi-Fi,242085,Sí,True,2025-04-03 12:09:12.788808,2025-04-03 12:09:12.788813
146f129f-798b-4ff7-be3a-bd7e60cd4e1c,MLA6304839,WITH_INTEGRATED_VOICE_ASSISTANTS,Con asistentes de voz integrados,242085,Sí,True,2025-04-03 12:09:12.788827,2025-04-03 12:09:12.788827
889cdf9f-a60c-405c-af72-69d03bbd0c13,MLA6304839,INTEGRATED_VOICE_ASSISTANTS,Asistentes de voz integrados,,Google Assistant,True,2025-04-03 12:09:12.788845,2025-04-03 12:09:12.788845
9e5a509d-f56d-4b61-807b-c76e92d6584a,MLA6304839,INCLUDES_HDMI_CABLE,Incluye cable HDMI,242085,Sí,True,2025-04-03 12:09:12.788859,2025-04-03 12:09:12.788863
4e736dac-1219-4aac-96ed-4375521d4712,MLA6304839,INCLUDES_CELL_BATTERIES,Incluye pilas,242084,No,True,2025-04-03 12:09:12.788877,2025-04-03 12:09:12.788877
1068e0b3-043e-4515-af39-759bff1e626f,MLA6304839,LENGTH,Largo,10397270,2.29 cm,True,2025-04-03 12:09:12.788891,2025-04-03 12:09:12.788891
88e51735-f8b9-4dc6-9b64-c7dc6323a58a,MLA6304839,WIDTH,Ancho,10397269,2.29 cm,True,2025-04-03 12:09:12.788905,2025-04-03 12:09:12.788910
a294a49b-1353-47a0-8615-34e180cb76bd,MLA6304839,HEIGHT,Altura,10397268,0.53 cm,True,2025-04-03 12:09:12.788927,2025-04-03 12:09:12.788928
5931a392-06b4-4f39-aa3d-07f77a6fd4ad,MLA6304839,WEIGHT,Peso,18431744,47 g,True,2025-04-03 12:09:12.788946,2025-04-03 12:09:12.788947
5776d25e-96b7-4228-8e86-6324f4344611,MLA6304839,OS_NAME,Nombre del sistema operativo,355776,Chrome OS,True,2025-04-03 12:09:12.788960,2025-04-03 12:09:12.788960
79c0ff82-8a53-4b13-b8a3-3acdc64c1f90,MLA6304839,STREAMING_TECHNOLOGIES,Tecnologías de streaming,,Chromecast,True,2025-04-03 12:09:12.788972,2025-04-03 12:09:12.788972
4bc778d7-5781-4599-8926-9dd61d9a601b,MLA6304839,AUDIO_QUALITY,Calidad de audio,,Wave,True,2025-04-03 12:09:12.788984,2025-04-03 12:09:12.788985
6dc831ba-080b-485e-a2ae-310ff5dabc98,MLA6304839,LANGUAGE_OPTIONS,Opciones de idioma,,Español,True,2025-04-03 12:09:12.788998,2025-04-03 12:09:12.788999
a51ef8e2-3867-4657-ac2f-32a0c957b0a1,MLA6304839,MIN_OPERATING_SYSTEMS_REQUIRED,Sistemas operativos mínimos requeridos,,"Android, iOS, macOS, Windows",True,2025-04-03 12:09:12.789017,2025-04-03 12:09:12.789017
b7ef9193-6f9c-4025-9cae-bbed3345ff71,MLA6304839,CPU,CPU,,"Cortex-A7 Dual-Core, Amlogic S905X3 Cortex-A55 Quad-Core",True,2025-04-03 12:09:12.789036,2025-04-03 12:09:12.789037
ee4241b7-6ecb-4ae0-bf62-d4269c37d7cb,MLA6304839,GRAPHICS_PROCESSOR,Procesador gráfico,20171544,HDR10,True,2025-04-03 12:09:12.789051,2025-04-03 12:09:12.789051
5431c755-857f-4b04-a5fd-1ac59d6beb7a,MLA6304839,WI_FI_STANDARDS,Estándares Wi-Fi,,IEEE 802.11ac,True,2025-04-03 12:09:12.789065,2025-04-03 12:09:12.789066
0ac66054-7e92-4a28-a01a-18c0ebeae8c4,MLA6304839,FREQUENCIES,Frecuencias,,"2.4 GHz, 5 GHz",True,2025-04-03 12:09:12.789080,2025-04-03 12:09:12.789080
f71600b2-50df-4bc3-97f8-57f70735c76e,MLA6304839,DEVICE_OPERATING_VOLTAGE,Voltaje de funcionamiento,8631470,5 V,True,2025-04-03 12:09:12.789094,2025-04-03 12:09:12.789095
6ac841e0-2217-4005-812a-63e7c8386462,MLA21148211,BRAND,Marca,52701,Google,True,2025-04-03 12:09:12.789245,2025-04-03 12:09:12.789245
c5f58da4-6d73-430f-bf2f-ab162fb84bc0,MLA21148211,LINE,Línea,9743532,g1,True,2025-04-03 12:09:12.789263,2025-04-03 12:09:12.789264
9a2d3a48-25bb-41e4-b55b-fe595434a57b,MLA21148211,MODEL,Modelo,15800391,G1-1,True,2025-04-03 12:09:12.789278,2025-04-03 12:09:12.789282
5f9e6b55-3285-413f-bdec-a091729964e4,MLA21148211,COLOR,Color,52049,Negro,True,2025-04-03 12:09:12.789295,2025-04-03 12:09:12.789301
8e95f5b1-2ad1-44e9-906e-832f8bac464f,MLA21148211,DEVICE_FORMAT,Formato del dispositivo,8616496,Stick,True,2025-04-03 12:09:12.789313,2025-04-03 12:09:12.789314
942c6b0a-c2c8-4081-bf59-aa95669e18de,MLA21148211,MAX_VIDEO_RESOLUTION,Resolución máxima de video,13356127,Full HD 1080p,True,2025-04-03 12:09:12.789326,2025-04-03 12:09:12.789326
35ea30a4-d22f-40a1-8cfc-656000b35b0b,MLA21148211,RECOMMENDED_DEVICES,Dispositivos recomendados,,Celulares,True,2025-04-03 12:09:12.789341,2025-04-03 12:09:12.789342
990b2798-8c39-4631-9152-94b3ded750e7,MLA21148211,WITH_WI_FI,Con Wi-Fi,242085,Sí,True,2025-04-03 12:09:12.789355,2025-04-03 12:09:12.789355
bfa4d726-3af9-48c2-ab12-859e430e2da5,MLA21148211,MIN_OPERATING_SYSTEMS_REQUIRED,Sistemas operativos mínimos requeridos,,Android 4.1,True,2025-04-03 12:09:12.789369,2025-04-03 12:09:12.789369
f4f0730c-e3a0-4495-aa19-2c32ba6109ff,MLA23298505,BRAND,Marca,52701,Google,True,2025-04-03 12:09:12.789459,2025-04-03 12:09:12.789459
03908a76-5b5c-4b09-b7e1-327c395f8e47,MLA23298505,LINE,Línea,340816,Chromecast,True,2025-04-03 12:09:12.789478,2025-04-03 12:09:12.789484
92919bfc-cff4-438a-b5ea-7b8296ec006b,MLA23298505,MODEL,Modelo,11281877,Chromecast,True,2025-04-03 12:09:12.789498,2025-04-03 12:09:12.789499
83787c28-3fa2-436d-9c2e-ecdb8881818f,MLA23298505,GENERATION,Generación,8248559,3.ª generación,True,2025-04-03 12:09:12.789512,2025-04-03 12:09:12.789512
fbb0c007-0f93-4545-868a-5e5499878860,MLA23298505,COLOR,Color,2249819,Carbón,True,2025-04-03 12:09:12.789530,2025-04-03 12:09:12.789531
129fe322-3382-4b47-870a-2bae94e38359,MLA23298505,MAIN_COLOR,Color principal,2450295,Negro,True,2025-04-03 12:09:12.789550,2025-04-03 12:09:12.789550
02ed766d-67d2-4193-9b6f-e92e9b6f8de1,MLA23298505,DEVICE_FORMAT,Formato del dispositivo,8616496,Stick,True,2025-04-03 12:09:12.789565,2025-04-03 12:09:12.789565
a5a84e42-13e4-41e8-a861-b9a38630751a,MLA23298505,MAX_VIDEO_RESOLUTION,Resolución máxima de video,168332,Full HD,True,2025-04-03 12:09:12.789579,2025-04-03 12:09:12.789579
ba92f48b-791e-478f-9de0-117028f665f9,MLA23298505,COMPATIBLE_APPLICATIONS,Aplicaciones compatibles,,"Google Fotos, Google TV, HBO Now, Netflix, Spotify, YouTube, YouTube TV",True,2025-04-03 12:09:12.789592,2025-04-03 12:09:12.789592
6f4dd795-b852-4c45-a280-cd6da767d106,MLA23298505,RECOMMENDED_DEVICES,Dispositivos recomendados,,Televisores con HDMI,True,2025-04-03 12:09:12.789605,2025-04-03 12:09:12.789605
3b3ef0bf-3355-4da4-b498-f24de4ed12a5,MLA23298505,AUDIO_AND_VIDEO_INTERFACES,Interfaces de audio y video,,HDMI,True,2025-04-03 12:09:12.789618,2025-04-03 12:09:12.789619
daaff685-c28f-48af-8f9d-07a4e393d97a,MLA23298505,PORTS_AND_CONNECTORS_TYPES,Tipos de puertos y conectores,,USB-C,True,2025-04-03 12:09:12.789631,2025-04-03 12:09:12.789636
c5c6dde1-121e-43d3-82ea-324287469f14,MLA23298505,MANUFACTURER,Fabricante,52701,Google,True,2025-04-03 12:09:12.789654,2025-04-03 12:09:12.789654
a078a349-7dbc-4e42-a412-67954640bd87,MLA23298505,WITH_BLUETOOTH,Con Bluetooth,242085,Sí,True,2025-04-03 12:09:12.789668,2025-04-03 12:09:12.789668
9f11d9cf-194e-4099-92cc-8dc6f0f52b45,MLA23298505,WITH_WI_FI,Con Wi-Fi,242085,Sí,True,2025-04-03 12:09:12.789682,2025-04-03 12:09:12.789682
28da9d33-bfd1-4930-9271-a25514da6835,MLA23298505,WITH_INTEGRATED_VOICE_ASSISTANTS,Con asistentes de voz integrados,242084,No,True,2025-04-03 12:09:12.789695,2025-04-03 12:09:12.789700
232f95b5-4e59-4050-b080-8cb90abd254a,MLA23298505,INTEGRATED_VOICE_ASSISTANTS,Asistentes de voz integrados,,Google Assistant,True,2025-04-03 12:09:12.789715,2025-04-03 12:09:12.789720
cc3d0842-3b7c-4136-813d-b4a8633e476a,MLA23298505,INCLUDES_HDMI_CABLE,Incluye cable HDMI,242085,Sí,True,2025-04-03 12:09:12.789738,2025-04-03 12:09:12.789739
f6acd3c4-c024-4d46-ba00-09affa3e03e4,MLA23298505,INCLUDES_CELL_BATTERIES,Incluye pilas,242084,No,True,2025-04-03 12:09:12.789754,2025-04-03 12:09:12.789754
1a661f18-a4e8-4cf4-a109-529899d62b0c,MLA23298505,LENGTH,Largo,48553666,5.18 cm,True,2025-04-03 12:09:12.789768,2025-04-03 12:09:12.789772
9e00577f-6e26-41e2-9af4-b07d1ab48638,MLA23298505,WIDTH,Ancho,48717962,5.19 cm,True,2025-04-03 12:09:12.789784,2025-04-03 12:09:12.789784
ab46698b-b79a-411f-abd3-cc5945dfdcf6,MLA23298505,HEIGHT,Altura,22237619,1.38 cm,True,2025-04-03 12:09:12.789800,2025-04-03 12:09:12.789805
386a6449-bfaf-4554-ad35-6c25255485cc,MLA23298505,WEIGHT,Peso,19174041,39.1 g,True,2025-04-03 12:09:12.789818,2025-04-03 12:09:12.789823
00fda34a-610d-43d7-8162-4150dcd94ce5,MLA23298505,OS_NAME,Nombre del sistema operativo,355776,Chrome OS,True,2025-04-03 12:09:12.789836,2025-04-03 12:09:12.789836
d56fd86c-1569-405f-9edd-11d2bc367d9b,MLA23298505,STREAMING_TECHNOLOGIES,Tecnologías de streaming,,Chromecast,True,2025-04-03 12:09:12.789852,2025-04-03 12:09:12.789853
2d7063b1-fec6-4f95-afb8-c13fadbbe203,MLA23298505,AUDIO_QUALITY,Calidad de audio,,DTS Digital Surround,True,2025-04-03 12:09:12.789865,2025-04-03 12:09:12.789869
76eae046-2914-4870-9274-951bb5d484f7,MLA23298505,LANGUAGE_OPTIONS,Opciones de idioma,,Español,True,2025-04-03 12:09:12.789882,2025-04-03 12:09:12.789885
3f7e45e6-74bf-4986-9eae-4c25964ea349,MLA23298505,MIN_OPERATING_SYSTEMS_REQUIRED,Sistemas operativos mínimos requeridos,,"Android 4.2, Windows 7, iOS 9.1, macOS X 10.9",True,2025-04-03 12:09:12.789900,2025-04-03 12:09:12.789900
0a878883-cce9-42b5-b063-42e16695bc71,MLA23298505,CPU,CPU,,ARM Cortex-A7 Dual-Core,True,2025-04-03 12:09:12.789948,2025-04-03 12:09:12.789949
0772c73e-6f1c-4388-8de1-c063e2abe15d,MLA23298505,GRAPHICS_PROCESSOR,Procesador gráfico,8249292,Mali-450,True,2025-04-03 12:09:12.789962,2025-04-03 12:09:12.789963
ef56520e-361e-48d4-8634-e1ac1dd91105,MLA23298505,WI_FI_STANDARDS,Estándares Wi-Fi,,IEEE 802.11ac,True,2025-04-03 12:09:12.789976,2025-04-03 12:09:12.789977
62eb118f-87d6-4e90-a506-74498cc7d0a3,MLA23298505,FREQUENCIES,Frecuencias,,"2.4 GHz, 5 GHz",True,2025-04-03 12:09:12.789990,2025-04-03 12:09:12.789995
d3a59d05-7d3e-4746-97fa-d89c9ae49e57,MLA23298505,DEVICE_OPERATING_VOLTAGE,Voltaje de funcionamiento,8631470,5 V,True,2025-04-03 12:09:12.790009,2025-04-03 12:09:12.790009
62fbdede-ff42-40e6-ad2a-69791e59deaa,MLA23298505,MPN,MPN,,GA00439,True,2025-04-03 12:09:12.790022,2025-04-03 12:09:12.790022
352c6d33-4e16-4530-bb12-6bd09fc361ba,MLA29761568,BRAND,Marca,52701,Google,True,2025-04-03 12:09:12.790182,2025-04-03 12:09:12.790183
38a3f961-918c-4f5e-8da5-d20450523e04,MLA42167579,BRAND,Marca,52701,Google,True,2025-04-03 12:09:12.790314,2025-04-03 12:09:12.790315
64d78aa6-5a4b-49e4-9c33-8a3ad406067d,MLA42167579,LINE,Línea,340816,Chromecast,True,2025-04-03 12:09:12.790332,2025-04-03 12:09:12.790332
b3a0e8ee-457d-40ba-b5a9-4685af3a8170,MLA42167579,MODEL,Modelo,20428742,Chromecast 2,True,2025-04-03 12:09:12.790345,2025-04-03 12:09:12.790345
5f678a3a-5ee3-4cf6-8015-b7dfbf1d2014,MLA42167579,ALPHANUMERIC_MODEL,Modelo alfanumérico,17636390,NC2-6A5,True,2025-04-03 12:09:12.790358,2025-04-03 12:09:12.790358
ee53ddd2-98b1-409b-9b2a-fb1eeea78d54,MLA42167579,COLOR,Color,52049,Negro,True,2025-04-03 12:09:12.790371,2025-04-03 12:09:12.790371
921dcfc9-9262-4b97-a98b-35bfeb4014e5,MLA42167579,REMOTE_CONTROL_TYPE,Tipo de control remoto,182134,Estándar,True,2025-04-03 12:09:12.790388,2025-04-03 12:09:12.790394
11b48d7d-c9fe-44e7-8131-dc4642a4ff1b,MLA42167579,MAIN_COLOR,Color principal,2450295,Negro,True,2025-04-03 12:09:12.790408,2025-04-03 12:09:12.790408
9d616a3b-cc72-4a46-8b80-298f686ecf08,MLA42167579,DEVICE_FORMAT,Formato del dispositivo,8616496,Stick,True,2025-04-03 12:09:12.790421,2025-04-03 12:09:12.790421
6df99cd9-b027-490f-add8-523a1c886c53,MLA42167579,MAX_VIDEO_RESOLUTION,Resolución máxima de video,13356127,Full HD 1080p,True,2025-04-03 12:09:12.790435,2025-04-03 12:09:12.790435
138c6694-98c6-41a9-8c8b-28b57f47acd2,MLA42167579,RECOMMENDED_DEVICES,Dispositivos recomendados,,Tablets,True,2025-04-03 12:09:12.790448,2025-04-03 12:09:12.790448
60ac5558-39f7-4134-8abe-2c4057346902,MLA42167579,AUDIO_AND_VIDEO_INTERFACES,Interfaces de audio y video,,HDMI,True,2025-04-03 12:09:12.790461,2025-04-03 12:09:12.790461
9b97617a-f0bf-46a6-9208-e0f25076b2e2,MLA42167579,PORTS_AND_CONNECTORS_TYPES,Tipos de puertos y conectores,,HDMI,True,2025-04-03 12:09:12.790474,2025-04-03 12:09:12.790474
65e4b705-dc8b-438f-8724-6ba26c5c9d87,MLA42167579,WITH_BLUETOOTH,Con Bluetooth,242084,No,True,2025-04-03 12:09:12.790487,2025-04-03 12:09:12.790488
afec4a69-2b84-4660-b3f1-bf7adf915cab,MLA42167579,WITH_WI_FI,Con Wi-Fi,242085,Sí,True,2025-04-03 12:09:12.790500,2025-04-03 12:09:12.790500
d3bea4b0-1530-44c9-b61d-3b6131046705,MLA42167579,WITH_INTEGRATED_VOICE_ASSISTANTS,Con asistentes de voz integrados,242084,No,True,2025-04-03 12:09:12.790512,2025-04-03 12:09:12.790513
05a88f7c-ce00-4d97-8511-4e64fbe503a4,MLA42167579,INCLUDES_HDMI_CABLE,Incluye cable HDMI,242084,No,True,2025-04-03 12:09:12.790525,2025-04-03 12:09:12.790529
8966b1d0-ba0e-479d-87fe-a7b9e360b067,MLA42167579,WEIGHT,Peso,16353413,39 g,True,2025-04-03 12:09:12.790543,2025-04-03 12:09:12.790543
3d705083-0c21-48e6-9993-844a8866a3ec,MLA42167579,OS_NAME,Nombre del sistema operativo,296858,Android,True,2025-04-03 12:09:12.790560,2025-04-03 12:09:12.790561
a043af96-8463-4210-a97e-6695ecc7e2ad,MLA42167579,STREAMING_TECHNOLOGIES,Tecnologías de streaming,,Chromecast,True,2025-04-03 12:09:12.790578,2025-04-03 12:09:12.790578
6d55b5a0-2b26-4df4-8091-739f5d07d778,MLA42167579,MIN_OPERATING_SYSTEMS_REQUIRED,Sistemas operativos mínimos requeridos,,Android 4.1,True,2025-04-03 12:09:12.790602,2025-04-03 12:09:12.790603
bb508b8f-b2c1-40f8-8a45-adb2023678f3,MLA36289974,BRAND,Marca,52701,Google,True,2025-04-03 12:09:12.790738,2025-04-03 12:09:12.790738
04401b97-af10-4e57-a576-9bceef7c957c,MLA36289974,LINE,Línea,340816,Chromecast,True,2025-04-03 12:09:12.790751,2025-04-03 12:09:12.790752
7e32446a-3d86-4972-90dc-1ce7f6275511,MLA36289974,MODEL,Modelo,37017352,ACx1815,True,2025-04-03 12:09:12.790766,2025-04-03 12:09:12.790766
896db58b-92dc-482f-b790-33a2a9b0f72a,MLA36289974,GENERATION,Generación,10910111,4.ª generación,True,2025-04-03 12:09:12.790779,2025-04-03 12:09:12.790779
3658fc30-3fa6-42bd-901b-773d1308ce51,MLA36289974,COLOR,Color,50143742,ACx1815,True,2025-04-03 12:09:12.790798,2025-04-03 12:09:12.790803
d101416a-9e91-4a5b-8264-c13589386906,MLA36289974,STORAGE_CAPACITY,Capacidad de almacenamiento,18646,8 GB,True,2025-04-03 12:09:12.790817,2025-04-03 12:09:12.790817
0d8ccb3c-5fc0-4ae4-b753-4df9b6844ac5,MLA36289974,RAM_MEMORY,Memoria RAM,445970,2 GB,True,2025-04-03 12:09:12.790831,2025-04-03 12:09:12.790831
4cee52f2-7f8d-45cd-8bb7-dde3339699f9,MLA36289974,REMOTE_CONTROL_TYPE,Tipo de control remoto,17535337,De voz,True,2025-04-03 12:09:12.790845,2025-04-03 12:09:12.790849
98d7241a-6453-4c4f-8704-9d376f34e1c3,MLA36289974,MAIN_COLOR,Color principal,2450278,Celeste,True,2025-04-03 12:09:12.790863,2025-04-03 12:09:12.790867
7a63147f-0045-4eb0-8f9c-da9842f2fd75,MLA36289974,DEVICE_FORMAT,Formato del dispositivo,9234856,Pendant Box,True,2025-04-03 12:09:12.790880,2025-04-03 12:09:12.790880
901a0555-2a31-400c-9f76-8ea08e8ded48,MLA36289974,MAX_VIDEO_RESOLUTION,Resolución máxima de video,169883,4K,True,2025-04-03 12:09:12.790894,2025-04-03 12:09:12.790894
0099d282-f3ab-4497-9f5d-e27b039df5bf,MLA36289974,AUDIO_AND_VIDEO_INTERFACES,Interfaces de audio y video,,HDMI,True,2025-04-03 12:09:12.790907,2025-04-03 12:09:12.790907
7aa9518d-9e28-4170-8b1c-d4c2809e77ba,MLA36289974,MANUFACTURER,Fabricante,52701,Google,True,2025-04-03 12:09:12.790920,2025-04-03 12:09:12.790920
e707f390-f271-4b1f-8788-492ba2d290ab,MLA36289974,WITH_BLUETOOTH,Con Bluetooth,242085,Sí,True,2025-04-03 12:09:12.790932,2025-04-03 12:09:12.790933
04134f11-2766-4f59-8cc2-0cdae1ac941f,MLA36289974,WITH_WI_FI,Con Wi-Fi,242085,Sí,True,2025-04-03 12:09:12.790945,2025-04-03 12:09:12.790945
60708a06-c239-4d48-bea5-bb24e7f0b84e,MLA36289974,WITH_INTEGRATED_VOICE_ASSISTANTS,Con asistentes de voz integrados,242085,Sí,True,2025-04-03 12:09:12.790956,2025-04-03 12:09:12.790957
22b0b1ed-c7ef-478e-a4c0-e468c3af28c1,MLA36289974,INTEGRATED_VOICE_ASSISTANTS,Asistentes de voz integrados,,Google Assistant,True,2025-04-03 12:09:12.790969,2025-04-03 12:09:12.790969
159036b4-dd58-418f-9f2d-15de0f515d97,MLA36289974,INCLUDES_HDMI_CABLE,Incluye cable HDMI,242085,Sí,True,2025-04-03 12:09:12.790981,2025-04-03 12:09:12.790981
f49e981c-acd8-414b-a302-6611e23381f8,MLA36289974,INCLUDES_CELL_BATTERIES,Incluye pilas,242085,Sí,True,2025-04-03 12:09:12.790994,2025-04-03 12:09:12.790999
3ea029bb-5796-4f22-a9a1-46c268310a0a,MLA36289974,OS_NAME,Nombre del sistema operativo,13310224,Google TV,True,2025-04-03 12:09:12.791011,2025-04-03 12:09:12.791012
2988e298-a45e-4cb8-a825-64d8cb3cc58c,MLA36289974,STREAMING_TECHNOLOGIES,Tecnologías de streaming,,Chromecast,True,2025-04-03 12:09:12.791023,2025-04-03 12:09:12.791027
dcd7f665-18d5-47c9-8194-9c136f486880,MLA45968959,BRAND,Marca,52701,Google,True,2025-04-03 12:09:12.791258,2025-04-03 12:09:12.791259
c4f4bd1d-e14f-4b0b-91f3-3c6d46fb8311,MLA45968959,LINE,Línea,42943778,Chromecast 4k,True,2025-04-03 12:09:12.791280,2025-04-03 12:09:12.791281
30ca5a3f-7b8f-4e4b-8ae5-9db051fa16ae,MLA45968959,MODEL,Modelo,9169579,Chromecast with Google TV,True,2025-04-03 12:09:12.791296,2025-04-03 12:09:12.791297
575b1268-30fc-4c65-834f-5443178a46c3,MLA45968959,GENERATION,Generación,47358391,4.ª generación,True,2025-04-03 12:09:12.791313,2025-04-03 12:09:12.791313
b3160531-5877-4d42-875c-4f65981a755b,MLA45968959,ALPHANUMERIC_MODEL,Modelo alfanumérico,47358392,GA01923-US,True,2025-04-03 12:09:12.791331,2025-04-03 12:09:12.791331
853c99da-bd74-4cbc-814b-4845b1706e03,MLA45968959,COLOR,Color,46863,Cielo,True,2025-04-03 12:09:12.791348,2025-04-03 12:09:12.791348
1130d692-4e2f-4a7b-8671-f11943c07255,MLA45968959,STORAGE_CAPACITY,Capacidad de almacenamiento,18646,8 GB,True,2025-04-03 12:09:12.791369,2025-04-03 12:09:12.791370
95fc82b3-9b93-4dff-b83d-d8255356f779,MLA45968959,RAM_MEMORY,Memoria RAM,445970,2 GB,True,2025-04-03 12:09:12.791392,2025-04-03 12:09:12.791398
4fbcc6e3-bfd8-42d5-80e0-5a941782568f,MLA45968959,MAIN_COLOR,Color principal,2450278,Celeste,True,2025-04-03 12:09:12.791415,2025-04-03 12:09:12.791415
f794351e-7ba2-497a-afdc-28d63bf24203,MLA45968959,DEVICE_FORMAT,Formato del dispositivo,9234856,Pendant Box,True,2025-04-03 12:09:12.791431,2025-04-03 12:09:12.791432
82fe9f19-fae1-4df1-8f1a-78231a9f9133,MLA45968959,MAX_VIDEO_RESOLUTION,Resolución máxima de video,169883,4K,True,2025-04-03 12:09:12.791448,2025-04-03 12:09:12.791449
96e1a995-a177-4504-a008-5bbf8b636d43,MLA45968959,COMPATIBLE_APPLICATIONS,Aplicaciones compatibles,,"Netflix, YouTube, Spotify, Amazon Prime Video, Flow, Paramount+",True,2025-04-03 12:09:12.791466,2025-04-03 12:09:12.791472
8154d55d-c776-4003-8430-5790ef9248b3,MLA45968959,RECOMMENDED_DEVICES,Dispositivos recomendados,,"Celulares, Tablets, Computadoras portátiles, TV, Monitor",True,2025-04-03 12:09:12.791494,2025-04-03 12:09:12.791501
6dba04f2-4564-48b1-8c4b-273dc3f4a8aa,MLA45968959,AUDIO_AND_VIDEO_INTERFACES,Interfaces de audio y video,,HDMI,True,2025-04-03 12:09:12.791522,2025-04-03 12:09:12.791523
21d6d755-0ea3-44bc-ac4d-60efa4b11bf2,MLA45968959,PORTS_AND_CONNECTORS_TYPES,Tipos de puertos y conectores,,"USB-C, HDMI",True,2025-04-03 12:09:12.791538,2025-04-03 12:09:12.791539
01808cb3-fe7a-4c78-b26a-57a50ee17817,MLA45968959,MANUFACTURER,Fabricante,52701,Google,True,2025-04-03 12:09:12.791555,2025-04-03 12:09:12.791556
4660a9ed-ab11-4ea9-ab35-e7cbdba8337f,MLA45968959,WITH_BLUETOOTH,Con Bluetooth,242085,Sí,True,2025-04-03 12:09:12.791572,2025-04-03 12:09:12.791572
58c509e3-c395-4b37-8b7a-003f8e38aa63,MLA45968959,WITH_WI_FI,Con Wi-Fi,242085,Sí,True,2025-04-03 12:09:12.791589,2025-04-03 12:09:12.791589
df53a837-8092-45e1-8eb2-395cf329bd6e,MLA45968959,WITH_INTEGRATED_VOICE_ASSISTANTS,Con asistentes de voz integrados,242085,Sí,True,2025-04-03 12:09:12.791634,2025-04-03 12:09:12.791635
1f6f2e32-45d2-4eb5-88c6-67703ad106b5,MLA45968959,INTEGRATED_VOICE_ASSISTANTS,Asistentes de voz integrados,,Google Assistant,True,2025-04-03 12:09:12.791651,2025-04-03 12:09:12.791651
d1cd4b54-c95a-483a-b572-d8cd82273e4a,MLA45968959,INCLUDES_HDMI_CABLE,Incluye cable HDMI,242085,Sí,True,2025-04-03 12:09:12.791667,2025-04-03 12:09:12.791668
1b67349c-96c4-43a9-98d0-a2dd04d8c1f8,MLA45968959,INCLUDES_CELL_BATTERIES,Incluye pilas,242085,Sí,True,2025-04-03 12:09:12.791684,2025-04-03 12:09:12.791685
133cab85-f228-4a8e-aa03-ff73508e9fc1,MLA45968959,LENGTH,Largo,7175979,15 cm,True,2025-04-03 12:09:12.791701,2025-04-03 12:09:12.791702
a5d81ac9-d2c1-4fa6-b67d-4eafc1dcdaa2,MLA45968959,WIDTH,Ancho,7784596,12 cm,True,2025-04-03 12:09:12.791723,2025-04-03 12:09:12.791728
34a48a3f-743b-4d51-85f5-19de7fc33e4b,MLA45968959,HEIGHT,Altura,7604889,6 cm,True,2025-04-03 12:09:12.791770,2025-04-03 12:09:12.791771
40b9c473-8e6c-49b9-a1d3-a65b97c441ee,MLA45968959,WEIGHT,Peso,16344619,0.3 g,True,2025-04-03 12:09:12.791781,2025-04-03 12:09:12.791781
257b8fb8-00e1-4e2e-88b5-f9b4bfe3bd91,MLA45968959,OS_NAME,Nombre del sistema operativo,296858,Android,True,2025-04-03 12:09:12.791790,2025-04-03 12:09:12.791791
4a7ba568-9f24-4536-b51c-3d5046923faf,MLA45968959,STREAMING_TECHNOLOGIES,Tecnologías de streaming,,Chromecast,True,2025-04-03 12:09:12.791798,2025-04-03 12:09:12.791799
7983dabf-7647-4e6f-b569-053300695bbf,MLA45968959,AUDIO_QUALITY,Calidad de audio,,"Dolby Digital, Dolby Digital Plus, Dolby Atmos",True,2025-04-03 12:09:12.791814,2025-04-03 12:09:12.791816
168ce579-3713-44a2-a7e5-4b4f2511d9a0,MLA45968959,LANGUAGE_OPTIONS,Opciones de idioma,,"Alemán, Español, Francés, Inglés, Italiano, Portugués",True,2025-04-03 12:09:12.791825,2025-04-03 12:09:12.791826
700cc292-d861-4034-a238-cefd5dc4777b,MLA45968959,CPU,CPU,,Amlogic S905X3 Cortex-A55 Quad-Core,True,2025-04-03 12:09:12.791832,2025-04-03 12:09:12.791834
4120fe75-fd62-4706-ba04-9d61a76956fe,MLA45968959,GRAPHICS_PROCESSOR,Procesador gráfico,7569896,Mali-G31 MP2,True,2025-04-03 12:09:12.791841,2025-04-03 12:09:12.791841
4d14810a-a30a-4208-9692-3ce255a058bb,MLA45968959,WI_FI_STANDARDS,Estándares Wi-Fi,,IEEE 802.11ac,True,2025-04-03 12:09:12.791846,2025-04-03 12:09:12.791847
b1cf5bdc-8a56-484b-90bf-098ce8a814f0,MLA45968959,FREQUENCIES,Frecuencias,,"2.4 GHz, 5 GHz",True,2025-04-03 12:09:12.791853,2025-04-03 12:09:12.791853
16d9eae7-ea67-42da-98a0-1db3071c83b5,MLA45968959,DEVICE_OPERATING_VOLTAGE,Voltaje de funcionamiento,8631470,5 V,True,2025-04-03 12:09:12.791861,2025-04-03 12:09:12.791861
29a333be-4485-4eb4-af8b-471aa3d43564,MLA24266840,BRAND,Marca,52701,Google,True,2025-04-03 12:09:12.791961,2025-04-03 12:09:12.791961
684df2b5-4aac-450e-9e0c-e9ac49d9fceb,MLA24266840,MODEL,Modelo,11281877,Chromecast,True,2025-04-03 12:09:12.791984,2025-04-03 12:09:12.791984
a20417fd-38c9-4b47-91fd-7e9fdcee7611,MLA24266840,GENERATION,Generación,11281876,2.ª generación,True,2025-04-03 12:09:12.791992,2025-04-03 12:09:12.791992
be587474-469d-4316-9961-508ae699d2c3,MLA24266840,COLOR,Color,52049,Negro,True,2025-04-03 12:09:12.791998,2025-04-03 12:09:12.791998
a61d6238-d213-4df1-9045-f8667b5110bc,MLA24266840,STORAGE_CAPACITY,Capacidad de almacenamiento,99784,256 GB,True,2025-04-03 12:09:12.792004,2025-04-03 12:09:12.792005
90e41b58-4924-4c9b-8ff1-88dd1480e50f,MLA24266840,RAM_MEMORY,Memoria RAM,9548554,512 GB,True,2025-04-03 12:09:12.792011,2025-04-03 12:09:12.792013
1738f4c0-1fa0-4d09-beaf-68e6c1aff335,MLA24266840,DEVICE_FORMAT,Formato del dispositivo,9234856,Pendant Box,True,2025-04-03 12:09:12.792018,2025-04-03 12:09:12.792026
baea6a90-6a81-4194-a073-59b65455395d,MLA24266840,AUDIO_AND_VIDEO_INTERFACES,Interfaces de audio y video,,HDMI,True,2025-04-03 12:09:12.792069,2025-04-03 12:09:12.792072
4038ff43-469c-44d1-8385-99f3b61966a2,MLA24266840,PORTS_AND_CONNECTORS_TYPES,Tipos de puertos y conectores,,Micro-USB,True,2025-04-03 12:09:12.792090,2025-04-03 12:09:12.792091
a57db6a0-4ab4-451e-96de-60e3f74b3d35,MLA24266840,MANUFACTURER,Fabricante,52701,Google,True,2025-04-03 12:09:12.792117,2025-04-03 12:09:12.792119
998a949a-b344-4dde-9aec-a0adf2745c8b,MLA24266840,WITH_BLUETOOTH,Con Bluetooth,242084,No,True,2025-04-03 12:09:12.792132,2025-04-03 12:09:12.792134
0ec88148-7368-44e3-b8c7-d1b2170b35ea,MLA24266840,WITH_WI_FI,Con Wi-Fi,242085,Sí,True,2025-04-03 12:09:12.792141,2025-04-03 12:09:12.792142
d0ec4a84-e4a3-4e5e-8c49-91cfe8d03fc0,MLA24266840,WITH_INTEGRATED_VOICE_ASSISTANTS,Con asistentes de voz integrados,242084,No,True,2025-04-03 12:09:12.792167,2025-04-03 12:09:12.792176
d59a5ca5-e25f-4127-a1ed-8515fb87a586,MLA24266840,INCLUDES_HDMI_CABLE,Incluye cable HDMI,242084,No,True,2025-04-03 12:09:12.792197,2025-04-03 12:09:12.792197
95fd60a1-3ece-48d0-81fe-90a377979921,MLA24266840,LENGTH,Largo,48552033,5.181 cm,True,2025-04-03 12:09:12.792210,2025-04-03 12:09:12.792211
ce7313bc-dbe4-493d-84c1-5bd6ebbd80a5,MLA24266840,WIDTH,Ancho,49324621,5.181 cm,True,2025-04-03 12:09:12.792223,2025-04-03 12:09:12.792224
cad322c7-c178-4dcf-8749-99c84a4b05cf,MLA24266840,HEIGHT,Altura,49324622,1.349 cm,True,2025-04-03 12:09:12.792249,2025-04-03 12:09:12.792250
967cc086-b20e-47ed-8f33-cf5129d5ed33,MLA24266840,OS_NAME,Nombre del sistema operativo,355776,Chrome OS,True,2025-04-03 12:09:12.792294,2025-04-03 12:09:12.792295
87766888-8116-4dcb-9511-d8e96e6fd104,MLA24266840,STREAMING_TECHNOLOGIES,Tecnologías de streaming,,Chromecast,True,2025-04-03 12:09:12.792303,2025-04-03 12:09:12.792303
38a69b5e-e6a5-4633-8f29-10196521dc86,MLA24266840,AUDIO_QUALITY,Calidad de audio,,DTS Digital Surround,True,2025-04-03 12:09:12.792307,2025-04-03 12:09:12.792307
446e83f6-57e4-4e6c-a735-56f7ab8a3109,MLA24266840,LANGUAGE_OPTIONS,Opciones de idioma,,Español,True,2025-04-03 12:09:12.792311,2025-04-03 12:09:12.792311
773785bb-c56c-4a41-9a8c-026947b8913a,MLA24266840,CPU,CPU,,Cortex-A7 Dual-Core,True,2025-04-03 12:09:12.792315,2025-04-03 12:09:12.792315
cdec167a-9fc2-41df-a422-d6ff5e696060,MLA24266840,WI_FI_STANDARDS,Estándares Wi-Fi,,IEEE 802.11ac,True,2025-04-03 12:09:12.792318,2025-04-03 12:09:12.792319
88db3296-b5e0-4296-919a-842bb43595d7,MLA24266840,DEVICE_OPERATING_VOLTAGE,Voltaje de funcionamiento,8631470,5 V,True,2025-04-03 12:09:12.792322,2025-04-03 12:09:12.792322
26c76dc0-6f2a-473a-b298-f0230f1ae6d0,MLA20053803,BRAND,Marca,52701,Google,True,2025-04-03 12:09:12.792376,2025-04-03 12:09:12.792376
ff68d14f-9423-49e4-a6df-8a7fe048ff41,MLA20053803,LINE,Línea,196,Smart,True,2025-04-03 12:09:12.792380,2025-04-03 12:09:12.792380
3ac57153-dba8-4e76-985e-b1fc6b3da111,MLA20053803,MODEL,Modelo,11281877,Chromecast,True,2025-04-03 12:09:12.792383,2025-04-03 12:09:12.792383
c339d033-964f-4c2b-86bb-ddc2409512b1,MLA20053803,GENERATION,Generación,8248559,3.ª generación,True,2025-04-03 12:09:12.792387,2025-04-03 12:09:12.792387
e5df3809-2af2-495d-afdd-2adfc5965c81,MLA20053803,ALPHANUMERIC_MODEL,Modelo alfanumérico,13985828,GA00545-US,True,2025-04-03 12:09:12.792390,2025-04-03 12:09:12.792391
b33a634a-5ddf-43c0-9ed3-614c5ae79fc8,MLA20053803,COLOR,Color,2249819,Carbón,True,2025-04-03 12:09:12.792394,2025-04-03 12:09:12.792394
5cc90e62-74b5-4e6f-8284-0693b43118ef,MLA20053803,RAM_MEMORY,Memoria RAM,154947,512 MB,True,2025-04-03 12:09:12.792397,2025-04-03 12:09:12.792398
c9afc952-ac19-4d6b-84f7-43837f27dbc9,MLA20053803,DEVICE_FORMAT,Formato del dispositivo,9234856,Pendant Box,True,2025-04-03 12:09:12.792401,2025-04-03 12:09:12.792401
49c54e04-83aa-4407-b48e-b3ccfb790a70,MLA20053803,MAX_VIDEO_RESOLUTION,Resolución máxima de video,13356127,Full HD 1080p,True,2025-04-03 12:09:12.792405,2025-04-03 12:09:12.792405
b3e1bd73-5fee-4622-918a-71244384896c,MLA20053803,AUDIO_AND_VIDEO_INTERFACES,Interfaces de audio y video,,HDMI,True,2025-04-03 12:09:12.792408,2025-04-03 12:09:12.792408
57824969-334c-477b-a30d-6756701ee589,MLA20053803,WITH_WI_FI,Con Wi-Fi,242085,Sí,True,2025-04-03 12:09:12.792412,2025-04-03 12:09:12.792412
a620a831-3050-4df8-8b29-fba0a25d4296,MLA37201577,BRAND,Marca,52701,Google,True,2025-04-03 12:09:12.792448,2025-04-03 12:09:12.792448
c338b992-49f4-4db2-b322-454b9284d518,MLA37201577,LINE,Línea,340816,Chromecast,True,2025-04-03 12:09:12.792452,2025-04-03 12:09:12.792452
c73e12b7-16fd-4015-bae3-3051c721da87,MLA37201577,MODEL,Modelo,38085681,Ga00439-2 Pack,True,2025-04-03 12:09:12.792455,2025-04-03 12:09:12.792456
80b28fc7-c426-49d8-94d1-6ecb521d75b4,MLA37201577,GENERATION,Generación,10910111,4.ª generación,True,2025-04-03 12:09:12.792459,2025-04-03 12:09:12.792459
0521be8f-ea30-466a-baa0-e70c39404215,MLA37201577,ALPHANUMERIC_MODEL,Modelo alfanumérico,14342600,Chromecast 3,True,2025-04-03 12:09:12.792463,2025-04-03 12:09:12.792464
8740f7ac-e2dd-4cb4-a355-3fa971446cb8,MLA37201577,COLOR,Color,116435,Black,True,2025-04-03 12:09:12.792467,2025-04-03 12:09:12.792467
a06b5b16-ecd3-4bf6-9a4e-3e593e5867b3,MLA37201577,MIN_OPERATING_SYSTEMS_REQUIRED,Sistemas operativos mínimos requeridos,,Android,True,2025-04-03 12:09:12.792471,2025-04-03 12:09:12.792471
58e5b3df-4786-4ee2-89e6-f89fe1385a9e,MLA25208932,BRAND,Marca,52701,Google,True,2025-04-03 12:09:12.792494,2025-04-03 12:09:12.792495
3b949161-c5e1-4570-8944-8a7df5677d9d,MLA25208932,MODEL,Modelo,11281877,Chromecast,True,2025-04-03 12:09:12.792498,2025-04-03 12:09:12.792498
63255479-df11-4188-b2f7-dc9a73bace63,MLA25208932,ALPHANUMERIC_MODEL,Modelo alfanumérico,48877374,Chromecast Carvão,True,2025-04-03 12:09:12.792502,2025-04-03 12:09:12.792502
7f6affe5-57f4-4cf9-a9b0-9061e0ca4f33,MLA25208932,COLOR,Color,52055,Blanco,True,2025-04-03 12:09:12.792505,2025-04-03 12:09:12.792506
c6607a0c-94f1-437c-9a4e-b4ea8be17d1e,MLA25208932,MAX_VIDEO_RESOLUTION,Resolución máxima de video,168332,Full HD,True,2025-04-03 12:09:12.792509,2025-04-03 12:09:12.792509
8f390dd6-57bc-4c54-ad6d-c68fc0899271,MLA25208932,AUDIO_AND_VIDEO_INTERFACES,Interfaces de audio y video,,HDMI,True,2025-04-03 12:09:12.792513,2025-04-03 12:09:12.792513
57dd9bce-0f68-4dbc-a9f3-269f825e788c,MLA25208932,WITH_BLUETOOTH,Con Bluetooth,242085,Sí,True,2025-04-03 12:09:12.792516,2025-04-03 12:09:12.792516
f634f5a9-1805-4f79-a5d7-77fa9ceab5a6,MLA25208932,WITH_WI_FI,Con Wi-Fi,242085,Sí,True,2025-04-03 12:09:12.792520,2025-04-03 12:09:12.792520
aaa26f93-9d93-4607-b14c-29b5d957e3d9,MLA25208932,OS_NAME,Nombre del sistema operativo,355776,Chrome OS,True,2025-04-03 12:09:12.792523,2025-04-03 12:09:12.792523
1489a15c-118f-40e0-92fb-d7a5f7967f20,MLA25208932,STREAMING_TECHNOLOGIES,Tecnologías de streaming,,Google Cast,True,2025-04-03 12:09:12.792527,2025-04-03 12:09:12.792527
f18c0ed6-3dc4-4ce6-b865-3a0f68ebff7d,MLA25208932,MIN_OPERATING_SYSTEMS_REQUIRED,Sistemas operativos mínimos requeridos,,Android,True,2025-04-03 12:09:12.792530,2025-04-03 12:09:12.792531
b654ca3d-b7bb-4b21-9fca-1b0a35dc82ea,MLA25208932,MPN,MPN,,Google chromecast full hd carvão,True,2025-04-03 12:09:12.792534,2025-04-03 12:09:12.792534
767de5b7-d5ad-48fb-abcf-d4df6808cdd1,MLA19862210,BRAND,Marca,52701,Google,True,2025-04-03 12:09:12.792572,2025-04-03 12:09:12.792572
633adf31-8ef0-4fb3-886a-5e1086276d79,MLA19862210,MODEL,Modelo,13655856,Kit Home Mini + Chromecast,True,2025-04-03 12:09:12.792576,2025-04-03 12:09:12.792576
d4631111-e56b-4079-8c29-66e28d6298a0,MLA19862210,COLOR,Color,52049,Negro,True,2025-04-03 12:09:12.792580,2025-04-03 12:09:12.792580
ad2f9f07-8fbc-4e57-bae7-e6522e67004f,MLA19862210,DEVICE_FORMAT,Formato del dispositivo,8616496,Stick,True,2025-04-03 12:09:12.792583,2025-04-03 12:09:12.792583
1a2b7f28-601d-4870-88fc-bd43e732f9c6,MLA19862210,MAX_VIDEO_RESOLUTION,Resolución máxima de video,168332,Full HD,True,2025-04-03 12:09:12.792587,2025-04-03 12:09:12.792587
b00aab21-a903-4f73-b0b9-a4e837e3f1f9,MLA19862210,AUDIO_AND_VIDEO_INTERFACES,Interfaces de audio y video,,HDMI,True,2025-04-03 12:09:12.792591,2025-04-03 12:09:12.792591
cebf82d6-a207-4d5e-ba1f-f2b4876f5823,MLA19862210,PORTS_AND_CONNECTORS_TYPES,Tipos de puertos y conectores,,USB-A,True,2025-04-03 12:09:12.792594,2025-04-03 12:09:12.792595
43964dac-6083-4867-87d6-12307b047282,MLA19862210,MANUFACTURER,Fabricante,40905235,Google Llc,True,2025-04-03 12:09:12.792598,2025-04-03 12:09:12.792598
d84a85e0-7b40-47ce-b4c8-e25a530f80c3,MLA19862210,WITH_INTEGRATED_VOICE_ASSISTANTS,Con asistentes de voz integrados,242085,Sí,True,2025-04-03 12:09:12.792601,2025-04-03 12:09:12.792602
4d61cc0d-a668-4019-819b-144efd0bede4,MLA19862210,INTEGRATED_VOICE_ASSISTANTS,Asistentes de voz integrados,,Google Assistant,True,2025-04-03 12:09:12.792605,2025-04-03 12:09:12.792605
0b25f571-2be7-46f4-84c0-325c62454f45,MLA19862210,OS_NAME,Nombre del sistema operativo,296858,Android,True,2025-04-03 12:09:12.792609,2025-04-03 12:09:12.792609
a15951b6-e8df-4c31-abea-554eaf80687e,MLA19862210,STREAMING_TECHNOLOGIES,Tecnologías de streaming,,Google Cast,True,2025-04-03 12:09:12.792612,2025-04-03 12:09:12.792612
69c6d7ff-5a65-4f67-981b-76af36361062,MLA21560522,BRAND,Marca,169874,EZCast,True,2025-04-03 12:09:12.792635,2025-04-03 12:09:12.792635
a4c1d337-7c59-4b76-8bbf-0dfb16d5e491,MLA21560522,LINE,Línea,16420901,wifi display,True,2025-04-03 12:09:12.792638,2025-04-03 12:09:12.792638
6459de71-e3db-4517-8df2-82a177026c1e,MLA21560522,MODEL,Modelo,40110,M2,True,2025-04-03 12:09:12.792642,2025-04-03 12:09:12.792642
5bce81e8-b08c-4165-be11-08b6ca35d4dc,MLA21560522,ALPHANUMERIC_MODEL,Modelo alfanumérico,16420900,Anycast,True,2025-04-03 12:09:12.792646,2025-04-03 12:09:12.792647
0b5e922d-b0f1-4449-a9e6-05333a6276be,MLA21560522,RAM_MEMORY,Memoria RAM,98978,1 GB,True,2025-04-03 12:09:12.792650,2025-04-03 12:09:12.792650
81a6dd03-6721-4ff3-ac7d-8405efaf6d2c,MLA21560522,REMOTE_CONTROL_TYPE,Tipo de control remoto,16420918,Control de Televisor,True,2025-04-03 12:09:12.792654,2025-04-03 12:09:12.792654
6d6ba242-297f-468f-bff5-d2897c55fe28,MLA21560522,COMPATIBLE_APPLICATIONS,Aplicaciones compatibles,,"Windows xp/vista/7/8, Mac os 8/9/10, Ios y android",True,2025-04-03 12:09:12.792657,2025-04-03 12:09:12.792658
71b60cc2-dbd3-48ea-8a8c-9278e43e1f2c,MLA21560522,RECOMMENDED_DEVICES,Dispositivos recomendados,,Proyectores,True,2025-04-03 12:09:12.792661,2025-04-03 12:09:12.792661
57ca1d36-528d-4912-a59d-9dfb1c8cc704,MLA21560522,AUDIO_AND_VIDEO_INTERFACES,Interfaces de audio y video,,HDMI,True,2025-04-03 12:09:12.792665,2025-04-03 12:09:12.792665
7dc6a7d2-18a4-4918-bf21-ab11d704b7de,MLA21560522,WITH_WI_FI,Con Wi-Fi,242085,Sí,True,2025-04-03 12:09:12.792668,2025-04-03 12:09:12.792668
5041fe42-8e40-40f5-9f5c-5400dc3a7afe,MLA16233186,BRAND,Marca,52701,Google,True,2025-04-03 12:09:12.792737,2025-04-03 12:09:12.792737
f8243998-afb4-46b7-8bbd-50b1a35cd6c2,MLA16233186,LINE,Línea,42943778,Chromecast 4k,True,2025-04-03 12:09:12.792742,2025-04-03 12:09:12.792742
c9be8296-4800-4f28-a4c8-3121a7e354e0,MLA16233186,MODEL,Modelo,9169579,Chromecast with Google TV,True,2025-04-03 12:09:12.792746,2025-04-03 12:09:12.792746
570b334f-54b0-4dd7-8e2c-57de43da1736,MLA16233186,GENERATION,Generación,10910111,4.ª generación,True,2025-04-03 12:09:12.792750,2025-04-03 12:09:12.792750
5887dfd2-d4c6-4408-ba69-15f6e5aafb0b,MLA16233186,ALPHANUMERIC_MODEL,Modelo alfanumérico,25655036,GA01919-US,True,2025-04-03 12:09:12.792754,2025-04-03 12:09:12.792754
5948bedf-80e0-4c9b-adbb-ee782a6ba37e,MLA16233186,COLOR,Color,4737044,Sunrise,True,2025-04-03 12:09:12.792757,2025-04-03 12:09:12.792758
93c367f1-da79-48c8-a843-3110c55ebc0a,MLA16233186,STORAGE_CAPACITY,Capacidad de almacenamiento,18646,8 GB,True,2025-04-03 12:09:12.792761,2025-04-03 12:09:12.792761
234f4fd5-927f-4ee9-8a06-59a1869a1eec,MLA16233186,RAM_MEMORY,Memoria RAM,445970,2 GB,True,2025-04-03 12:09:12.792765,2025-04-03 12:09:12.792765
dc5393ac-3adf-4b58-92aa-3321c0a7442a,MLA16233186,REMOTE_CONTROL_TYPE,Tipo de control remoto,17535337,De voz,True,2025-04-03 12:09:12.792769,2025-04-03 12:09:12.792769
775ea35b-e944-4726-95f5-e5e47773546b,MLA16233186,MAIN_COLOR,Color principal,2450312,Rosa,True,2025-04-03 12:09:12.792773,2025-04-03 12:09:12.792773
ab302a0a-4155-4633-96b8-7f035d46f023,MLA16233186,DEVICE_FORMAT,Formato del dispositivo,9234856,Pendant Box,True,2025-04-03 12:09:12.792777,2025-04-03 12:09:12.792777
bae410ac-4131-4c95-b05d-e9d44ebf041e,MLA16233186,MAX_VIDEO_RESOLUTION,Resolución máxima de video,169883,4K,True,2025-04-03 12:09:12.792788,2025-04-03 12:09:12.792788
058b69f4-0016-43bc-a255-a34987d455ba,MLA16233186,COMPATIBLE_APPLICATIONS,Aplicaciones compatibles,,"Amazon Prime Video, CBS All Access, Disney+, ESPN, HBO Max, Hulu, Netflix, Sling TV, Spotify, Starz, YouTube TV, YouTube, Peacock, Apple TV, Epix, Rakuten Viki, Tubi, PBS, Showtime, Pluto TV, Crackle, Crunchyroll, BET",True,2025-04-03 12:09:12.792793,2025-04-03 12:09:12.792793
f2ab3db6-e1f7-4e80-8bc8-43ac5a36fc5d,MLA16233186,RECOMMENDED_DEVICES,Dispositivos recomendados,,"Televisores, Tablets, Celulares, Computadoras",True,2025-04-03 12:09:12.792797,2025-04-03 12:09:12.792797
a60daafc-8cd2-46c3-a5cf-2ea895f37ef8,MLA16233186,AUDIO_AND_VIDEO_INTERFACES,Interfaces de audio y video,,HDMI,True,2025-04-03 12:09:12.792801,2025-04-03 12:09:12.792801
7bd2a5ac-f35d-4bf6-ac69-0095eb4b7838,MLA16233186,PORTS_AND_CONNECTORS_TYPES,Tipos de puertos y conectores,,USB-C,True,2025-04-03 12:09:12.792805,2025-04-03 12:09:12.792805
1f2cdadf-40f7-4f1c-b614-07a1eab78fa5,MLA16233186,MANUFACTURER,Fabricante,52701,Google,True,2025-04-03 12:09:12.792809,2025-04-03 12:09:12.792810
7d47ded0-a89b-43b9-9687-a0621267b801,MLA16233186,WITH_BLUETOOTH,Con Bluetooth,242085,Sí,True,2025-04-03 12:09:12.792813,2025-04-03 12:09:12.792814
7803c4ca-340c-474c-be7f-102db00440dd,MLA16233186,WITH_WI_FI,Con Wi-Fi,242085,Sí,True,2025-04-03 12:09:12.792817,2025-04-03 12:09:12.792818
7b411fd8-0a4e-43d9-a7d0-8d4b2cdb0bdc,MLA16233186,WITH_INTEGRATED_VOICE_ASSISTANTS,Con asistentes de voz integrados,242085,Sí,True,2025-04-03 12:09:12.792821,2025-04-03 12:09:12.792821
bbf28edf-7395-4fae-98dc-3064688ed65d,MLA16233186,INTEGRATED_VOICE_ASSISTANTS,Asistentes de voz integrados,,Google Assistant,True,2025-04-03 12:09:12.792825,2025-04-03 12:09:12.792825
1c1e4e10-923a-434d-beec-b88dd6862537,MLA16233186,INCLUDES_HDMI_CABLE,Incluye cable HDMI,242085,Sí,True,2025-04-03 12:09:12.792828,2025-04-03 12:09:12.792829
5e11e83e-bb24-4e64-bc2f-02aca608a620,MLA16233186,INCLUDES_CELL_BATTERIES,Incluye pilas,242085,Sí,True,2025-04-03 12:09:12.792832,2025-04-03 12:09:12.792832
6ca8aef5-9973-446e-b67a-9dcb1c1a4872,MLA16233186,LENGTH,Largo,7175979,15 cm,True,2025-04-03 12:09:12.792838,2025-04-03 12:09:12.792838
aa15fc82-ca39-473e-b97d-55845f3971cd,MLA16233186,WIDTH,Ancho,7784596,12 cm,True,2025-04-03 12:09:12.792842,2025-04-03 12:09:12.792842
d00b336e-eb6e-419a-88ed-5fbc9e9e1f4a,MLA16233186,HEIGHT,Altura,7604889,6 cm,True,2025-04-03 12:09:12.792845,2025-04-03 12:09:12.792846
4f632a4b-7e4e-4e57-993e-b424ab607e25,MLA16233186,WEIGHT,Peso,16344619,0.3 g,True,2025-04-03 12:09:12.792849,2025-04-03 12:09:12.792849
eb2f7500-e312-458f-9e0d-66543d4ea21a,MLA16233186,OS_NAME,Nombre del sistema operativo,7601503,Android TV,True,2025-04-03 12:09:12.792852,2025-04-03 12:09:12.792853
e18a71c6-32bc-4826-9f86-4e304e973dd5,MLA16233186,STREAMING_TECHNOLOGIES,Tecnologías de streaming,,Chromecast,True,2025-04-03 12:09:12.792856,2025-04-03 12:09:12.792856
3a6f4430-5b22-4844-a71d-2383720cd257,MLA16233186,AUDIO_QUALITY,Calidad de audio,,"Dolby Digital, Dolby Digital Plus, Dolby Atmos",True,2025-04-03 12:09:12.792860,2025-04-03 12:09:12.792860
b1dc1160-2854-4702-bed4-37aca682bcbe,MLA16233186,LANGUAGE_OPTIONS,Opciones de idioma,,"Alemán, Español, Francés, Inglés, Italiano, Portugués",True,2025-04-03 12:09:12.792864,2025-04-03 12:09:12.792864
94b3ab24-83a7-41a3-90d0-0db5972c029d,MLA16233186,MIN_OPERATING_SYSTEMS_REQUIRED,Sistemas operativos mínimos requeridos,,"Android, iOS",True,2025-04-03 12:09:12.792867,2025-04-03 12:09:12.792868
ee3823ff-94b2-45bc-b208-9ca223d97fbb,MLA16233186,CPU,CPU,,Amlogic S905X3 Cortex-A55 Quad-Core,True,2025-04-03 12:09:12.792871,2025-04-03 12:09:12.792871
053a5283-3ded-4f89-bae1-09d3daafeeb5,MLA16233186,GRAPHICS_PROCESSOR,Procesador gráfico,7569896,Mali-G31 MP2,True,2025-04-03 12:09:12.792875,2025-04-03 12:09:12.792875
f29584b6-cc13-48cc-a0e6-0e062e46df4f,MLA16233186,WI_FI_STANDARDS,Estándares Wi-Fi,,IEEE 802.11ac,True,2025-04-03 12:09:12.792879,2025-04-03 12:09:12.792879
88fe8b70-89e1-48d7-93c2-0d59ed9ec07e,MLA16233186,FREQUENCIES,Frecuencias,,"2.4 GHz, 5 GHz",True,2025-04-03 12:09:12.792882,2025-04-03 12:09:12.792883
2036f1d3-b358-4545-b5d3-1b19fa149750,MLA16233186,DEVICE_OPERATING_VOLTAGE,Voltaje de funcionamiento,8631470,5 V,True,2025-04-03 12:09:12.792886,2025-04-03 12:09:12.792886
abf5ac5f-3223-4ffa-b57e-116cc8fdf216,MLA42186257,BRAND,Marca,52701,Google,True,2025-04-03 12:09:12.792943,2025-04-03 12:09:12.792944
6598d497-9244-4dd8-93ec-c17296f8df5e,MLA42186257,LINE,Línea,340816,Chromecast,True,2025-04-03 12:09:12.792947,2025-04-03 12:09:12.792947
fca65aa5-3f00-469b-82f0-ef31cf1b43e4,MLA42186257,MODEL,Modelo,11281877,Chromecast,True,2025-04-03 12:09:12.792951,2025-04-03 12:09:12.792951
c20eb7c4-2d25-4209-ab5a-a78e4cd87b2b,MLA42186257,ALPHANUMERIC_MODEL,Modelo alfanumérico,25655036,GA01919-US,True,2025-04-03 12:09:12.792955,2025-04-03 12:09:12.792955
e2603673-e84d-44b4-b4ed-b82bc2291cb2,MLA42186257,COLOR,Color,3222025,Snow,True,2025-04-03 12:09:12.792958,2025-04-03 12:09:12.792958
beeedcdc-6838-4483-a5b0-94cf280f8eac,MLA42186257,STORAGE_CAPACITY,Capacidad de almacenamiento,98765,1 GB,True,2025-04-03 12:09:12.792962,2025-04-03 12:09:12.792962
6c9df46c-154c-4c4c-9e08-483f1697c121,MLA42186257,RAM_MEMORY,Memoria RAM,98978,1 GB,True,2025-04-03 12:09:12.792965,2025-04-03 12:09:12.792965
e6a10d56-9abd-4c88-a1f1-4fd51b175e81,MLA42186257,REMOTE_CONTROL_TYPE,Tipo de control remoto,17535337,De voz,True,2025-04-03 12:09:12.792969,2025-04-03 12:09:12.792969
7a13764f-4eee-4b01-9e34-3c0e576675a0,MLA42186257,MAIN_COLOR,Color principal,2450308,Blanco,True,2025-04-03 12:09:12.792973,2025-04-03 12:09:12.792973
e63498d0-12d9-4983-a066-ccfaa4990acb,MLA42186257,DEVICE_FORMAT,Formato del dispositivo,8616496,Stick,True,2025-04-03 12:09:12.792976,2025-04-03 12:09:12.792976
eef4bbae-5c46-4204-9e0d-bd0447d933aa,MLA42186257,MAX_VIDEO_RESOLUTION,Resolución máxima de video,169883,4K,True,2025-04-03 12:09:12.792980,2025-04-03 12:09:12.792980
dbce0acc-84d8-4604-8aa1-9beb748b10d8,MLA42186257,AUDIO_AND_VIDEO_INTERFACES,Interfaces de audio y video,,HDMI,True,2025-04-03 12:09:12.792983,2025-04-03 12:09:12.792984
fc13e212-a57e-4ad5-bcf3-99465ecb6075,MLA42186257,PORTS_AND_CONNECTORS_TYPES,Tipos de puertos y conectores,,USB-C,True,2025-04-03 12:09:12.792987,2025-04-03 12:09:12.792987
76c2fe05-bea7-462f-99e5-132d3c4db59b,MLA42186257,MANUFACTURER,Fabricante,52701,Google,True,2025-04-03 12:09:12.792993,2025-04-03 12:09:12.792993
f2ce1adb-bcb8-496f-9148-d266efa594b8,MLA42186257,WITH_BLUETOOTH,Con Bluetooth,242085,Sí,True,2025-04-03 12:09:12.792996,2025-04-03 12:09:12.792996
5a92a616-eca8-4b63-b1ee-96ef9ada1fa2,MLA42186257,WITH_WI_FI,Con Wi-Fi,242085,Sí,True,2025-04-03 12:09:12.793000,2025-04-03 12:09:12.793000
45fd3e57-666e-46c3-80d5-c1ffac766a59,MLA42186257,WITH_INTEGRATED_VOICE_ASSISTANTS,Con asistentes de voz integrados,242085,Sí,True,2025-04-03 12:09:12.793003,2025-04-03 12:09:12.793004
695ca015-9543-491f-9e60-6c4efb6319fb,MLA42186257,INTEGRATED_VOICE_ASSISTANTS,Asistentes de voz integrados,,Google Assistant,True,2025-04-03 12:09:12.793007,2025-04-03 12:09:12.793007
5e5ff86c-2efe-4274-839f-f10d07256755,MLA42186257,INCLUDES_HDMI_CABLE,Incluye cable HDMI,242084,No,True,2025-04-03 12:09:12.793010,2025-04-03 12:09:12.793011
8e69f4af-015b-4ec8-84a4-622743ea93b4,MLA42186257,INCLUDES_CELL_BATTERIES,Incluye pilas,242085,Sí,True,2025-04-03 12:09:12.793014,2025-04-03 12:09:12.793014
167ad3c4-4656-4408-b425-4b3d370c79c3,MLA42186257,LENGTH,Largo,8927824,16.2 cm,True,2025-04-03 12:09:12.793018,2025-04-03 12:09:12.793018
4269cebb-b655-4b6f-9e00-7a773b972623,MLA42186257,WIDTH,Ancho,24103236,5.18 cm,True,2025-04-03 12:09:12.793021,2025-04-03 12:09:12.793021
56ad5138-9fa5-4c04-b3eb-01657194f3dd,MLA42186257,HEIGHT,Altura,16978680,1.27 cm,True,2025-04-03 12:09:12.793025,2025-04-03 12:09:12.793025
a869a5ed-bb0f-4e0e-80df-506eff3c9382,MLA42186257,WEIGHT,Peso,17821030,63 g,True,2025-04-03 12:09:12.793028,2025-04-03 12:09:12.793029
e4377b4e-cd12-4aa1-a6a4-61aee23a9142,MLA42186257,OS_NAME,Nombre del sistema operativo,296858,Android,True,2025-04-03 12:09:12.793032,2025-04-03 12:09:12.793032
a6f0fb05-e6ce-4217-bdbc-063fbf3e3348,MLA42186257,STREAMING_TECHNOLOGIES,Tecnologías de streaming,,Google Cast,True,2025-04-03 12:09:12.793035,2025-04-03 12:09:12.793036
3c1f9ad2-4f32-40df-948e-ea3dedd924ea,MLA42186257,CPU,CPU,,Amlogic S905X3 Cortex-A55 Quad-Core,True,2025-04-03 12:09:12.793039,2025-04-03 12:09:12.793039
c7323b2a-bbfd-4325-ac81-b62d0de8094a,MLA42186257,WI_FI_STANDARDS,Estándares Wi-Fi,,IEEE 802.11ac,True,2025-04-03 12:09:12.793043,2025-04-03 12:09:12.793043
51b7cb6f-c79a-4a61-b428-a0e68e305732,MLA42186257,FREQUENCIES,Frecuencias,,"2.4 GHz, 5 GHz",True,2025-04-03 12:09:12.793048,2025-04-03 12:09:12.793048
7b8b0f15-e8cf-4570-97e3-1bb0820c1a98,MLA42186257,DEVICE_OPERATING_VOLTAGE,Voltaje de funcionamiento,8631470,5 V,True,2025-04-03 12:09:12.793051,2025-04-03 12:09:12.793051
430d858d-ff4c-463e-bda2-31592392232a,MLA45025509,BRAND,Marca,52701,Google,True,2025-04-03 12:09:12.793078,2025-04-03 12:09:12.793078
b004c2f5-cdeb-4bca-a8c4-03af757db9e4,MLA45025509,MODEL,Modelo,42883009,Chromecast con Google TV,True,2025-04-03 12:09:12.793081,2025-04-03 12:09:12.793082
7ff0f670-88a8-4077-9724-358f49a5d7af,MLA45025509,COLOR,Color,52055,Blanco,True,2025-04-03 12:09:12.793085,2025-04-03 12:09:12.793085
9f238487-ecb8-46b2-9677-a2eca01e86b1,MLA45025509,REMOTE_CONTROL_TYPE,Tipo de control remoto,17535337,De voz,True,2025-04-03 12:09:12.793088,2025-04-03 12:09:12.793088
ab215018-6990-43f9-8991-3f978dd3102e,MLA45025509,MAIN_COLOR,Color principal,2450308,Blanco,True,2025-04-03 12:09:12.793092,2025-04-03 12:09:12.793092
01fae0d3-ef84-4caf-b25c-ab7ecee2d46e,MLA45025509,DEVICE_FORMAT,Formato del dispositivo,9234856,Pendant Box,True,2025-04-03 12:09:12.793095,2025-04-03 12:09:12.793096
bd5460bb-30d0-4925-80a3-030f4192bb87,MLA45025509,MAX_VIDEO_RESOLUTION,Resolución máxima de video,169883,4K,True,2025-04-03 12:09:12.793099,2025-04-03 12:09:12.793099
ce9d90a8-9949-443f-8a48-43b04eb4ac4f,MLA45025509,COMPATIBLE_APPLICATIONS,Aplicaciones compatibles,,"Netflix, YouTube",True,2025-04-03 12:09:12.793102,2025-04-03 12:09:12.793103
9bc97ee4-4844-442b-a2c4-841557945d3b,MLA45025509,RECOMMENDED_DEVICES,Dispositivos recomendados,,"Celulares, Tablets, Computadoras portátiles",True,2025-04-03 12:09:12.793106,2025-04-03 12:09:12.793106
9fab0991-e544-47e4-a0db-f6622da794d6,MLA45025509,AUDIO_AND_VIDEO_INTERFACES,Interfaces de audio y video,,HDMI,True,2025-04-03 12:09:12.793109,2025-04-03 12:09:12.793109
1682b9e9-a0a0-4142-be55-1f7e1adfea84,MLA45025509,MANUFACTURER,Fabricante,52701,Google,True,2025-04-03 12:09:12.793113,2025-04-03 12:09:12.793113
cbf1db2f-6e5c-4742-8233-eb160e486242,MLA45025509,WITH_BLUETOOTH,Con Bluetooth,242085,Sí,True,2025-04-03 12:09:12.793116,2025-04-03 12:09:12.793116
3efc8dae-a0bf-4b2e-8cad-5083a27b3559,MLA45025509,WITH_WI_FI,Con Wi-Fi,242085,Sí,True,2025-04-03 12:09:12.793120,2025-04-03 12:09:12.793120
eb7547c3-33e5-4977-99f6-b65329404c00,MLA45025509,WITH_INTEGRATED_VOICE_ASSISTANTS,Con asistentes de voz integrados,242085,Sí,True,2025-04-03 12:09:12.793123,2025-04-03 12:09:12.793123
6a15f368-b1ac-43b7-8e12-d6ccb17e0772,MLA45025509,INTEGRATED_VOICE_ASSISTANTS,Asistentes de voz integrados,,Google Assistant,True,2025-04-03 12:09:12.793127,2025-04-03 12:09:12.793127
092a52d9-31e7-4bf2-953b-e6b4c2bed409,MLA45025509,INCLUDES_HDMI_CABLE,Incluye cable HDMI,242084,No,True,2025-04-03 12:09:12.793130,2025-04-03 12:09:12.793130
74680c84-21af-4651-b563-fe4b2261caed,MLA45025509,INCLUDES_CELL_BATTERIES,Incluye pilas,242085,Sí,True,2025-04-03 12:09:12.793134,2025-04-03 12:09:12.793134
06afc6b7-9289-473e-9b59-44a2a7edbd43,MLA45025509,OS_NAME,Nombre del sistema operativo,296858,Android,True,2025-04-03 12:09:12.793137,2025-04-03 12:09:12.793137
09252f30-3006-46d5-9faf-7ba09b9164e2,MLA45025509,STREAMING_TECHNOLOGIES,Tecnologías de streaming,,Chromecast,True,2025-04-03 12:09:12.793141,2025-04-03 12:09:12.793141
50c6cc15-dc0d-4c69-b49c-e771fa562172,MLA45025509,AUDIO_QUALITY,Calidad de audio,,Dolby Atmos,True,2025-04-03 12:09:12.793144,2025-04-03 12:09:12.793144
268fd3ea-ae88-429f-9c71-5818af5971f2,MLA45025509,LANGUAGE_OPTIONS,Opciones de idioma,,"Español, Inglés",True,2025-04-03 12:09:12.793148,2025-04-03 12:09:12.793148
a87ba3b4-2dfa-4ec8-8a75-bf9a569ad46b,MLA45025509,WI_FI_STANDARDS,Estándares Wi-Fi,,"2.4GHz, 5.8GHz",True,2025-04-03 12:09:12.793151,2025-04-03 12:09:12.793151
d41e9ddc-2f44-4b84-8ccf-4bae950cc78c,MLA45199143,BRAND,Marca,52701,Google,True,2025-04-03 12:09:12.793189,2025-04-03 12:09:12.793189
1b72cc66-93b4-46d4-a18e-f28af303865c,MLA45199143,LINE,Línea,46326025,TV Gen,True,2025-04-03 12:09:12.793193,2025-04-03 12:09:12.793193
0a3f6a55-91a1-448e-b050-a1f891d50eca,MLA45199143,MODEL,Modelo,429982,4K,True,2025-04-03 12:09:12.793196,2025-04-03 12:09:12.793197
6a2fba7d-2e66-47d0-a239-afa8a4132c5c,MLA45199143,GENERATION,Generación,10910111,4.ª generación,True,2025-04-03 12:09:12.793200,2025-04-03 12:09:12.793200
defb0d9e-76de-4a21-b72b-b5b2cbed7109,MLA45199143,COLOR,Color,52055,Blanco,True,2025-04-03 12:09:12.793203,2025-04-03 12:09:12.793204
40011f34-fef2-4fd0-a19d-8099adf78ba6,MLA45199143,REMOTE_CONTROL_TYPE,Tipo de control remoto,17535337,De voz,True,2025-04-03 12:09:12.793209,2025-04-03 12:09:12.793209
ef3c263c-cecb-4ec9-86d6-230842be9b1d,MLA45199143,MAIN_COLOR,Color principal,2450308,Blanco,True,2025-04-03 12:09:12.793212,2025-04-03 12:09:12.793213
a0ec936b-d5b3-4766-9744-50592d24fb06,MLA45199143,DEVICE_FORMAT,Formato del dispositivo,8616495,TV Box,True,2025-04-03 12:09:12.793216,2025-04-03 12:09:12.793216
53214b6f-ea0d-4be4-98de-81c53c63b307,MLA45199143,MAX_VIDEO_RESOLUTION,Resolución máxima de video,169883,4K,True,2025-04-03 12:09:12.793220,2025-04-03 12:09:12.793220
7ffc6e2b-51db-459e-b8ef-4df4580ce320,MLA45199143,COMPATIBLE_APPLICATIONS,Aplicaciones compatibles,,"Amazon Prime Video, ESPN, FOX, Facebook, Flickr, HBO Go, HBO Now, Hulu, Kodi, Netflix, Picasa, Skype, Spotify, Vimeo, Vudu, YouTube",True,2025-04-03 12:09:12.793223,2025-04-03 12:09:12.793223
60c9c76c-5ef1-4d73-81ee-bd951d41cf69,MLA45199143,RECOMMENDED_DEVICES,Dispositivos recomendados,,"Celulares, Computadoras portátiles, Proyectores, Tablets",True,2025-04-03 12:09:12.793227,2025-04-03 12:09:12.793227
02caef06-36b8-4cb8-b58b-2264ada32863,MLA45199143,AUDIO_AND_VIDEO_INTERFACES,Interfaces de audio y video,,HDMI,True,2025-04-03 12:09:12.793230,2025-04-03 12:09:12.793230
9247b602-fb47-455f-af6d-5928d4e04dd4,MLA45199143,PORTS_AND_CONNECTORS_TYPES,Tipos de puertos y conectores,,USB-C,True,2025-04-03 12:09:12.793234,2025-04-03 12:09:12.793234
779e9479-c7ad-4492-99b0-cde5c7bc6b1d,MLA45199143,WITH_BLUETOOTH,Con Bluetooth,242085,Sí,True,2025-04-03 12:09:12.793237,2025-04-03 12:09:12.793237
3a4cd04b-17dc-4702-9513-e133d9915164,MLA45199143,WITH_WI_FI,Con Wi-Fi,242085,Sí,True,2025-04-03 12:09:12.793241,2025-04-03 12:09:12.793241
133e27b4-1c18-4b2b-b8b9-a0fb4607d8a0,MLA45199143,WITH_INTEGRATED_VOICE_ASSISTANTS,Con asistentes de voz integrados,242085,Sí,True,2025-04-03 12:09:12.793244,2025-04-03 12:09:12.793244
5ce39031-fc87-4c65-a4f1-3a80dafaa448,MLA45199143,INTEGRATED_VOICE_ASSISTANTS,Asistentes de voz integrados,,Google Assistant,True,2025-04-03 12:09:12.793248,2025-04-03 12:09:12.793248
bbb3405f-b0e6-4fc7-aecc-fbc0609f751f,MLA45199143,INCLUDES_HDMI_CABLE,Incluye cable HDMI,242084,No,True,2025-04-03 12:09:12.793251,2025-04-03 12:09:12.793251
fb679050-8bea-4641-9fae-8a2ba32e182a,MLA45199143,INCLUDES_CELL_BATTERIES,Incluye pilas,242085,Sí,True,2025-04-03 12:09:12.793254,2025-04-03 12:09:12.793255
6ca4b73d-9dc7-4330-9665-033c64393ea7,MLA45199143,LENGTH,Largo,28100612,16.25 cm,True,2025-04-03 12:09:12.793258,2025-04-03 12:09:12.793258
ec9af94a-ab37-4f21-8e3c-3762ca8738cf,MLA45199143,WIDTH,Ancho,8919901,6.1 cm,True,2025-04-03 12:09:12.793261,2025-04-03 12:09:12.793262
b6bd2507-f5f5-4933-9068-03ac794ef785,MLA45199143,HEIGHT,Altura,8248374,1.25 cm,True,2025-04-03 12:09:12.793265,2025-04-03 12:09:12.793265
53ae39a8-ab24-4eb7-8c8c-164b901bcdc0,MLA45199143,WEIGHT,Peso,15993461,55 g,True,2025-04-03 12:09:12.793268,2025-04-03 12:09:12.793269
52215bb2-656a-41e9-9b55-d4d6b3b12b8a,MLA45199143,OS_NAME,Nombre del sistema operativo,13310224,Google TV,True,2025-04-03 12:09:12.793272,2025-04-03 12:09:12.793272
f84aaadf-022a-4a5f-be43-e0db9c48fd60,MLA45199143,LANGUAGE_OPTIONS,Opciones de idioma,,"Español, Inglés",True,2025-04-03 12:09:12.793275,2025-04-03 12:09:12.793275
e6e0ab0e-bbdf-4f62-81bc-0eaa03321933,MLA45199143,CPU,CPU,,Amlogic S905X3 Cortex-A55 Quad-Core,True,2025-04-03 12:09:12.793279,2025-04-03 12:09:12.793279
d4fee1d5-c11b-4ec8-a3e2-5f0b1cfcd18e,MLA45199143,GRAPHICS_PROCESSOR,Procesador gráfico,7569896,Mali-G31 MP2,True,2025-04-03 12:09:12.793282,2025-04-03 12:09:12.793282
114d34f3-9443-465d-8997-c5da2be4e722,MLA45199143,FREQUENCIES,Frecuencias,,"2.4 GHz, 5 GHz",True,2025-04-03 12:09:12.793286,2025-04-03 12:09:12.793286
c323a458-b4c6-48ab-aa96-6d8b0a88b4ad,MLA45199143,DEVICE_OPERATING_VOLTAGE,Voltaje de funcionamiento,8631470,5 V,True,2025-04-03 12:09:12.793289,2025-04-03 12:09:12.793289
369b01cf-bd4b-4810-8e29-53d653d18798,MLA22826595,BRAND,Marca,59772,OEM,True,2025-04-03 12:09:12.793322,2025-04-03 12:09:12.793322
2cca595f-c327-474d-829b-45479651e003,MLA22826595,LINE,Línea,13522004,Anycast,True,2025-04-03 12:09:12.793326,2025-04-03 12:09:12.793326
841c2937-4bec-4ffa-bfbf-5ed2da087ce0,MLA22826595,MODEL,Modelo,36998350,Chromecast Google,True,2025-04-03 12:09:12.793329,2025-04-03 12:09:12.793330
c24b7981-06a8-4960-bdad-95739c69be36,MLA22826595,COLOR,Color,52049,Negro,True,2025-04-03 12:09:12.793333,2025-04-03 12:09:12.793333
bcf9d5ce-3e9f-4ed3-8c5e-21ecc7896b61,MLA22826595,RECOMMENDED_DEVICES,Dispositivos recomendados,,Proyectores,True,2025-04-03 12:09:12.793337,2025-04-03 12:09:12.793337
ed706007-d9f1-4611-8825-6a278fd7f675,MLA22826595,AUDIO_AND_VIDEO_INTERFACES,Interfaces de audio y video,,HDMI,True,2025-04-03 12:09:12.793340,2025-04-03 12:09:12.793340
57432e1d-3ad7-4c1e-aae3-11f8c1b7517e,MLA22826595,WITH_WI_FI,Con Wi-Fi,242085,Sí,True,2025-04-03 12:09:12.793344,2025-04-03 12:09:12.793344
f8e2d764-ecfe-4858-a2cd-a0088c68c072,MLA22826595,INCLUDES_HDMI_CABLE,Incluye cable HDMI,242085,Sí,True,2025-04-03 12:09:12.793347,2025-04-03 12:09:12.793347
82c319ec-3d8d-40db-8cd7-c936924e081b,MLA36633513,BRAND,Marca,52701,Google,True,2025-04-03 12:09:12.793374,2025-04-03 12:09:12.793374
9f4e2dab-cc83-4d33-abef-eea0d2d01065,MLA36633513,LINE,Línea,340816,Chromecast,True,2025-04-03 12:09:12.793377,2025-04-03 12:09:12.793377
5fc46dc2-25b2-4d5e-af94-bf44ba9c1539,MLA36633513,MODEL,Modelo,11281877,Chromecast,True,2025-04-03 12:09:12.793381,2025-04-03 12:09:12.793381
5d417ddb-1913-4a1b-bce0-90c32a5d228d,MLA36633513,GENERATION,Generación,10910111,4.ª generación,True,2025-04-03 12:09:12.793384,2025-04-03 12:09:12.793384
40fb55d9-a281-4091-bb98-e62a924d24da,MLA36633513,COLOR,Color,52055,Blanco,True,2025-04-03 12:09:12.793388,2025-04-03 12:09:12.793388
86e1dca0-72d8-4468-8b99-c143bf75c71e,MLA36633513,MAIN_COLOR,Color principal,2450308,Blanco,True,2025-04-03 12:09:12.793391,2025-04-03 12:09:12.793392
938f38c4-807e-4f0d-9932-6c9baa4546ae,MLA36633513,DEVICE_FORMAT,Formato del dispositivo,9234856,Pendant Box,True,2025-04-03 12:09:12.793395,2025-04-03 12:09:12.793395
d2e03850-b7e0-4abf-b5c6-aec21c203e94,MLA36633513,MAX_VIDEO_RESOLUTION,Resolución máxima de video,168331,HD,True,2025-04-03 12:09:12.793398,2025-04-03 12:09:12.793399
386f96f7-3c24-46b5-9f65-3f4acb33f3d6,MLA36633513,COMPATIBLE_APPLICATIONS,Aplicaciones compatibles,,"Amazon Prime Video, Netflix, Spotify, YouTube, HBO Now",True,2025-04-03 12:09:12.793402,2025-04-03 12:09:12.793402
de820c04-e103-47fc-aaba-ff8250915eb7,MLA36633513,RECOMMENDED_DEVICES,Dispositivos recomendados,,"Celulares, Computadoras, Tablets, Televisores",True,2025-04-03 12:09:12.793405,2025-04-03 12:09:12.793405
df684bf4-c9e6-4b83-8d31-dcc202342561,MLA36633513,AUDIO_AND_VIDEO_INTERFACES,Interfaces de audio y video,,HDMI,True,2025-04-03 12:09:12.793409,2025-04-03 12:09:12.793409
7b861afb-367e-459f-8a71-4a61bc768f7e,MLA36633513,PORTS_AND_CONNECTORS_TYPES,Tipos de puertos y conectores,,USB-C,True,2025-04-03 12:09:12.793412,2025-04-03 12:09:12.793413
54d3dfd1-7620-4db2-9f09-01981e90c5dc,MLA36633513,MANUFACTURER,Fabricante,52701,Google,True,2025-04-03 12:09:12.793416,2025-04-03 12:09:12.793416
10f5f6d2-672c-4e5f-8669-2a27fc5d6c2a,MLA36633513,ANATEL_HOMOLOGATION_NUMBER,Homologación Anatel Nº,40365787,7541404818,True,2025-04-03 12:09:12.793421,2025-04-03 12:09:12.793421
516215c7-4b93-4caa-bb13-86deeabb5ef1,MLA36633513,WITH_BLUETOOTH,Con Bluetooth,242085,Sí,True,2025-04-03 12:09:12.793424,2025-04-03 12:09:12.793424
5856c8bf-32a5-4913-9a62-0d21b56f6d01,MLA36633513,WITH_WI_FI,Con Wi-Fi,242085,Sí,True,2025-04-03 12:09:12.793428,2025-04-03 12:09:12.793428
7b85f120-0709-4186-af89-d913a3ac3090,MLA36633513,WITH_INTEGRATED_VOICE_ASSISTANTS,Con asistentes de voz integrados,242085,Sí,True,2025-04-03 12:09:12.793431,2025-04-03 12:09:12.793431
fb082b5d-5bee-471a-89b9-9f1caa83baed,MLA36633513,INTEGRATED_VOICE_ASSISTANTS,Asistentes de voz integrados,,Google Assistant,True,2025-04-03 12:09:12.793435,2025-04-03 12:09:12.793435
3f759ee1-a6b4-499f-a5d0-2ded3bfe124e,MLA36633513,INCLUDES_HDMI_CABLE,Incluye cable HDMI,242085,Sí,True,2025-04-03 12:09:12.793438,2025-04-03 12:09:12.793438
448f7673-c343-43be-b968-bf4f25022be0,MLA36633513,INCLUDES_CELL_BATTERIES,Incluye pilas,242084,No,True,2025-04-03 12:09:12.793442,2025-04-03 12:09:12.793442
2a753a17-274c-48d8-853a-0a7faf71ec01,MLA36633513,LENGTH,Largo,8927824,16.2 cm,True,2025-04-03 12:09:12.793445,2025-04-03 12:09:12.793445
ae7657c6-7599-4e7a-bae8-b194273ffc72,MLA36633513,WIDTH,Ancho,8919901,6.1 cm,True,2025-04-03 12:09:12.793449,2025-04-03 12:09:12.793449
0b8519ae-99b9-4761-8004-821cd9067ac2,MLA36633513,HEIGHT,Altura,8248374,1.25 cm,True,2025-04-03 12:09:12.793452,2025-04-03 12:09:12.793452
8b4adef9-5233-4ccc-908a-d3b6a8623acf,MLA36633513,WEIGHT,Peso,5991223,1 kg,True,2025-04-03 12:09:12.793456,2025-04-03 12:09:12.793456
5533d937-91e4-4cee-9e9b-829e587c1092,MLA36633513,OS_NAME,Nombre del sistema operativo,7601503,Android TV,True,2025-04-03 12:09:12.793459,2025-04-03 12:09:12.793459
8cc9cb85-22f9-4926-8729-6ddf6b9ef978,MLA36633513,STREAMING_TECHNOLOGIES,Tecnologías de streaming,,Chromecast,True,2025-04-03 12:09:12.793463,2025-04-03 12:09:12.793463
7c0ab557-b562-4263-b02a-76947e1d5517,MLA36633513,AUDIO_QUALITY,Calidad de audio,,"Dolby Atmos, Dolby Digital, Dolby Digital Plus",True,2025-04-03 12:09:12.793466,2025-04-03 12:09:12.793466
345af696-0840-46ad-acff-620497a2b77b,MLA36633513,LANGUAGE_OPTIONS,Opciones de idioma,,"Español, Inglés",True,2025-04-03 12:09:12.793470,2025-04-03 12:09:12.793470
5aae9c87-a339-48de-aeac-d3941947ccf7,MLA36633513,MIN_OPERATING_SYSTEMS_REQUIRED,Sistemas operativos mínimos requeridos,,Android,True,2025-04-03 12:09:12.793473,2025-04-03 12:09:12.793473
93c384b0-b07d-4201-b3d7-c68501fdbad8,MLA36633513,CPU,CPU,,Amlogic S905X3 Cortex-A55 Quad-Core,True,2025-04-03 12:09:12.793477,2025-04-03 12:09:12.793477
7be94ca6-9547-4505-9b50-3afd39575916,MLA36633513,GRAPHICS_PROCESSOR,Procesador gráfico,7569896,Mali-G31 MP2,True,2025-04-03 12:09:12.793480,2025-04-03 12:09:12.793480
95940287-c990-42ce-9877-db908dcb1535,MLA36633513,WI_FI_STANDARDS,Estándares Wi-Fi,,IEEE 802.11ac,True,2025-04-03 12:09:12.793484,2025-04-03 12:09:12.793484
6ae776f2-c528-4fa7-9843-300b746cc4bf,MLA36633513,FREQUENCIES,Frecuencias,,"2.4 GHz, 5 GHz",True,2025-04-03 12:09:12.793487,2025-04-03 12:09:12.793487
6f046b4f-9c3d-4b0b-9f7e-dcb1ae7eae66,MLA36633513,DEVICE_OPERATING_VOLTAGE,Voltaje de funcionamiento,8631470,5 V,True,2025-04-03 12:09:12.793491,2025-04-03 12:09:12.793491
55ca1e9f-df59-497f-b612-d77e4ac501d1,MLA42977080,BRAND,Marca,1249419,Ele-Gate,True,2025-04-03 12:09:12.793556,2025-04-03 12:09:12.793556
1b680dce-90e0-4c9f-84a4-a0d5cd99eecf,MLA42977080,MODEL,Modelo,44260093,WL.14,True,2025-04-03 12:09:12.793560,2025-04-03 12:09:12.793560
857bc5ec-ff74-47b3-a4d2-51aa72ad693d,MLA42977080,COLOR,Color,52049,Negro,True,2025-04-03 12:09:12.793563,2025-04-03 12:09:12.793563
2520d0a5-d95e-497e-a42e-1f43b27b4086,MLA42977080,DEVICE_FORMAT,Formato del dispositivo,9234856,Pendant Box,True,2025-04-03 12:09:12.793567,2025-04-03 12:09:12.793567
52ed989a-712c-41c0-bd9b-c5297ffb1709,MLA42977080,WITH_INTEGRATED_VOICE_ASSISTANTS,Con asistentes de voz integrados,242084,No,True,2025-04-03 12:09:12.793570,2025-04-03 12:09:12.793570
1880834f-c4e0-48eb-9186-03802cb998fd,MLA32064840,BRAND,Marca,52701,Google,True,2025-04-03 12:09:12.793593,2025-04-03 12:09:12.793594
07eb1ef6-a50c-4dc8-bafc-b0cb67e76663,MLA32064840,MODEL,Modelo,11281877,Chromecast,True,2025-04-03 12:09:12.793597,2025-04-03 12:09:12.793597
0a9280be-1846-46a2-8bd9-be6cf4231d5d,MLA32064840,ALPHANUMERIC_MODEL,Modelo alfanumérico,25655036,GA01919-US,True,2025-04-03 12:09:12.793601,2025-04-03 12:09:12.793601
f613d115-b1ff-4a4f-9413-d57ea5fdd15f,MLA32064840,COLOR,Color,116435,Black,True,2025-04-03 12:09:12.793604,2025-04-03 12:09:12.793604
331f73ad-e07c-4134-a4b5-4e62a5255138,MLA32064840,STORAGE_CAPACITY,Capacidad de almacenamiento,98765,1 GB,True,2025-04-03 12:09:12.793607,2025-04-03 12:09:12.793608
06686db8-8953-400f-ae98-55811242c36f,MLA32064840,RAM_MEMORY,Memoria RAM,98978,1 GB,True,2025-04-03 12:09:12.793611,2025-04-03 12:09:12.793611
af1b5cfd-efc7-4c72-8aeb-7502e11f6005,MLA32064840,COMPATIBLE_APPLICATIONS,Aplicaciones compatibles,,"Amazon Prime Video, Apple TV, BET, CBS All Access, Crackle, Crunchyroll, Disney+, ESPN, Epix, HBO Max, Hulu, Netflix, PBS, Peacock, Pluto TV, Rakuten Viki, Showtime, Sling TV, Spotify, Starz, Tubi, YouTube, YouTube TV",True,2025-04-03 12:09:12.793615,2025-04-03 12:09:12.793615
f692c363-c30e-40ce-a2f5-605ddec50622,MLA32064840,PORTS_AND_CONNECTORS_TYPES,Tipos de puertos y conectores,,USB-C,True,2025-04-03 12:09:12.793618,2025-04-03 12:09:12.793618
5a3aef46-9284-465b-9792-1060178e7a30,MLA32064840,MANUFACTURER,Fabricante,52701,Google,True,2025-04-03 12:09:12.793622,2025-04-03 12:09:12.793622
f1b9b4ca-9806-4caa-b582-e1a59c37dbfe,MLA32064840,WITH_INTEGRATED_VOICE_ASSISTANTS,Con asistentes de voz integrados,242085,Sí,True,2025-04-03 12:09:12.793625,2025-04-03 12:09:12.793625
099ec5b2-bd0d-495f-9f61-645ce6d7e990,MLA32064840,INTEGRATED_VOICE_ASSISTANTS,Asistentes de voz integrados,,Google Assistant,True,2025-04-03 12:09:12.793629,2025-04-03 12:09:12.793629
35e090b8-ceea-499e-b6c2-605a2dc23f7d,MLA32064840,INCLUDES_HDMI_CABLE,Incluye cable HDMI,242085,Sí,True,2025-04-03 12:09:12.793632,2025-04-03 12:09:12.793632
8fb79ee3-8175-431a-a9fe-4e690ca9d0e3,MLA32064840,INCLUDES_CELL_BATTERIES,Incluye pilas,242084,No,True,2025-04-03 12:09:12.793635,2025-04-03 12:09:12.793636
f7194894-e3fd-4cc3-af2e-5b802c92c72c,MLA32064840,LENGTH,Largo,8927824,16.2 cm,True,2025-04-03 12:09:12.793639,2025-04-03 12:09:12.793639
9562f5eb-a05f-4e36-9f98-1790fe7f64a7,MLA32064840,WIDTH,Ancho,24103236,5.18 cm,True,2025-04-03 12:09:12.793642,2025-04-03 12:09:12.793642
0e305472-5774-4a0b-a8bd-81978018e872,MLA32064840,HEIGHT,Altura,15770312,1.37 cm,True,2025-04-03 12:09:12.793647,2025-04-03 12:09:12.793648
07bd07dd-9b50-4d4d-baa6-867b7bce78c0,MLA32064840,WEIGHT,Peso,17821030,63 g,True,2025-04-03 12:09:12.793651,2025-04-03 12:09:12.793652
1d8703d1-6b4e-4b93-8868-3715a946404b,MLA32064840,STREAMING_TECHNOLOGIES,Tecnologías de streaming,,Chromecast,True,2025-04-03 12:09:12.793655,2025-04-03 12:09:12.793655
180d0dc7-ce5a-4554-b633-46bf976a7dbc,MLA32064840,AUDIO_QUALITY,Calidad de audio,,"Dolby Atmos, Dolby Digital, Dolby Digital Plus",True,2025-04-03 12:09:12.793658,2025-04-03 12:09:12.793659
449eca19-d1ac-4c7e-a1ee-aee588c0d55c,MLA32064840,LANGUAGE_OPTIONS,Opciones de idioma,,Inglés,True,2025-04-03 12:09:12.793662,2025-04-03 12:09:12.793662
c96632ee-19d0-4c81-9257-33016ad52dcb,MLA32064840,CPU,CPU,,Amlogic S905X3 Cortex-A55 Quad-Core,True,2025-04-03 12:09:12.793665,2025-04-03 12:09:12.793666
a24005f0-5909-4b4a-8f4a-c6c004b791e0,MLA32064840,WI_FI_STANDARDS,Estándares Wi-Fi,,IEEE 802.11ac,True,2025-04-03 12:09:12.793673,2025-04-03 12:09:12.793673
59d807ad-6b71-4232-b8b3-b8e5103e40a6,MLA32064840,FREQUENCIES,Frecuencias,,"2.4 GHz, 5 GHz",True,2025-04-03 12:09:12.793677,2025-04-03 12:09:12.793677
11ca0b05-3f3a-4ce0-9eb7-fba65183e32b,MLA32064840,DEVICE_OPERATING_VOLTAGE,Voltaje de funcionamiento,8631470,5 V,True,2025-04-03 12:09:12.793680,2025-04-03 12:09:12.793680
2d31fed7-88f4-4c0d-948b-ba2dec1b541b,MLA22964864,BRAND,Marca,52701,Google,True,2025-04-03 12:09:12.793707,2025-04-03 12:09:12.793707
cb84286f-ec65-4d9c-9f7e-d0a73f55709e,MLA22964864,LINE,Línea,340816,Chromecast,True,2025-04-03 12:09:12.793710,2025-04-03 12:09:12.793711
6aa209d7-dbaf-4e50-8226-5885a4b3d854,MLA22964864,MODEL,Modelo,48553282,Chromecast 3,True,2025-04-03 12:09:12.793714,2025-04-03 12:09:12.793714
8683e7a0-3ecf-4d24-8df5-e579ae99feed,MLA22964864,COLOR,Color,2249819,Carbón,True,2025-04-03 12:09:12.793717,2025-04-03 12:09:12.793718
8bbb670b-306f-452e-afe8-c0e9253002ad,MLA22964864,STORAGE_CAPACITY,Capacidad de almacenamiento,17072,256 MB,True,2025-04-03 12:09:12.793721,2025-04-03 12:09:12.793721
4f72822a-4a6d-4030-8b54-c6fad5e379ba,MLA22964864,RAM_MEMORY,Memoria RAM,154947,512 MB,True,2025-04-03 12:09:12.793724,2025-04-03 12:09:12.793724
d87e8b0c-4d6b-46ed-9c76-2d994e23d6b7,MLA22964864,DEVICE_FORMAT,Formato del dispositivo,9234856,Pendant Box,True,2025-04-03 12:09:12.793728,2025-04-03 12:09:12.793728
ecc842d6-eade-4867-9b31-e7b5fb104cbb,MLA22964864,MAX_VIDEO_RESOLUTION,Resolución máxima de video,13356127,Full HD 1080p,True,2025-04-03 12:09:12.793731,2025-04-03 12:09:12.793731
76f54a13-5add-45c6-bb4b-afd2bbbd2e93,MLA22964864,COMPATIBLE_APPLICATIONS,Aplicaciones compatibles,,"Google Fotos, Google play movies, HBO Now, Netflix, Spotify, YouTube, YouTube TV",True,2025-04-03 12:09:12.793735,2025-04-03 12:09:12.793735
34ce62ec-4f70-4515-b66b-03888dabc60d,MLA22964864,RECOMMENDED_DEVICES,Dispositivos recomendados,,"Televisores con HDMI, Celulares, Computadoras portátiles, Tablets",True,2025-04-03 12:09:12.793738,2025-04-03 12:09:12.793738
d86bfb68-e1b0-442a-9591-ac3120d55914,MLA22964864,AUDIO_AND_VIDEO_INTERFACES,Interfaces de audio y video,,HDMI,True,2025-04-03 12:09:12.793741,2025-04-03 12:09:12.793742
10cd1b7f-c94b-4a73-9572-0a0808fd9f17,MLA22964864,PORTS_AND_CONNECTORS_TYPES,Tipos de puertos y conectores,,Micro-USB,True,2025-04-03 12:09:12.793746,2025-04-03 12:09:12.793747
703f9737-3c94-42a4-af0d-8f71938f918a,MLA22964864,WITH_BLUETOOTH,Con Bluetooth,242085,Sí,True,2025-04-03 12:09:12.793750,2025-04-03 12:09:12.793750
16a960df-0e7b-4bfe-95d7-81c5d69e4938,MLA22964864,WITH_WI_FI,Con Wi-Fi,242085,Sí,True,2025-04-03 12:09:12.793753,2025-04-03 12:09:12.793754
bc67e7b8-0361-4961-8b89-fd78118d3648,MLA22964864,LENGTH,Largo,48553666,5.18 cm,True,2025-04-03 12:09:12.793757,2025-04-03 12:09:12.793757
33d1375f-a618-4ee1-95ca-2d825e36d910,MLA22964864,WIDTH,Ancho,48717962,5.19 cm,True,2025-04-03 12:09:12.793760,2025-04-03 12:09:12.793761
c445c1d6-bb96-4a18-835e-80ee3b52fb46,MLA22964864,HEIGHT,Altura,22237619,1.38 cm,True,2025-04-03 12:09:12.793764,2025-04-03 12:09:12.793764
22241eb7-e90d-4d16-ade5-5b0ab628f64b,MLA22964864,OS_NAME,Nombre del sistema operativo,296859,iOS,True,2025-04-03 12:09:12.793767,2025-04-03 12:09:12.793767
9eff3d41-0018-4238-b055-691deb125557,MLA22964864,STREAMING_TECHNOLOGIES,Tecnologías de streaming,,Google Cast,True,2025-04-03 12:09:12.793771,2025-04-03 12:09:12.793771
bac18aa8-386a-47ab-bcba-a1e9a4d955a8,MLA22964864,MIN_OPERATING_SYSTEMS_REQUIRED,Sistemas operativos mínimos requeridos,,iOS,True,2025-04-03 12:09:12.793774,2025-04-03 12:09:12.793774
1401e646-8886-474f-b2de-badd7c0ea937,MLA22964864,WI_FI_STANDARDS,Estándares Wi-Fi,,"2.4GHz, 5Ghz",True,2025-04-03 12:09:12.793777,2025-04-03 12:09:12.793778
6c071ed0-ff6e-4199-861d-416078a721b0,MLA22964864,DEVICE_OPERATING_VOLTAGE,Voltaje de funcionamiento,8631470,5 V,True,2025-04-03 12:09:12.793781,2025-04-03 12:09:12.793781
0178cb8a-2b71-40de-bedc-c70346c17ddb,MLA24460156,BRAND,Marca,52701,Google,True,2025-04-03 12:09:12.793805,2025-04-03 12:09:12.793805
00f48359-050c-423b-8a4e-c830f8105043,MLA24460156,LINE,Línea,340816,Chromecast,True,2025-04-03 12:09:12.793809,2025-04-03 12:09:12.793809
bfc8a098-9f9d-4b3c-9de3-9e07e7804519,MLA24460156,MODEL,Modelo,11281877,Chromecast,True,2025-04-03 12:09:12.793812,2025-04-03 12:09:12.793812
bd0532d1-67a6-45ca-8ebb-799a74c3c377,MLA24460156,GENERATION,Generación,10910111,4.ª generación,True,2025-04-03 12:09:12.793816,2025-04-03 12:09:12.793816
d75fe742-8340-451a-abc0-f801614c2ca2,MLA24460156,ALPHANUMERIC_MODEL,Modelo alfanumérico,16911628,GA03131-US,True,2025-04-03 12:09:12.793819,2025-04-03 12:09:12.793819
228d914a-49ab-4bf3-b240-d00c25f6c5f9,MLA24460156,COLOR,Color,52055,Blanco,True,2025-04-03 12:09:12.793823,2025-04-03 12:09:12.793823
025f155c-9a59-45d1-ab75-9169bd05e4e5,MLA24460156,STORAGE_CAPACITY,Capacidad de almacenamiento,18646,8 GB,True,2025-04-03 12:09:12.793826,2025-04-03 12:09:12.793827
38bc9f5c-4079-4dc5-b524-3a7ac98e22ca,MLA24460156,RAM_MEMORY,Memoria RAM,445970,2 GB,True,2025-04-03 12:09:12.793830,2025-04-03 12:09:12.793830
f0b89157-2cf4-4b36-869d-85ead1eeb785,MLA24460156,REMOTE_CONTROL_TYPE,Tipo de control remoto,17535337,De voz,True,2025-04-03 12:09:12.793834,2025-04-03 12:09:12.793834
f441b1de-2d97-40e5-99e5-ddc1a58d2be3,MLA24460156,MAIN_COLOR,Color principal,2450308,Blanco,True,2025-04-03 12:09:12.793837,2025-04-03 12:09:12.793837
651892a0-68f1-417f-a44f-854288f6c8e2,MLA24460156,DEVICE_FORMAT,Formato del dispositivo,8616496,Stick,True,2025-04-03 12:09:12.793840,2025-04-03 12:09:12.793841
2f1eb856-5952-4cbd-889f-9ce6833cc801,MLA24460156,MAX_VIDEO_RESOLUTION,Resolución máxima de video,168331,HD,True,2025-04-03 12:09:12.793844,2025-04-03 12:09:12.793844
0fa8155d-3605-49c4-b487-dbbedff99d98,MLA24460156,COMPATIBLE_APPLICATIONS,Aplicaciones compatibles,,"Amazon Prime Video, ESPN, FOX, Facebook, Flickr, HBO Go, YouTube, Vimeo, Spotify, Otros disponibles en google tv",True,2025-04-03 12:09:12.793847,2025-04-03 12:09:12.793848
9b6c500e-8ff8-416f-945e-46c477a1e4b7,MLA24460156,RECOMMENDED_DEVICES,Dispositivos recomendados,,Televisores con HDMI,True,2025-04-03 12:09:12.793851,2025-04-03 12:09:12.793851
bfc66c15-1b64-4387-9035-127bbddcbfaf,MLA24460156,AUDIO_AND_VIDEO_INTERFACES,Interfaces de audio y video,,HDMI,True,2025-04-03 12:09:12.793856,2025-04-03 12:09:12.793856
c5b1a718-f734-4079-8957-bbb42d21835e,MLA24460156,PORTS_AND_CONNECTORS_TYPES,Tipos de puertos y conectores,,Micro-USB,True,2025-04-03 12:09:12.793859,2025-04-03 12:09:12.793860
61bb087e-db57-4238-8be0-6f76b13a48f3,MLA24460156,MANUFACTURER,Fabricante,52701,Google,True,2025-04-03 12:09:12.793863,2025-04-03 12:09:12.793863
621b9776-9dae-4c30-ae8a-096b32583c84,MLA24460156,WITH_BLUETOOTH,Con Bluetooth,242085,Sí,True,2025-04-03 12:09:12.793866,2025-04-03 12:09:12.793867
af534eed-fe7e-4ef0-a0e1-8c91ac7d9c5e,MLA24460156,WITH_WI_FI,Con Wi-Fi,242085,Sí,True,2025-04-03 12:09:12.793870,2025-04-03 12:09:12.793870
77ef2b06-83e3-49ac-abb9-9264bc87af52,MLA24460156,WITH_INTEGRATED_VOICE_ASSISTANTS,Con asistentes de voz integrados,242085,Sí,True,2025-04-03 12:09:12.793873,2025-04-03 12:09:12.793874
4ca345ef-9bc0-42e8-b1cd-84df0b36d582,MLA24460156,INTEGRATED_VOICE_ASSISTANTS,Asistentes de voz integrados,,Google Assistant,True,2025-04-03 12:09:12.793877,2025-04-03 12:09:12.793877
cab2a553-e74e-46ad-bb1f-7237abc32a34,MLA24460156,INCLUDES_HDMI_CABLE,Incluye cable HDMI,242085,Sí,True,2025-04-03 12:09:12.793880,2025-04-03 12:09:12.793881
2989b8bd-d447-4f83-8541-f5e8799da8c8,MLA24460156,INCLUDES_CELL_BATTERIES,Incluye pilas,242085,Sí,True,2025-04-03 12:09:12.793884,2025-04-03 12:09:12.793884
c4d2208e-c75c-4777-88e9-01874f62146c,MLA24460156,LENGTH,Largo,8927824,16.2 cm,True,2025-04-03 12:09:12.793887,2025-04-03 12:09:12.793887
dfa571d4-08c0-4053-852e-e48fde1ebc38,MLA24460156,WIDTH,Ancho,8919901,6.1 cm,True,2025-04-03 12:09:12.793891,2025-04-03 12:09:12.793891
7976f364-9876-45e8-a7a2-63596dcd15c1,MLA24460156,HEIGHT,Altura,8248374,1.25 cm,True,2025-04-03 12:09:12.793894,2025-04-03 12:09:12.793894
ab1a72cb-0d88-4e4e-b71a-1183a69e0b30,MLA24460156,WEIGHT,Peso,18029263,112 g,True,2025-04-03 12:09:12.793898,2025-04-03 12:09:12.793898
68aa42ee-02e8-48b5-9f13-c498a15ac218,MLA24460156,OS_NAME,Nombre del sistema operativo,296858,Android,True,2025-04-03 12:09:12.793901,2025-04-03 12:09:12.793901
326fc7ac-f345-4598-9b8a-b45af88df6de,MLA24460156,STREAMING_TECHNOLOGIES,Tecnologías de streaming,,Google Cast,True,2025-04-03 12:09:12.793905,2025-04-03 12:09:12.793905
69566baf-ae28-4ed6-a562-108aebe5fd76,MLA24460156,AUDIO_QUALITY,Calidad de audio,,"Dolby Atmos, DTS Digital Surround, Dolby Audio",True,2025-04-03 12:09:12.793908,2025-04-03 12:09:12.793908
3587e69b-4fbe-41b3-bbac-cba4af3b6c6f,MLA24460156,LANGUAGE_OPTIONS,Opciones de idioma,,"Español, Inglés, Multidioma",True,2025-04-03 12:09:12.793912,2025-04-03 12:09:12.793912
034f35f5-1d97-4b2b-8533-d260ca3dca87,MLA24460156,MIN_OPERATING_SYSTEMS_REQUIRED,Sistemas operativos mínimos requeridos,,Android,True,2025-04-03 12:09:12.793915,2025-04-03 12:09:12.793916
8861a67e-70d1-4da0-a851-2933a028b06f,MLA24460156,CPU,CPU,,Amlogic S905X3 Cortex-A55 Quad-Core,True,2025-04-03 12:09:12.793919,2025-04-03 12:09:12.793919
bdeaa9e8-d435-4005-bdc1-f495ebbab64e,MLA24460156,GRAPHICS_PROCESSOR,Procesador gráfico,7569896,Mali-G31 MP2,True,2025-04-03 12:09:12.793922,2025-04-03 12:09:12.793923
90e0b1b6-97a1-481c-99af-e56cd2f9d9d1,MLA24460156,WI_FI_STANDARDS,Estándares Wi-Fi,,2.4GHz,True,2025-04-03 12:09:12.793926,2025-04-03 12:09:12.793926
03d9bbc6-5298-4bab-8eff-86f3bc8d8c35,MLA24460156,FREQUENCIES,Frecuencias,,"Wi-fi 802.11ac (2, 4 ghz/5 ghz)",True,2025-04-03 12:09:12.793930,2025-04-03 12:09:12.793930
d7c811b3-8de0-4a9c-bcfb-3cf10fcbcbb1,MLA24460156,DEVICE_OPERATING_VOLTAGE,Voltaje de funcionamiento,8631470,5 V,True,2025-04-03 12:09:12.793933,2025-04-03 12:09:12.793933
e48554ac-907a-47b5-ade5-5e180dadedef,MLA24460156,MPN,MPN,,Ga03131-us,True,2025-04-03 12:09:12.793936,2025-04-03 12:09:12.793937
4b02039d-6a9a-4902-a258-cef59f5ba1ed,MLA20544894,BRAND,Marca,52701,Google,True,2025-04-03 12:09:12.793979,2025-04-03 12:09:12.793979
59e66d45-0d49-4ce6-9434-0ebf70991fbd,MLA20544894,LINE,Línea,340816,Chromecast,True,2025-04-03 12:09:12.793982,2025-04-03 12:09:12.793982
570bcbe6-03a1-4b7b-9f7c-34ab87f5ea3c,MLA20544894,MODEL,Modelo,11281877,Chromecast,True,2025-04-03 12:09:12.793986,2025-04-03 12:09:12.793986
b29436bc-fdf3-4aa7-8846-c2d0b93124b0,MLA20544894,GENERATION,Generación,8248559,3.ª generación,True,2025-04-03 12:09:12.793989,2025-04-03 12:09:12.793989
32a73187-bdee-4cc5-871f-31ce30344665,MLA20544894,COLOR,Color,52049,Negro,True,2025-04-03 12:09:12.793993,2025-04-03 12:09:12.793993
2338f167-09cb-464e-b53c-8687e779a126,MLA20544894,MAIN_COLOR,Color principal,2450295,Negro,True,2025-04-03 12:09:12.793996,2025-04-03 12:09:12.793996
a05b37f2-d764-401c-a882-94aa9c2a326f,MLA20544894,DEVICE_FORMAT,Formato del dispositivo,8616496,Stick,True,2025-04-03 12:09:12.794000,2025-04-03 12:09:12.794000
a30d0935-f11e-4b1e-bd49-27d367317c42,MLA20544894,MAX_VIDEO_RESOLUTION,Resolución máxima de video,168332,Full HD,True,2025-04-03 12:09:12.794003,2025-04-03 12:09:12.794003
fc9810b2-665c-4a2f-98ac-276da8f3d3cc,MLA20544894,COMPATIBLE_APPLICATIONS,Aplicaciones compatibles,,"Google Fotos, Google TV, HBO Now, Netflix, Spotify, YouTube, YouTube TV",True,2025-04-03 12:09:12.794007,2025-04-03 12:09:12.794007
6ac65721-9b34-43ee-a7f4-af57cf2b7e3e,MLA20544894,RECOMMENDED_DEVICES,Dispositivos recomendados,,Televisores con HDMI,True,2025-04-03 12:09:12.794010,2025-04-03 12:09:12.794010
4bec3d86-5b38-47b1-9fa5-b5cf88eea6b0,MLA20544894,AUDIO_AND_VIDEO_INTERFACES,Interfaces de audio y video,,HDMI,True,2025-04-03 12:09:12.794014,2025-04-03 12:09:12.794014
1060d475-76eb-49af-89c3-b82ca55dd7ee,MLA20544894,PORTS_AND_CONNECTORS_TYPES,Tipos de puertos y conectores,,USB-C,True,2025-04-03 12:09:12.794017,2025-04-03 12:09:12.794017
81954fef-c632-42bb-9a43-9e3afdf84673,MLA20544894,MANUFACTURER,Fabricante,52701,Google,True,2025-04-03 12:09:12.794020,2025-04-03 12:09:12.794021
579a9b34-1056-4ae6-9d0a-2b992af73fe1,MLA20544894,WITH_BLUETOOTH,Con Bluetooth,242085,Sí,True,2025-04-03 12:09:12.794024,2025-04-03 12:09:12.794024
c493f626-74a0-43b2-afbc-880abee1b582,MLA20544894,WITH_WI_FI,Con Wi-Fi,242085,Sí,True,2025-04-03 12:09:12.794027,2025-04-03 12:09:12.794028
22989604-4cd7-41d6-a06f-e6d685926544,MLA20544894,WITH_INTEGRATED_VOICE_ASSISTANTS,Con asistentes de voz integrados,242084,No,True,2025-04-03 12:09:12.794031,2025-04-03 12:09:12.794031
b57930d5-1599-4129-9a06-b993fade19d6,MLA20544894,INTEGRATED_VOICE_ASSISTANTS,Asistentes de voz integrados,,Google Assistant,True,2025-04-03 12:09:12.794034,2025-04-03 12:09:12.794035
af2b6c33-ef1a-4166-8576-226824896994,MLA20544894,INCLUDES_HDMI_CABLE,Incluye cable HDMI,242085,Sí,True,2025-04-03 12:09:12.794038,2025-04-03 12:09:12.794038
2fe8b39c-680c-499a-a61d-665843d6a41d,MLA20544894,INCLUDES_CELL_BATTERIES,Incluye pilas,242084,No,True,2025-04-03 12:09:12.794041,2025-04-03 12:09:12.794042
f3790492-5889-4ad6-8c45-37d29635d320,MLA20544894,LENGTH,Largo,48553666,5.18 cm,True,2025-04-03 12:09:12.794045,2025-04-03 12:09:12.794045
041acf41-e679-4f1e-b69c-78c52d320f1b,MLA20544894,WIDTH,Ancho,48717962,5.19 cm,True,2025-04-03 12:09:12.794048,2025-04-03 12:09:12.794048
01b3a603-9f72-4d30-a3a5-80fb12653688,MLA20544894,HEIGHT,Altura,22237619,1.38 cm,True,2025-04-03 12:09:12.794052,2025-04-03 12:09:12.794052
9205e417-52a1-4c34-a2b6-b547692b4350,MLA20544894,WEIGHT,Peso,15996549,40 g,True,2025-04-03 12:09:12.794055,2025-04-03 12:09:12.794056
7410c236-6411-4c58-b9f3-e1a0e10b50e8,MLA20544894,OS_NAME,Nombre del sistema operativo,355776,Chrome OS,True,2025-04-03 12:09:12.794059,2025-04-03 12:09:12.794059
12560d9d-7b84-40bb-93c0-2fd283456da9,MLA20544894,STREAMING_TECHNOLOGIES,Tecnologías de streaming,,Chromecast,True,2025-04-03 12:09:12.794062,2025-04-03 12:09:12.794063
df35ed45-bae3-4722-b856-f09ea4dda624,MLA20544894,AUDIO_QUALITY,Calidad de audio,,DTS Digital Surround,True,2025-04-03 12:09:12.794066,2025-04-03 12:09:12.794066
3b30dd0a-a633-4162-ada3-9ba99eda795d,MLA20544894,LANGUAGE_OPTIONS,Opciones de idioma,,Español,True,2025-04-03 12:09:12.794069,2025-04-03 12:09:12.794069
9710696c-ba3f-4d51-8670-c9d797fa63b5,MLA20544894,MIN_OPERATING_SYSTEMS_REQUIRED,Sistemas operativos mínimos requeridos,,"Android 4.2, iOS 9.1, macOS X 10.9, Windows 7",True,2025-04-03 12:09:12.794073,2025-04-03 12:09:12.794073
04c72d4c-0e18-4b50-9796-5d69c3f2f9a9,MLA20544894,CPU,CPU,,ARM Cortex-A7 Dual-Core,True,2025-04-03 12:09:12.794076,2025-04-03 12:09:12.794076
14471f4b-8102-44b1-b7b9-3ca3211cb2a4,MLA20544894,GRAPHICS_PROCESSOR,Procesador gráfico,8249292,Mali-450,True,2025-04-03 12:09:12.794080,2025-04-03 12:09:12.794080
e5394396-8fac-4220-9a89-61f197c9808e,MLA20544894,WI_FI_STANDARDS,Estándares Wi-Fi,,"2.4GHz, 5Ghz",True,2025-04-03 12:09:12.794083,2025-04-03 12:09:12.794084
9ae3a1db-00c9-49c8-a216-98f25f2041d5,MLA20544894,FREQUENCIES,Frecuencias,,"2.4 GHz, 5 GHz",True,2025-04-03 12:09:12.794087,2025-04-03 12:09:12.794087
26e081a5-5680-4bee-af4f-494b764fa076,MLA20544894,DEVICE_OPERATING_VOLTAGE,Voltaje de funcionamiento,8631470,5 V,True,2025-04-03 12:09:12.794090,2025-04-03 12:09:12.794091
8865a952-73bc-441b-90dc-150874a16710,MLA22742201,BRAND,Marca,1249419,Ele-Gate,True,2025-04-03 12:09:12.794136,2025-04-03 12:09:12.794136
487dd85d-a3b4-4fff-91fc-2b5f8cf43409,MLA22742201,LINE,Línea,17312123,HDMI,True,2025-04-03 12:09:12.794139,2025-04-03 12:09:12.794140
4d858728-dee2-4e0c-817e-1b02dc95e7e3,MLA22742201,MODEL,Modelo,18431352,WL 12,True,2025-04-03 12:09:12.794143,2025-04-03 12:09:12.794143
145a44ee-2431-4749-b37e-1d3ad70af038,MLA22742201,ALPHANUMERIC_MODEL,Modelo alfanumérico,18431351,12201903065K,True,2025-04-03 12:09:12.794147,2025-04-03 12:09:12.794147
ae2f91ce-5ebe-4b23-903f-b9e0eb986b9f,MLA22742201,COLOR,Color,52049,Negro,True,2025-04-03 12:09:12.794150,2025-04-03 12:09:12.794150
a7a4c6a4-47db-411a-ac2c-33125e597227,MLA22742201,STORAGE_CAPACITY,Capacidad de almacenamiento,15338726,0 MB,True,2025-04-03 12:09:12.794153,2025-04-03 12:09:12.794154
59ad04db-9e38-4794-b78e-127b37ab1f36,MLA22742201,RAM_MEMORY,Memoria RAM,98978,1 GB,True,2025-04-03 12:09:12.794157,2025-04-03 12:09:12.794157
82fb9d3a-7c10-438d-8334-06a9d7170b7b,MLA22742201,REMOTE_CONTROL_TYPE,Tipo de control remoto,182134,Estándar,True,2025-04-03 12:09:12.794161,2025-04-03 12:09:12.794161
1915b882-930f-4874-84cf-3557e79ad927,MLA22742201,DEVICE_FORMAT,Formato del dispositivo,8616495,TV Box,True,2025-04-03 12:09:12.794164,2025-04-03 12:09:12.794164
bf73afda-69a3-4113-9839-1cfecc21d36a,MLA22742201,MAX_VIDEO_RESOLUTION,Resolución máxima de video,5516041,1080p,True,2025-04-03 12:09:12.794167,2025-04-03 12:09:12.794168
e05eeb17-08db-40f6-bb9c-28f4ae2765bb,MLA22742201,COMPATIBLE_APPLICATIONS,Aplicaciones compatibles,,"Netflix,youtube",True,2025-04-03 12:09:12.794171,2025-04-03 12:09:12.794171
44de3466-2df1-4eae-912d-41b49f0a7613,MLA22742201,RECOMMENDED_DEVICES,Dispositivos recomendados,,"Proyectores,pantallas",True,2025-04-03 12:09:12.794176,2025-04-03 12:09:12.794176
7422595f-c420-4698-99b4-ed8a3c51c9bc,MLA22742201,AUDIO_AND_VIDEO_INTERFACES,Interfaces de audio y video,,HDMI,True,2025-04-03 12:09:12.794179,2025-04-03 12:09:12.794179
26aeb6e9-cdbd-41b9-a399-96c63d17cc9c,MLA22742201,WITH_WI_FI,Con Wi-Fi,242085,Sí,True,2025-04-03 12:09:12.794183,2025-04-03 12:09:12.794183
d0056024-7c9c-4b15-b662-1b5a7b937aa2,MLA22244109,BRAND,Marca,8112646,Realme,True,2025-04-03 12:09:12.794208,2025-04-03 12:09:12.794208
ee207656-0c2a-48f6-aad4-73b5a7af9c0c,MLA22244109,MODEL,Modelo,17494259,Stick TV,True,2025-04-03 12:09:12.794212,2025-04-03 12:09:12.794212
10041244-3bd0-490d-b99f-6c46496ff3e9,MLA22244109,GENERATION,Generación,17494258,[Dispositivos de streaming],True,2025-04-03 12:09:12.794215,2025-04-03 12:09:12.794215
08d5d7b8-e544-42c9-8fdf-9e4492cc8b65,MLA22244109,ALPHANUMERIC_MODEL,Modelo alfanumérico,17494257,RMV2106,True,2025-04-03 12:09:12.794219,2025-04-03 12:09:12.794219
4f734917-9518-4ab9-9dec-a5cc57be3ea8,MLA22244109,STORAGE_CAPACITY,Capacidad de almacenamiento,18646,8 GB,True,2025-04-03 12:09:12.794222,2025-04-03 12:09:12.794222
496fd0ea-92cd-434f-99a3-81255b19000b,MLA22244109,RAM_MEMORY,Memoria RAM,98978,1 GB,True,2025-04-03 12:09:12.794226,2025-04-03 12:09:12.794226
da9aef62-7dee-4f38-b330-d35002cb6f7b,MLA22244109,DEVICE_FORMAT,Formato del dispositivo,8616496,Stick,True,2025-04-03 12:09:12.794229,2025-04-03 12:09:12.794229
26204633-cbde-4d61-a25e-ac9e1099845f,MLA22244109,MAX_VIDEO_RESOLUTION,Resolución máxima de video,168332,Full HD,True,2025-04-03 12:09:12.794233,2025-04-03 12:09:12.794233
68d4d134-f129-4c41-8f0c-b819d89b2fef,MLA22244109,AUDIO_AND_VIDEO_INTERFACES,Interfaces de audio y video,,HDMI,True,2025-04-03 12:09:12.794236,2025-04-03 12:09:12.794236
8f1ad3ae-5609-4463-a092-e8de4d353d9f,MLA22244109,WITH_BLUETOOTH,Con Bluetooth,242085,Sí,True,2025-04-03 12:09:12.794239,2025-04-03 12:09:12.794240
4a116eb9-8775-454c-92cb-e2a1ccffd59a,MLA22244109,WITH_WI_FI,Con Wi-Fi,242085,Sí,True,2025-04-03 12:09:12.794243,2025-04-03 12:09:12.794243
f3305fc0-6acc-488f-b99c-0a76ae0491f1,MLA22244109,OS_NAME,Nombre del sistema operativo,8794132,Android TV 9.0,True,2025-04-03 12:09:12.794246,2025-04-03 12:09:12.794247
8b7daa11-8c0b-4db2-b522-49fb2fabc87d,MLA22244109,GRAPHICS_PROCESSOR,Procesador gráfico,12170814,ARM Mali-450 Penta-Core,True,2025-04-03 12:09:12.794250,2025-04-03 12:09:12.794250
0ae1b22e-9613-4634-be37-5d8b6ac49ba5,MLA22244109,WI_FI_STANDARDS,Estándares Wi-Fi,,2.4GHz,True,2025-04-03 12:09:12.794254,2025-04-03 12:09:12.794254
f931c7dd-9813-417c-bc32-28e7da12bca6,MLA23856530,BRAND,Marca,169874,EZCast,True,2025-04-03 12:09:12.794306,2025-04-03 12:09:12.794306
07086a48-9cc9-46c2-b93a-211195ed531d,MLA23856530,MODEL,Modelo,18873656,Anycast,True,2025-04-03 12:09:12.794309,2025-04-03 12:09:12.794310
c81bad95-f485-441e-87c2-ebbea9718e47,MLA23856530,COLOR,Color,52049,Negro,True,2025-04-03 12:09:12.794314,2025-04-03 12:09:12.794314
f60ac7a9-05c7-41f1-a582-2f12f8da4a39,MLA23856530,STORAGE_CAPACITY,Capacidad de almacenamiento,98765,1 GB,True,2025-04-03 12:09:12.794318,2025-04-03 12:09:12.794318
adfd8fc4-f8f7-4e29-8222-0417b3a82e0d,MLA23856530,RAM_MEMORY,Memoria RAM,98978,1 GB,True,2025-04-03 12:09:12.794321,2025-04-03 12:09:12.794322
58c41b76-998d-4755-a514-41e0263229b9,MLA23856530,REMOTE_CONTROL_TYPE,Tipo de control remoto,19898180,controlado por el celular,True,2025-04-03 12:09:12.794325,2025-04-03 12:09:12.794325
bbf2b264-5e0a-46e6-b455-2b84181135b5,MLA23856530,MAX_VIDEO_RESOLUTION,Resolución máxima de video,5516041,1080p,True,2025-04-03 12:09:12.794328,2025-04-03 12:09:12.794329
4437d197-b38c-4022-b071-87d55bcfba52,MLA23856530,COMPATIBLE_APPLICATIONS,Aplicaciones compatibles,,Wi-fi,True,2025-04-03 12:09:12.794332,2025-04-03 12:09:12.794332
476eaf8b-7a94-4c7f-852d-3d268b11aaf9,MLA23856530,RECOMMENDED_DEVICES,Dispositivos recomendados,,Proyectores,True,2025-04-03 12:09:12.794336,2025-04-03 12:09:12.794336
854a29ba-e9c8-4507-a49a-b5d7eaf4cd25,MLA23856530,AUDIO_AND_VIDEO_INTERFACES,Interfaces de audio y video,,Hdmi 1.4 1080p,True,2025-04-03 12:09:12.794339,2025-04-03 12:09:12.794339
4e309821-e268-47a7-ab99-aefcd0f39204,MLA23856530,WITH_WI_FI,Con Wi-Fi,242085,Sí,True,2025-04-03 12:09:12.794342,2025-04-03 12:09:12.794343
7f9ed45f-c1a9-439b-a27b-9f2742f897ee,MLA23856530,WEIGHT,Peso,17664269,18 g,True,2025-04-03 12:09:12.794346,2025-04-03 12:09:12.794346
3d116768-ce75-4456-b8ec-4783e030211b,MLA23856530,OS_NAME,Nombre del sistema operativo,19898179,android e ios,True,2025-04-03 12:09:12.794350,2025-04-03 12:09:12.794350
e350f729-8e84-476c-bb2d-71c0f9713e44,MLA21319228,BRAND,Marca,16059734,HR PART,True,2025-04-03 12:09:12.794380,2025-04-03 12:09:12.794380
b002b600-db59-452a-9747-81947e398b91,MLA21319228,MODEL,Modelo,16059736,Chromecast para TV,True,2025-04-03 12:09:12.794383,2025-04-03 12:09:12.794383
60266283-270b-4167-af00-ea0af330270a,MLA21319228,GENERATION,Generación,10910111,4.ª generación,True,2025-04-03 12:09:12.794387,2025-04-03 12:09:12.794387
bf46025e-9f1f-4653-9114-6befbae603e7,MLA21319228,ALPHANUMERIC_MODEL,Modelo alfanumérico,13751211,0,True,2025-04-03 12:09:12.794390,2025-04-03 12:09:12.794391
9fe2e188-6711-436f-8a5a-6081ce3ce2bb,MLA21319228,COLOR,Color,52049,Negro,True,2025-04-03 12:09:12.794394,2025-04-03 12:09:12.794394
9f16dc62-1e2d-46a3-8db5-e814819872ed,MLA21319228,REMOTE_CONTROL_TYPE,Tipo de control remoto,16059760,desde el celular,True,2025-04-03 12:09:12.794397,2025-04-03 12:09:12.794398
746bbaa1-1f6b-490f-bf14-a1d9a1fbd961,MLA21319228,DEVICE_FORMAT,Formato del dispositivo,8616496,Stick,True,2025-04-03 12:09:12.794401,2025-04-03 12:09:12.794401
ec1371d5-7b4f-4896-ba8b-655e8d2e3c4f,MLA21319228,MAX_VIDEO_RESOLUTION,Resolución máxima de video,168332,Full HD,True,2025-04-03 12:09:12.794404,2025-04-03 12:09:12.794404
7c54608b-bd9e-46a3-b544-6020281c6941,MLA21319228,AUDIO_AND_VIDEO_INTERFACES,Interfaces de audio y video,,HDMI,True,2025-04-03 12:09:12.794408,2025-04-03 12:09:12.794408
61be4d7a-7709-44ca-9069-0976d8900bea,MLA19809983,BRAND,Marca,169874,EZCast,True,2025-04-03 12:09:12.794438,2025-04-03 12:09:12.794438
fa438086-a52e-4374-a375-6e4f89c4ccc2,MLA19809983,LINE,Línea,13522004,Anycast,True,2025-04-03 12:09:12.794441,2025-04-03 12:09:12.794441
916b6c29-2fad-4e07-90cd-0741e10ce12a,MLA19809983,MODEL,Modelo,168550,EZCast,True,2025-04-03 12:09:12.794444,2025-04-03 12:09:12.794445
05d32ce3-78d2-4f1c-83fa-9d9a81ab217f,MLA19809983,ALPHANUMERIC_MODEL,Modelo alfanumérico,13522003,WL.12,True,2025-04-03 12:09:12.794448,2025-04-03 12:09:12.794448
7aa77720-8242-4785-8255-844001542aa2,MLA19809983,COLOR,Color,52049,Negro,True,2025-04-03 12:09:12.794459,2025-04-03 12:09:12.794459
be666888-5207-47d8-a7f8-d772eb7d7d3a,MLA19809983,MAIN_COLOR,Color principal,2450295,Negro,True,2025-04-03 12:09:12.794462,2025-04-03 12:09:12.794463
47459857-a4e7-48bf-af51-0275c7168e5a,MLA19809983,DEVICE_FORMAT,Formato del dispositivo,8616495,TV Box,True,2025-04-03 12:09:12.794466,2025-04-03 12:09:12.794466
dc0c019e-3fc8-4999-a78c-81a26c96f07b,MLA19809983,MAX_VIDEO_RESOLUTION,Resolución máxima de video,21777889,HD 720p,True,2025-04-03 12:09:12.794470,2025-04-03 12:09:12.794470
5c030ffa-bf2c-4f85-9b8d-42f8ade4ebf6,MLA19809983,RECOMMENDED_DEVICES,Dispositivos recomendados,,Televisores con HDMI,True,2025-04-03 12:09:12.794473,2025-04-03 12:09:12.794473
aa18773b-24fe-4de5-a304-bad367980c9c,MLA19809983,AUDIO_AND_VIDEO_INTERFACES,Interfaces de audio y video,,HDMI,True,2025-04-03 12:09:12.794477,2025-04-03 12:09:12.794477
cbe55c17-40fe-473a-b1ee-933c16ea0546,MLA19809983,PORTS_AND_CONNECTORS_TYPES,Tipos de puertos y conectores,,Micro-USB,True,2025-04-03 12:09:12.794480,2025-04-03 12:09:12.794480
2f7cc582-7c99-4ae7-97dc-96447663edef,MLA19809983,WITH_BLUETOOTH,Con Bluetooth,242084,No,True,2025-04-03 12:09:12.794483,2025-04-03 12:09:12.794484
d4fd3aab-3f3b-4122-847c-48c30eabd95f,MLA19809983,WITH_WI_FI,Con Wi-Fi,242085,Sí,True,2025-04-03 12:09:12.794487,2025-04-03 12:09:12.794487
c0217c53-bd85-455e-8260-b0aecb3379d4,MLA19809983,WITH_INTEGRATED_VOICE_ASSISTANTS,Con asistentes de voz integrados,242084,No,True,2025-04-03 12:09:12.794490,2025-04-03 12:09:12.794491
69f137cd-6d8f-476f-80f1-f6c79426df04,MLA19809983,INCLUDES_HDMI_CABLE,Incluye cable HDMI,242085,Sí,True,2025-04-03 12:09:12.794494,2025-04-03 12:09:12.794494
01d6fa8e-66a5-490c-820f-8c3f42f90265,MLA19809983,LENGTH,Largo,17073672,6.8 cm,True,2025-04-03 12:09:12.794497,2025-04-03 12:09:12.794497
a4bb33dc-a182-4824-954f-0d9a3e13cdde,MLA19809983,WIDTH,Ancho,13318518,2 cm,True,2025-04-03 12:09:12.794501,2025-04-03 12:09:12.794501
3476f517-3994-4401-a73d-544cfba1ff06,MLA19809983,HEIGHT,Altura,7604889,6 cm,True,2025-04-03 12:09:12.794504,2025-04-03 12:09:12.794504
6577f6c9-ed90-46d5-a922-af6cbe57f50c,MLA19809983,WEIGHT,Peso,17664269,18 g,True,2025-04-03 12:09:12.794508,2025-04-03 12:09:12.794508
9c4d5af4-25b7-4b47-b633-09dd7328eb9f,MLA19809983,STREAMING_TECHNOLOGIES,Tecnologías de streaming,,Miracast,True,2025-04-03 12:09:12.794511,2025-04-03 12:09:12.794511
774a74df-2f59-43d5-822e-8d65c1fdbc09,MLA22342000,BRAND,Marca,52701,Google,True,2025-04-03 12:09:12.794536,2025-04-03 12:09:12.794536
7d3299eb-888e-4636-b205-7792ca115c7f,MLA22342000,LINE,Línea,340816,Chromecast,True,2025-04-03 12:09:12.794539,2025-04-03 12:09:12.794540
9c68062b-bccf-43da-b014-c27a84da1218,MLA22342000,MODEL,Modelo,40464,HD,True,2025-04-03 12:09:12.794543,2025-04-03 12:09:12.794543
b913910f-90be-4b54-b549-58ac835922db,MLA22342000,ALPHANUMERIC_MODEL,Modelo alfanumérico,17636390,NC2-6A5,True,2025-04-03 12:09:12.794546,2025-04-03 12:09:12.794547
34129bc1-ac76-4330-bcae-d2ef178ff10f,MLA22342000,COLOR,Color,52049,Negro,True,2025-04-03 12:09:12.794550,2025-04-03 12:09:12.794550
b39db3a2-9519-4c0c-9df4-6f65140c11c9,MLA22342000,DEVICE_FORMAT,Formato del dispositivo,9234856,Pendant Box,True,2025-04-03 12:09:12.794553,2025-04-03 12:09:12.794554
60e6030b-a227-45fe-a899-0e9233638f5b,MLA22342000,MAX_VIDEO_RESOLUTION,Resolución máxima de video,168332,Full HD,True,2025-04-03 12:09:12.794557,2025-04-03 12:09:12.794557
241116e5-7412-4f5d-91d3-8ccaec8028d6,MLA22342000,COMPATIBLE_APPLICATIONS,Aplicaciones compatibles,,"Netflix, YouTube",True,2025-04-03 12:09:12.794560,2025-04-03 12:09:12.794561
fc9b4cfe-e3db-4b8d-929a-778a35351b48,MLA22342000,AUDIO_AND_VIDEO_INTERFACES,Interfaces de audio y video,,HDMI,True,2025-04-03 12:09:12.794564,2025-04-03 12:09:12.794564
9c6b4e47-abe4-4911-b729-eca4d5f1ee47,MLA22342000,ANATEL_HOMOLOGATION_NUMBER,Homologación Anatel Nº,41677159,108832004818,True,2025-04-03 12:09:12.794568,2025-04-03 12:09:12.794568
81814bcf-b6f3-4bbf-a28a-003dcb887cc8,MLA22342000,WITH_WI_FI,Con Wi-Fi,242085,Sí,True,2025-04-03 12:09:12.794571,2025-04-03 12:09:12.794571
b7ba74a7-bbfe-4ea3-9efe-012496953466,MLA22342000,HEIGHT,Altura,49503131,5.181 cm,True,2025-04-03 12:09:12.794575,2025-04-03 12:09:12.794575
3bf24dda-b938-4eb0-b5b4-5265e0272c89,MLA22342000,OS_NAME,Nombre del sistema operativo,296858,Android,True,2025-04-03 12:09:12.794578,2025-04-03 12:09:12.794578
c6224b2e-fe33-44b2-a618-a7283fea2ad4,MLA29435056,BRAND,Marca,17208015,Chromecast,True,2025-04-03 12:09:12.794609,2025-04-03 12:09:12.794609
52e49627-c16d-4b50-8e78-c7deee3d8bd2,MLA29435056,MODEL,Modelo,20428742,Chromecast 2,True,2025-04-03 12:09:12.794612,2025-04-03 12:09:12.794612
662b4af3-2d59-4e71-9285-d2f485dac312,MLA29435056,GENERATION,Generación,11281876,2.ª generación,True,2025-04-03 12:09:12.794615,2025-04-03 12:09:12.794616
ea88b25f-fb16-4175-93ad-ea0e0bb0e239,MLA29435056,COLOR,Color,52049,Negro,True,2025-04-03 12:09:12.794619,2025-04-03 12:09:12.794619
5e6612cf-122b-48a6-8764-fba1a5d58c24,MLA29435056,REMOTE_CONTROL_TYPE,Tipo de control remoto,182134,Estándar,True,2025-04-03 12:09:12.794623,2025-04-03 12:09:12.794624
d4748afc-70b1-4a3d-b3ae-09cea78e88d5,MLA29435056,AUDIO_AND_VIDEO_INTERFACES,Interfaces de audio y video,,HDMI,True,2025-04-03 12:09:12.794627,2025-04-03 12:09:12.794627
c95b4433-884a-4468-9bfb-34621df2d053,MLA29435056,WITH_WI_FI,Con Wi-Fi,242085,Sí,True,2025-04-03 12:09:12.794631,2025-04-03 12:09:12.794631
85379dba-0605-42f7-a181-a20319cfba0e,MLA29435056,OS_NAME,Nombre del sistema operativo,296858,Android,True,2025-04-03 12:09:12.794635,2025-04-03 12:09:12.794635
4a94bf9b-b079-4589-8ed0-dd51d8b3fca5,MLA29435056,MIN_OPERATING_SYSTEMS_REQUIRED,Sistemas operativos mínimos requeridos,,Android,True,2025-04-03 12:09:12.794638,2025-04-03 12:09:12.794639
1fc8350d-6e32-40f1-9cf1-812db8420588,MLA21622186,BRAND,Marca,52701,Google,True,2025-04-03 12:09:12.794655,2025-04-03 12:09:12.794655
d8d47f45-64f7-414e-997d-061fa4cdc2e5,MLA21622186,MODEL,Modelo,16599919,Chromecast 4 2015,True,2025-04-03 12:09:12.794659,2025-04-03 12:09:12.794659
d740b806-4c54-464a-ae80-f97279dea799,MLA21622186,GENERATION,Generación,10910111,4.ª generación,True,2025-04-03 12:09:12.794662,2025-04-03 12:09:12.794662
7e2befbc-621d-4bfa-8608-5837f8c0a6f9,MLA21622186,ALPHANUMERIC_MODEL,Modelo alfanumérico,16511572,Chromecast 4,True,2025-04-03 12:09:12.794665,2025-04-03 12:09:12.794666
9e2441bc-8b85-4184-8f47-ace30757b392,MLA21622186,COLOR,Color,12289995,Awesome white,True,2025-04-03 12:09:12.794669,2025-04-03 12:09:12.794669
56148cd1-ce43-4a9d-9194-915aa8baa41c,MLA21622186,STORAGE_CAPACITY,Capacidad de almacenamiento,18646,8 GB,True,2025-04-03 12:09:12.794673,2025-04-03 12:09:12.794673
7f11bd1a-e0d1-49e1-b1ba-a601f8041a38,MLA21622186,RAM_MEMORY,Memoria RAM,445970,2 GB,True,2025-04-03 12:09:12.794676,2025-04-03 12:09:12.794676
35f0f250-3126-4565-ba2d-38b9dfb09f87,MLA21622186,REMOTE_CONTROL_TYPE,Tipo de control remoto,17535337,De voz,True,2025-04-03 12:09:12.794681,2025-04-03 12:09:12.794681
740d3ad3-5a50-4d67-97c7-ab7d60fa723b,MLA21622186,MAIN_COLOR,Color principal,2450308,Blanco,True,2025-04-03 12:09:12.794684,2025-04-03 12:09:12.794685
d770986c-9301-4e6e-ab33-4314c1426c28,MLA21622186,DEVICE_FORMAT,Formato del dispositivo,9234856,Pendant Box,True,2025-04-03 12:09:12.794688,2025-04-03 12:09:12.794688
0b2acd1d-5acc-4a1d-8434-3c2618676b98,MLA21622186,MAX_VIDEO_RESOLUTION,Resolución máxima de video,169883,4K,True,2025-04-03 12:09:12.794691,2025-04-03 12:09:12.794692
1d87ab12-ddbd-4193-add8-d46dc0d570a8,MLA21622186,COMPATIBLE_APPLICATIONS,Aplicaciones compatibles,,"Amazon Prime Video, Disney+, Google TV, HBO Go, Hulu, Netflix, Spotify, Starz, Tubi, Vudu, YouTube",True,2025-04-03 12:09:12.794695,2025-04-03 12:09:12.794695
5ffab10a-a1b2-49db-ac66-3ac2ab17d8a7,MLA21622186,RECOMMENDED_DEVICES,Dispositivos recomendados,,"Celulares, Computadoras, Tablets, Televisores",True,2025-04-03 12:09:12.794698,2025-04-03 12:09:12.794698
6721f414-16f0-4e72-acca-4944bc8f2f8e,MLA21622186,AUDIO_AND_VIDEO_INTERFACES,Interfaces de audio y video,,HDMI,True,2025-04-03 12:09:12.794702,2025-04-03 12:09:12.794702
6e61fcf5-bc84-4479-9ea0-6ea3458293b6,MLA21622186,PORTS_AND_CONNECTORS_TYPES,Tipos de puertos y conectores,,USB-C,True,2025-04-03 12:09:12.794705,2025-04-03 12:09:12.794705
b0491d43-538a-4558-89c2-3449c61ef594,MLA21622186,MANUFACTURER,Fabricante,40905235,Google Llc,True,2025-04-03 12:09:12.794709,2025-04-03 12:09:12.794709
f413c029-c9a1-4a73-a81c-4ec9b4547a68,MLA21622186,WITH_BLUETOOTH,Con Bluetooth,242085,Sí,True,2025-04-03 12:09:12.794712,2025-04-03 12:09:12.794712
14771532-bf0c-4cdf-af9f-abee97b49287,MLA21622186,WITH_WI_FI,Con Wi-Fi,242085,Sí,True,2025-04-03 12:09:12.794715,2025-04-03 12:09:12.794716
d927506e-2596-4dd0-81b6-ce69cef8e718,MLA21622186,WITH_INTEGRATED_VOICE_ASSISTANTS,Con asistentes de voz integrados,242085,Sí,True,2025-04-03 12:09:12.794719,2025-04-03 12:09:12.794719
c93e5fd3-b2be-4de2-bd6b-fe9a1a7c6a0a,MLA21622186,INTEGRATED_VOICE_ASSISTANTS,Asistentes de voz integrados,,Google Assistant,True,2025-04-03 12:09:12.794722,2025-04-03 12:09:12.794723
638b9a6d-fd99-498b-85ce-27bf5a94bff5,MLA21622186,LENGTH,Largo,47651370,1.62 m,True,2025-04-03 12:09:12.794726,2025-04-03 12:09:12.794726
2d1c520a-f233-4b22-b2a5-57ad6418333a,MLA21622186,WIDTH,Ancho,7627448,61 cm,True,2025-04-03 12:09:12.794729,2025-04-03 12:09:12.794729
c8e34675-d2ab-4983-9c5b-1538d8ecb3cd,MLA21622186,HEIGHT,Altura,7818506,12.5 cm,True,2025-04-03 12:09:12.794732,2025-04-03 12:09:12.794733
91e2519a-dd98-4080-83bb-1fe45533fa80,MLA21622186,WEIGHT,Peso,17821030,63 g,True,2025-04-03 12:09:12.794736,2025-04-03 12:09:12.794736
c4a584df-b69f-4e22-9aaa-46d264314350,MLA21622186,OS_NAME,Nombre del sistema operativo,7601503,Android TV,True,2025-04-03 12:09:12.794739,2025-04-03 12:09:12.794739
6c9c2194-1ca1-4e9d-bcae-144fb3dbce42,MLA21622186,STREAMING_TECHNOLOGIES,Tecnologías de streaming,,Google Cast,True,2025-04-03 12:09:12.794743,2025-04-03 12:09:12.794743
86088465-f77b-484f-9ddf-949b5122dcbd,MLA21622186,AUDIO_QUALITY,Calidad de audio,,Dolby Audio,True,2025-04-03 12:09:12.794746,2025-04-03 12:09:12.794746
d0a36a66-cc8f-46c6-adfa-44dbf1897403,MLA21622186,MIN_OPERATING_SYSTEMS_REQUIRED,Sistemas operativos mínimos requeridos,,"Android, iOS",True,2025-04-03 12:09:12.794749,2025-04-03 12:09:12.794750
fdc773a4-d427-47d8-85aa-6ac7db459c9e,MLA21622186,WI_FI_STANDARDS,Estándares Wi-Fi,,"2.4GHz, 5.8GHz",True,2025-04-03 12:09:12.794753,2025-04-03 12:09:12.794753
4390b38b-0635-418b-ae47-3a418351c34a,MLA21622186,FREQUENCIES,Frecuencias,,"2.4 GHz, 5 GHz",True,2025-04-03 12:09:12.794757,2025-04-03 12:09:12.794757
456e8ac2-4d42-44fa-a69b-4028ee58b1e1,MLA21622186,DEVICE_OPERATING_VOLTAGE,Voltaje de funcionamiento,8631470,5 V,True,2025-04-03 12:09:12.794760,2025-04-03 12:09:12.794760
eda31ec4-3705-4c9d-bfbc-52e4a724d731,MLA21622186,MPN,MPN,,709chromecast 4,True,2025-04-03 12:09:12.794764,2025-04-03 12:09:12.794764
fe165c54-e359-4f3c-94f3-d89b8e5d4dc5,MLA22742200,BRAND,Marca,276243,Genérica,True,2025-04-03 12:09:12.794791,2025-04-03 12:09:12.794792
b52f0332-4cf1-4086-b01e-6420796d7688,MLA22742200,MODEL,Modelo,18431350,WL14,True,2025-04-03 12:09:12.794795,2025-04-03 12:09:12.794795
afe4b2d5-62f4-41d7-9173-bdaa553a2bc8,MLA22742200,GENERATION,Generación,11281876,2.ª generación,True,2025-04-03 12:09:12.794798,2025-04-03 12:09:12.794798
2fa155d1-803b-4c26-b17c-8871a52d37c8,MLA22742200,ALPHANUMERIC_MODEL,Modelo alfanumérico,18431349,WL14,True,2025-04-03 12:09:12.794802,2025-04-03 12:09:12.794802
c013520b-42f2-4f2d-9153-6cc256eeb1e6,MLA22742200,COLOR,Color,52049,Negro,True,2025-04-03 12:09:12.794805,2025-04-03 12:09:12.794805
3666ae2b-6e59-49da-97e1-54f3e508b663,MLA22742200,STORAGE_CAPACITY,Capacidad de almacenamiento,98765,1 GB,True,2025-04-03 12:09:12.794809,2025-04-03 12:09:12.794809
4f2ec5fd-b304-4753-a7f1-88a09af6218f,MLA22742200,RAM_MEMORY,Memoria RAM,98978,1 GB,True,2025-04-03 12:09:12.794812,2025-04-03 12:09:12.794812
1c4f0b02-da28-4e24-8b5f-5ef992efd33b,MLA22742200,DEVICE_FORMAT,Formato del dispositivo,8616495,TV Box,True,2025-04-03 12:09:12.794815,2025-04-03 12:09:12.794816
67cbb1b1-9ca7-40d0-8b37-bd1e0f549de3,MLA22742200,MAX_VIDEO_RESOLUTION,Resolución máxima de video,15436718,1080,True,2025-04-03 12:09:12.794819,2025-04-03 12:09:12.794819
c27c828e-2bf7-4365-a78a-24ab59f6b8f3,MLA22742200,AUDIO_AND_VIDEO_INTERFACES,Interfaces de audio y video,,"Airplay, HDMI, Miracast, WIFI",True,2025-04-03 12:09:12.794822,2025-04-03 12:09:12.794822
52f2457c-57f2-40fb-baa3-7a1940797932,MLA22742200,WITH_WI_FI,Con Wi-Fi,242085,Sí,True,2025-04-03 12:09:12.794825,2025-04-03 12:09:12.794826
96719955-af07-4cca-941b-45c94ff0aec1,MLA24557201,BRAND,Marca,52701,Google,True,2025-04-03 12:09:12.794848,2025-04-03 12:09:12.794848
59c23d70-d8ad-4e1d-a328-cffd6f964766,MLA24557201,MODEL,Modelo,11281877,Chromecast,True,2025-04-03 12:09:12.794852,2025-04-03 12:09:12.794852
0a91dce0-43d3-4ee3-9aa8-ed3de0f57a6a,MLA24557201,ALPHANUMERIC_MODEL,Modelo alfanumérico,25655036,GA01919-US,True,2025-04-03 12:09:12.794855,2025-04-03 12:09:12.794856
a6accf1b-7fdb-4e62-86df-eabbffadb467,MLA24557201,COLOR,Color,52049,Negro,True,2025-04-03 12:09:12.794859,2025-04-03 12:09:12.794859
09a117e2-fe05-450d-a92d-41081424d339,MLA24557201,STORAGE_CAPACITY,Capacidad de almacenamiento,17072,256 MB,True,2025-04-03 12:09:12.794862,2025-04-03 12:09:12.794862
b4d917d5-c836-45be-b0b6-bea9a20a4deb,MLA24557201,RAM_MEMORY,Memoria RAM,154947,512 MB,True,2025-04-03 12:09:12.794865,2025-04-03 12:09:12.794866
6d168284-46ba-4e6f-a56b-340f6e733aab,MLA24557201,MAX_VIDEO_RESOLUTION,Resolución máxima de video,168332,Full HD,True,2025-04-03 12:09:12.794869,2025-04-03 12:09:12.794869
f61721c0-211b-4518-95a0-39a2515e780b,MLA24557201,COMPATIBLE_APPLICATIONS,Aplicaciones compatibles,,"Amazon Prime Video, Apple TV, BET, CBS All Access, Crackle, Crunchyroll, Disney+, ESPN, Epix, HBO Max, Hulu, Netflix, PBS, Peacock, Pluto TV, Rakuten Viki, Showtime, Sling TV, Spotify, Starz, Tubi, YouTube, YouTube TV",True,2025-04-03 12:09:12.794872,2025-04-03 12:09:12.794872
2a34b056-6027-4030-9e59-9926bac4b066,MLA24557201,AUDIO_AND_VIDEO_INTERFACES,Interfaces de audio y video,,HDMI,True,2025-04-03 12:09:12.794876,2025-04-03 12:09:12.794876
d93f3801-a13d-43c7-9c1d-dc294658c99f,MLA24557201,PORTS_AND_CONNECTORS_TYPES,Tipos de puertos y conectores,,Micro-USB,True,2025-04-03 12:09:12.794879,2025-04-03 12:09:12.794879
117c2ee6-258e-455d-8fd1-e8556605b43a,MLA24557201,MANUFACTURER,Fabricante,52701,Google,True,2025-04-03 12:09:12.794882,2025-04-03 12:09:12.794883
1e3ce9d7-1592-4082-b303-ff30edf2eed9,MLA24557201,WITH_BLUETOOTH,Con Bluetooth,242085,Sí,True,2025-04-03 12:09:12.794887,2025-04-03 12:09:12.794887
7a8ef811-7168-429c-99b9-db2e96460f2d,MLA24557201,WITH_WI_FI,Con Wi-Fi,242085,Sí,True,2025-04-03 12:09:12.794891,2025-04-03 12:09:12.794891
2465a466-15fb-4ed7-b91e-f287bda20e52,MLA24557201,WITH_INTEGRATED_VOICE_ASSISTANTS,Con asistentes de voz integrados,242085,Sí,True,2025-04-03 12:09:12.794894,2025-04-03 12:09:12.794894
82faec8c-5910-433d-b37a-fae27434e5f8,MLA24557201,INTEGRATED_VOICE_ASSISTANTS,Asistentes de voz integrados,,Google Assistant,True,2025-04-03 12:09:12.794898,2025-04-03 12:09:12.794898
1af7459a-faa1-4620-9a22-f07279140dbb,MLA24557201,INCLUDES_HDMI_CABLE,Incluye cable HDMI,242085,Sí,True,2025-04-03 12:09:12.794901,2025-04-03 12:09:12.794902
4180720c-06f9-4480-bb21-f77ddab1472a,MLA24557201,INCLUDES_CELL_BATTERIES,Incluye pilas,242084,No,True,2025-04-03 12:09:12.794905,2025-04-03 12:09:12.794905
cd836e0c-3a44-4137-bede-d9397335bbcf,MLA24557201,LENGTH,Largo,8927824,16.2 cm,True,2025-04-03 12:09:12.794908,2025-04-03 12:09:12.794909
cf30df28-09cd-4a73-8137-dfc1cfe6f7df,MLA24557201,WIDTH,Ancho,47776459,6.096 cm,True,2025-04-03 12:09:12.794912,2025-04-03 12:09:12.794912
ebeaad52-d7b5-4dfb-b869-0ad28cf08404,MLA24557201,HEIGHT,Altura,16978680,1.27 cm,True,2025-04-03 12:09:12.794915,2025-04-03 12:09:12.794915
fa3d4311-c9f8-4392-a321-40fdaa1c715d,MLA24557201,WEIGHT,Peso,17821030,63 g,True,2025-04-03 12:09:12.794919,2025-04-03 12:09:12.794919
5a178983-088e-43bc-9dcd-cf75fb2f196c,MLA24557201,OS_NAME,Nombre del sistema operativo,355776,Chrome OS,True,2025-04-03 12:09:12.794922,2025-04-03 12:09:12.794922
711722bc-dbe6-4f82-a2c5-8d25aa83448d,MLA24557201,STREAMING_TECHNOLOGIES,Tecnologías de streaming,,Chromecast,True,2025-04-03 12:09:12.794925,2025-04-03 12:09:12.794926
5908e60e-8b1a-44b7-9a1c-ee145e0a7210,MLA24557201,AUDIO_QUALITY,Calidad de audio,,"Dolby Atmos, Dolby Digital, Dolby Digital Plus",True,2025-04-03 12:09:12.794929,2025-04-03 12:09:12.794929
5125eff2-29d4-4fae-839a-852af6364ff8,MLA24557201,LANGUAGE_OPTIONS,Opciones de idioma,,Inglés,True,2025-04-03 12:09:12.794932,2025-04-03 12:09:12.794933
037e4c36-a8ef-42f4-9406-8083283c4620,MLA24557201,CPU,CPU,,Amlogic S905X3 Cortex-A55 Quad-Core,True,2025-04-03 12:09:12.794936,2025-04-03 12:09:12.794936
c512e07c-bf79-4909-a2f7-641a1d77a272,MLA24557201,WI_FI_STANDARDS,Estándares Wi-Fi,,IEEE 802.11ac,True,2025-04-03 12:09:12.794939,2025-04-03 12:09:12.794939
0e5f54be-4b80-495b-b476-627d9ae31a82,MLA24557201,FREQUENCIES,Frecuencias,,"2.4 GHz, 5 GHz",True,2025-04-03 12:09:12.794943,2025-04-03 12:09:12.794943
a96c0275-89c7-486d-85d3-d13c1b894780,MLA24557201,DEVICE_OPERATING_VOLTAGE,Voltaje de funcionamiento,8631470,5 V,True,2025-04-03 12:09:12.794946,2025-04-03 12:09:12.794946
66732e77-8a07-4b8a-8815-285ba3db0b65,MLA22762005,BRAND,Marca,52701,Google,True,2025-04-03 12:09:12.794973,2025-04-03 12:09:12.794973
8c00e67d-7b8e-431c-a4cf-713d8f1567f1,MLA22762005,LINE,Línea,340816,Chromecast,True,2025-04-03 12:09:12.794976,2025-04-03 12:09:12.794976
d8a397bc-37f8-4cfd-a613-7987d932ef72,MLA22762005,MODEL,Modelo,48553282,Chromecast 3,True,2025-04-03 12:09:12.794980,2025-04-03 12:09:12.794980
9499942f-e983-4c33-b417-a9bc011b381b,MLA22762005,ALPHANUMERIC_MODEL,Modelo alfanumérico,13838716,4K,True,2025-04-03 12:09:12.794983,2025-04-03 12:09:12.794983
1901379a-cd5e-4459-a6d1-42c864ac4871,MLA22762005,COLOR,Color,52049,Negro,True,2025-04-03 12:09:12.794986,2025-04-03 12:09:12.794987
a502dabd-5631-40ab-81b3-dbe68ca364b1,MLA22762005,MAIN_COLOR,Color principal,2450295,Negro,True,2025-04-03 12:09:12.794990,2025-04-03 12:09:12.794990
db2587d5-9c80-4f5f-886c-3221652aa490,MLA22762005,DEVICE_FORMAT,Formato del dispositivo,9234856,Pendant Box,True,2025-04-03 12:09:12.794997,2025-04-03 12:09:12.794998
6ead0897-fd13-4377-ab5e-ba542c8e6136,MLA22762005,MAX_VIDEO_RESOLUTION,Resolución máxima de video,168332,Full HD,True,2025-04-03 12:09:12.795001,2025-04-03 12:09:12.795001
85f006b7-e6e7-4c02-810e-0c8d85c9415d,MLA22762005,COMPATIBLE_APPLICATIONS,Aplicaciones compatibles,,"Google Fotos, Google TV, HBO Now, Netflix, Spotify, YouTube, YouTube TV",True,2025-04-03 12:09:12.795004,2025-04-03 12:09:12.795005
32782b4b-6b44-4f92-b74c-e8b274d84257,MLA22762005,RECOMMENDED_DEVICES,Dispositivos recomendados,,Televisores con HDMI,True,2025-04-03 12:09:12.795008,2025-04-03 12:09:12.795008
83cf4f29-8a1a-4df0-b710-272e394be564,MLA22762005,AUDIO_AND_VIDEO_INTERFACES,Interfaces de audio y video,,HDMI,True,2025-04-03 12:09:12.795011,2025-04-03 12:09:12.795012
912031a5-d133-4124-ba3d-f8f339a2b045,MLA22762005,PORTS_AND_CONNECTORS_TYPES,Tipos de puertos y conectores,,Micro-USB,True,2025-04-03 12:09:12.795015,2025-04-03 12:09:12.795015
c9bdfe8a-d78c-4c7e-9dc9-d3c5415c2172,MLA22762005,MANUFACTURER,Fabricante,52701,Google,True,2025-04-03 12:09:12.795018,2025-04-03 12:09:12.795018
8734d50c-f12b-44a1-bf59-659f968ff990,MLA22762005,WITH_BLUETOOTH,Con Bluetooth,242085,Sí,True,2025-04-03 12:09:12.795021,2025-04-03 12:09:12.795022
356d33e7-8ecf-4475-9157-e55429e4ae84,MLA22762005,WITH_WI_FI,Con Wi-Fi,242085,Sí,True,2025-04-03 12:09:12.795025,2025-04-03 12:09:12.795025
adf4356a-d767-49ec-aa4a-1c8e9b6a6bfc,MLA22762005,INCLUDES_HDMI_CABLE,Incluye cable HDMI,242085,Sí,True,2025-04-03 12:09:12.795028,2025-04-03 12:09:12.795029
9f86785c-f0b5-4602-88b7-8976b78790c6,MLA22762005,LENGTH,Largo,48553666,5.18 cm,True,2025-04-03 12:09:12.795032,2025-04-03 12:09:12.795032
ec80eb62-fda0-47fa-b328-76fbca6faff9,MLA22762005,WIDTH,Ancho,7817388,8 cm,True,2025-04-03 12:09:12.795035,2025-04-03 12:09:12.795035
9cb9d8be-6331-437b-9914-88de82da6729,MLA22762005,HEIGHT,Altura,7841468,5 cm,True,2025-04-03 12:09:12.795039,2025-04-03 12:09:12.795039
0a736883-8c1a-4819-bdb5-8248ed71c346,MLA22762005,WEIGHT,Peso,15996549,40 g,True,2025-04-03 12:09:12.795042,2025-04-03 12:09:12.795042
a609e643-abbd-4856-9ef7-3efb8051e6d9,MLA22762005,OS_NAME,Nombre del sistema operativo,296859,iOS,True,2025-04-03 12:09:12.795046,2025-04-03 12:09:12.795046
7e87679b-0ae8-4ac6-ad13-26697dec7a92,MLA22762005,STREAMING_TECHNOLOGIES,Tecnologías de streaming,,Google Cast,True,2025-04-03 12:09:12.795049,2025-04-03 12:09:12.795049
950d7a0f-03a2-48f3-bef8-60d52a26f613,MLA22762005,AUDIO_QUALITY,Calidad de audio,,DTS Digital Surround,True,2025-04-03 12:09:12.795052,2025-04-03 12:09:12.795052
f11cfa1f-5838-4278-98a9-42890726c8d6,MLA22762005,LANGUAGE_OPTIONS,Opciones de idioma,,Español,True,2025-04-03 12:09:12.795056,2025-04-03 12:09:12.795056
68d8bae4-9c63-43a8-8b30-98fce575ccd9,MLA22762005,MIN_OPERATING_SYSTEMS_REQUIRED,Sistemas operativos mínimos requeridos,,iOS,True,2025-04-03 12:09:12.795059,2025-04-03 12:09:12.795059
d3adc33b-53ca-4005-a7da-4912bbc8d7b3,MLA22762005,CPU,CPU,,230,True,2025-04-03 12:09:12.795063,2025-04-03 12:09:12.795063
3774cefc-118a-4997-b941-b3385a3bff9b,MLA22762005,GRAPHICS_PROCESSOR,Procesador gráfico,14199737,4k,True,2025-04-03 12:09:12.795066,2025-04-03 12:09:12.795066
abc0aa33-d09d-43b5-827b-f9c5ff077db1,MLA22762005,WI_FI_STANDARDS,Estándares Wi-Fi,,"2.4GHz, 5Ghz",True,2025-04-03 12:09:12.795069,2025-04-03 12:09:12.795070
66bfa9b2-35fe-4b1d-9a3d-24526d7cb1b4,MLA22762005,FREQUENCIES,Frecuencias,,"2.4 GHz, 5 GHz",True,2025-04-03 12:09:12.795073,2025-04-03 12:09:12.795073
3078ee2f-84de-444c-b098-f7eb794e15c7,MLA22762005,DEVICE_OPERATING_VOLTAGE,Voltaje de funcionamiento,8631470,5 V,True,2025-04-03 12:09:12.795076,2025-04-03 12:09:12.795076
16872212-91a3-4c1f-b07c-ae3c0b5c7747,MLA24589109,BRAND,Marca,52701,Google,True,2025-04-03 12:09:12.795127,2025-04-03 12:09:12.795128
f8b439d5-13b7-4515-baa2-04d5fbbd36b5,MLA24589109,MODEL,Modelo,11281877,Chromecast,True,2025-04-03 12:09:12.795131,2025-04-03 12:09:12.795131
a19a3e00-d99b-4623-a609-e96f58bf9fd9,MLA24589109,ALPHANUMERIC_MODEL,Modelo alfanumérico,13838716,4K,True,2025-04-03 12:09:12.795134,2025-04-03 12:09:12.795134
b90cea4d-8250-4948-9634-d6971576aca8,MLA24589109,COLOR,Color,52049,Negro,True,2025-04-03 12:09:12.795138,2025-04-03 12:09:12.795138
146f827e-0162-458d-8e7b-647d2b0120c3,MLA24589109,STORAGE_CAPACITY,Capacidad de almacenamiento,17072,256 MB,True,2025-04-03 12:09:12.795141,2025-04-03 12:09:12.795141
01f44407-651b-41b1-98fd-adbc31d6590b,MLA24589109,RAM_MEMORY,Memoria RAM,154947,512 MB,True,2025-04-03 12:09:12.795145,2025-04-03 12:09:12.795145
161245a0-af27-4010-9490-6af3f260593c,MLA24589109,MAX_VIDEO_RESOLUTION,Resolución máxima de video,168332,Full HD,True,2025-04-03 12:09:12.795148,2025-04-03 12:09:12.795148
a19dd95d-3c12-410a-84c8-e3a7e8d22cc3,MLA24589109,AUDIO_AND_VIDEO_INTERFACES,Interfaces de audio y video,,HDMI,True,2025-04-03 12:09:12.795152,2025-04-03 12:09:12.795152
c3f6d1fc-b2cd-4a2a-9f0a-38b25dd5ecc1,MLA24589109,PORTS_AND_CONNECTORS_TYPES,Tipos de puertos y conectores,,Micro-USB,True,2025-04-03 12:09:12.795155,2025-04-03 12:09:12.795155
7e8155be-6480-4916-869a-46651b59044e,MLA24589109,WITH_BLUETOOTH,Con Bluetooth,242085,Sí,True,2025-04-03 12:09:12.795158,2025-04-03 12:09:12.795159
c333efef-d6fb-46b8-b752-89f2a657aff1,MLA24589109,WITH_WI_FI,Con Wi-Fi,242085,Sí,True,2025-04-03 12:09:12.795162,2025-04-03 12:09:12.795162
511e2e2b-9e54-4a09-b030-7bb708053774,MLA24589109,OS_NAME,Nombre del sistema operativo,296859,iOS,True,2025-04-03 12:09:12.795165,2025-04-03 12:09:12.795165
01efff86-97bd-4abe-ac4b-ac6ac25783e6,MLA24589109,STREAMING_TECHNOLOGIES,Tecnologías de streaming,,Google Cast,True,2025-04-03 12:09:12.795169,2025-04-03 12:09:12.795169
6a63b927-1306-4b0a-922a-6e53f7ad91dc,MLA24589109,MIN_OPERATING_SYSTEMS_REQUIRED,Sistemas operativos mínimos requeridos,,iOS,True,2025-04-03 12:09:12.795172,2025-04-03 12:09:12.795172
ec513fd5-8f63-4247-8f09-f10fb434ce2a,MLA24589109,GRAPHICS_PROCESSOR,Procesador gráfico,14199737,4k,True,2025-04-03 12:09:12.795175,2025-04-03 12:09:12.795176
76df2c01-2f6a-43ef-ba33-41c967a9d2ae,MLA27474749,BRAND,Marca,52701,Google,True,2025-04-03 12:09:12.795210,2025-04-03 12:09:12.795210
f419982f-4291-4742-a9e2-4804a9c9420e,MLA27474749,MODEL,Modelo,11281877,Chromecast,True,2025-04-03 12:09:12.795214,2025-04-03 12:09:12.795214
85e98127-20bd-4e40-b6e5-78f911220e9c,MLA27474749,GENERATION,Generación,8248559,3.ª generación,True,2025-04-03 12:09:12.795217,2025-04-03 12:09:12.795218
72ad41b8-01b0-40a9-ae31-46851c8bc60d,MLA27474749,COLOR,Color,52055,Blanco,True,2025-04-03 12:09:12.795221,2025-04-03 12:09:12.795221
50aaebab-3fff-4c4b-a262-4c07c6d67bc5,MLA27474749,MAIN_COLOR,Color principal,2450308,Blanco,True,2025-04-03 12:09:12.795224,2025-04-03 12:09:12.795224
a1e1448b-dbaa-40b4-80dd-492891c975a8,MLA27474749,DEVICE_FORMAT,Formato del dispositivo,8616496,Stick,True,2025-04-03 12:09:12.795228,2025-04-03 12:09:12.795228
4bfeec0b-a862-4c8e-b4a7-d739e0de505a,MLA27474749,MAX_VIDEO_RESOLUTION,Resolución máxima de video,168332,Full HD,True,2025-04-03 12:09:12.795231,2025-04-03 12:09:12.795231
c82275f7-e07a-42d2-bee6-868a4f1078ba,MLA27474749,COMPATIBLE_APPLICATIONS,Aplicaciones compatibles,,"Netflix, YouTube, Spotify, Google Fotos, Google TV, YouTube TV, HBO Now",True,2025-04-03 12:09:12.795234,2025-04-03 12:09:12.795235
52eec9ee-e60d-4dea-a146-f6efd544e879,MLA27474749,RECOMMENDED_DEVICES,Dispositivos recomendados,,PC,True,2025-04-03 12:09:12.795238,2025-04-03 12:09:12.795238
b3a5c864-2e87-4770-a23b-d1a9aa4e0698,MLA27474749,AUDIO_AND_VIDEO_INTERFACES,Interfaces de audio y video,,HDMI,True,2025-04-03 12:09:12.795242,2025-04-03 12:09:12.795242
5563b26a-7d3a-4220-999d-e28251ef6261,MLA27474749,PORTS_AND_CONNECTORS_TYPES,Tipos de puertos y conectores,,USB-C,True,2025-04-03 12:09:12.795246,2025-04-03 12:09:12.795246
649cf75d-8fa0-4392-9777-ff9472dafaaf,MLA27474749,MANUFACTURER,Fabricante,52701,Google,True,2025-04-03 12:09:12.795249,2025-04-03 12:09:12.795249
3897c2d1-c82b-47ba-a221-c38fb12eb89c,MLA27474749,WITH_BLUETOOTH,Con Bluetooth,242085,Sí,True,2025-04-03 12:09:12.795253,2025-04-03 12:09:12.795253
3d731526-bb59-457f-be65-9fab3802c4ac,MLA27474749,WITH_WI_FI,Con Wi-Fi,242085,Sí,True,2025-04-03 12:09:12.795256,2025-04-03 12:09:12.795256
65063e6e-096b-448e-8ebb-0da89df6f873,MLA27474749,WITH_INTEGRATED_VOICE_ASSISTANTS,Con asistentes de voz integrados,242085,Sí,True,2025-04-03 12:09:12.795259,2025-04-03 12:09:12.795260
b1164614-a91b-4b16-9746-78c35c3dccfc,MLA27474749,INTEGRATED_VOICE_ASSISTANTS,Asistentes de voz integrados,,Google Assistant,True,2025-04-03 12:09:12.795263,2025-04-03 12:09:12.795263
bd58d4f7-d7af-4892-8be2-b62508ff2816,MLA27474749,INCLUDES_HDMI_CABLE,Incluye cable HDMI,242085,Sí,True,2025-04-03 12:09:12.795266,2025-04-03 12:09:12.795267
606fe67b-a81a-4433-91c0-47844866918b,MLA27474749,LENGTH,Largo,8927824,16.2 cm,True,2025-04-03 12:09:12.795270,2025-04-03 12:09:12.795270
53a635db-c37c-4af2-a359-d85f4a4a1fbb,MLA27474749,WIDTH,Ancho,8919901,6.1 cm,True,2025-04-03 12:09:12.795273,2025-04-03 12:09:12.795273
855fd192-3d88-42c1-84ca-8f1b51a6be18,MLA27474749,HEIGHT,Altura,8248374,1.25 cm,True,2025-04-03 12:09:12.795277,2025-04-03 12:09:12.795277
b4501e7a-4bae-4b2b-bc00-49a7f934fb31,MLA27474749,WEIGHT,Peso,15993461,55 g,True,2025-04-03 12:09:12.795280,2025-04-03 12:09:12.795280
273a2312-3c74-4fca-851a-202c1889ea52,MLA27474749,OS_NAME,Nombre del sistema operativo,355776,Chrome OS,True,2025-04-03 12:09:12.795283,2025-04-03 12:09:12.795283
6ad1a92c-7f2c-4803-8843-b064ee42f12c,MLA27474749,STREAMING_TECHNOLOGIES,Tecnologías de streaming,,Chromecast,True,2025-04-03 12:09:12.795287,2025-04-03 12:09:12.795287
b7bfc8de-bd9d-478a-a442-d96a05b68ee3,MLA27474749,AUDIO_QUALITY,Calidad de audio,,DTS Digital Surround,True,2025-04-03 12:09:12.795290,2025-04-03 12:09:12.795290
2f23acd6-68a8-454b-8ed4-f16eacde6608,MLA27474749,LANGUAGE_OPTIONS,Opciones de idioma,,Español,True,2025-04-03 12:09:12.795294,2025-04-03 12:09:12.795294
3f95a3df-0350-4ebf-9643-b72983aa9617,MLA27474749,MIN_OPERATING_SYSTEMS_REQUIRED,Sistemas operativos mínimos requeridos,,Android,True,2025-04-03 12:09:12.795297,2025-04-03 12:09:12.795297
b8305dc0-b3e0-49a7-a192-4dfcde06c759,MLA27474749,CPU,CPU,,Amlogic S905X3 Cortex-A55 Quad-Core,True,2025-04-03 12:09:12.795302,2025-04-03 12:09:12.795302
afaf279c-66aa-4447-9cfa-1a9b20b83c5a,MLA27474749,GRAPHICS_PROCESSOR,Procesador gráfico,7569896,Mali-G31 MP2,True,2025-04-03 12:09:12.795305,2025-04-03 12:09:12.795306
f0cc0e6a-cafb-421e-b497-329fb73b172a,MLA27474749,WI_FI_STANDARDS,Estándares Wi-Fi,,Wi-fi 5 (802.11ac),True,2025-04-03 12:09:12.795309,2025-04-03 12:09:12.795309
40c8b3c3-73f5-48ca-88a4-09314237ab54,MLA27474749,FREQUENCIES,Frecuencias,,"2.4 GHz, 5 GHz",True,2025-04-03 12:09:12.795312,2025-04-03 12:09:12.795312
9a12211f-f9cb-4e5b-b417-0f75fb241c64,MLA27474749,DEVICE_OPERATING_VOLTAGE,Voltaje de funcionamiento,8631470,5 V,True,2025-04-03 12:09:12.795316,2025-04-03 12:09:12.795316
c47b1184-2bfa-44cb-84d2-170e97f57ba2,MLA19943147,BRAND,Marca,52701,Google,True,2025-04-03 12:09:12.795339,2025-04-03 12:09:12.795339
5f9d36a8-aab8-4c78-8223-d6ca932803c6,MLA19943147,MODEL,Modelo,13810024,Smart TV Kit,True,2025-04-03 12:09:12.795342,2025-04-03 12:09:12.795342
82cc00f2-f18a-4a0e-83d6-c43dc6106874,MLA19943147,COLOR,Color,52049,Negro,True,2025-04-03 12:09:12.795345,2025-04-03 12:09:12.795346
0a23a03b-eeee-4f8f-8955-aeaba6c9af64,MLA19943147,MAX_VIDEO_RESOLUTION,Resolución máxima de video,13356127,Full HD 1080p,True,2025-04-03 12:09:12.795357,2025-04-03 12:09:12.795357
5647d3da-727b-4497-9e42-d9139697d9df,MLA19943147,WITH_WI_FI,Con Wi-Fi,242085,Sí,True,2025-04-03 12:09:12.795361,2025-04-03 12:09:12.795361
c14d525e-5854-4562-afbe-5a291e3f7741,MLA22128219,BRAND,Marca,52701,Google,True,2025-04-03 12:09:12.795384,2025-04-03 12:09:12.795385
082bdd3a-0e1b-40c7-bce2-38a1e27ca831,MLA22128219,LINE,Línea,13261629,InterneTV,True,2025-04-03 12:09:12.795388,2025-04-03 12:09:12.795388
1e0922de-c7e5-4779-9955-6841437914d8,MLA22128219,MODEL,Modelo,17321783,G7s,True,2025-04-03 12:09:12.795391,2025-04-03 12:09:12.795391
0ab4be44-e063-4914-a4d7-c79bfc7dd762,MLA22128219,ALPHANUMERIC_MODEL,Modelo alfanumérico,17321782,6937289323138,True,2025-04-03 12:09:12.795395,2025-04-03 12:09:12.795395
c11b4a8a-fe5b-49d1-b2c2-161f6e83e3cf,MLA22128219,COLOR,Color,52049,Negro,True,2025-04-03 12:09:12.795398,2025-04-03 12:09:12.795399
8e9f4149-752b-4cfd-9696-417f179d8ee5,MLA22128219,DEVICE_FORMAT,Formato del dispositivo,9234856,Pendant Box,True,2025-04-03 12:09:12.795402,2025-04-03 12:09:12.795402
15598c5b-c606-442d-8ed3-97d295a6222b,MLA22128219,MAX_VIDEO_RESOLUTION,Resolución máxima de video,168332,Full HD,True,2025-04-03 12:09:12.795405,2025-04-03 12:09:12.795405
bc3f2f40-5f4d-47c1-849d-50539cbc4872,MLA22128219,AUDIO_AND_VIDEO_INTERFACES,Interfaces de audio y video,,HDMI,True,2025-04-03 12:09:12.795409,2025-04-03 12:09:12.795409
f6a72622-7eae-496f-8abf-db718d1f730a,MLA22128219,WITH_WI_FI,Con Wi-Fi,242085,Sí,True,2025-04-03 12:09:12.795412,2025-04-03 12:09:12.795412
be24d2ed-6b47-4bdf-a06f-c5d08bb92ca8,MLA34951048,BRAND,Marca,17208015,Chromecast,True,2025-04-03 12:09:12.795440,2025-04-03 12:09:12.795441
2e0a9421-6519-42ac-8ba6-7b4f7ca1309e,MLA34951048,MODEL,Modelo,20428742,Chromecast 2,True,2025-04-03 12:09:12.795444,2025-04-03 12:09:12.795444
05777b54-b52e-4efb-a54d-8f00dd249c75,MLA34951048,GENERATION,Generación,33089908,2ª generación,True,2025-04-03 12:09:12.795448,2025-04-03 12:09:12.795448
c7be5e39-fd81-4902-92cc-88b756d10740,MLA34951048,COLOR,Color,52049,Negro,True,2025-04-03 12:09:12.795451,2025-04-03 12:09:12.795451
25177d21-cd6f-43bd-9aea-a02b01741206,MLA34951048,MAIN_COLOR,Color principal,2450295,Negro,True,2025-04-03 12:09:12.795454,2025-04-03 12:09:12.795455
ca5d3adc-b3bf-407e-a15e-219662bd21db,MLA34951048,DEVICE_FORMAT,Formato del dispositivo,9234856,Pendant Box,True,2025-04-03 12:09:12.795458,2025-04-03 12:09:12.795458
0f82dfa6-0c7f-41ca-809c-9fd85233a8ec,MLA34951048,WITH_BLUETOOTH,Con Bluetooth,242085,Sí,True,2025-04-03 12:09:12.795461,2025-04-03 12:09:12.795462
07c0c659-3975-410d-a587-0e3d60b99996,MLA34951048,WITH_WI_FI,Con Wi-Fi,242085,Sí,True,2025-04-03 12:09:12.795465,2025-04-03 12:09:12.795465
eb4f99f4-3e22-4207-87b6-31e05b79c5b3,MLA26595416,BRAND,Marca,52701,Google,True,2025-04-03 12:09:12.795534,2025-04-03 12:09:12.795535
67fe5e94-1b82-48e2-9018-47744e03fa28,MLA26595416,LINE,Línea,340816,Chromecast,True,2025-04-03 12:09:12.795538,2025-04-03 12:09:12.795538
0324d5db-7926-44fe-bbd7-af0f73366789,MLA26595416,MODEL,Modelo,23683751,Chomecast Ultra,True,2025-04-03 12:09:12.795542,2025-04-03 12:09:12.795542
1e850525-d6e1-4e13-8018-f254c58e2b4d,MLA26595416,GENERATION,Generación,10910111,4.ª generación,True,2025-04-03 12:09:12.795547,2025-04-03 12:09:12.795547
b419e970-9928-444d-aa65-51a029849cfb,MLA26595416,ALPHANUMERIC_MODEL,Modelo alfanumérico,17636390,NC2-6A5,True,2025-04-03 12:09:12.795550,2025-04-03 12:09:12.795550
b537a7a0-7a60-4a4c-87ae-751ad48bd900,MLA26595416,COLOR,Color,52049,Negro,True,2025-04-03 12:09:12.795554,2025-04-03 12:09:12.795554
288f6120-c951-4f5e-b0bf-dedd624e1aa6,MLA26595416,RAM_MEMORY,Memoria RAM,98978,1 GB,True,2025-04-03 12:09:12.795557,2025-04-03 12:09:12.795557
5df5424c-4a78-431d-ad97-adba39326792,MLA26595416,REMOTE_CONTROL_TYPE,Tipo de control remoto,17535337,De voz,True,2025-04-03 12:09:12.795561,2025-04-03 12:09:12.795561
d368ff40-88cd-4ed3-ab5d-b15738cd80ce,MLA26595416,DEVICE_FORMAT,Formato del dispositivo,8616496,Stick,True,2025-04-03 12:09:12.795564,2025-04-03 12:09:12.795564
c9f34d7d-eac6-4d45-b59a-af1eff8390ca,MLA26595416,MAX_VIDEO_RESOLUTION,Resolución máxima de video,13113890,4K UHD,True,2025-04-03 12:09:12.795568,2025-04-03 12:09:12.795568
081dc248-6424-4f04-9615-b10a927c3d4c,MLA26595416,COMPATIBLE_APPLICATIONS,Aplicaciones compatibles,,"Chrome, Dailymotion, ESPN, Facebook, Google photos, Google play movies, Google Play Music, Netflix, Soundcloud, Spotify, TED, Vevo, YouTube",True,2025-04-03 12:09:12.795571,2025-04-03 12:09:12.795571
6a0a03bd-a455-4b75-8413-0d3aef1841b1,MLA26595416,RECOMMENDED_DEVICES,Dispositivos recomendados,,"Televisores con HDMI, Celulares, Computadoras portátiles",True,2025-04-03 12:09:12.795575,2025-04-03 12:09:12.795575
f5fcaabb-9a40-4eed-8aa8-57cc353eddc7,MLA26595416,AUDIO_AND_VIDEO_INTERFACES,Interfaces de audio y video,,HDMI,True,2025-04-03 12:09:12.795578,2025-04-03 12:09:12.795578
13269c9a-53ac-4fe0-8ed9-7b394dbbaaa0,MLA26595416,PORTS_AND_CONNECTORS_TYPES,Tipos de puertos y conectores,,Micro-USB,True,2025-04-03 12:09:12.795581,2025-04-03 12:09:12.795582
70db43d3-883b-48a7-b0a1-c8c41870f991,MLA26595416,ANATEL_HOMOLOGATION_NUMBER,Homologación Anatel Nº,41557501,47151504818,True,2025-04-03 12:09:12.795585,2025-04-03 12:09:12.795585
78b76066-e35f-4bbd-a78d-87113df2ab64,MLA26595416,WITH_BLUETOOTH,Con Bluetooth,242085,Sí,True,2025-04-03 12:09:12.795588,2025-04-03 12:09:12.795588
f98df70e-801a-4cc2-b633-9a11b2cf3aac,MLA26595416,WITH_WI_FI,Con Wi-Fi,242085,Sí,True,2025-04-03 12:09:12.795592,2025-04-03 12:09:12.795592
17e4695b-fa8e-42a2-a92a-33d3d1846f0e,MLA26595416,OS_NAME,Nombre del sistema operativo,355776,Chrome OS,True,2025-04-03 12:09:12.795595,2025-04-03 12:09:12.795595
3902a968-1641-42fc-9dcd-e514b76e7e29,MLA26595416,STREAMING_TECHNOLOGIES,Tecnologías de streaming,,Google Cast,True,2025-04-03 12:09:12.795599,2025-04-03 12:09:12.795599
bfddb236-013f-459e-9aff-ea56235485dc,MLA26595416,MIN_OPERATING_SYSTEMS_REQUIRED,Sistemas operativos mínimos requeridos,,"Android 4.2, Windows 7, iOS 9.1, macOS X 10.9",True,2025-04-03 12:09:12.795602,2025-04-03 12:09:12.795602
28c87c33-dd78-42a7-b1a6-1d280d6f4892,MLA41609398,BRAND,Marca,20625976,Cast,True,2025-04-03 12:09:12.795645,2025-04-03 12:09:12.795645
780d44a8-1156-4399-b298-f298f78b6db4,MLA41609398,LINE,Línea,340816,Chromecast,True,2025-04-03 12:09:12.795649,2025-04-03 12:09:12.795649
a3363d80-76b0-468e-b0d2-ebd5362b1e96,MLA41609398,MODEL,Modelo,107679,Air,True,2025-04-03 12:09:12.795654,2025-04-03 12:09:12.795654
14906643-a8f6-4f93-8a1f-210f2395ffc7,MLA41609398,GENERATION,Generación,33089908,2ª generación,True,2025-04-03 12:09:12.795658,2025-04-03 12:09:12.795658
205b8304-20e8-4099-b7ab-3509e5b51ec1,MLA41609398,ALPHANUMERIC_MODEL,Modelo alfanumérico,16911628,GA03131-US,True,2025-04-03 12:09:12.795662,2025-04-03 12:09:12.795662
c048bffd-40d0-44a8-84da-38b26c9d4673,MLA41609398,RAM_MEMORY,Memoria RAM,3565862,128 GB,True,2025-04-03 12:09:12.795665,2025-04-03 12:09:12.795666
9d5031da-b77e-43cc-bc63-ddc27136f6b2,MLA41609398,DEVICE_FORMAT,Formato del dispositivo,8616495,TV Box,True,2025-04-03 12:09:12.795669,2025-04-03 12:09:12.795669
394a4341-a520-4439-918b-4e256f24785b,MLA41609398,MAX_VIDEO_RESOLUTION,Resolución máxima de video,169883,4K,True,2025-04-03 12:09:12.795672,2025-04-03 12:09:12.795673
f4be2c80-ae67-454a-bc8b-dc351f638cbe,MLA41609398,COMPATIBLE_APPLICATIONS,Aplicaciones compatibles,,"CBS, Google Play, HBO Now, Hulu, Pandora, Spotify, YouTube",True,2025-04-03 12:09:12.795676,2025-04-03 12:09:12.795676
937a680e-6d8c-4688-9b33-1b12a258e791,MLA41609398,MANUFACTURER,Fabricante,40905235,Google Llc,True,2025-04-03 12:09:12.795679,2025-04-03 12:09:12.795680
3ed24748-7dc2-4b7e-8ad2-8398bfdcba6f,MLA41609398,WITH_WI_FI,Con Wi-Fi,242085,Sí,True,2025-04-03 12:09:12.795683,2025-04-03 12:09:12.795683
b9ee9717-ae05-431b-a8e5-3f5611434bff,MLA14630236,BRAND,Marca,52701,Google,True,2025-04-03 12:09:12.795714,2025-04-03 12:09:12.795714
697734f1-81f0-432c-8196-ddad8157b0c0,MLA14630236,MODEL,Modelo,11281877,Chromecast,True,2025-04-03 12:09:12.795718,2025-04-03 12:09:12.795718
b870841e-8008-4d8f-8818-3253f8c05597,MLA14630236,GENERATION,Generación,8248559,3.ª generación,True,2025-04-03 12:09:12.795721,2025-04-03 12:09:12.795722
1955a4c2-5c1f-45b3-b748-bc8294d2615c,MLA14630236,ALPHANUMERIC_MODEL,Modelo alfanumérico,13332023,GA00439,True,2025-04-03 12:09:12.795725,2025-04-03 12:09:12.795726
cc79d072-3d69-4683-8b44-93a88d7bf7e3,MLA14630236,COLOR,Color,107284,Tiza,True,2025-04-03 12:09:12.795729,2025-04-03 12:09:12.795730
b1c6ee3e-9395-4bf3-8a85-f6c4e5c0df6e,MLA14630236,MAIN_COLOR,Color principal,2450295,Negro,True,2025-04-03 12:09:12.795733,2025-04-03 12:09:12.795733
74c4d9af-053d-4f22-a1af-26fab23a34c9,MLA14630236,DEVICE_FORMAT,Formato del dispositivo,9234856,Pendant Box,True,2025-04-03 12:09:12.795737,2025-04-03 12:09:12.795737
735afeed-b9e0-46de-b61b-48adfa7efbd5,MLA14630236,MAX_VIDEO_RESOLUTION,Resolución máxima de video,168332,Full HD,True,2025-04-03 12:09:12.795740,2025-04-03 12:09:12.795741
564d1525-5b8c-4189-bd74-fcae4ed86255,MLA14630236,COMPATIBLE_APPLICATIONS,Aplicaciones compatibles,,"Netflix, YouTube, Spotify, Google Fotos, Google TV, YouTube TV, HBO Now",True,2025-04-03 12:09:12.795744,2025-04-03 12:09:12.795745
aee4ce6b-ee67-40d7-a653-7c05b6d29a6a,MLA14630236,RECOMMENDED_DEVICES,Dispositivos recomendados,,"Televisores, Celulares, Computadoras, Tablets",True,2025-04-03 12:09:12.795748,2025-04-03 12:09:12.795748
9032d1ed-51d2-433a-b80e-0714a9710cf3,MLA14630236,AUDIO_AND_VIDEO_INTERFACES,Interfaces de audio y video,,HDMI,True,2025-04-03 12:09:12.795751,2025-04-03 12:09:12.795751
19cd912c-723a-4429-a69f-209581d12225,MLA14630236,PORTS_AND_CONNECTORS_TYPES,Tipos de puertos y conectores,,Micro-USB,True,2025-04-03 12:09:12.795755,2025-04-03 12:09:12.795755
9127c71f-5984-4820-b041-4355019561a5,MLA14630236,MANUFACTURER,Fabricante,52701,Google,True,2025-04-03 12:09:12.795758,2025-04-03 12:09:12.795758
af93b24b-c6cd-4be4-828c-545c867ae0a7,MLA14630236,WITH_BLUETOOTH,Con Bluetooth,242085,Sí,True,2025-04-03 12:09:12.795762,2025-04-03 12:09:12.795762
1469aaae-151e-4501-9fb7-3073a2c1791d,MLA14630236,WITH_WI_FI,Con Wi-Fi,242085,Sí,True,2025-04-03 12:09:12.795765,2025-04-03 12:09:12.795765
0e8a1b89-f464-4b36-93df-cbc300387e72,MLA14630236,WITH_INTEGRATED_VOICE_ASSISTANTS,Con asistentes de voz integrados,242084,No,True,2025-04-03 12:09:12.795770,2025-04-03 12:09:12.795770
5b055271-5509-4752-a96f-bf9095af37c9,MLA14630236,INTEGRATED_VOICE_ASSISTANTS,Asistentes de voz integrados,,Google Assistant,True,2025-04-03 12:09:12.795774,2025-04-03 12:09:12.795774
a40f46ee-262d-4fa9-b8c1-59e7833cc941,MLA14630236,INCLUDES_HDMI_CABLE,Incluye cable HDMI,242085,Sí,True,2025-04-03 12:09:12.795777,2025-04-03 12:09:12.795777
1451feb0-a580-436e-8d6a-ad592c1e41fc,MLA14630236,LENGTH,Largo,48553666,5.18 cm,True,2025-04-03 12:09:12.795780,2025-04-03 12:09:12.795781
ea9a67e6-f4d3-48e8-8fac-331e6e119e24,MLA14630236,WIDTH,Ancho,48717962,5.19 cm,True,2025-04-03 12:09:12.795784,2025-04-03 12:09:12.795784
e582f252-15f7-4d24-bf71-3dfe399fbb15,MLA14630236,HEIGHT,Altura,22237619,1.38 cm,True,2025-04-03 12:09:12.795787,2025-04-03 12:09:12.795788
d37b6edc-dbff-4eab-94af-0b00749de299,MLA14630236,WEIGHT,Peso,22405336,1.4 g,True,2025-04-03 12:09:12.795791,2025-04-03 12:09:12.795791
54bde4db-a08b-44e7-9ef6-f9f6c8fd38c4,MLA14630236,OS_NAME,Nombre del sistema operativo,355776,Chrome OS,True,2025-04-03 12:09:12.795794,2025-04-03 12:09:12.795794
f90311d4-ec75-46ec-a967-a88f36622e53,MLA14630236,STREAMING_TECHNOLOGIES,Tecnologías de streaming,,Chromecast,True,2025-04-03 12:09:12.795798,2025-04-03 12:09:12.795798
96e820ee-4486-4a7d-8ee7-08b04f9342d8,MLA14630236,AUDIO_QUALITY,Calidad de audio,,"Dolby Digital 5.1, Dolby Digital Plus 7.1",True,2025-04-03 12:09:12.795801,2025-04-03 12:09:12.795802
55b6b7d4-79b0-4a7d-8283-5c1a847bb884,MLA14630236,LANGUAGE_OPTIONS,Opciones de idioma,,Español,True,2025-04-03 12:09:12.795805,2025-04-03 12:09:12.795805
8638c423-65cf-4b10-8b6b-9157db2f416f,MLA14630236,MIN_OPERATING_SYSTEMS_REQUIRED,Sistemas operativos mínimos requeridos,,"Android 4.2, iOS 9.1, macOS X 10.9, Windows 7",True,2025-04-03 12:09:12.795808,2025-04-03 12:09:12.795809
e65a2b21-bceb-414c-9ef0-c93ac162e4af,MLA14630236,CPU,CPU,,Cortex-A7 Dual-Core,True,2025-04-03 12:09:12.795812,2025-04-03 12:09:12.795812
4af7bed5-efb3-40cc-a531-dddd3c80be93,MLA14630236,GRAPHICS_PROCESSOR,Procesador gráfico,8249292,Mali-450,True,2025-04-03 12:09:12.795816,2025-04-03 12:09:12.795816
940cb66d-73ff-4dae-aa2a-fe7d3e5fa6b6,MLA14630236,WI_FI_STANDARDS,Estándares Wi-Fi,,IEEE 802.11ac,True,2025-04-03 12:09:12.795820,2025-04-03 12:09:12.795820
6d617ae6-ecf9-4cf6-8f5f-b30ba934b394,MLA14630236,FREQUENCIES,Frecuencias,,"2.4 GHz, 5 GHz",True,2025-04-03 12:09:12.795823,2025-04-03 12:09:12.795823
9dcedf03-211a-4410-bed6-beaf9cd74510,MLA14630236,DEVICE_OPERATING_VOLTAGE,Voltaje de funcionamiento,8631470,5 V,True,2025-04-03 12:09:12.795827,2025-04-03 12:09:12.795827
3bb58442-76e1-40f1-9297-363b13a05eb9,MLA14630236,MPN,MPN,,GA00422,True,2025-04-03 12:09:12.795830,2025-04-03 12:09:12.795830
37b64c63-e67f-4771-845c-df9aa4c19d07,MLA21674842,BRAND,Marca,169874,EZCast,True,2025-04-03 12:09:12.795856,2025-04-03 12:09:12.795856
8311ed38-ff88-49fb-aceb-0de651107d78,MLA21674842,LINE,Línea,16585602,"Ez cast, Any Cast",True,2025-04-03 12:09:12.795860,2025-04-03 12:09:12.795860
73722e0a-7605-413e-b9aa-8ae6c6c937ca,MLA21674842,MODEL,Modelo,16585603,Dongle Cast,True,2025-04-03 12:09:12.795863,2025-04-03 12:09:12.795864
199d347b-e9a5-46c1-94dd-389820e696e5,MLA21674842,ALPHANUMERIC_MODEL,Modelo alfanumérico,16585601,cast,True,2025-04-03 12:09:12.795867,2025-04-03 12:09:12.795867
f29a5902-0f32-42f3-ad95-0e9bfabd0571,MLA21674842,REMOTE_CONTROL_TYPE,Tipo de control remoto,16585610,espejo de celular,True,2025-04-03 12:09:12.795870,2025-04-03 12:09:12.795870
09120fe8-0b3b-4080-8497-58fa9611ac78,MLA21674842,MAX_VIDEO_RESOLUTION,Resolución máxima de video,5516041,1080p,True,2025-04-03 12:09:12.795877,2025-04-03 12:09:12.795877
5cf2d5eb-39dc-4351-a22d-0d9e094a4ace,MLA21674842,COMPATIBLE_APPLICATIONS,Aplicaciones compatibles,,Netflix youtube facebook,True,2025-04-03 12:09:12.795880,2025-04-03 12:09:12.795881
4ac4380a-74b7-4dd6-a55e-df2ff64c62b7,MLA21674842,AUDIO_AND_VIDEO_INTERFACES,Interfaces de audio y video,,HDMI,True,2025-04-03 12:09:12.795884,2025-04-03 12:09:12.795884
a03d879f-5bca-4900-96cd-b34a1d4fbf27,MLA21674842,WITH_WI_FI,Con Wi-Fi,242085,Sí,True,2025-04-03 12:09:12.795887,2025-04-03 12:09:12.795888
042411ec-a251-4755-a58b-aa47006dfdf2,MLA21674842,OS_NAME,Nombre del sistema operativo,355777,Linux,True,2025-04-03 12:09:12.795891,2025-04-03 12:09:12.795891
76ef1131-396b-4a3a-89bd-dc615085a755,MLA23019127,BRAND,Marca,13356122,Yehua,True,2025-04-03 12:09:12.795917,2025-04-03 12:09:12.795917
39535d5a-4ff3-429d-8cc1-4092ceec2e11,MLA23019127,LINE,Línea,9743532,g1,True,2025-04-03 12:09:12.795920,2025-04-03 12:09:12.795921
c1e80c76-0b18-48a8-887c-d8728b95af21,MLA23019127,MODEL,Modelo,11281877,Chromecast,True,2025-04-03 12:09:12.795924,2025-04-03 12:09:12.795924
f01c7bba-62f8-4c21-80d3-2cfa42ab5d77,MLA23019127,ALPHANUMERIC_MODEL,Modelo alfanumérico,18833018,G1-1,True,2025-04-03 12:09:12.795927,2025-04-03 12:09:12.795927
4663c444-11c1-4247-be73-cb363a1ecbb3,MLA23019127,COLOR,Color,52049,Negro,True,2025-04-03 12:09:12.795931,2025-04-03 12:09:12.795931
12711721-6501-46f2-baf6-b281741af691,MLA23019127,RAM_MEMORY,Memoria RAM,579543,128 MB,True,2025-04-03 12:09:12.795934,2025-04-03 12:09:12.795934
8d55676d-061e-459b-a592-dedda2d3df20,MLA23019127,REMOTE_CONTROL_TYPE,Tipo de control remoto,18833025,Teléfono inteligente,True,2025-04-03 12:09:12.795938,2025-04-03 12:09:12.795938
0670cb47-eb5b-4fb0-87a5-0028d660066b,MLA23019127,MAX_VIDEO_RESOLUTION,Resolución máxima de video,13356127,Full HD 1080p,True,2025-04-03 12:09:12.795941,2025-04-03 12:09:12.795941
69f136eb-9caf-49c7-9305-a0bb58bb4d44,MLA23019127,COMPATIBLE_APPLICATIONS,Aplicaciones compatibles,,Google Play,True,2025-04-03 12:09:12.795944,2025-04-03 12:09:12.795945
0fd7c803-cb65-418a-a8a1-d1f0d89f541e,MLA23019127,AUDIO_AND_VIDEO_INTERFACES,Interfaces de audio y video,,HDMI,True,2025-04-03 12:09:12.795948,2025-04-03 12:09:12.795948
b141d970-87a2-4802-97bb-b23de295225e,MLA23019127,WITH_WI_FI,Con Wi-Fi,242085,Sí,True,2025-04-03 12:09:12.795951,2025-04-03 12:09:12.795951
a891770f-17c0-494a-9fca-c2e734642476,MLA23019127,WEIGHT,Peso,16344407,22 g,True,2025-04-03 12:09:12.795955,2025-04-03 12:09:12.795955
c0f3f3f4-edf9-4576-abd5-2c594e5024df,MLA23019127,OS_NAME,Nombre del sistema operativo,8847381,Linux 3.0.8,True,2025-04-03 12:09:12.795958,2025-04-03 12:09:12.795958
63435e9a-415e-420b-b31e-f23c37ebb9a1,MLA23019127,WI_FI_STANDARDS,Estándares Wi-Fi,,2.4GHz,True,2025-04-03 12:09:12.795961,2025-04-03 12:09:12.795962
92ec0824-b70c-4831-9b3b-738319f55fbf,MLA29652233,BRAND,Marca,52701,Google,True,2025-04-03 12:09:12.795988,2025-04-03 12:09:12.795988
9620f568-2d79-44a5-befd-5dc30953195f,MLA29652233,MODEL,Modelo,11281877,Chromecast,True,2025-04-03 12:09:12.795992,2025-04-03 12:09:12.795992
2c08dc18-699c-464f-885b-24abd39d2dba,MLA29652233,GENERATION,Generación,8248559,3.ª generación,True,2025-04-03 12:09:12.795996,2025-04-03 12:09:12.795996
bf0c4aba-98de-4d6a-b07c-79743f51a72e,MLA29652233,ALPHANUMERIC_MODEL,Modelo alfanumérico,14342600,Chromecast 3,True,2025-04-03 12:09:12.795999,2025-04-03 12:09:12.795999
47d5ba35-6f26-4178-894c-a8968722c115,MLA29652233,COLOR,Color,2249819,Carbón,True,2025-04-03 12:09:12.796003,2025-04-03 12:09:12.796003
a828c65a-7e66-4198-93cd-1e296f49e4a2,MLA29652233,MAIN_COLOR,Color principal,2450295,Negro,True,2025-04-03 12:09:12.796006,2025-04-03 12:09:12.796006
1ae60894-c1f6-43dc-ac30-70dbda97bc7c,MLA29652233,DEVICE_FORMAT,Formato del dispositivo,9234856,Pendant Box,True,2025-04-03 12:09:12.796010,2025-04-03 12:09:12.796010
476909f1-3ba5-4343-ba2e-e03e08bde937,MLA29652233,MAX_VIDEO_RESOLUTION,Resolución máxima de video,168332,Full HD,True,2025-04-03 12:09:12.796013,2025-04-03 12:09:12.796013
44430a3e-9ade-4ed2-8175-c182fc95db3a,MLA29652233,COMPATIBLE_APPLICATIONS,Aplicaciones compatibles,,"Google Fotos, Google TV, HBO Now, Netflix, Spotify, YouTube, YouTube TV",True,2025-04-03 12:09:12.796016,2025-04-03 12:09:12.796017
6a3e0ccc-214d-460c-9a9f-6f5eafe5828f,MLA29652233,RECOMMENDED_DEVICES,Dispositivos recomendados,,"Celulares, Computadoras, Tablets, Televisores",True,2025-04-03 12:09:12.796020,2025-04-03 12:09:12.796020
d0f14c36-0450-4ef7-9e8a-177bf3719f17,MLA29652233,AUDIO_AND_VIDEO_INTERFACES,Interfaces de audio y video,,HDMI,True,2025-04-03 12:09:12.796023,2025-04-03 12:09:12.796023
d3bc5553-9247-49af-9506-cb2e7169ba21,MLA29652233,PORTS_AND_CONNECTORS_TYPES,Tipos de puertos y conectores,,Micro-USB,True,2025-04-03 12:09:12.796027,2025-04-03 12:09:12.796027
627c3dac-b380-4d31-8ef6-5b045d99436b,MLA29652233,MANUFACTURER,Fabricante,52701,Google,True,2025-04-03 12:09:12.796030,2025-04-03 12:09:12.796030
53a3f251-bfb1-4f3e-9441-d63851a3cab5,MLA29652233,WITH_BLUETOOTH,Con Bluetooth,242085,Sí,True,2025-04-03 12:09:12.796033,2025-04-03 12:09:12.796034
63e0bd58-7aba-459c-be84-b4f245931090,MLA29652233,WITH_WI_FI,Con Wi-Fi,242085,Sí,True,2025-04-03 12:09:12.796037,2025-04-03 12:09:12.796037
f883f5ce-c706-46ec-b11d-a344f5b41de3,MLA29652233,WITH_INTEGRATED_VOICE_ASSISTANTS,Con asistentes de voz integrados,242084,No,True,2025-04-03 12:09:12.796040,2025-04-03 12:09:12.796040
f3f66690-22d9-4643-a5bb-d352a90d79b0,MLA29652233,INCLUDES_HDMI_CABLE,Incluye cable HDMI,242085,Sí,True,2025-04-03 12:09:12.796044,2025-04-03 12:09:12.796044
8ff47b75-1423-4aa7-85b5-81840fba24b2,MLA29652233,INCLUDES_CELL_BATTERIES,Incluye pilas,242084,No,True,2025-04-03 12:09:12.796047,2025-04-03 12:09:12.796047
196004db-e1f1-480b-80f9-b39187c35628,MLA29652233,LENGTH,Largo,48553666,5.18 cm,True,2025-04-03 12:09:12.796050,2025-04-03 12:09:12.796051
14efa572-8792-4114-89d2-791ca088f476,MLA29652233,WIDTH,Ancho,48717962,5.19 cm,True,2025-04-03 12:09:12.796054,2025-04-03 12:09:12.796054
5ee5f0a2-438b-4d4b-849a-3c7ebc5b4cb4,MLA29652233,HEIGHT,Altura,22237619,1.38 cm,True,2025-04-03 12:09:12.796057,2025-04-03 12:09:12.796057
0ecefb85-cff8-46a2-a277-6c7650fa4d61,MLA29652233,WEIGHT,Peso,19174041,39.1 g,True,2025-04-03 12:09:12.796061,2025-04-03 12:09:12.796061
27af2bca-87f9-400e-8ad2-2329bbb249d3,MLA29652233,OS_NAME,Nombre del sistema operativo,355776,Chrome OS,True,2025-04-03 12:09:12.796064,2025-04-03 12:09:12.796064
fa8a546c-b8b5-443d-a5e7-a6367a13d286,MLA29652233,STREAMING_TECHNOLOGIES,Tecnologías de streaming,,Chromecast,True,2025-04-03 12:09:12.796068,2025-04-03 12:09:12.796068
e25e5d75-b230-428b-9ea6-c3e5d7e0e18b,MLA29652233,AUDIO_QUALITY,Calidad de audio,,"Dolby Digital 5.1, Dolby Digital Plus 7.1",True,2025-04-03 12:09:12.796071,2025-04-03 12:09:12.796071
399269b1-605d-459e-8382-17fbd8a9da67,MLA29652233,LANGUAGE_OPTIONS,Opciones de idioma,,"Español, Inglés",True,2025-04-03 12:09:12.796074,2025-04-03 12:09:12.796075
d52fbdb8-9c9b-4939-ad08-5ecae7272489,MLA29652233,MIN_OPERATING_SYSTEMS_REQUIRED,Sistemas operativos mínimos requeridos,,"Android 4.2, Windows 7, iOS 9.1, macOS X 10.9",True,2025-04-03 12:09:12.796078,2025-04-03 12:09:12.796078
7728cc14-5164-46aa-b47a-b0bb153cf019,MLA29652233,CPU,CPU,,Cortex-A7 Dual-Core,True,2025-04-03 12:09:12.796082,2025-04-03 12:09:12.796083
f7082b1c-65c3-4844-b956-8f4254b00e69,MLA29652233,WI_FI_STANDARDS,Estándares Wi-Fi,,IEEE 802.11ac,True,2025-04-03 12:09:12.796086,2025-04-03 12:09:12.796086
9fa7d658-7449-4e38-a744-b18a56b372ca,MLA29652233,FREQUENCIES,Frecuencias,,"2.4 GHz, 5 GHz",True,2025-04-03 12:09:12.796089,2025-04-03 12:09:12.796089
4ed7d720-2f0b-4eab-9dc8-aa3e2256bfa6,MLA29652233,DEVICE_OPERATING_VOLTAGE,Voltaje de funcionamiento,8631470,5 V,True,2025-04-03 12:09:12.796093,2025-04-03 12:09:12.796093
741d26c3-88d2-4317-9df4-3896015b2791,MLA22031298,BRAND,Marca,52701,Google,True,2025-04-03 12:09:12.796140,2025-04-03 12:09:12.796140
149562b9-7647-4d3f-a895-7cb7826548f5,MLA22031298,LINE,Línea,13332328,4k,True,2025-04-03 12:09:12.796143,2025-04-03 12:09:12.796144
0f811d33-9c43-4d7a-989f-4a7b48a31c8a,MLA22031298,MODEL,Modelo,24215820,GA01919-ES,True,2025-04-03 12:09:12.796147,2025-04-03 12:09:12.796147
6251d9f6-1d82-4d83-a48e-1e884b208047,MLA22031298,GENERATION,Generación,10910111,4.ª generación,True,2025-04-03 12:09:12.796151,2025-04-03 12:09:12.796151
2adb2df5-de85-48c3-a99c-2f52f3156b37,MLA22031298,ALPHANUMERIC_MODEL,Modelo alfanumérico,24215823,GA01919-ES,True,2025-04-03 12:09:12.796154,2025-04-03 12:09:12.796154
d120ca3b-1752-4085-8c6a-0bad6c474242,MLA22031298,COLOR,Color,40774799,Nieve,True,2025-04-03 12:09:12.796158,2025-04-03 12:09:12.796158
8c07d12c-7b02-4fc6-baad-76af4cad7831,MLA22031298,STORAGE_CAPACITY,Capacidad de almacenamiento,18646,8 GB,True,2025-04-03 12:09:12.796161,2025-04-03 12:09:12.796161
bb16f047-6040-4bde-b04f-75220c4bbe5b,MLA22031298,RAM_MEMORY,Memoria RAM,445970,2 GB,True,2025-04-03 12:09:12.796165,2025-04-03 12:09:12.796165
57be150f-5246-4f88-9002-d7d4e3124905,MLA22031298,REMOTE_CONTROL_TYPE,Tipo de control remoto,17535337,De voz,True,2025-04-03 12:09:12.796168,2025-04-03 12:09:12.796168
3ad071cd-9c79-464f-adf2-46fb734bde0f,MLA22031298,MAIN_COLOR,Color principal,2450308,Blanco,True,2025-04-03 12:09:12.796171,2025-04-03 12:09:12.796171
3319463e-9691-4e96-ab86-e83993675fa1,MLA22031298,DEVICE_FORMAT,Formato del dispositivo,8616496,Stick,True,2025-04-03 12:09:12.796175,2025-04-03 12:09:12.796175
42f04bbb-a388-4d63-a71d-b22def0d9941,MLA22031298,MAX_VIDEO_RESOLUTION,Resolución máxima de video,169883,4K,True,2025-04-03 12:09:12.796178,2025-04-03 12:09:12.796178
5e7272f4-e52d-45ba-b6a8-59eb39aa0fa1,MLA22031298,COMPATIBLE_APPLICATIONS,Aplicaciones compatibles,,"Amazon Prime Video, Hulu, HBO Go, ESPN, Netflix, Spotify, Disney Plus, max",True,2025-04-03 12:09:12.796181,2025-04-03 12:09:12.796182
f0f2544b-e22e-4d9a-ad8d-8396d112867b,MLA22031298,RECOMMENDED_DEVICES,Dispositivos recomendados,,Televisores con HDMI,True,2025-04-03 12:09:12.796185,2025-04-03 12:09:12.796185
59e30b06-82ae-495a-84da-b6218f60a1f8,MLA22031298,AUDIO_AND_VIDEO_INTERFACES,Interfaces de audio y video,,HDMI,True,2025-04-03 12:09:12.796188,2025-04-03 12:09:12.796189
e775b97b-95e8-4f57-b79a-d699145d2205,MLA22031298,PORTS_AND_CONNECTORS_TYPES,Tipos de puertos y conectores,,USB-C,True,2025-04-03 12:09:12.796192,2025-04-03 12:09:12.796192
7557b4a8-9437-4c7f-a333-2a74edb372f5,MLA22031298,MANUFACTURER,Fabricante,52701,Google,True,2025-04-03 12:09:12.796196,2025-04-03 12:09:12.796196
1821f174-1123-4ca3-8b9b-4509f6d5181b,MLA22031298,WITH_BLUETOOTH,Con Bluetooth,242085,Sí,True,2025-04-03 12:09:12.796200,2025-04-03 12:09:12.796200
52e85a4e-22b2-4370-8571-6d1548093ca8,MLA22031298,WITH_WI_FI,Con Wi-Fi,242085,Sí,True,2025-04-03 12:09:12.796203,2025-04-03 12:09:12.796203
c8a091c4-8907-4325-aa21-203ebc00d2eb,MLA22031298,WITH_INTEGRATED_VOICE_ASSISTANTS,Con asistentes de voz integrados,242085,Sí,True,2025-04-03 12:09:12.796207,2025-04-03 12:09:12.796207
6f2f511b-4159-4545-9c99-a6b32f39259d,MLA22031298,INTEGRATED_VOICE_ASSISTANTS,Asistentes de voz integrados,,Google Assistant,True,2025-04-03 12:09:12.796210,2025-04-03 12:09:12.796210
8c59c705-969a-473d-8b11-e621558014fb,MLA22031298,INCLUDES_HDMI_CABLE,Incluye cable HDMI,242085,Sí,True,2025-04-03 12:09:12.796214,2025-04-03 12:09:12.796214
c19db3a3-81c7-4c41-a7e0-5bdb0b32a540,MLA22031298,INCLUDES_CELL_BATTERIES,Incluye pilas,242085,Sí,True,2025-04-03 12:09:12.796217,2025-04-03 12:09:12.796217
ebb219c0-7e50-4451-bd03-c63f1e0a33bb,MLA22031298,LENGTH,Largo,8927824,16.2 cm,True,2025-04-03 12:09:12.796220,2025-04-03 12:09:12.796221
5498e263-80d2-4a68-8913-884731e79344,MLA22031298,WIDTH,Ancho,8919901,6.1 cm,True,2025-04-03 12:09:12.796224,2025-04-03 12:09:12.796224
b19401f8-4885-4b63-b583-ecdb3635841e,MLA22031298,HEIGHT,Altura,8248374,1.25 cm,True,2025-04-03 12:09:12.796227,2025-04-03 12:09:12.796227
7ec56e44-e680-4f63-a468-4b7b2af0e31f,MLA22031298,WEIGHT,Peso,17821030,63 g,True,2025-04-03 12:09:12.796231,2025-04-03 12:09:12.796231
d48bf404-52d9-48ba-8a8a-a59827fc26ee,MLA22031298,OS_NAME,Nombre del sistema operativo,355776,Chrome OS,True,2025-04-03 12:09:12.796234,2025-04-03 12:09:12.796234
7ff7975e-22b2-4789-acc2-3b33247627ae,MLA22031298,STREAMING_TECHNOLOGIES,Tecnologías de streaming,,Chromecast,True,2025-04-03 12:09:12.796237,2025-04-03 12:09:12.796238
ec4df406-968c-443b-bc23-8f66b2a96a96,MLA22031298,AUDIO_QUALITY,Calidad de audio,,Dolby Audio,True,2025-04-03 12:09:12.796241,2025-04-03 12:09:12.796241
afbdb4d1-c2dd-465e-ad75-60e538c18448,MLA22031298,CPU,CPU,,Amlogic S905X3 Cortex-A55 Quad-Core,True,2025-04-03 12:09:12.796244,2025-04-03 12:09:12.796245
e1f0630e-4915-45b5-bed7-e971e98bb71f,MLA22031298,GRAPHICS_PROCESSOR,Procesador gráfico,7569896,Mali-G31 MP2,True,2025-04-03 12:09:12.796248,2025-04-03 12:09:12.796248
7ab05d9a-68dd-45ce-9976-f85817ff11ed,MLA22031298,WI_FI_STANDARDS,Estándares Wi-Fi,,IEEE 802.11ac,True,2025-04-03 12:09:12.796251,2025-04-03 12:09:12.796251
ed6a9bdd-9e64-4e14-b7f4-8a09773a7986,MLA22031298,FREQUENCIES,Frecuencias,,"2.4 GHz, 5 GHz",True,2025-04-03 12:09:12.796255,2025-04-03 12:09:12.796255
af03a596-284c-4b8e-b9c7-0ded34f63419,MLA22031298,DEVICE_OPERATING_VOLTAGE,Voltaje de funcionamiento,8631470,5 V,True,2025-04-03 12:09:12.796258,2025-04-03 12:09:12.796258
63558971-5a6c-4fd6-a28d-a6cd7b24eb3f,MLA42175416,BRAND,Marca,52701,Google,True,2025-04-03 12:09:12.796275,2025-04-03 12:09:12.796275
862b28e7-f218-4dfd-8619-c26a6b550311,MLA42175416,MODEL,Modelo,11281877,Chromecast,True,2025-04-03 12:09:12.796278,2025-04-03 12:09:12.796278
397902dd-830e-4e28-b5ff-8fbb6fae8ede,MLA42175416,GENERATION,Generación,8248559,3.ª generación,True,2025-04-03 12:09:12.796283,2025-04-03 12:09:12.796283
7df80d0c-84d2-4789-8d14-e7ecd4526191,MLA42175416,COLOR,Color,2249819,Carbón,True,2025-04-03 12:09:12.796286,2025-04-03 12:09:12.796286
a921d959-d4bb-456a-a51c-7f3185504b15,MLA42175416,REMOTE_CONTROL_TYPE,Tipo de control remoto,17535337,De voz,True,2025-04-03 12:09:12.796290,2025-04-03 12:09:12.796290
09a00c89-fd35-471c-8d72-58e19d66c45b,MLA42175416,DEVICE_FORMAT,Formato del dispositivo,9234856,Pendant Box,True,2025-04-03 12:09:12.796293,2025-04-03 12:09:12.796293
d3fd0b64-7ec0-4828-85cd-ed2f0f88a038,MLA42175416,MAX_VIDEO_RESOLUTION,Resolución máxima de video,168332,Full HD,True,2025-04-03 12:09:12.796297,2025-04-03 12:09:12.796297
0cd39d4b-b0e2-4f68-bd4d-2b3134816b0a,MLA42175416,COMPATIBLE_APPLICATIONS,Aplicaciones compatibles,,"Netflix, YouTube, Spotify",True,2025-04-03 12:09:12.796300,2025-04-03 12:09:12.796300
6160d187-a7b9-480f-842c-700f64ee61f9,MLA42175416,RECOMMENDED_DEVICES,Dispositivos recomendados,,"Celulares, Tablets, Computadoras portátiles",True,2025-04-03 12:09:12.796304,2025-04-03 12:09:12.796304
1b08b1ec-233e-440e-8e89-544f92d788bf,MLA42175416,AUDIO_AND_VIDEO_INTERFACES,Interfaces de audio y video,,HDMI,True,2025-04-03 12:09:12.796307,2025-04-03 12:09:12.796307
3f0013f2-eb8b-4520-bf4f-194cde2768be,MLA42175416,PORTS_AND_CONNECTORS_TYPES,Tipos de puertos y conectores,,Micro-USB,True,2025-04-03 12:09:12.796310,2025-04-03 12:09:12.796311
fba2c996-beee-4ba6-a6ad-559123eea764,MLA42175416,MANUFACTURER,Fabricante,52701,Google,True,2025-04-03 12:09:12.796314,2025-04-03 12:09:12.796314
49c9a658-face-4ced-be5b-c9c94a479c99,MLA42175416,WITH_BLUETOOTH,Con Bluetooth,242084,No,True,2025-04-03 12:09:12.796317,2025-04-03 12:09:12.796317
cbcb4284-7ecd-42c2-b135-fa7dd0b6556b,MLA42175416,WITH_WI_FI,Con Wi-Fi,242085,Sí,True,2025-04-03 12:09:12.796321,2025-04-03 12:09:12.796321
f1bbbf1e-82cd-4c3c-b962-1edc2a9cf9e4,MLA42175416,WITH_INTEGRATED_VOICE_ASSISTANTS,Con asistentes de voz integrados,242084,No,True,2025-04-03 12:09:12.796324,2025-04-03 12:09:12.796324
a09d4d70-d203-468d-ba21-ddd8b68acbbb,MLA42175416,INTEGRATED_VOICE_ASSISTANTS,Asistentes de voz integrados,,Google Assistant,True,2025-04-03 12:09:12.796328,2025-04-03 12:09:12.796328
bbd79d0c-c96c-46da-b1dc-f69cb2f572b0,MLA42175416,INCLUDES_HDMI_CABLE,Incluye cable HDMI,242085,Sí,True,2025-04-03 12:09:12.796331,2025-04-03 12:09:12.796331
45ae565b-4c1a-4b37-8d4a-7e6555d879b6,MLA42175416,INCLUDES_CELL_BATTERIES,Incluye pilas,242084,No,True,2025-04-03 12:09:12.796334,2025-04-03 12:09:12.796335
78c34316-c729-45cd-9ff9-98f500c0552a,MLA42175416,LENGTH,Largo,48553666,5.18 cm,True,2025-04-03 12:09:12.796338,2025-04-03 12:09:12.796338
52c76c29-dae9-4b2b-a6bf-69ea856cb5ef,MLA42175416,WIDTH,Ancho,48717962,5.19 cm,True,2025-04-03 12:09:12.796341,2025-04-03 12:09:12.796341
ea623a1e-a3b6-480d-b0ae-6b961bcb4e70,MLA42175416,HEIGHT,Altura,22237619,1.38 cm,True,2025-04-03 12:09:12.796345,2025-04-03 12:09:12.796345
4d877f98-6600-4bc1-a0fa-2dbd3ce3f146,MLA42175416,OS_NAME,Nombre del sistema operativo,355776,Chrome OS,True,2025-04-03 12:09:12.796348,2025-04-03 12:09:12.796348
56507abe-b60e-49a8-82e7-44387164c0e1,MLA42175416,STREAMING_TECHNOLOGIES,Tecnologías de streaming,,Chromecast,True,2025-04-03 12:09:12.796351,2025-04-03 12:09:12.796352
56260aac-0809-4b0f-add6-73844b39f483,MLA42175416,AUDIO_QUALITY,Calidad de audio,,Dolby Audio,True,2025-04-03 12:09:12.796355,2025-04-03 12:09:12.796355
a5747220-0490-4f84-9a61-2a2b928362db,MLA42175416,LANGUAGE_OPTIONS,Opciones de idioma,,Español,True,2025-04-03 12:09:12.796359,2025-04-03 12:09:12.796359
a4ede0c7-c05d-4d15-93e5-705758e93776,MLA42175416,CPU,CPU,,Cortex-A7 Dual-Core,True,2025-04-03 12:09:12.796362,2025-04-03 12:09:12.796362
6671b3de-27c0-4dfc-a7ed-04f570d85787,MLA42175416,GRAPHICS_PROCESSOR,Procesador gráfico,8249292,Mali-450,True,2025-04-03 12:09:12.796365,2025-04-03 12:09:12.796366
88105d54-2708-406f-8a81-cfad693dae26,MLA42175416,WI_FI_STANDARDS,Estándares Wi-Fi,,IEEE 802.11ac,True,2025-04-03 12:09:12.796369,2025-04-03 12:09:12.796369
90138088-8c88-4657-85d0-29c70ed3e163,MLA42175416,DEVICE_OPERATING_VOLTAGE,Voltaje de funcionamiento,8631470,5 V,True,2025-04-03 12:09:12.796372,2025-04-03 12:09:12.796372
05f4d02a-1727-4077-8fdd-e6468e090245,MLA25033818,BRAND,Marca,14965576,Jpcell,True,2025-04-03 12:09:12.796408,2025-04-03 12:09:12.796409
3ea1b381-2dae-4d7e-b358-c5e2276a736c,MLA25033818,LINE,Línea,340816,Chromecast,True,2025-04-03 12:09:12.796412,2025-04-03 12:09:12.796412
86dcd381-76d6-4bba-a237-cf96ecc4753c,MLA25033818,MODEL,Modelo,20428742,Chromecast 2,True,2025-04-03 12:09:12.796415,2025-04-03 12:09:12.796415
c98ea096-6847-44ec-9a0c-2e69bfea1b51,MLA25033818,GENERATION,Generación,8248559,3.ª generación,True,2025-04-03 12:09:12.796418,2025-04-03 12:09:12.796419
de2903f8-ba78-4fb7-b77b-db03f90d262d,MLA25033818,ALPHANUMERIC_MODEL,Modelo alfanumérico,21587851,GA00439-LA,True,2025-04-03 12:09:12.796422,2025-04-03 12:09:12.796422
3e4206ed-397f-4518-a4d0-4e3080a736dd,MLA25033818,STORAGE_CAPACITY,Capacidad de almacenamiento,18621,32 GB,True,2025-04-03 12:09:12.796425,2025-04-03 12:09:12.796426
e21500c0-1ee5-4d3e-9462-158dd0b16fda,MLA25033818,RAM_MEMORY,Memoria RAM,445970,2 GB,True,2025-04-03 12:09:12.796430,2025-04-03 12:09:12.796430
cbad2986-47eb-4afb-8ade-1a88771ec155,MLA25033818,REMOTE_CONTROL_TYPE,Tipo de control remoto,21587860,"Smartphone, Tablet",True,2025-04-03 12:09:12.796433,2025-04-03 12:09:12.796434
958cda4d-6c53-4283-a1d3-62101cbb7bc6,MLA25033818,DEVICE_FORMAT,Formato del dispositivo,9234856,Pendant Box,True,2025-04-03 12:09:12.796437,2025-04-03 12:09:12.796437
797fc7c1-42df-4fc4-b325-40f95e591b0e,MLA25033818,MAX_VIDEO_RESOLUTION,Resolución máxima de video,168332,Full HD,True,2025-04-03 12:09:12.796440,2025-04-03 12:09:12.796440
dab8dbcd-4e78-41cd-922b-16f7b4cb90e4,MLA25033818,COMPATIBLE_APPLICATIONS,Aplicaciones compatibles,,Netflix,True,2025-04-03 12:09:12.796444,2025-04-03 12:09:12.796444
169d0083-2c46-491b-9372-ea90d81b1df0,MLA25033818,RECOMMENDED_DEVICES,Dispositivos recomendados,,Televisores,True,2025-04-03 12:09:12.796447,2025-04-03 12:09:12.796447
631682e1-6c9a-423d-9b5a-7cd3fb5d92dd,MLA25033818,AUDIO_AND_VIDEO_INTERFACES,Interfaces de audio y video,,HDMI,True,2025-04-03 12:09:12.796450,2025-04-03 12:09:12.796451
d5975c7b-b92e-49be-9249-3b956a8f3893,MLA25033818,PORTS_AND_CONNECTORS_TYPES,Tipos de puertos y conectores,,Micro-USB,True,2025-04-03 12:09:12.796454,2025-04-03 12:09:12.796454
f038ba2f-956a-4c13-badd-c54c05c7ac0c,MLA25033818,WITH_BLUETOOTH,Con Bluetooth,242085,Sí,True,2025-04-03 12:09:12.796457,2025-04-03 12:09:12.796457
da9cf8fb-9be5-4238-9796-c49667ca95f8,MLA25033818,WITH_WI_FI,Con Wi-Fi,242085,Sí,True,2025-04-03 12:09:12.796461,2025-04-03 12:09:12.796461
8cc63a7a-b7c8-4289-94f5-d9826a7b745c,MLA25033818,LENGTH,Largo,48553666,5.18 cm,True,2025-04-03 12:09:12.796464,2025-04-03 12:09:12.796464
4cf605bb-3635-4006-b158-ec445b731c9d,MLA25033818,WIDTH,Ancho,48717962,5.19 cm,True,2025-04-03 12:09:12.796467,2025-04-03 12:09:12.796468
cf6fc3f6-834d-4b48-8623-6c03ad37b3aa,MLA25033818,HEIGHT,Altura,22237619,1.38 cm,True,2025-04-03 12:09:12.796471,2025-04-03 12:09:12.796471
022b2598-9c21-489e-aaa7-3434cb8b8da9,MLA25033818,WEIGHT,Peso,16353413,39 g,True,2025-04-03 12:09:12.796474,2025-04-03 12:09:12.796475
fbc8cf87-6b9d-4888-8e83-17b5c92453f0,MLA25033818,OS_NAME,Nombre del sistema operativo,296858,Android,True,2025-04-03 12:09:12.796478,2025-04-03 12:09:12.796478
d2a83ba7-37bf-484d-929d-5933f0ea3304,MLA25033818,AUDIO_QUALITY,Calidad de audio,,Dolby Digital 5.1,True,2025-04-03 12:09:12.796481,2025-04-03 12:09:12.796481
ce62d4b0-8d71-4179-9dfa-e7df82d6bbe8,MLA25033818,MIN_OPERATING_SYSTEMS_REQUIRED,Sistemas operativos mínimos requeridos,,Android,True,2025-04-03 12:09:12.796485,2025-04-03 12:09:12.796485
26cba018-0bf0-4ddf-a34e-b27765385d8c,MLA25033818,CPU,CPU,,230,True,2025-04-03 12:09:12.796488,2025-04-03 12:09:12.796488
4f4ed9f7-c041-444e-9f4d-c6c0e32822e8,MLA25033818,GRAPHICS_PROCESSOR,Procesador gráfico,7569896,Mali-G31 MP2,True,2025-04-03 12:09:12.796492,2025-04-03 12:09:12.796492
f04b269e-689e-4cbe-beb8-462167a57505,MLA25033818,WI_FI_STANDARDS,Estándares Wi-Fi,,IEEE 802.11ac,True,2025-04-03 12:09:12.796496,2025-04-03 12:09:12.796496
379dfafb-cb37-4b08-936d-4e1180da5015,MLA25033818,FREQUENCIES,Frecuencias,,2.4 GHz,True,2025-04-03 12:09:12.796500,2025-04-03 12:09:12.796500
2f5b5112-2711-419f-9a5d-e3ac7ee5aeb4,MLA25033818,DEVICE_OPERATING_VOLTAGE,Voltaje de funcionamiento,8631470,5 V,True,2025-04-03 12:09:12.796503,2025-04-03 12:09:12.796503
bccde0e5-4bfb-4335-8eb6-33d58444b31d,MLA23224959,BRAND,Marca,19079620,Dynalink,True,2025-04-03 12:09:12.796556,2025-04-03 12:09:12.796556
e2308a91-87f5-419a-9d7a-1c8718d466f7,MLA23224959,MODEL,Modelo,8894347,TV Box 4K,True,2025-04-03 12:09:12.796560,2025-04-03 12:09:12.796560
84d70725-22bc-4263-b86d-ef675378de24,MLA23224959,ALPHANUMERIC_MODEL,Modelo alfanumérico,19079619,DL-ATV36,True,2025-04-03 12:09:12.796563,2025-04-03 12:09:12.796563
8bd2e3f8-0cbd-4da4-ab56-0d9291f72add,MLA23224959,COLOR,Color,52049,Negro,True,2025-04-03 12:09:12.796567,2025-04-03 12:09:12.796567
2dea0dd7-e764-4a16-afc4-586bd7790368,MLA23224959,STORAGE_CAPACITY,Capacidad de almacenamiento,18646,8 GB,True,2025-04-03 12:09:12.796570,2025-04-03 12:09:12.796570
05149e19-a557-4d2b-be4d-6d5dd451c80a,MLA23224959,RAM_MEMORY,Memoria RAM,445970,2 GB,True,2025-04-03 12:09:12.796574,2025-04-03 12:09:12.796574
27f2a701-3504-4cc2-b29f-8bf80d356b91,MLA23224959,REMOTE_CONTROL_TYPE,Tipo de control remoto,18802055,De voz,True,2025-04-03 12:09:12.796577,2025-04-03 12:09:12.796577
a2bc9d59-d7ea-4782-9722-53e5f79f8f38,MLA23224959,DEVICE_FORMAT,Formato del dispositivo,8616495,TV Box,True,2025-04-03 12:09:12.796580,2025-04-03 12:09:12.796581
546992aa-97c0-4ceb-8677-1e822d3ad24f,MLA23224959,MAX_VIDEO_RESOLUTION,Resolución máxima de video,169883,4K,True,2025-04-03 12:09:12.796584,2025-04-03 12:09:12.796584
bbe66097-dd34-42bc-882f-2632f3ed5f86,MLA23224959,AUDIO_AND_VIDEO_INTERFACES,Interfaces de audio y video,,"4k, HDMI, Hdr",True,2025-04-03 12:09:12.796587,2025-04-03 12:09:12.796588
714ab4bd-521e-463c-b596-3125440a5cce,MLA23224959,WITH_BLUETOOTH,Con Bluetooth,242085,Sí,True,2025-04-03 12:09:12.796591,2025-04-03 12:09:12.796591
e1e4ecd4-f37b-42a1-a5c7-28da86eb0d38,MLA23224959,WITH_WI_FI,Con Wi-Fi,242085,Sí,True,2025-04-03 12:09:12.796594,2025-04-03 12:09:12.796594
2c9aedd6-3097-4d00-8c5b-6fdd7a6bad11,MLA23224959,INCLUDES_HDMI_CABLE,Incluye cable HDMI,242085,Sí,True,2025-04-03 12:09:12.796597,2025-04-03 12:09:12.796598
154accab-9b41-4451-a007-0da6d1f37d23,MLA23224959,OS_NAME,Nombre del sistema operativo,296858,Android,True,2025-04-03 12:09:12.796601,2025-04-03 12:09:12.796601
02232dfd-5814-408b-9a85-a78cca074d48,MLA42037252,BRAND,Marca,52701,Google,True,2025-04-03 12:09:12.796625,2025-04-03 12:09:12.796625
1c5a0230-95bf-4c5b-8593-70da5b8fd500,MLA42037252,LINE,Línea,340816,Chromecast,True,2025-04-03 12:09:12.796628,2025-04-03 12:09:12.796629
16c5d2ae-8d70-4dd1-b86d-1219dcc908c9,MLA42037252,MODEL,Modelo,43653180,GA00439 JP,True,2025-04-03 12:09:12.796632,2025-04-03 12:09:12.796632
85fe86c1-9187-44c5-92b0-52a538ec128c,MLA42037252,COLOR,Color,24190807,Carbón vegetal,True,2025-04-03 12:09:12.796635,2025-04-03 12:09:12.796635
2f45853f-cfbf-4cec-ab34-7f2d3e3563f3,MLA42037252,MAIN_COLOR,Color principal,2450295,Negro,True,2025-04-03 12:09:12.796639,2025-04-03 12:09:12.796639
4b7aa1c9-32fa-4d35-872f-b8b02eec84f3,MLA42037252,DEVICE_FORMAT,Formato del dispositivo,9234856,Pendant Box,True,2025-04-03 12:09:12.796642,2025-04-03 12:09:12.796642
cda1cd56-1d94-4db0-b9e8-8559e5e2012d,MLA42037252,MAX_VIDEO_RESOLUTION,Resolución máxima de video,169883,4K,True,2025-04-03 12:09:12.796645,2025-04-03 12:09:12.796646
5d4f448b-4b09-462b-9e4f-5c64f3f0056b,MLA42037252,COMPATIBLE_APPLICATIONS,Aplicaciones compatibles,,Amazon Prime Video,True,2025-04-03 12:09:12.796649,2025-04-03 12:09:12.796649
5c661f2e-49f2-43a0-b750-5ad8f47dc95d,MLA42037252,AUDIO_AND_VIDEO_INTERFACES,Interfaces de audio y video,,HDMI,True,2025-04-03 12:09:12.796652,2025-04-03 12:09:12.796653
5ad98307-5a08-400f-b2d6-e2972531dc1b,MLA42037252,PORTS_AND_CONNECTORS_TYPES,Tipos de puertos y conectores,,HDMI,True,2025-04-03 12:09:12.796656,2025-04-03 12:09:12.796656
0d3312f8-fd6d-4c7b-8853-bc9ea419e767,MLA42037252,MANUFACTURER,Fabricante,52701,Google,True,2025-04-03 12:09:12.796659,2025-04-03 12:09:12.796659
8c60ddc3-e553-4b32-9dfe-4c86c62f7e2f,MLA42037252,STREAMING_TECHNOLOGIES,Tecnologías de streaming,,Chromecast,True,2025-04-03 12:09:12.796663,2025-04-03 12:09:12.796663
ce886996-0b81-462d-8852-e901639dd87e,MLA42037252,LANGUAGE_OPTIONS,Opciones de idioma,,Inglés,True,2025-04-03 12:09:12.796666,2025-04-03 12:09:12.796666
23a804e8-7240-48eb-b976-1ce518be28a9,MLA42037252,CPU,CPU,,Amlogic S905X3 Cortex-A55 Quad-Core,True,2025-04-03 12:09:12.796670,2025-04-03 12:09:12.796670
048ea7cf-9ff9-4156-8959-5c08deb45617,MLA42037252,WI_FI_STANDARDS,Estándares Wi-Fi,,IEEE 802.11ac,True,2025-04-03 12:09:12.796673,2025-04-03 12:09:12.796673
ebbbd21a-6b0f-4000-b6a2-bf29ac944d70,MLA42037252,DEVICE_OPERATING_VOLTAGE,Voltaje de funcionamiento,8631470,5 V,True,2025-04-03 12:09:12.796676,2025-04-03 12:09:12.796677
57f77ae8-4a91-4468-8a05-8a4ec4283424,MLA37555064,BRAND,Marca,38053550,uramircle,True,2025-04-03 12:09:12.796699,2025-04-03 12:09:12.796699
15a6f62a-4a88-4837-b7f0-d1c78e09af12,MLA38485694,BRAND,Marca,27753328,WiiM,True,2025-04-03 12:09:12.796740,2025-04-03 12:09:12.796740
5d0116e9-0947-4081-909d-257ea7df9628,MLA38485694,MODEL,Modelo,39667470,ASR003,True,2025-04-03 12:09:12.796744,2025-04-03 12:09:12.796744
e2560eac-41fe-4ac6-8efc-f7c7a8a6fcf8,MLA38485694,GENERATION,Generación,34510141,1era,True,2025-04-03 12:09:12.796747,2025-04-03 12:09:12.796747
ee82f6e7-c30c-48eb-ac7c-09aec54ae727,MLA38485694,ALPHANUMERIC_MODEL,Modelo alfanumérico,34510140,ASR001,True,2025-04-03 12:09:12.796751,2025-04-03 12:09:12.796751
d08f88ab-f6e2-4ec8-9700-532b6fbd8ebc,MLA38485694,COLOR,Color,52049,Negro,True,2025-04-03 12:09:12.796754,2025-04-03 12:09:12.796754
11c1573e-445d-4f18-9b38-4fccd5e9d60c,MLA38485694,REMOTE_CONTROL_TYPE,Tipo de control remoto,17535337,De voz,True,2025-04-03 12:09:12.796757,2025-04-03 12:09:12.796758
c77de259-1428-45c9-8b86-3e39dce562f6,MLA38485694,DEVICE_FORMAT,Formato del dispositivo,8616496,Stick,True,2025-04-03 12:09:12.796761,2025-04-03 12:09:12.796761
4b7ce124-ef64-447f-b3e7-44d7981ef274,MLA38485694,AUDIO_AND_VIDEO_INTERFACES,Interfaces de audio y video,,S/PDIF óptico,True,2025-04-03 12:09:12.796764,2025-04-03 12:09:12.796765
48e487e0-4702-420d-9189-8fd4c725fa13,MLA26595419,BRAND,Marca,4812724,MiraScreen,True,2025-04-03 12:09:12.796781,2025-04-03 12:09:12.796781
8c81e0be-cec2-474e-9aec-7d61f1028c12,MLA26595419,LINE,Línea,340816,Chromecast,True,2025-04-03 12:09:12.796784,2025-04-03 12:09:12.796784
0a2c7a93-5af3-44a6-bf5f-505bf8e569bc,MLA26595419,MODEL,Modelo,10490337,G2S,True,2025-04-03 12:09:12.796787,2025-04-03 12:09:12.796787
b387e910-1e64-4f97-b4b3-d70534a40693,MLA26595419,ALPHANUMERIC_MODEL,Modelo alfanumérico,16420900,Anycast,True,2025-04-03 12:09:12.796790,2025-04-03 12:09:12.796790
60a76c61-75c2-4696-9a69-19d27f84c767,MLA26595419,COLOR,Color,52055,Blanco,True,2025-04-03 12:09:12.796793,2025-04-03 12:09:12.796793
0138fa0e-8948-418e-b0cf-28b56bdbe570,MLA26595419,STORAGE_CAPACITY,Capacidad de almacenamiento,15338726,0 MB,True,2025-04-03 12:09:12.796796,2025-04-03 12:09:12.796796
79469a1c-791f-4eb4-8bf4-0c776599c54c,MLA26595419,RAM_MEMORY,Memoria RAM,98978,1 GB,True,2025-04-03 12:09:12.796800,2025-04-03 12:09:12.796800
13f7023d-0550-451b-9d04-0d21ec99c192,MLA26595419,DEVICE_FORMAT,Formato del dispositivo,9234856,Pendant Box,True,2025-04-03 12:09:12.796804,2025-04-03 12:09:12.796804
bf62e797-53ef-4f8c-966d-0b08af20d8be,MLA26595419,AUDIO_AND_VIDEO_INTERFACES,Interfaces de audio y video,,HDMI,True,2025-04-03 12:09:12.796807,2025-04-03 12:09:12.796807
a605a867-c8c0-4591-a7a7-7e8e75e37513,MLA26595419,WITH_WI_FI,Con Wi-Fi,242085,Sí,True,2025-04-03 12:09:12.796810,2025-04-03 12:09:12.796810
3dc48532-840b-4d86-abe9-6fc3fe064997,MLA26595419,INCLUDES_HDMI_CABLE,Incluye cable HDMI,242085,Sí,True,2025-04-03 12:09:12.796813,2025-04-03 12:09:12.796813
61da8633-c581-43eb-bbeb-953c1279e624,MLA23140666,BRAND,Marca,4812724,MiraScreen,True,2025-04-03 12:09:12.796870,2025-04-03 12:09:12.796870
4c8568c6-6933-4c9f-8be9-bb9182c4b2a1,MLA23140666,MODEL,Modelo,583007,New,True,2025-04-03 12:09:12.796874,2025-04-03 12:09:12.796874
1d8734f6-6c28-4aa9-9ecc-c7f25374b168,MLA23140666,ALPHANUMERIC_MODEL,Modelo alfanumérico,13742798,1080P,True,2025-04-03 12:09:12.796877,2025-04-03 12:09:12.796877
dcf88285-089a-4b3c-950d-517de2c8f408,MLA23140666,COLOR,Color,52049,Negro,True,2025-04-03 12:09:12.796880,2025-04-03 12:09:12.796881
fbde688c-65fb-4c21-86ea-7046f809972a,MLA23140666,STORAGE_CAPACITY,Capacidad de almacenamiento,122667,128 MB,True,2025-04-03 12:09:12.796884,2025-04-03 12:09:12.796884
22b997e5-cd56-4f08-a172-26afdacfed1d,MLA23140666,RAM_MEMORY,Memoria RAM,579537,16 MB,True,2025-04-03 12:09:12.796887,2025-04-03 12:09:12.796887
d0248e11-b7ce-4be7-9d88-14d7f15c629d,MLA23140666,DEVICE_FORMAT,Formato del dispositivo,8616496,Stick,True,2025-04-03 12:09:12.796890,2025-04-03 12:09:12.796890
9aa6bd35-bf7f-4139-877b-0b33d9b63c98,MLA23140666,MAX_VIDEO_RESOLUTION,Resolución máxima de video,168332,Full HD,True,2025-04-03 12:09:12.796893,2025-04-03 12:09:12.796893
84e0cf24-f244-4094-be02-993dcc5dba98,MLA23140666,RECOMMENDED_DEVICES,Dispositivos recomendados,,"PC, Proyectores, Televisores con HDMI",True,2025-04-03 12:09:12.796896,2025-04-03 12:09:12.796897
d3a37867-be8e-44b0-8ebd-3153717ab56e,MLA23140666,WITH_WI_FI,Con Wi-Fi,242085,Sí,True,2025-04-03 12:09:12.796899,2025-04-03 12:09:12.796900
4fb07704-1a6c-40d1-8ece-715e5dbb21dc,MLA23140666,INCLUDES_HDMI_CABLE,Incluye cable HDMI,242085,Sí,True,2025-04-03 12:09:12.796903,2025-04-03 12:09:12.796903
fba24b46-2d4a-4491-aad2-3275bf0facc8,MLA23140666,OS_NAME,Nombre del sistema operativo,8847381,Linux 3.0.8,True,2025-04-03 12:09:12.796906,2025-04-03 12:09:12.796906
2e0b3ed6-aa3a-4e95-9a82-2933ee0a97b0,MLA23140666,GRAPHICS_PROCESSOR,Procesador gráfico,7738792,Mali-400,True,2025-04-03 12:09:12.796909,2025-04-03 12:09:12.796909
08b8049a-7f2e-481d-a7e0-f3c28a8cfa75,MLA28939456,BRAND,Marca,8847380,AnyCast,True,2025-04-03 12:09:12.796946,2025-04-03 12:09:12.796946
b9956da0-1e59-4fa0-8657-a6636299161c,MLA28939456,LINE,Línea,11711631,TV,True,2025-04-03 12:09:12.796951,2025-04-03 12:09:12.796951
9af42da0-9e40-4055-bb91-04dcd6207f2f,MLA28939456,MODEL,Modelo,43710,M9,True,2025-04-03 12:09:12.796956,2025-04-03 12:09:12.796956
fa5a89be-3ee7-40c9-aa76-f4c313c35eae,MLA28939456,COLOR,Color,52049,Negro,True,2025-04-03 12:09:12.796963,2025-04-03 12:09:12.796963
f0619bfd-8643-43dc-8e65-0b8e921bcbc3,MLA28939456,STORAGE_CAPACITY,Capacidad de almacenamiento,15338726,0 MB,True,2025-04-03 12:09:12.796967,2025-04-03 12:09:12.796967
df47cc20-4969-4397-83dd-45da5602b463,MLA28939456,RAM_MEMORY,Memoria RAM,3565862,128 GB,True,2025-04-03 12:09:12.796970,2025-04-03 12:09:12.796970
b432cd5e-d018-4f2e-862c-c7e89fb0a2ab,MLA28939456,DEVICE_FORMAT,Formato del dispositivo,8616496,Stick,True,2025-04-03 12:09:12.796973,2025-04-03 12:09:12.796973
bc5c8c4b-1612-45f6-a3da-9cb2806f875b,MLA28939456,MAX_VIDEO_RESOLUTION,Resolución máxima de video,168332,Full HD,True,2025-04-03 12:09:12.796976,2025-04-03 12:09:12.796976
3c13ce89-6686-4917-9033-adef60912cb0,MLA28939456,COMPATIBLE_APPLICATIONS,Aplicaciones compatibles,,EZMira,True,2025-04-03 12:09:12.796979,2025-04-03 12:09:12.796979
a4baafee-d9d7-4215-b2d4-977de4e64b92,MLA28939456,RECOMMENDED_DEVICES,Dispositivos recomendados,,"Celulares, Computadoras, Monitores, Proyectores, Tablets, Televisores",True,2025-04-03 12:09:12.796982,2025-04-03 12:09:12.796983
8a4a8c15-c14b-4c67-b36f-1d5002910059,MLA28939456,AUDIO_AND_VIDEO_INTERFACES,Interfaces de audio y video,,HDMI,True,2025-04-03 12:09:12.796985,2025-04-03 12:09:12.796986
38fcadef-59c1-4d13-8bd1-6f591149a67e,MLA28939456,PORTS_AND_CONNECTORS_TYPES,Tipos de puertos y conectores,,Micro-USB,True,2025-04-03 12:09:12.796989,2025-04-03 12:09:12.796989
015a9a80-5608-453e-a6c7-879faa154a34,MLA28939456,WITH_WI_FI,Con Wi-Fi,242085,Sí,True,2025-04-03 12:09:12.796992,2025-04-03 12:09:12.796992
28b971a1-07d4-4caf-8d05-c8e7e457c735,MLA28939456,LENGTH,Largo,16499141,5.8 cm,True,2025-04-03 12:09:12.796995,2025-04-03 12:09:12.796995
9608c926-7ece-4dbf-a082-02dab6ee0bac,MLA28939456,WIDTH,Ancho,14941101,3.6 cm,True,2025-04-03 12:09:12.796998,2025-04-03 12:09:12.796998
a6cbd34c-ca8e-42be-ad2d-7e3aa70b078b,MLA28939456,HEIGHT,Altura,10576860,1.3 cm,True,2025-04-03 12:09:12.797001,2025-04-03 12:09:12.797001
15371559-713c-4a38-9ef5-22d503551936,MLA28939456,OS_NAME,Nombre del sistema operativo,355777,Linux,True,2025-04-03 12:09:12.797004,2025-04-03 12:09:12.797005
f45cab0b-b831-43e5-8802-df618f6a5041,MLA28939456,STREAMING_TECHNOLOGIES,Tecnologías de streaming,,"Miracast, DLNA, AirPlay",True,2025-04-03 12:09:12.797008,2025-04-03 12:09:12.797008
ce65339e-91de-4138-8e65-4b504b7bf83e,MLA28939456,MIN_OPERATING_SYSTEMS_REQUIRED,Sistemas operativos mínimos requeridos,,"Android, Windows, iOS, macOS",True,2025-04-03 12:09:12.797011,2025-04-03 12:09:12.797011
e66431f6-4ee1-49b8-9b02-2063f0f197e8,MLA28939456,CPU,CPU,,Amlogic AM8268C,True,2025-04-03 12:09:12.797014,2025-04-03 12:09:12.797014
d7707a9c-ae55-4936-851e-5c95b14f74b6,MLA28939456,FREQUENCIES,Frecuencias,,"2.4 GHz, 5 GHz",True,2025-04-03 12:09:12.797017,2025-04-03 12:09:12.797017
2aa8d413-a7fe-473a-82aa-9522b63e2ef3,MLA28939456,DEVICE_OPERATING_VOLTAGE,Voltaje de funcionamiento,8631470,5 V,True,2025-04-03 12:09:12.797020,2025-04-03 12:09:12.797020
321d1f70-fc1d-4a7e-9248-57f66b9000e3,MLA32379039,BRAND,Marca,52701,Google,True,2025-04-03 12:09:12.797073,2025-04-03 12:09:12.797073
4d65380d-589b-4036-8366-629e9701d4d6,MLA32379039,LINE,Línea,340816,Chromecast,True,2025-04-03 12:09:12.797076,2025-04-03 12:09:12.797076
e49454b9-edc1-451a-903f-ed5a1ff15e98,MLA32379039,MODEL,Modelo,49385964,Google Home Mini & Chromecast,True,2025-04-03 12:09:12.797079,2025-04-03 12:09:12.797079
4d8c09fd-1eea-4372-bfbe-8da88f610e42,MLA32379039,GENERATION,Generación,11281876,2.ª generación,True,2025-04-03 12:09:12.797082,2025-04-03 12:09:12.797082
53c2e30d-e0fd-46f9-a1ac-283b554efe1c,MLA32379039,ALPHANUMERIC_MODEL,Modelo alfanumérico,49385965,Google Home Mini & Chromecast,True,2025-04-03 12:09:12.797085,2025-04-03 12:09:12.797085
1d6419fa-adf9-403d-b606-09618b5b2f9b,MLA32379039,COLOR,Color,52049,Negro,True,2025-04-03 12:09:12.797088,2025-04-03 12:09:12.797088
dbb90ac3-21c2-444b-bcf4-2fed1c4ebf46,MLA32379039,STORAGE_CAPACITY,Capacidad de almacenamiento,18627,2 GB,True,2025-04-03 12:09:12.797093,2025-04-03 12:09:12.797093
fd3a134c-431d-4a02-8eb1-218cb665813e,MLA32379039,RAM_MEMORY,Memoria RAM,154947,512 MB,True,2025-04-03 12:09:12.797096,2025-04-03 12:09:12.797096
fbf7b9c3-dce3-4868-9a47-076ba69283fa,MLA32379039,DEVICE_FORMAT,Formato del dispositivo,8616495,TV Box,True,2025-04-03 12:09:12.797099,2025-04-03 12:09:12.797099
35a66f4f-d49b-4214-82e0-4e633aca44ab,MLA32379039,MAX_VIDEO_RESOLUTION,Resolución máxima de video,168332,Full HD,True,2025-04-03 12:09:12.797102,2025-04-03 12:09:12.797102
378ebe9f-19ee-49f8-b94a-88d7eeb1756f,MLA32379039,AUDIO_AND_VIDEO_INTERFACES,Interfaces de audio y video,,HDMI,True,2025-04-03 12:09:12.797105,2025-04-03 12:09:12.797105
343abfb3-40d0-4906-abe6-23fdd466d123,MLA32379039,WEIGHT,Peso,20619471,898 g,True,2025-04-03 12:09:12.797108,2025-04-03 12:09:12.797108
efe907c0-d11a-4b55-b4a2-2fd61cd7fa92,MLA27081846,BRAND,Marca,8847380,AnyCast,True,2025-04-03 12:09:12.797132,2025-04-03 12:09:12.797133
9df8d22a-3573-45d2-905e-568e6453e418,MLA27081846,LINE,Línea,24331888,Chromecast AnyCast,True,2025-04-03 12:09:12.797135,2025-04-03 12:09:12.797136
3303237d-d9c1-4808-a620-1b4719249e83,MLA27081846,MODEL,Modelo,43710,M9,True,2025-04-03 12:09:12.797139,2025-04-03 12:09:12.797139
e80d075f-cf10-48c0-8daf-0778eda71019,MLA27081846,COLOR,Color,52049,Negro,True,2025-04-03 12:09:12.797142,2025-04-03 12:09:12.797142
76709dff-a51a-4085-a0d6-24db4ef4a1af,MLA27081846,STORAGE_CAPACITY,Capacidad de almacenamiento,17072,256 MB,True,2025-04-03 12:09:12.797145,2025-04-03 12:09:12.797146
a71fad19-19b5-42e0-b02b-c68081988074,MLA27081846,RAM_MEMORY,Memoria RAM,9051468,256 GB,True,2025-04-03 12:09:12.797149,2025-04-03 12:09:12.797149
0edaf295-9207-48cb-8591-92a6c4dd77cd,MLA27081846,DEVICE_FORMAT,Formato del dispositivo,8616496,Stick,True,2025-04-03 12:09:12.797152,2025-04-03 12:09:12.797152
d2227104-c74a-4919-80b6-6e0fd6fef435,MLA27081846,MAX_VIDEO_RESOLUTION,Resolución máxima de video,168332,Full HD,True,2025-04-03 12:09:12.797156,2025-04-03 12:09:12.797157
18ac5725-d05c-4861-88eb-8d55a2f18fda,MLA27081846,COMPATIBLE_APPLICATIONS,Aplicaciones compatibles,,EZMira,True,2025-04-03 12:09:12.797160,2025-04-03 12:09:12.797160
95d4c3a1-b6a1-4f34-9361-55224c6bc7c8,MLA27081846,RECOMMENDED_DEVICES,Dispositivos recomendados,,"Celulares, Computadoras, Monitores, Proyectores, Tablets, Televisores",True,2025-04-03 12:09:12.797163,2025-04-03 12:09:12.797163
4c6e445f-e605-4b14-b5c6-274dddb36258,MLA27081846,AUDIO_AND_VIDEO_INTERFACES,Interfaces de audio y video,,HDMI,True,2025-04-03 12:09:12.797166,2025-04-03 12:09:12.797166
6fdebb45-2cec-4a84-b69e-3a2529ee0ade,MLA27081846,PORTS_AND_CONNECTORS_TYPES,Tipos de puertos y conectores,,Micro-USB,True,2025-04-03 12:09:12.797169,2025-04-03 12:09:12.797169
ca66022f-79a3-4dc2-a39b-e007fe95961a,MLA27081846,WITH_WI_FI,Con Wi-Fi,242085,Sí,True,2025-04-03 12:09:12.797172,2025-04-03 12:09:12.797172
d8a80306-95dd-4480-8fc9-0ed8da076d83,MLA27081846,LENGTH,Largo,16499141,5.8 cm,True,2025-04-03 12:09:12.797175,2025-04-03 12:09:12.797175
3af3a679-7e1c-41c2-81e8-e8c80bccfbe1,MLA27081846,WIDTH,Ancho,14941101,3.6 cm,True,2025-04-03 12:09:12.797178,2025-04-03 12:09:12.797179
f332fb3f-d009-445a-9e75-6333825de7d3,MLA27081846,HEIGHT,Altura,10576860,1.3 cm,True,2025-04-03 12:09:12.797181,2025-04-03 12:09:12.797182
02a32f4f-2a96-4112-9862-1d8917b080b1,MLA27081846,OS_NAME,Nombre del sistema operativo,355777,Linux,True,2025-04-03 12:09:12.797185,2025-04-03 12:09:12.797185
69b5fbc6-ffad-4714-832a-53f1bc262740,MLA27081846,STREAMING_TECHNOLOGIES,Tecnologías de streaming,,"Miracast, DLNA, AirPlay",True,2025-04-03 12:09:12.797188,2025-04-03 12:09:12.797188
4563ffb0-ad3b-4834-a49b-1328906c127b,MLA27081846,MIN_OPERATING_SYSTEMS_REQUIRED,Sistemas operativos mínimos requeridos,,"Android, Windows, iOS, macOS",True,2025-04-03 12:09:12.797191,2025-04-03 12:09:12.797191
f09a8a18-79ce-4f16-bb1d-3c3fdef6614c,MLA27081846,CPU,CPU,,Am8268c,True,2025-04-03 12:09:12.797194,2025-04-03 12:09:12.797194
69c57508-4b02-4307-9419-8d022aa9780d,MLA27081846,FREQUENCIES,Frecuencias,,"2.4 GHz, 5 GHz",True,2025-04-03 12:09:12.797197,2025-04-03 12:09:12.797197
2c33c86c-8f6b-4164-8db8-7dfeb2aba4df,MLA27081846,DEVICE_OPERATING_VOLTAGE,Voltaje de funcionamiento,8631470,5 V,True,2025-04-03 12:09:12.797200,2025-04-03 12:09:12.797200
1c5a74c0-96c4-4031-9146-a1886d22e05c,MLA36834510,BRAND,Marca,103546,Spigen,True,2025-04-03 12:09:12.797221,2025-04-03 12:09:12.797221
01d045b1-7160-4cbc-9d60-1b71d2cd7fc5,MLA36300441,BRAND,Marca,52701,Google,True,2025-04-03 12:09:12.797243,2025-04-03 12:09:12.797243
39e0f97f-60e2-4a9a-90d9-b74e8c5807e4,MLA36300441,LINE,Línea,340816,Chromecast,True,2025-04-03 12:09:12.797246,2025-04-03 12:09:12.797246
ab393b79-2944-413d-9f4a-ed0b38857b50,MLA36300441,MODEL,Modelo,11281877,Chromecast,True,2025-04-03 12:09:12.797249,2025-04-03 12:09:12.797249
8da2326f-4e5a-4aff-9869-72f208f37f44,MLA36300441,GENERATION,Generación,10910111,4.ª generación,True,2025-04-03 12:09:12.797252,2025-04-03 12:09:12.797252
8fd8ac26-abf9-41d4-a01a-7f9a1ea67efb,MLA36300441,COLOR,Color,52051,Gris oscuro,True,2025-04-03 12:09:12.797255,2025-04-03 12:09:12.797255
8075ab5c-5571-418b-90ad-faefe8e2a464,MLA36300441,DEVICE_FORMAT,Formato del dispositivo,9234856,Pendant Box,True,2025-04-03 12:09:12.797258,2025-04-03 12:09:12.797258
c9668059-5474-4b1f-ab4d-05261fe75619,MLA36300441,MAX_VIDEO_RESOLUTION,Resolución máxima de video,168331,HD,True,2025-04-03 12:09:12.797261,2025-04-03 12:09:12.797262
fb38be26-2faf-4684-b266-1d95ce4826bc,MLA36300441,COMPATIBLE_APPLICATIONS,Aplicaciones compatibles,,"Amazon Prime Video, Netflix, Spotify, YouTube, HBO Now",True,2025-04-03 12:09:12.797264,2025-04-03 12:09:12.797265
68d6b59d-9598-4454-aa76-42b2c8d54843,MLA36300441,RECOMMENDED_DEVICES,Dispositivos recomendados,,"Tablets, Celulares, Computadoras, Televisores",True,2025-04-03 12:09:12.797267,2025-04-03 12:09:12.797268
6f5e58df-657e-4aca-acf2-4940166ec2b3,MLA36300441,PORTS_AND_CONNECTORS_TYPES,Tipos de puertos y conectores,,USB-C,True,2025-04-03 12:09:12.797270,2025-04-03 12:09:12.797271
6085aaf9-5b90-4b4d-950c-4ed63aedacd1,MLA36300441,MANUFACTURER,Fabricante,52701,Google,True,2025-04-03 12:09:12.797273,2025-04-03 12:09:12.797274
19a03756-30d9-4af8-8ce8-053594538073,MLA36300441,ANATEL_HOMOLOGATION_NUMBER,Homologación Anatel Nº,40365787,7541404818,True,2025-04-03 12:09:12.797277,2025-04-03 12:09:12.797277
0b1d7ba6-aa3d-4bca-a241-4d2f09dc1f69,MLA36300441,WITH_BLUETOOTH,Con Bluetooth,242085,Sí,True,2025-04-03 12:09:12.797280,2025-04-03 12:09:12.797280
972840f3-ad5b-4fd4-ac03-1cd6d225a047,MLA36300441,WITH_WI_FI,Con Wi-Fi,242085,Sí,True,2025-04-03 12:09:12.797284,2025-04-03 12:09:12.797284
ad9c28e5-343b-4540-be53-0abd577eb5cf,MLA36300441,WITH_INTEGRATED_VOICE_ASSISTANTS,Con asistentes de voz integrados,242085,Sí,True,2025-04-03 12:09:12.797287,2025-04-03 12:09:12.797287
1547f74f-3422-4d35-8a40-1a38e6d3b37c,MLA36300441,INTEGRATED_VOICE_ASSISTANTS,Asistentes de voz integrados,,Google Assistant,True,2025-04-03 12:09:12.797290,2025-04-03 12:09:12.797291
fba75d04-5d2e-4064-8d53-4c69f4aa00d8,MLA36300441,INCLUDES_HDMI_CABLE,Incluye cable HDMI,242085,Sí,True,2025-04-03 12:09:12.797293,2025-04-03 12:09:12.797294
905f0e7b-d372-4e1c-b8ad-c6929bf2b822,MLA36300441,INCLUDES_CELL_BATTERIES,Incluye pilas,242084,No,True,2025-04-03 12:09:12.797297,2025-04-03 12:09:12.797297
a5ac80fc-e981-4e49-87df-8c50d754ac98,MLA36300441,LENGTH,Largo,8927824,16.2 cm,True,2025-04-03 12:09:12.797300,2025-04-03 12:09:12.797300
54bdd3b5-c382-4509-b593-ebfc619b2570,MLA36300441,WIDTH,Ancho,8919901,6.1 cm,True,2025-04-03 12:09:12.797303,2025-04-03 12:09:12.797303
3ca34bcd-8f1c-4068-87e9-6649fc3a9b0e,MLA36300441,HEIGHT,Altura,8248374,1.25 cm,True,2025-04-03 12:09:12.797306,2025-04-03 12:09:12.797306
cc87d819-21eb-4fd4-9907-e0e5f2a5b6cb,MLA36300441,WEIGHT,Peso,5991223,1 kg,True,2025-04-03 12:09:12.797309,2025-04-03 12:09:12.797309
a0048427-509d-4f5a-963d-c19ec56dbd97,MLA36300441,OS_NAME,Nombre del sistema operativo,296858,Android,True,2025-04-03 12:09:12.797312,2025-04-03 12:09:12.797312
56b6617b-5562-4877-8150-c5fae21ee92e,MLA36300441,STREAMING_TECHNOLOGIES,Tecnologías de streaming,,Chromecast,True,2025-04-03 12:09:12.797315,2025-04-03 12:09:12.797315
319d6c89-7e02-4112-adf2-d3f1de2ae7bc,MLA36300441,AUDIO_QUALITY,Calidad de audio,,"Dolby Atmos, Dolby Digital, Dolby Digital Plus",True,2025-04-03 12:09:12.797318,2025-04-03 12:09:12.797318
5b19be69-9dbe-42b3-a06f-fead7231cefb,MLA36300441,LANGUAGE_OPTIONS,Opciones de idioma,,"Español, Inglés",True,2025-04-03 12:09:12.797321,2025-04-03 12:09:12.797321
e88b5c29-9524-41ea-8f92-cd9b900ab4e5,MLA36300441,MIN_OPERATING_SYSTEMS_REQUIRED,Sistemas operativos mínimos requeridos,,Android,True,2025-04-03 12:09:12.797324,2025-04-03 12:09:12.797324
9b2cbeab-b2c3-44f4-813d-166e481ca343,MLA36300441,CPU,CPU,,Amlogic S905X3 Cortex-A55 Quad-Core,True,2025-04-03 12:09:12.797327,2025-04-03 12:09:12.797327
28367337-6b2c-49f8-b7ac-d139906ecf97,MLA36300441,GRAPHICS_PROCESSOR,Procesador gráfico,7569896,Mali-G31 MP2,True,2025-04-03 12:09:12.797330,2025-04-03 12:09:12.797330
8e5ae44a-e762-4bd5-9d0f-6f643ca183b2,MLA36300441,WI_FI_STANDARDS,Estándares Wi-Fi,,IEEE 802.11ac,True,2025-04-03 12:09:12.797333,2025-04-03 12:09:12.797333
81736983-42de-422c-b0aa-fa1d0c76386d,MLA36300441,FREQUENCIES,Frecuencias,,"2.4 GHz, 5 GHz",True,2025-04-03 12:09:12.797336,2025-04-03 12:09:12.797337
fdbdc55e-03bc-4c7e-aab4-842d0e7b9581,MLA36300441,DEVICE_OPERATING_VOLTAGE,Voltaje de funcionamiento,8631470,5 V,True,2025-04-03 12:09:12.797339,2025-04-03 12:09:12.797340
be741fdb-6da4-470b-b1e5-0a4dced8c4ba,MLA35715335,BRAND,Marca,52701,Google,True,2025-04-03 12:09:12.797387,2025-04-03 12:09:12.797387
0a4c0d30-e77e-4f30-87e4-c20f3abd5fed,MLA35715335,LINE,Línea,340816,Chromecast,True,2025-04-03 12:09:12.797390,2025-04-03 12:09:12.797391
c33bcf80-4910-430e-96c6-1603be9c6405,MLA35715335,MODEL,Modelo,36264071,GOOHDMIIV,True,2025-04-03 12:09:12.797393,2025-04-03 12:09:12.797394
ff3075e2-4872-4b1c-9ff8-97182a73f480,MLA35715335,GENERATION,Generación,10910111,4.ª generación,True,2025-04-03 12:09:12.797397,2025-04-03 12:09:12.797397
7e8c12a5-575d-498b-9999-d56ab2150aee,MLA35715335,ALPHANUMERIC_MODEL,Modelo alfanumérico,36264070,GOOHDMIIV,True,2025-04-03 12:09:12.797400,2025-04-03 12:09:12.797400
b124d35a-6a4a-4715-ba6d-028b413f62b7,MLA35715335,COLOR,Color,52055,Blanco,True,2025-04-03 12:09:12.797403,2025-04-03 12:09:12.797403
980f1fee-9fec-4fb2-b949-274735a5d0a6,MLA35715335,STORAGE_CAPACITY,Capacidad de almacenamiento,18646,8 GB,True,2025-04-03 12:09:12.797406,2025-04-03 12:09:12.797407
c20a1312-9552-48fe-aa3a-f9f49f3cca32,MLA35715335,RAM_MEMORY,Memoria RAM,445970,2 GB,True,2025-04-03 12:09:12.797410,2025-04-03 12:09:12.797410
c2459024-d2a4-40d3-9e1b-36db79f83add,MLA35715335,MAIN_COLOR,Color principal,2450308,Blanco,True,2025-04-03 12:09:12.797413,2025-04-03 12:09:12.797413
fbbe1c75-ddbf-4641-937b-3605489b989c,MLA35715335,DEVICE_FORMAT,Formato del dispositivo,9234856,Pendant Box,True,2025-04-03 12:09:12.797416,2025-04-03 12:09:12.797416
3a28f3cc-d03a-498b-aae5-f76b28c2aca1,MLA35715335,MAX_VIDEO_RESOLUTION,Resolución máxima de video,13356127,Full HD 1080p,True,2025-04-03 12:09:12.797419,2025-04-03 12:09:12.797419
f34ec724-bb8b-4aec-bbc4-1f769875d1da,MLA35715335,COMPATIBLE_APPLICATIONS,Aplicaciones compatibles,,"YouTube, Netflix, Disney+, Prime Video, Spotify",True,2025-04-03 12:09:12.797422,2025-04-03 12:09:12.797422
89dd48ed-6a57-49c5-85e2-e01911992e31,MLA35715335,RECOMMENDED_DEVICES,Dispositivos recomendados,,"Celulares, Tablets",True,2025-04-03 12:09:12.797425,2025-04-03 12:09:12.797426
36519e0b-9683-4ef4-8201-76d3e77b049f,MLA35715335,AUDIO_AND_VIDEO_INTERFACES,Interfaces de audio y video,,"HDMI x 1, USB C x 1",True,2025-04-03 12:09:12.797429,2025-04-03 12:09:12.797429
bfed1470-4aab-4682-88ad-9b023c9a6e48,MLA35715335,PORTS_AND_CONNECTORS_TYPES,Tipos de puertos y conectores,,USB-C,True,2025-04-03 12:09:12.797432,2025-04-03 12:09:12.797432
89ccab2e-89d0-44d7-bb4a-8d045fb3299c,MLA35715335,MANUFACTURER,Fabricante,40905235,Google Llc,True,2025-04-03 12:09:12.797435,2025-04-03 12:09:12.797435
7a7abb41-04a6-4b76-a95f-2ba2a214c7ff,MLA35715335,WITH_BLUETOOTH,Con Bluetooth,242085,Sí,True,2025-04-03 12:09:12.797438,2025-04-03 12:09:12.797438
976c70d2-8962-4074-aa2c-c2def1072603,MLA35715335,WITH_WI_FI,Con Wi-Fi,242085,Sí,True,2025-04-03 12:09:12.797441,2025-04-03 12:09:12.797441
c139558a-9e04-418a-947e-58e3c252eeb2,MLA35715335,WITH_INTEGRATED_VOICE_ASSISTANTS,Con asistentes de voz integrados,242085,Sí,True,2025-04-03 12:09:12.797444,2025-04-03 12:09:12.797444
426114a5-e4ed-4c85-b520-d99c3d6e77ac,MLA35715335,INTEGRATED_VOICE_ASSISTANTS,Asistentes de voz integrados,,Google Assistant,True,2025-04-03 12:09:12.797447,2025-04-03 12:09:12.797448
9ef9489d-96b8-46cf-b71b-489de5d349f9,MLA35715335,INCLUDES_HDMI_CABLE,Incluye cable HDMI,242085,Sí,True,2025-04-03 12:09:12.797451,2025-04-03 12:09:12.797451
7bc7ba17-ff11-4d75-a822-b23b87239b7b,MLA35715335,INCLUDES_CELL_BATTERIES,Incluye pilas,242085,Sí,True,2025-04-03 12:09:12.797454,2025-04-03 12:09:12.797454
2ea3317d-74e6-4eef-8cf7-2be3a070d5ff,MLA35715335,LENGTH,Largo,28100612,16.25 cm,True,2025-04-03 12:09:12.797457,2025-04-03 12:09:12.797457
e1e3f04d-c8b0-4336-b64c-1fe48a2ca457,MLA35715335,WIDTH,Ancho,8919901,6.1 cm,True,2025-04-03 12:09:12.797460,2025-04-03 12:09:12.797460
83367b9b-5e0b-4e51-9937-0d06a6dd3d95,MLA35715335,HEIGHT,Altura,8248374,1.25 cm,True,2025-04-03 12:09:12.797463,2025-04-03 12:09:12.797463
1f4d3b1b-fa37-4e3f-b5e2-e4950993bb45,MLA35715335,WEIGHT,Peso,15993461,55 g,True,2025-04-03 12:09:12.797466,2025-04-03 12:09:12.797466
b8a50d91-603e-4332-b19e-dd2d0c91c4a5,MLA35715335,OS_NAME,Nombre del sistema operativo,296858,Android,True,2025-04-03 12:09:12.797469,2025-04-03 12:09:12.797469
e95f1b0d-1b36-4f0c-a353-f8081c8fe5eb,MLA35715335,STREAMING_TECHNOLOGIES,Tecnologías de streaming,,Google Cast,True,2025-04-03 12:09:12.797474,2025-04-03 12:09:12.797474
87525b63-5752-4d16-894a-50c0934bfe78,MLA35715335,AUDIO_QUALITY,Calidad de audio,,Dolby Audio,True,2025-04-03 12:09:12.797477,2025-04-03 12:09:12.797477
8f275f86-3601-45ad-91fa-da5a6f601729,MLA35715335,LANGUAGE_OPTIONS,Opciones de idioma,,"Inglés, Español",True,2025-04-03 12:09:12.797480,2025-04-03 12:09:12.797480
01a5b583-860e-4d7c-9191-69b320a3cfba,MLA35715335,CPU,CPU,,Amlogic S905X3 Cortex-A55 Quad-Core,True,2025-04-03 12:09:12.797483,2025-04-03 12:09:12.797483
e8a45350-283f-4fca-8614-1a059274fbcb,MLA35715335,GRAPHICS_PROCESSOR,Procesador gráfico,7569896,Mali-G31 MP2,True,2025-04-03 12:09:12.797486,2025-04-03 12:09:12.797486
3bf1063a-41ca-40f4-a980-0c80395ac320,MLA35715335,WI_FI_STANDARDS,Estándares Wi-Fi,,"2.4GHz, 5.8GHz",True,2025-04-03 12:09:12.797489,2025-04-03 12:09:12.797489
68bd2080-b5e0-4dfe-a424-2ce6f2f821ed,MLA35715335,FREQUENCIES,Frecuencias,,"2.4 GHz, 5 GHz",True,2025-04-03 12:09:12.797492,2025-04-03 12:09:12.797492
21313b06-d097-43bf-b76f-6bc55d5aee69,MLA35715335,DEVICE_OPERATING_VOLTAGE,Voltaje de funcionamiento,8631470,5 V,True,2025-04-03 12:09:12.797495,2025-04-03 12:09:12.797495
e4d0d199-5a79-4df1-a27c-23644a899882,MLA21494606,BRAND,Marca,7294334,Asus,True,2025-04-03 12:09:12.797519,2025-04-03 12:09:12.797519
3321984f-b9de-4d0f-9a99-f624280555b7,MLA21494606,MODEL,Modelo,16324460,Chromebit CS10,True,2025-04-03 12:09:12.797522,2025-04-03 12:09:12.797523
650c2f5b-b5ed-4544-9b96-7734cb80a95c,MLA21494606,COLOR,Color,52049,Negro,True,2025-04-03 12:09:12.797526,2025-04-03 12:09:12.797526
e722aa89-27c5-4b50-ae41-e7bf4c239726,MLA21494606,STORAGE_CAPACITY,Capacidad de almacenamiento,18614,16 GB,True,2025-04-03 12:09:12.797529,2025-04-03 12:09:12.797529
07488662-510c-433f-b4c3-3ea15f336c55,MLA21494606,REMOTE_CONTROL_TYPE,Tipo de control remoto,182134,Estándar,True,2025-04-03 12:09:12.797532,2025-04-03 12:09:12.797532
e2d9a96c-928c-44ad-9b65-8cd31de79052,MLA21494606,DEVICE_FORMAT,Formato del dispositivo,8616496,Stick,True,2025-04-03 12:09:12.797535,2025-04-03 12:09:12.797535
c1de574c-f852-483a-a6fe-3aaec3bf6c5f,MLA21494606,AUDIO_AND_VIDEO_INTERFACES,Interfaces de audio y video,,HDMI,True,2025-04-03 12:09:12.797538,2025-04-03 12:09:12.797538
3a93cd36-2b74-4c7e-ba87-11d6bc827b32,MLA21494606,WITH_BLUETOOTH,Con Bluetooth,242085,Sí,True,2025-04-03 12:09:12.797541,2025-04-03 12:09:12.797541
e8c4ac1d-ea23-44de-96cc-4f10e3bbb766,MLA21494606,WITH_WI_FI,Con Wi-Fi,242085,Sí,True,2025-04-03 12:09:12.797544,2025-04-03 12:09:12.797544
df447f36-aa8f-4756-8bcb-2a98bba217e6,MLA21494606,OS_NAME,Nombre del sistema operativo,355776,Chrome OS,True,2025-04-03 12:09:12.797547,2025-04-03 12:09:12.797548
e27ef606-cc82-4eda-9166-88de0e37ac0b,MLA21494606,MPN,MPN,,2.27.086.7099,True,2025-04-03 12:09:12.797551,2025-04-03 12:09:12.797551
391fe7be-cc3e-4da4-9dd9-bd29f7c6e717,MLA29583052,BRAND,Marca,52701,Google,True,2025-04-03 12:09:12.797579,2025-04-03 12:09:12.797579
38eb04f1-49ed-4fb2-ba0a-1fac98ce3216,MLA29583052,MODEL,Modelo,28410400,Chromecast 3° Geração,True,2025-04-03 12:09:12.797582,2025-04-03 12:09:12.797583
d43aae76-6d65-49df-ac18-d327422c4ac0,MLA29583052,GENERATION,Generación,10910111,4.ª generación,True,2025-04-03 12:09:12.797586,2025-04-03 12:09:12.797586
f23995f6-f34d-4761-ba6e-089bed34e907,MLA29583052,ALPHANUMERIC_MODEL,Modelo alfanumérico,28410397,Chromecast 3° Geração,True,2025-04-03 12:09:12.797589,2025-04-03 12:09:12.797589
d4ff30e7-f343-4114-bf70-0067804199d7,MLA29583052,DEVICE_FORMAT,Formato del dispositivo,9234856,Pendant Box,True,2025-04-03 12:09:12.797592,2025-04-03 12:09:12.797592
4761b09b-b98d-48b9-9dc5-36d409343e4a,MLA29583052,MAX_VIDEO_RESOLUTION,Resolución máxima de video,13356127,Full HD 1080p,True,2025-04-03 12:09:12.797595,2025-04-03 12:09:12.797595
4e9a6254-0c68-4f18-b1aa-a865776ccda3,MLA29583052,AUDIO_AND_VIDEO_INTERFACES,Interfaces de audio y video,,HDMI,True,2025-04-03 12:09:12.797598,2025-04-03 12:09:12.797598
cb0a3bc7-987c-4401-8ff9-082c20bb171f,MLA29583052,WITH_WI_FI,Con Wi-Fi,242085,Sí,True,2025-04-03 12:09:12.797601,2025-04-03 12:09:12.797601
d8ab6d68-baca-4ccc-8ecf-fed63db1515d,MLA29583052,WEIGHT,Peso,16353413,39 g,True,2025-04-03 12:09:12.797604,2025-04-03 12:09:12.797604
2af1593e-f9c3-4522-9f13-26b2f0b38960,MLA24434205,BRAND,Marca,8847380,AnyCast,True,2025-04-03 12:09:12.797619,2025-04-03 12:09:12.797619
1ef76cfd-f8bf-4364-9967-4d3fd7812215,MLA24434205,LINE,Línea,11711631,TV,True,2025-04-03 12:09:12.797622,2025-04-03 12:09:12.797622
b4af48fd-06e8-4dc0-8623-d881f4445437,MLA24434205,MODEL,Modelo,4806393,M2 Plus,True,2025-04-03 12:09:12.797625,2025-04-03 12:09:12.797625
875cd02e-10a4-4743-8704-229a93b5c2a1,MLA24434205,ALPHANUMERIC_MODEL,Modelo alfanumérico,20882079,M2 Plus,True,2025-04-03 12:09:12.797628,2025-04-03 12:09:12.797628
a252655f-fe0f-48da-9f46-eb4779d0fe53,MLA24434205,COLOR,Color,52049,Negro,True,2025-04-03 12:09:12.797631,2025-04-03 12:09:12.797631
e480e176-9bba-4a64-9e48-923efffa314b,MLA24434205,RAM_MEMORY,Memoria RAM,366212,256 MB,True,2025-04-03 12:09:12.797634,2025-04-03 12:09:12.797634
c464788f-3b66-4c54-9887-22cb1f68ffab,MLA24434205,DEVICE_FORMAT,Formato del dispositivo,8616496,Stick,True,2025-04-03 12:09:12.797637,2025-04-03 12:09:12.797637
0cb99d94-e63f-4e77-9e1e-9836203f2f6d,MLA24434205,MAX_VIDEO_RESOLUTION,Resolución máxima de video,168332,Full HD,True,2025-04-03 12:09:12.797640,2025-04-03 12:09:12.797641
52add069-ed0d-42b6-8005-c07d97b2dbb0,MLA24434205,AUDIO_AND_VIDEO_INTERFACES,Interfaces de audio y video,,HDMI,True,2025-04-03 12:09:12.797643,2025-04-03 12:09:12.797644
c6b43424-9f8c-4f31-804e-f8cf27145432,MLA24434205,PORTS_AND_CONNECTORS_TYPES,Tipos de puertos y conectores,,Micro-USB,True,2025-04-03 12:09:12.797647,2025-04-03 12:09:12.797647
37f3316e-d683-4a33-86ea-71cddf85fdd8,MLA24434205,WITH_WI_FI,Con Wi-Fi,242085,Sí,True,2025-04-03 12:09:12.797650,2025-04-03 12:09:12.797650
ed8f5399-282f-4753-b7ad-bda9e7d96d64,MLA24434205,LENGTH,Largo,17073672,6.8 cm,True,2025-04-03 12:09:12.797653,2025-04-03 12:09:12.797653
e808b82d-bc4c-445f-a85c-1940e813b30a,MLA24434205,WIDTH,Ancho,15411677,3.9 cm,True,2025-04-03 12:09:12.797656,2025-04-03 12:09:12.797656
39a7762a-8b0e-4726-8b4a-a73e82d71f21,MLA24434205,HEIGHT,Altura,10576860,1.3 cm,True,2025-04-03 12:09:12.797659,2025-04-03 12:09:12.797659
54b45168-2438-40b6-ab60-876ba131dd9a,MLA24434205,OS_NAME,Nombre del sistema operativo,8847381,Linux 3.0.8,True,2025-04-03 12:09:12.797662,2025-04-03 12:09:12.797662
9400fab8-957e-44f1-8893-398e09c4a3eb,MLA24434205,LANGUAGE_OPTIONS,Opciones de idioma,,Multilenguaje,True,2025-04-03 12:09:12.797665,2025-04-03 12:09:12.797665
bb98c51f-9a57-487e-a5f4-c6eed39422b3,MLA24434205,CPU,CPU,,Arm cortex-a9 single-core,True,2025-04-03 12:09:12.797669,2025-04-03 12:09:12.797669
7d004a6f-9ec5-47f5-90e1-159fe6e162cf,MLA24434205,GRAPHICS_PROCESSOR,Procesador gráfico,16681438,ARM Mali-400,True,2025-04-03 12:09:12.797672,2025-04-03 12:09:12.797672
02acf2bd-d964-4f70-af85-21c39f4a520f,MLA24434205,WI_FI_STANDARDS,Estándares Wi-Fi,,2.4GHz,True,2025-04-03 12:09:12.797675,2025-04-03 12:09:12.797675
7b2ce50b-444d-4bf2-a516-b718bd90b691,MLA24434205,FREQUENCIES,Frecuencias,,2.4 GHz,True,2025-04-03 12:09:12.797678,2025-04-03 12:09:12.797678
0abf1123-9305-47eb-8a4a-38abb29d1797,MLA24434205,DEVICE_OPERATING_VOLTAGE,Voltaje de funcionamiento,8631470,5 V,True,2025-04-03 12:09:12.797681,2025-04-03 12:09:12.797681
1fd92798-474e-4178-8398-e7a2cdde2efb,MLA24999665,BRAND,Marca,9325411,Andowl,True,2025-04-03 12:09:12.797704,2025-04-03 12:09:12.797704
526146d0-e10e-4662-89d2-e48234ae1b98,MLA24999665,MODEL,Modelo,21544584,Q713,True,2025-04-03 12:09:12.797707,2025-04-03 12:09:12.797707
a3cefc55-84d8-46e3-b57a-d2581108c557,MLA24999665,GENERATION,Generación,11281876,2.ª generación,True,2025-04-03 12:09:12.797710,2025-04-03 12:09:12.797711
312c99bf-579d-421e-90ae-0ea5b5cf30db,MLA24999665,COLOR,Color,52049,Negro,True,2025-04-03 12:09:12.797713,2025-04-03 12:09:12.797714
e5531bfa-7ba3-4265-931c-3a207e1237aa,MLA24999665,STORAGE_CAPACITY,Capacidad de almacenamiento,122667,128 MB,True,2025-04-03 12:09:12.797716,2025-04-03 12:09:12.797717
79a068bd-c198-443f-9d9b-f8d12e5ec22f,MLA24999665,RAM_MEMORY,Memoria RAM,579543,128 MB,True,2025-04-03 12:09:12.797720,2025-04-03 12:09:12.797720
75920e33-1c51-4fb9-b7e5-8b05dc4da2a4,MLA24999665,REMOTE_CONTROL_TYPE,Tipo de control remoto,182134,Estándar,True,2025-04-03 12:09:12.797723,2025-04-03 12:09:12.797723
1bb9180b-e3f6-466a-afe1-1cd38803711f,MLA24999665,MAIN_COLOR,Color principal,2450295,Negro,True,2025-04-03 12:09:12.797726,2025-04-03 12:09:12.797726
48e2578f-27ed-460c-bed8-9700bcace718,MLA24999665,MAX_VIDEO_RESOLUTION,Resolución máxima de video,15436718,1080,True,2025-04-03 12:09:12.797729,2025-04-03 12:09:12.797729
f229e935-e449-45a9-a275-2e2121c58ec5,MLA24999665,WITH_WI_FI,Con Wi-Fi,242085,Sí,True,2025-04-03 12:09:12.797732,2025-04-03 12:09:12.797732
d09b978f-3909-46e5-ad82-18b759dd45bd,MLA24999665,INCLUDES_HDMI_CABLE,Incluye cable HDMI,242085,Sí,True,2025-04-03 12:09:12.797735,2025-04-03 12:09:12.797736
0bd1f083-eaf3-4349-a35f-e14563a5ec65,MLA24999665,OS_NAME,Nombre del sistema operativo,21544585,android iOS,True,2025-04-03 12:09:12.797739,2025-04-03 12:09:12.797739
46ec3572-674e-4d48-a86a-46054be398dd,MLA24434229,BRAND,Marca,52701,Google,True,2025-04-03 12:09:12.797764,2025-04-03 12:09:12.797764
a03f5dfa-0228-47ec-8257-6d2b74606f53,MLA24434229,LINE,Línea,340816,Chromecast,True,2025-04-03 12:09:12.797767,2025-04-03 12:09:12.797767
51bba688-3a88-4126-9525-d6e1b9f7b855,MLA24434229,MODEL,Modelo,20759282,Google Chromecast 2,True,2025-04-03 12:09:12.797770,2025-04-03 12:09:12.797770
f32f4a10-7708-434a-949b-70fa8e47c51f,MLA24434229,GENERATION,Generación,11281876,2.ª generación,True,2025-04-03 12:09:12.797773,2025-04-03 12:09:12.797773
65365af2-500c-4c9a-9835-03ed0e68caad,MLA24434229,ALPHANUMERIC_MODEL,Modelo alfanumérico,17636390,NC2-6A5,True,2025-04-03 12:09:12.797776,2025-04-03 12:09:12.797776
75a32f82-11f7-4e49-81e9-94982c351c4d,MLA24434229,COLOR,Color,52049,Negro,True,2025-04-03 12:09:12.797779,2025-04-03 12:09:12.797779
e56f1714-e322-4162-b1d4-9c6fdd360e89,MLA24434229,RAM_MEMORY,Memoria RAM,154947,512 MB,True,2025-04-03 12:09:12.797782,2025-04-03 12:09:12.797783
31061b17-faed-4eed-8fd7-c59af62edb09,MLA24434229,REMOTE_CONTROL_TYPE,Tipo de control remoto,20759324,Wi-fi,True,2025-04-03 12:09:12.797785,2025-04-03 12:09:12.797786
4d24085e-a328-41f6-8ffe-1d59920bd2e1,MLA24434229,MAIN_COLOR,Color principal,2450295,Negro,True,2025-04-03 12:09:12.797789,2025-04-03 12:09:12.797789
be50ad44-74a3-4a70-938a-98d2e7952764,MLA24434229,DEVICE_FORMAT,Formato del dispositivo,9234856,Pendant Box,True,2025-04-03 12:09:12.797792,2025-04-03 12:09:12.797792
45faf9e3-e607-4719-98ef-6c630feac070,MLA24434229,MAX_VIDEO_RESOLUTION,Resolución máxima de video,168332,Full HD,True,2025-04-03 12:09:12.797795,2025-04-03 12:09:12.797795
6cd1da23-34a5-4176-b113-eb963dfe8006,MLA24434229,COMPATIBLE_APPLICATIONS,Aplicaciones compatibles,,"ESPN, Google Play, HBO Go, Hulu, Netflix, Peacock, YouTube",True,2025-04-03 12:09:12.797798,2025-04-03 12:09:12.797798
7bdeec7c-bd4d-4fe6-9f91-2c3a9cfae47a,MLA24434229,RECOMMENDED_DEVICES,Dispositivos recomendados,,"Celulares, Computadoras, Tablets, Televisores",True,2025-04-03 12:09:12.797801,2025-04-03 12:09:12.797801
2acc8e28-1262-4862-b7a0-10cf33a07443,MLA24434229,AUDIO_AND_VIDEO_INTERFACES,Interfaces de audio y video,,HDMI,True,2025-04-03 12:09:12.797804,2025-04-03 12:09:12.797804
79c8a578-95bd-48e0-9aa4-71b5d47b39d4,MLA24434229,PORTS_AND_CONNECTORS_TYPES,Tipos de puertos y conectores,,Micro-USB,True,2025-04-03 12:09:12.797807,2025-04-03 12:09:12.797808
6af49a09-2cbb-42be-a148-b367ff0f6249,MLA24434229,MANUFACTURER,Fabricante,52701,Google,True,2025-04-03 12:09:12.797811,2025-04-03 12:09:12.797811
af0bcc00-eaea-4e80-b559-c368857f9a64,MLA24434229,ANATEL_HOMOLOGATION_NUMBER,Homologación Anatel Nº,41557501,47151504818,True,2025-04-03 12:09:12.797814,2025-04-03 12:09:12.797814
7f771c95-d49a-477c-a624-27232177ea1c,MLA24434229,WITH_BLUETOOTH,Con Bluetooth,242084,No,True,2025-04-03 12:09:12.797817,2025-04-03 12:09:12.797817
b801e504-5d6d-447e-8119-dadfa3b16526,MLA24434229,WITH_WI_FI,Con Wi-Fi,242085,Sí,True,2025-04-03 12:09:12.797820,2025-04-03 12:09:12.797820
7ffacb4c-a816-43b3-9374-97fdfd85dc8d,MLA24434229,WITH_INTEGRATED_VOICE_ASSISTANTS,Con asistentes de voz integrados,242084,No,True,2025-04-03 12:09:12.797823,2025-04-03 12:09:12.797823
da66d719-e08a-459a-9a44-475bd39afd33,MLA24434229,INTEGRATED_VOICE_ASSISTANTS,Asistentes de voz integrados,,Google Assistant,True,2025-04-03 12:09:12.797826,2025-04-03 12:09:12.797827
115a8f6e-5383-42a0-818b-4de39da38b72,MLA24434229,INCLUDES_HDMI_CABLE,Incluye cable HDMI,242084,No,True,2025-04-03 12:09:12.797830,2025-04-03 12:09:12.797830
682b04b0-3b6c-42df-b4a5-719df41cc40f,MLA24434229,INCLUDES_CELL_BATTERIES,Incluye pilas,242084,No,True,2025-04-03 12:09:12.797833,2025-04-03 12:09:12.797833
ce7f4042-05a3-4188-a01d-fedd66dd1b3b,MLA24434229,LENGTH,Largo,48552033,5.181 cm,True,2025-04-03 12:09:12.797836,2025-04-03 12:09:12.797836
a42faa64-c9d1-422b-a522-487a38b4d6fe,MLA24434229,WIDTH,Ancho,49324621,5.181 cm,True,2025-04-03 12:09:12.797839,2025-04-03 12:09:12.797839
e0359cde-58bc-4182-bd94-090cdcaeacd6,MLA24434229,HEIGHT,Altura,49324622,1.349 cm,True,2025-04-03 12:09:12.797842,2025-04-03 12:09:12.797842
7428b959-4565-4c18-aec0-0a67b7d9b4ec,MLA24434229,WEIGHT,Peso,47688346,58.967 g,True,2025-04-03 12:09:12.797846,2025-04-03 12:09:12.797847
4c7cf3c4-e427-467e-bba8-696b2457c364,MLA24434229,OS_NAME,Nombre del sistema operativo,355776,Chrome OS,True,2025-04-03 12:09:12.797849,2025-04-03 12:09:12.797850
19076fd5-29ba-4bbd-a9dc-8993d4937c35,MLA24434229,STREAMING_TECHNOLOGIES,Tecnologías de streaming,,Chromecast,True,2025-04-03 12:09:12.797853,2025-04-03 12:09:12.797853
09b79418-08f3-4203-8dae-bc8bd31d8bf1,MLA24434229,AUDIO_QUALITY,Calidad de audio,,DTS Digital Surround,True,2025-04-03 12:09:12.797856,2025-04-03 12:09:12.797856
0088c660-daca-4932-8b37-63fc11fe595a,MLA24434229,LANGUAGE_OPTIONS,Opciones de idioma,,Español,True,2025-04-03 12:09:12.797859,2025-04-03 12:09:12.797859
0b2c1eb4-8f76-4d8d-bad6-f8af61561e9a,MLA24434229,MIN_OPERATING_SYSTEMS_REQUIRED,Sistemas operativos mínimos requeridos,,"Android 4.2, iOS 9.1, macOS X 10.9, Windows 7",True,2025-04-03 12:09:12.797862,2025-04-03 12:09:12.797862
b7545ec6-bcff-458c-a223-7a6b753d83fc,MLA24434229,CPU,CPU,,Cortex-A7 Dual-Core,True,2025-04-03 12:09:12.797865,2025-04-03 12:09:12.797866
4ea10ad5-f948-432f-ad7d-48d9c7bdcf1e,MLA24434229,GRAPHICS_PROCESSOR,Procesador gráfico,8249292,Mali-450,True,2025-04-03 12:09:12.797868,2025-04-03 12:09:12.797869
7a32e8ba-d333-4ff2-a78c-77ff28c703a9,MLA24434229,WI_FI_STANDARDS,Estándares Wi-Fi,,IEEE 802.11ac,True,2025-04-03 12:09:12.797871,2025-04-03 12:09:12.797872
2aaa0bd3-7f3c-4905-a017-ddd447b20768,MLA24434229,FREQUENCIES,Frecuencias,,"2.4 GHz, 5 GHz",True,2025-04-03 12:09:12.797875,2025-04-03 12:09:12.797875
b099582e-1029-4800-bc11-8c27f404c14a,MLA24434229,DEVICE_OPERATING_VOLTAGE,Voltaje de funcionamiento,8631470,5 V,True,2025-04-03 12:09:12.797878,2025-04-03 12:09:12.797878
e9fe9693-ccce-4a8d-aace-147b8878103d,MLA24434229,MPN,MPN,,1167-2265,True,2025-04-03 12:09:12.797881,2025-04-03 12:09:12.797881
03e9d055-8c84-41eb-a043-937faa71e508,MLA32222092,BRAND,Marca,52701,Google,True,2025-04-03 12:09:12.797929,2025-04-03 12:09:12.797929
c8809106-3cb0-4907-948d-e229b3474265,MLA32222092,LINE,Línea,340816,Chromecast,True,2025-04-03 12:09:12.797932,2025-04-03 12:09:12.797933
4416c9e9-92cf-40aa-a84b-39b9738de79b,MLA32222092,MODEL,Modelo,168517,Chromecast Audio,True,2025-04-03 12:09:12.797936,2025-04-03 12:09:12.797936
baa22f2f-8690-433d-8ec5-1d67c46a82cc,MLA32222092,COLOR,Color,52049,Negro,True,2025-04-03 12:09:12.797940,2025-04-03 12:09:12.797940
e8f4ada7-bb4a-46d4-b01b-be72fde8e44a,MLA32222092,WITH_WI_FI,Con Wi-Fi,242085,Sí,True,2025-04-03 12:09:12.797943,2025-04-03 12:09:12.797943
8d4e9d69-783e-4507-80e9-5602a90687c3,MLA32222092,HEIGHT,Altura,48635282,5.19 cm,True,2025-04-03 12:09:12.797946,2025-04-03 12:09:12.797946
a66a16e2-3500-409d-a36e-aaeed8b6f879,MLA23122610,BRAND,Marca,8847380,AnyCast,True,2025-04-03 12:09:12.797973,2025-04-03 12:09:12.797973
0ec691d6-a194-4cfc-a84f-8b65271369ae,MLA23122610,LINE,Línea,13742799,MiraScreen,True,2025-04-03 12:09:12.797976,2025-04-03 12:09:12.797976
559698e2-87f6-4656-9a86-b01b1c7655b4,MLA23122610,MODEL,Modelo,11366572,M9 Plus,True,2025-04-03 12:09:12.797979,2025-04-03 12:09:12.797979
66dcb956-b497-4c3c-bb78-a084728aceee,MLA23122610,COLOR,Color,52049,Negro,True,2025-04-03 12:09:12.797982,2025-04-03 12:09:12.797983
c6b00a90-f7e2-4261-8e9c-a1c15aa1b5bf,MLA23122610,RAM_MEMORY,Memoria RAM,579543,128 MB,True,2025-04-03 12:09:12.797986,2025-04-03 12:09:12.797986
10270edb-ad27-4ff0-8898-7cf21632cff1,MLA23122610,REMOTE_CONTROL_TYPE,Tipo de control remoto,16112930,Smartphone,True,2025-04-03 12:09:12.797989,2025-04-03 12:09:12.797989
a364b327-f210-4067-9fa9-384cb4663d34,MLA23122610,MAIN_COLOR,Color principal,2450295,Negro,True,2025-04-03 12:09:12.797992,2025-04-03 12:09:12.797992
da7f758c-5432-46c9-8b04-95b2e569599d,MLA23122610,DEVICE_FORMAT,Formato del dispositivo,8616496,Stick,True,2025-04-03 12:09:12.797995,2025-04-03 12:09:12.797995
dc36d49d-3856-47d6-8969-ae3c689bb04f,MLA23122610,MAX_VIDEO_RESOLUTION,Resolución máxima de video,13356127,Full HD 1080p,True,2025-04-03 12:09:12.797998,2025-04-03 12:09:12.797998
c868ec31-204e-4de8-8fb0-864800db1f5c,MLA23122610,COMPATIBLE_APPLICATIONS,Aplicaciones compatibles,,"ESPN, Flow, Google Home, Netflix, Spotify, YouTube",True,2025-04-03 12:09:12.798001,2025-04-03 12:09:12.798001
4cfd2fa3-0c0f-48a0-b7fa-c9669b7bf7e7,MLA23122610,RECOMMENDED_DEVICES,Dispositivos recomendados,,"Celulares, Computadoras, Monitores, Proyectores, Tablets, Televisores",True,2025-04-03 12:09:12.798004,2025-04-03 12:09:12.798004
c7b1d382-fc92-4c4c-8b9b-fef76da540c6,MLA23122610,AUDIO_AND_VIDEO_INTERFACES,Interfaces de audio y video,,HDMI,True,2025-04-03 12:09:12.798007,2025-04-03 12:09:12.798007
16c1ab4e-6c63-4961-bead-40ef987739c3,MLA23122610,PORTS_AND_CONNECTORS_TYPES,Tipos de puertos y conectores,,Micro-USB,True,2025-04-03 12:09:12.798010,2025-04-03 12:09:12.798010
08730975-cde9-4c5b-9645-1b72f7972479,MLA23122610,WITH_BLUETOOTH,Con Bluetooth,242084,No,True,2025-04-03 12:09:12.798013,2025-04-03 12:09:12.798013
44a76fc9-ded2-477f-80ac-8281ce85041e,MLA23122610,WITH_WI_FI,Con Wi-Fi,242085,Sí,True,2025-04-03 12:09:12.798016,2025-04-03 12:09:12.798016
ec3f85a7-657b-4871-9419-5ff9ac432230,MLA23122610,WITH_INTEGRATED_VOICE_ASSISTANTS,Con asistentes de voz integrados,242084,No,True,2025-04-03 12:09:12.798019,2025-04-03 12:09:12.798020
c4fbb55e-d4ea-44f4-89db-f470bdab9c0a,MLA23122610,INCLUDES_HDMI_CABLE,Incluye cable HDMI,242084,No,True,2025-04-03 12:09:12.798022,2025-04-03 12:09:12.798023
164335b4-1b49-461b-a308-a27620f3aaf2,MLA23122610,LENGTH,Largo,16499141,5.8 cm,True,2025-04-03 12:09:12.798026,2025-04-03 12:09:12.798026
a2e1d52f-10f8-4d39-8804-56d01679c4f5,MLA23122610,WIDTH,Ancho,14941101,3.6 cm,True,2025-04-03 12:09:12.798029,2025-04-03 12:09:12.798029
9ac6a076-e0dd-46fb-9d9f-9e9e7dbc738a,MLA23122610,HEIGHT,Altura,10576860,1.3 cm,True,2025-04-03 12:09:12.798032,2025-04-03 12:09:12.798032
5eca101c-f16d-44d2-a6dd-a7b3c33cff60,MLA23122610,WEIGHT,Peso,14328536,80 g,True,2025-04-03 12:09:12.798035,2025-04-03 12:09:12.798035
59547457-2f75-49f4-802f-6132e134deb8,MLA23122610,OS_NAME,Nombre del sistema operativo,296858,Android,True,2025-04-03 12:09:12.798039,2025-04-03 12:09:12.798039
6560d836-43b6-4606-8be2-21df1a7b8938,MLA23122610,STREAMING_TECHNOLOGIES,Tecnologías de streaming,,"AirPlay, DLNA, Miracast",True,2025-04-03 12:09:12.798042,2025-04-03 12:09:12.798042
2143ad1f-3d3c-4d56-bca0-1293e5f0decc,MLA23122610,MIN_OPERATING_SYSTEMS_REQUIRED,Sistemas operativos mínimos requeridos,,"Android, Windows, iOS, macOS",True,2025-04-03 12:09:12.798045,2025-04-03 12:09:12.798045
99540099-c82e-4dc1-8a89-cae63ba357df,MLA23122610,CPU,CPU,,Rockchip RK3036 Cortex-A7 Dual-Core,True,2025-04-03 12:09:12.798048,2025-04-03 12:09:12.798049
e12f5cc5-a3cd-49b2-bc9b-5c2c1176878d,MLA23122610,GRAPHICS_PROCESSOR,Procesador gráfico,7738795,Mali-400 MP,True,2025-04-03 12:09:12.798052,2025-04-03 12:09:12.798052
9062813f-c39d-489c-ba3d-b3462793e4e1,MLA23122610,WI_FI_STANDARDS,Estándares Wi-Fi,,IEEE 802.11b/g/n,True,2025-04-03 12:09:12.798055,2025-04-03 12:09:12.798055
2f9339c7-e56f-4ac8-85dc-83e93d014919,MLA23122610,FREQUENCIES,Frecuencias,,2.4 GHz,True,2025-04-03 12:09:12.798058,2025-04-03 12:09:12.798058
26e0cf09-bab7-4b5b-8d96-f78d66efffd8,MLA23122610,DEVICE_OPERATING_VOLTAGE,Voltaje de funcionamiento,8631470,5 V,True,2025-04-03 12:09:12.798062,2025-04-03 12:09:12.798062
d26b7ee1-68a6-4459-844d-b264c0b65a97,MLA25863373,BRAND,Marca,52701,Google,True,2025-04-03 12:09:12.798094,2025-04-03 12:09:12.798094
c34553ab-0ba9-43dd-90c8-3e65b9cff21d,MLA25863373,LINE,Línea,196,Smart,True,2025-04-03 12:09:12.798097,2025-04-03 12:09:12.798097
19b49430-5a73-4ef3-8f1e-131d2b5475ef,MLA25863373,MODEL,Modelo,11281877,Chromecast,True,2025-04-03 12:09:12.798100,2025-04-03 12:09:12.798101
059547ee-2f36-4b78-8ecf-df19e93474b8,MLA25863373,GENERATION,Generación,8248559,3.ª generación,True,2025-04-03 12:09:12.798104,2025-04-03 12:09:12.798104
85906cd7-199b-473c-97fc-44899e386a02,MLA25863373,ALPHANUMERIC_MODEL,Modelo alfanumérico,13332023,GA00439,True,2025-04-03 12:09:12.798107,2025-04-03 12:09:12.798107
5cf1431a-95ba-4961-9e5d-e515a0c09f70,MLA25863373,COLOR,Color,2249819,Carbón,True,2025-04-03 12:09:12.798110,2025-04-03 12:09:12.798110
54f32845-040d-4126-aa81-4adb7f7f4358,MLA25863373,RAM_MEMORY,Memoria RAM,154947,512 MB,True,2025-04-03 12:09:12.798113,2025-04-03 12:09:12.798113
49982646-2526-4528-bd46-dfc87102b705,MLA25863373,MAIN_COLOR,Color principal,2450295,Negro,True,2025-04-03 12:09:12.798116,2025-04-03 12:09:12.798116
c7737254-8ed6-4830-99fa-e25d153187ff,MLA25863373,DEVICE_FORMAT,Formato del dispositivo,9234856,Pendant Box,True,2025-04-03 12:09:12.798119,2025-04-03 12:09:12.798119
4f403946-41f1-4b84-bc4b-1bd29f6bfe72,MLA25863373,MAX_VIDEO_RESOLUTION,Resolución máxima de video,168332,Full HD,True,2025-04-03 12:09:12.798122,2025-04-03 12:09:12.798122
e0630b66-908f-45c5-bcf8-7f2e4e9a6f7e,MLA25863373,COMPATIBLE_APPLICATIONS,Aplicaciones compatibles,,"Google Fotos, Google TV, HBO Now, Netflix, Spotify, YouTube, YouTube TV",True,2025-04-03 12:09:12.798125,2025-04-03 12:09:12.798125
4178a7c4-5c40-4503-8d85-2fff09656e24,MLA25863373,RECOMMENDED_DEVICES,Dispositivos recomendados,,"Celulares, Computadoras, Tablets, Televisores",True,2025-04-03 12:09:12.798128,2025-04-03 12:09:12.798129
69ef8c57-514f-4a79-b34a-7d094aebc139,MLA25863373,AUDIO_AND_VIDEO_INTERFACES,Interfaces de audio y video,,HDMI,True,2025-04-03 12:09:12.798133,2025-04-03 12:09:12.798133
e0ffeedb-2de1-4c73-82f8-f219109319b4,MLA25863373,PORTS_AND_CONNECTORS_TYPES,Tipos de puertos y conectores,,Micro-USB,True,2025-04-03 12:09:12.798136,2025-04-03 12:09:12.798136
e8510fb8-f1d1-4c6e-b71c-13cd60ad3636,MLA25863373,MANUFACTURER,Fabricante,52701,Google,True,2025-04-03 12:09:12.798139,2025-04-03 12:09:12.798139
5e7f56ff-fdc9-46ff-9243-415b839b4b46,MLA25863373,WITH_BLUETOOTH,Con Bluetooth,242085,Sí,True,2025-04-03 12:09:12.798144,2025-04-03 12:09:12.798144
d737e146-d228-4ae0-8d50-24c60207cbb1,MLA25863373,WITH_WI_FI,Con Wi-Fi,242085,Sí,True,2025-04-03 12:09:12.798147,2025-04-03 12:09:12.798147
fd58f534-33e3-40b6-8116-07aa1fd2e658,MLA25863373,WITH_INTEGRATED_VOICE_ASSISTANTS,Con asistentes de voz integrados,242084,No,True,2025-04-03 12:09:12.798150,2025-04-03 12:09:12.798150
c6696319-71ae-4b85-8cf5-206eefdf5fdc,MLA25863373,INCLUDES_HDMI_CABLE,Incluye cable HDMI,242085,Sí,True,2025-04-03 12:09:12.798153,2025-04-03 12:09:12.798153
a49da6e1-abe5-43f5-b25d-d552a30127e7,MLA25863373,LENGTH,Largo,48553666,5.18 cm,True,2025-04-03 12:09:12.798156,2025-04-03 12:09:12.798156
0a47c632-2fb0-4de2-9af7-3afda2c5f163,MLA25863373,WIDTH,Ancho,48717962,5.19 cm,True,2025-04-03 12:09:12.798159,2025-04-03 12:09:12.798159
f1acc996-3b2c-4268-815e-9c83adfcba7a,MLA25863373,HEIGHT,Altura,22237619,1.38 cm,True,2025-04-03 12:09:12.798162,2025-04-03 12:09:12.798162
983d9c66-6d69-47a1-9346-3137c8d41948,MLA25863373,WEIGHT,Peso,13379293,400 g,True,2025-04-03 12:09:12.798165,2025-04-03 12:09:12.798165
1bce87ef-a56c-4f39-a7f7-3b6ef4be173c,MLA25863373,OS_NAME,Nombre del sistema operativo,355776,Chrome OS,True,2025-04-03 12:09:12.798168,2025-04-03 12:09:12.798168
fe81cc5e-c308-48d7-8deb-c8b9a3e57b1f,MLA25863373,STREAMING_TECHNOLOGIES,Tecnologías de streaming,,Chromecast,True,2025-04-03 12:09:12.798171,2025-04-03 12:09:12.798171
ec5fc229-8c22-4432-9d96-9838d04f69b0,MLA25863373,AUDIO_QUALITY,Calidad de audio,,"Dolby Digital 5.1, Dolby Digital Plus 7.1",True,2025-04-03 12:09:12.798174,2025-04-03 12:09:12.798174
4fac3993-6857-4f49-a974-06ae0d4c2f72,MLA25863373,LANGUAGE_OPTIONS,Opciones de idioma,,Español,True,2025-04-03 12:09:12.798177,2025-04-03 12:09:12.798177
c2ee364f-9be8-437c-bbbe-139ee373453f,MLA25863373,MIN_OPERATING_SYSTEMS_REQUIRED,Sistemas operativos mínimos requeridos,,"Android 4.2, Windows 7, iOS 9.1, macOS X 10.9",True,2025-04-03 12:09:12.798180,2025-04-03 12:09:12.798181
f55ff7f0-58b3-4d45-9994-5ecffb653b67,MLA25863373,CPU,CPU,,ARM Cortex-A7 Dual-Core,True,2025-04-03 12:09:12.798183,2025-04-03 12:09:12.798184
9c90d36e-f7c9-4763-9b50-4f4970176a9a,MLA25863373,WI_FI_STANDARDS,Estándares Wi-Fi,,IEEE 802.11ac,True,2025-04-03 12:09:12.798186,2025-04-03 12:09:12.798187
3d19506f-476e-4044-a47c-e51e522da874,MLA25863373,FREQUENCIES,Frecuencias,,"2.4 GHz, 5 GHz",True,2025-04-03 12:09:12.798189,2025-04-03 12:09:12.798190
d8e54e0b-0832-46e0-aa16-359909297e29,MLA25863373,DEVICE_OPERATING_VOLTAGE,Voltaje de funcionamiento,8631470,5 V,True,2025-04-03 12:09:12.798192,2025-04-03 12:09:12.798193
675250a0-9aa7-40a5-a2e1-e5c70631e6c3,MLA25863373,MPN,MPN,,GA00439,True,2025-04-03 12:09:12.798195,2025-04-03 12:09:12.798196
94d20d80-a833-4abc-b249-42a026167dc3,MLA21774715,BRAND,Marca,52701,Google,True,2025-04-03 12:09:12.798228,2025-04-03 12:09:12.798228
8cf92b79-2b24-4440-972c-dfec37c5e7bf,MLA21774715,MODEL,Modelo,11281877,Chromecast,True,2025-04-03 12:09:12.798231,2025-04-03 12:09:12.798231
a7c83d80-4160-4245-9b32-8c37b658005c,MLA21774715,ALPHANUMERIC_MODEL,Modelo alfanumérico,25655036,GA01919-US,True,2025-04-03 12:09:12.798234,2025-04-03 12:09:12.798235
0edbe89e-8c14-42b5-9292-a70136858eff,MLA21774715,COLOR,Color,52055,Blanco,True,2025-04-03 12:09:12.798238,2025-04-03 12:09:12.798238
82f679d4-856b-4a97-8a65-9189606a4f8d,MLA21774715,STORAGE_CAPACITY,Capacidad de almacenamiento,18646,8 GB,True,2025-04-03 12:09:12.798241,2025-04-03 12:09:12.798241
e4362add-91bd-4d02-bb8f-93f425a99b71,MLA21774715,RAM_MEMORY,Memoria RAM,445970,2 GB,True,2025-04-03 12:09:12.798244,2025-04-03 12:09:12.798244
ce2c8b08-d01a-4957-915b-6c85fc711d65,MLA21774715,MAIN_COLOR,Color principal,2450308,Blanco,True,2025-04-03 12:09:12.798248,2025-04-03 12:09:12.798248
347ac1db-8506-4516-8d9c-762d667d8e6f,MLA21774715,DEVICE_FORMAT,Formato del dispositivo,9234856,Pendant Box,True,2025-04-03 12:09:12.798251,2025-04-03 12:09:12.798251
af29ec8e-8857-4900-b2f1-3a12ba8f9211,MLA21774715,MAX_VIDEO_RESOLUTION,Resolución máxima de video,169883,4K,True,2025-04-03 12:09:12.798255,2025-04-03 12:09:12.798255
e676f1d8-8ee9-4d93-9aff-3b50761f3549,MLA21774715,COMPATIBLE_APPLICATIONS,Aplicaciones compatibles,,"Amazon Prime Video, Apple TV, BET, CBS All Access, Crackle, Crunchyroll, Disney+, ESPN, Epix, HBO Max, Hulu, Netflix, PBS, Peacock, Pluto TV, Rakuten Viki, Showtime, Sling TV, Spotify, Starz, Tubi, YouTube, YouTube TV",True,2025-04-03 12:09:12.798258,2025-04-03 12:09:12.798258
26dc8ee2-cc8a-4edc-841b-e78a557e1e21,MLA21774715,RECOMMENDED_DEVICES,Dispositivos recomendados,,Televisores,True,2025-04-03 12:09:12.798261,2025-04-03 12:09:12.798261
b07c6648-53e6-4725-81af-c3b08cd10f0c,MLA21774715,AUDIO_AND_VIDEO_INTERFACES,Interfaces de audio y video,,HDMI,True,2025-04-03 12:09:12.798264,2025-04-03 12:09:12.798265
18e21a40-e231-4483-9a93-2fdebda4d39c,MLA21774715,PORTS_AND_CONNECTORS_TYPES,Tipos de puertos y conectores,,USB-C,True,2025-04-03 12:09:12.798268,2025-04-03 12:09:12.798268
0b61b848-1ca3-401b-b8f2-582f6db61291,MLA21774715,MANUFACTURER,Fabricante,52701,Google,True,2025-04-03 12:09:12.798271,2025-04-03 12:09:12.798271
ffcba7f6-8606-45f5-8dbb-f12b4ca74f62,MLA21774715,WITH_BLUETOOTH,Con Bluetooth,242085,Sí,True,2025-04-03 12:09:12.798274,2025-04-03 12:09:12.798274
8681ba33-5527-45c3-b4ae-00499f22969c,MLA21774715,WITH_WI_FI,Con Wi-Fi,242085,Sí,True,2025-04-03 12:09:12.798277,2025-04-03 12:09:12.798277
639576a0-d91e-4a84-9c97-a24557c0e53b,MLA21774715,WITH_INTEGRATED_VOICE_ASSISTANTS,Con asistentes de voz integrados,242085,Sí,True,2025-04-03 12:09:12.798280,2025-04-03 12:09:12.798280
55b67713-6134-441a-bd40-d8b119aa9f7b,MLA21774715,INTEGRATED_VOICE_ASSISTANTS,Asistentes de voz integrados,,Google Assistant,True,2025-04-03 12:09:12.798283,2025-04-03 12:09:12.798284
ebcc81b5-316f-4162-84c2-94df27224b10,MLA21774715,INCLUDES_HDMI_CABLE,Incluye cable HDMI,242085,Sí,True,2025-04-03 12:09:12.798286,2025-04-03 12:09:12.798287
4bb664db-25bd-464d-8331-2a603c5ed482,MLA21774715,INCLUDES_CELL_BATTERIES,Incluye pilas,242084,No,True,2025-04-03 12:09:12.798289,2025-04-03 12:09:12.798290
fe6dfca2-2e16-4915-b546-d906383562ad,MLA21774715,LENGTH,Largo,8927824,16.2 cm,True,2025-04-03 12:09:12.798293,2025-04-03 12:09:12.798293
8b22bb08-1018-492f-9122-b04369f3638c,MLA21774715,WIDTH,Ancho,47776459,6.096 cm,True,2025-04-03 12:09:12.798296,2025-04-03 12:09:12.798296
37f8afb7-b708-4b37-8634-c159f6d6dfd0,MLA21774715,HEIGHT,Altura,16978680,1.27 cm,True,2025-04-03 12:09:12.798299,2025-04-03 12:09:12.798299
3b8fa9c0-25ce-4e4c-ab4e-15ef79a72531,MLA21774715,WEIGHT,Peso,17821030,63 g,True,2025-04-03 12:09:12.798302,2025-04-03 12:09:12.798302
1d599578-8bca-4698-a090-86b5b83ce2dd,MLA21774715,OS_NAME,Nombre del sistema operativo,9777312,Android 10.0,True,2025-04-03 12:09:12.798305,2025-04-03 12:09:12.798305
e9d55a30-a28a-43e0-aac0-c4d59af5bd9e,MLA21774715,STREAMING_TECHNOLOGIES,Tecnologías de streaming,,Chromecast,True,2025-04-03 12:09:12.798308,2025-04-03 12:09:12.798308
67b8e7a9-457e-4c4b-bb22-bafd589f0cbf,MLA21774715,AUDIO_QUALITY,Calidad de audio,,"Dolby Atmos, Dolby Digital, Dolby Digital Plus",True,2025-04-03 12:09:12.798311,2025-04-03 12:09:12.798311
8d69e556-3790-4464-a43b-ee4f6fa56145,MLA21774715,LANGUAGE_OPTIONS,Opciones de idioma,,Inglés,True,2025-04-03 12:09:12.798314,2025-04-03 12:09:12.798314
53691373-e84b-47dd-901c-3f3cc6c2d034,MLA21774715,MIN_OPERATING_SYSTEMS_REQUIRED,Sistemas operativos mínimos requeridos,,Android,True,2025-04-03 12:09:12.798317,2025-04-03 12:09:12.798317
3dba57ad-756f-4124-9d2c-e1671182f597,MLA21774715,CPU,CPU,,Amlogic S905X3 Cortex-A55 Quad-Core,True,2025-04-03 12:09:12.798320,2025-04-03 12:09:12.798320
b6b69c93-33c0-4d80-9476-bd781033a44b,MLA21774715,GRAPHICS_PROCESSOR,Procesador gráfico,8249292,Mali-450,True,2025-04-03 12:09:12.798323,2025-04-03 12:09:12.798323
e3c91848-16a7-4d9e-94a6-84ee5d60aaca,MLA21774715,WI_FI_STANDARDS,Estándares Wi-Fi,,IEEE 802.11ac,True,2025-04-03 12:09:12.798326,2025-04-03 12:09:12.798326
a6dd8b26-7728-4351-9c15-f64fdf871ea1,MLA21774715,FREQUENCIES,Frecuencias,,"2.4 GHz, 5 GHz",True,2025-04-03 12:09:12.798329,2025-04-03 12:09:12.798330
cc607319-ad53-4130-b14e-c7c6ab91a73e,MLA21774715,DEVICE_OPERATING_VOLTAGE,Voltaje de funcionamiento,8631470,5 V,True,2025-04-03 12:09:12.798332,2025-04-03 12:09:12.798333
eea99576-7b44-49b6-ab05-9266bbeca5bb,MLA25208909,BRAND,Marca,52701,Google,True,2025-04-03 12:09:12.798367,2025-04-03 12:09:12.798367
aa5c5c2c-7261-4369-97ac-713a1795d6ed,MLA25208909,MODEL,Modelo,402606,Chromecast Ultra,True,2025-04-03 12:09:12.798370,2025-04-03 12:09:12.798370
4b9e961e-6f38-43b9-b6e7-770b074d0b4a,MLA25208909,COLOR,Color,52049,Negro,True,2025-04-03 12:09:12.798373,2025-04-03 12:09:12.798373
b10cbf88-b508-46d8-8b96-89dfc8d6f94e,MLA25208909,RAM_MEMORY,Memoria RAM,98978,1 GB,True,2025-04-03 12:09:12.798376,2025-04-03 12:09:12.798376
9684bba9-f802-4045-8410-b9fc35e78f81,MLA25208909,DEVICE_FORMAT,Formato del dispositivo,9234856,Pendant Box,True,2025-04-03 12:09:12.798379,2025-04-03 12:09:12.798379
c299c27d-bf7f-4e67-a1c6-e2bbba045818,MLA25208909,MAX_VIDEO_RESOLUTION,Resolución máxima de video,43239621,4K,True,2025-04-03 12:09:12.798382,2025-04-03 12:09:12.798382
6c6bf4dc-8260-481f-98b1-877efb898349,MLA25208909,COMPATIBLE_APPLICATIONS,Aplicaciones compatibles,,"YouTube, Spotify, Hulu, Disney+, Amazon Prime Video, HBO Go, Vudu, Starz, Netflix, Tubi, Google TV",True,2025-04-03 12:09:12.798385,2025-04-03 12:09:12.798386
f79b4648-f7bf-4014-9ad1-fc3caa07d599,MLA25208909,RECOMMENDED_DEVICES,Dispositivos recomendados,,"Celulares, Computadoras, Televisores",True,2025-04-03 12:09:12.798388,2025-04-03 12:09:12.798389
3315ec52-29ec-4f8e-bb6d-798b66628bda,MLA25208909,AUDIO_AND_VIDEO_INTERFACES,Interfaces de audio y video,,HDMI,True,2025-04-03 12:09:12.798392,2025-04-03 12:09:12.798392
89796ed7-c821-4619-8644-1f5c4ae59510,MLA25208909,PORTS_AND_CONNECTORS_TYPES,Tipos de puertos y conectores,,"Micro-USB, Ethernet",True,2025-04-03 12:09:12.798395,2025-04-03 12:09:12.798395
64552109-3bec-4b58-8915-09a8499b5bfb,MLA25208909,MANUFACTURER,Fabricante,52701,Google,True,2025-04-03 12:09:12.798398,2025-04-03 12:09:12.798398
564af984-7972-48e1-a6e2-f726954b543b,MLA25208909,WITH_WI_FI,Con Wi-Fi,242085,Sí,True,2025-04-03 12:09:12.798401,2025-04-03 12:09:12.798401
81b96f0f-93f8-4f19-b516-cf3bf8a4141a,MLA25208909,WITH_INTEGRATED_VOICE_ASSISTANTS,Con asistentes de voz integrados,242085,Sí,True,2025-04-03 12:09:12.798404,2025-04-03 12:09:12.798404
f36801f9-3e8d-4873-a0eb-5f5540e970e9,MLA25208909,INTEGRATED_VOICE_ASSISTANTS,Asistentes de voz integrados,,Google Assistant,True,2025-04-03 12:09:12.798407,2025-04-03 12:09:12.798407
1fdfe907-6636-409b-9f08-f53a25417f9f,MLA25208909,INCLUDES_CELL_BATTERIES,Incluye pilas,242084,No,True,2025-04-03 12:09:12.798410,2025-04-03 12:09:12.798410
38c1dea2-0cec-4833-a5cc-1fd87f198f9f,MLA25208909,LENGTH,Largo,10397270,2.29 cm,True,2025-04-03 12:09:12.798413,2025-04-03 12:09:12.798413
5b8f4456-e1fb-45d9-9977-2772528fcefc,MLA25208909,WIDTH,Ancho,10397269,2.29 cm,True,2025-04-03 12:09:12.798416,2025-04-03 12:09:12.798416
cc290148-904c-4567-a916-7a647c0d5d72,MLA25208909,HEIGHT,Altura,10397268,0.53 cm,True,2025-04-03 12:09:12.798419,2025-04-03 12:09:12.798419
53f5e3d1-df26-46b7-b3e3-313173c8bb95,MLA25208909,OS_NAME,Nombre del sistema operativo,355776,Chrome OS,True,2025-04-03 12:09:12.798422,2025-04-03 12:09:12.798422
7b97e4ac-2173-45f8-b1b6-e303b3f4a2d6,MLA25208909,STREAMING_TECHNOLOGIES,Tecnologías de streaming,,Chromecast,True,2025-04-03 12:09:12.798425,2025-04-03 12:09:12.798425
a51d50b1-fcb8-49b0-844e-5cc4b6abced4,MLA25208909,LANGUAGE_OPTIONS,Opciones de idioma,,Español,True,2025-04-03 12:09:12.798428,2025-04-03 12:09:12.798429
fe11e7fc-589e-432f-8279-e7de4fee5f96,MLA25208909,MIN_OPERATING_SYSTEMS_REQUIRED,Sistemas operativos mínimos requeridos,,"Android, iOS, macOS, Windows",True,2025-04-03 12:09:12.798433,2025-04-03 12:09:12.798433
6bc0cb10-1943-4d24-b5b3-4196f5510eec,MLA25208909,WI_FI_STANDARDS,Estándares Wi-Fi,,IEEE 802.11ac,True,2025-04-03 12:09:12.798436,2025-04-03 12:09:12.798437
e933f50a-fa04-4fb2-bd9e-f8abaa48ba54,MLA25208909,FREQUENCIES,Frecuencias,,"2.4 GHz, 5 GHz",True,2025-04-03 12:09:12.798440,2025-04-03 12:09:12.798440
a28aaed4-d425-44ba-97c7-0080e162106f,MLA24132571,BRAND,Marca,59387,Xiaomi,True,2025-04-03 12:09:12.798471,2025-04-03 12:09:12.798471
5fb0eeb7-42c1-4382-b7bf-806dd9d6e30d,MLA24132571,LINE,Línea,11616396,Tv Box,True,2025-04-03 12:09:12.798474,2025-04-03 12:09:12.798474
6b81e199-c454-47ea-8101-a1a02b1bfd0c,MLA24132571,MODEL,Modelo,346619,Mi Box,True,2025-04-03 12:09:12.798477,2025-04-03 12:09:12.798477
774fe757-a0ba-4a9c-836f-218c8dfccbcc,MLA24132571,COLOR,Color,52049,Negro,True,2025-04-03 12:09:12.798480,2025-04-03 12:09:12.798480
c9d6355d-80e7-499f-901e-af80dea122ce,MLA24132571,STORAGE_CAPACITY,Capacidad de almacenamiento,18646,8 GB,True,2025-04-03 12:09:12.798483,2025-04-03 12:09:12.798483
91f0ec33-913c-4282-93e6-58eb97ff6803,MLA24132571,RAM_MEMORY,Memoria RAM,445970,2 GB,True,2025-04-03 12:09:12.798486,2025-04-03 12:09:12.798487
1cdfac62-45c2-4b33-a44f-19a48a82a904,MLA24132571,REMOTE_CONTROL_TYPE,Tipo de control remoto,17535337,De voz,True,2025-04-03 12:09:12.798489,2025-04-03 12:09:12.798490
6772825a-4e77-4ec2-a693-48c80af25df5,MLA24132571,DEVICE_FORMAT,Formato del dispositivo,8616495,TV Box,True,2025-04-03 12:09:12.798493,2025-04-03 12:09:12.798493
b2863766-643d-49aa-af1d-89a025046907,MLA24132571,MAX_VIDEO_RESOLUTION,Resolución máxima de video,169883,4K,True,2025-04-03 12:09:12.798498,2025-04-03 12:09:12.798498
f8df353d-b94d-47f4-ad37-fe9a0d6c0ce1,MLA24132571,COMPATIBLE_APPLICATIONS,Aplicaciones compatibles,,"Bloomberg TV, Crackle, Crossy Road, Fandango NOW, Google Play, Google Play Music, Google TV, Hulu, MLB TV Premium, Madefire, Musixmatch, NBA, Netflix, PandoraPlex, Pluto TV, Red Bull TV, Sling TV, TED, TuneIn, Vevo, Viki, Vudu, YouTube, iHeartRadio",True,2025-04-03 12:09:12.798501,2025-04-03 12:09:12.798501
7fc0b05a-eb2a-4233-9464-29f2ea624e7c,MLA24132571,RECOMMENDED_DEVICES,Dispositivos recomendados,,"Celulares, Computadoras, Tablets, Televisores",True,2025-04-03 12:09:12.798504,2025-04-03 12:09:12.798504
66959d49-6d2a-40a5-aa56-663c0c68ea35,MLA24132571,AUDIO_AND_VIDEO_INTERFACES,Interfaces de audio y video,,"AV, HDMI 2.0",True,2025-04-03 12:09:12.798507,2025-04-03 12:09:12.798507
7e8b0ee8-5d68-4012-a193-560a6fa79a7e,MLA24132571,PORTS_AND_CONNECTORS_TYPES,Tipos de puertos y conectores,,"DC jack, USB-A",True,2025-04-03 12:09:12.798510,2025-04-03 12:09:12.798510
2dba072e-587a-478c-8d2e-a2e87b9de010,MLA24132571,WITH_BLUETOOTH,Con Bluetooth,242085,Sí,True,2025-04-03 12:09:12.798513,2025-04-03 12:09:12.798513
aceac3fd-13c5-4582-8e8d-8a85a56e5605,MLA24132571,WITH_WI_FI,Con Wi-Fi,242085,Sí,True,2025-04-03 12:09:12.798516,2025-04-03 12:09:12.798516
8302f64c-2035-46a4-8062-b426092c7e27,MLA24132571,INCLUDES_HDMI_CABLE,Incluye cable HDMI,242085,Sí,True,2025-04-03 12:09:12.798519,2025-04-03 12:09:12.798519
447e0313-a863-4b28-b0b6-a16bc4e917f4,MLA24132571,LENGTH,Largo,22113538,10.1 cm,True,2025-04-03 12:09:12.798522,2025-04-03 12:09:12.798522
f06c782c-b924-43e0-94a7-58e4e3fe6b06,MLA24132571,WIDTH,Ancho,8912595,10.1 cm,True,2025-04-03 12:09:12.798525,2025-04-03 12:09:12.798526
379c9007-191d-49d6-bb9e-e52a8f4df14d,MLA24132571,HEIGHT,Altura,11473615,1.95 cm,True,2025-04-03 12:09:12.798530,2025-04-03 12:09:12.798530
7146f2d4-ae0f-45c6-93de-9ab8f5db0955,MLA24132571,OS_NAME,Nombre del sistema operativo,7601511,Android TV 6.0,True,2025-04-03 12:09:12.798533,2025-04-03 12:09:12.798533
29593d72-eda1-4e2f-bfc3-cb950a128380,MLA24132571,STREAMING_TECHNOLOGIES,Tecnologías de streaming,,Chromecast,True,2025-04-03 12:09:12.798536,2025-04-03 12:09:12.798536
41dea0ba-1e8b-4c8a-b064-486d0496aae6,MLA24132571,AUDIO_QUALITY,Calidad de audio,,"DTS 2.0, Digital Out, Dolby Digital Plus",True,2025-04-03 12:09:12.798539,2025-04-03 12:09:12.798539
bfcda699-45ca-4940-bb9f-e155e545f9be,MLA24132571,LANGUAGE_OPTIONS,Opciones de idioma,,Español,True,2025-04-03 12:09:12.798542,2025-04-03 12:09:12.798542
3722571e-4c08-429c-b229-3c5ad9bdb163,MLA24132571,CPU,CPU,,Cortex-A53 Quad-Core,True,2025-04-03 12:09:12.798545,2025-04-03 12:09:12.798545
76bea6c2-16df-4e47-abab-eae1ad798a39,MLA24132571,GRAPHICS_PROCESSOR,Procesador gráfico,8249292,Mali-450,True,2025-04-03 12:09:12.798548,2025-04-03 12:09:12.798548
96563b59-356f-432c-836a-0f41f9edc05b,MLA24132571,WI_FI_STANDARDS,Estándares Wi-Fi,,IEEE 802.11a/b/g/n/ac,True,2025-04-03 12:09:12.798551,2025-04-03 12:09:12.798551
ace6f7ff-b57e-4a7f-91dc-f5bbcdb31e3b,MLA24132571,FREQUENCIES,Frecuencias,,"2.4 GHz, 5 GHz",True,2025-04-03 12:09:12.798554,2025-04-03 12:09:12.798554
a3173c0e-9bd8-4e94-905e-3ad1ca74fff5,MLA24132571,DEVICE_OPERATING_VOLTAGE,Voltaje de funcionamiento,12151728,5.2 V,True,2025-04-03 12:09:12.798557,2025-04-03 12:09:12.798558
8fa9ed39-7a89-4d66-a670-34e68e485b0a,MLA23953957,BRAND,Marca,4812724,MiraScreen,True,2025-04-03 12:09:12.798584,2025-04-03 12:09:12.798585
51e808a0-3ee8-444e-b9f8-58f8bfbac60a,MLA23953957,LINE,Línea,340816,Chromecast,True,2025-04-03 12:09:12.798587,2025-04-03 12:09:12.798588
ddb02136-c9ea-4582-b212-2add1334c02a,MLA23953957,MODEL,Modelo,35536,G2,True,2025-04-03 12:09:12.798591,2025-04-03 12:09:12.798591
9cd2cf0a-27ac-4918-8270-719f84af7482,MLA23953957,COLOR,Color,52049,Negro,True,2025-04-03 12:09:12.798594,2025-04-03 12:09:12.798594
bed718f9-9fa4-4a20-9535-320416f93aa8,MLA23953957,MAIN_COLOR,Color principal,2450295,Negro,True,2025-04-03 12:09:12.798597,2025-04-03 12:09:12.798597
cad6a50d-329b-46ed-9878-6ea7a4def710,MLA23953957,DEVICE_FORMAT,Formato del dispositivo,9234856,Pendant Box,True,2025-04-03 12:09:12.798600,2025-04-03 12:09:12.798600
cecaafaa-a39e-4d69-9914-69de6079a4ec,MLA23953957,MAX_VIDEO_RESOLUTION,Resolución máxima de video,168332,Full HD,True,2025-04-03 12:09:12.798603,2025-04-03 12:09:12.798604
478ee13b-c5c0-4e65-8c3e-9ec26e80b24e,MLA23953957,COMPATIBLE_APPLICATIONS,Aplicaciones compatibles,,Netflix,True,2025-04-03 12:09:12.798607,2025-04-03 12:09:12.798607
90e3b95f-9f5d-4682-b477-27ea083806e8,MLA23953957,RECOMMENDED_DEVICES,Dispositivos recomendados,,"Celulares, Computadoras, Monitores, Proyectores, Tablets, Televisores",True,2025-04-03 12:09:12.798610,2025-04-03 12:09:12.798610
7a9ed3ea-5200-4924-8563-6e97053e607c,MLA23953957,AUDIO_AND_VIDEO_INTERFACES,Interfaces de audio y video,,HDMI,True,2025-04-03 12:09:12.798613,2025-04-03 12:09:12.798613
5b2bf4c1-0241-4599-ad1b-4e5fb706fe3e,MLA23953957,PORTS_AND_CONNECTORS_TYPES,Tipos de puertos y conectores,,Micro-USB,True,2025-04-03 12:09:12.798616,2025-04-03 12:09:12.798616
0040ee2d-29d7-441f-b80e-73f9bf5b37f7,MLA23953957,WITH_WI_FI,Con Wi-Fi,242085,Sí,True,2025-04-03 12:09:12.798619,2025-04-03 12:09:12.798619
6210c769-f3ab-4249-b559-090a47a84326,MLA23953957,WITH_INTEGRATED_VOICE_ASSISTANTS,Con asistentes de voz integrados,242084,No,True,2025-04-03 12:09:12.798622,2025-04-03 12:09:12.798622
ba9cdefe-abd7-4e9d-a688-c29bd501eecd,MLA23953957,INCLUDES_HDMI_CABLE,Incluye cable HDMI,242085,Sí,True,2025-04-03 12:09:12.798625,2025-04-03 12:09:12.798625
725a17d8-38cc-4cbc-9d87-8984e301d566,MLA23953957,LENGTH,Largo,7846378,5.9 cm,True,2025-04-03 12:09:12.798628,2025-04-03 12:09:12.798628
7d025e8d-e3b1-46c7-9410-62cf34c6b126,MLA23953957,WIDTH,Ancho,13819305,2.7 cm,True,2025-04-03 12:09:12.798632,2025-04-03 12:09:12.798632
f4f18b17-9101-462c-b4d7-61bbcb0bfc07,MLA23953957,HEIGHT,Altura,10576808,1 cm,True,2025-04-03 12:09:12.798635,2025-04-03 12:09:12.798636
566ae2d4-00f8-4895-9585-6d0839697c14,MLA23953957,WEIGHT,Peso,16258358,128 g,True,2025-04-03 12:09:12.798638,2025-04-03 12:09:12.798639
c7fd0afe-1190-42d0-a448-8c18ea3d9893,MLA23953957,OS_NAME,Nombre del sistema operativo,355777,Linux,True,2025-04-03 12:09:12.798641,2025-04-03 12:09:12.798642
4d441041-196e-454a-be16-ca6b57f42d60,MLA23953957,STREAMING_TECHNOLOGIES,Tecnologías de streaming,,"Miracast, AirPlay, DLNA, EZAir",True,2025-04-03 12:09:12.798644,2025-04-03 12:09:12.798645
3163be4e-c9a7-4cbb-b671-2ee21fb334d8,MLA23953957,AUDIO_QUALITY,Calidad de audio,,Wave,True,2025-04-03 12:09:12.798647,2025-04-03 12:09:12.798648
996ffd94-38b3-44a5-a2b5-04600be5b5ad,MLA23953957,MIN_OPERATING_SYSTEMS_REQUIRED,Sistemas operativos mínimos requeridos,,Linux,True,2025-04-03 12:09:12.798651,2025-04-03 12:09:12.798651
4d7569ac-b48d-4b79-be6e-500de91f5ada,MLA23953957,CPU,CPU,,Amlogic 8268,True,2025-04-03 12:09:12.798654,2025-04-03 12:09:12.798654
702518d7-9a0e-4f55-bbed-0f0756df3213,MLA23953957,WI_FI_STANDARDS,Estándares Wi-Fi,,2.4GHz,True,2025-04-03 12:09:12.798657,2025-04-03 12:09:12.798657
1d0f7676-541b-46ac-9ba1-24e388c2f953,MLA23953957,FREQUENCIES,Frecuencias,,"2.4 GHz, 5 GHz",True,2025-04-03 12:09:12.798660,2025-04-03 12:09:12.798660
7060f5ee-63f6-484a-8aff-1323a1fab388,MLA23953957,DEVICE_OPERATING_VOLTAGE,Voltaje de funcionamiento,8631470,5 V,True,2025-04-03 12:09:12.798663,2025-04-03 12:09:12.798663
b5017c72-298e-4f96-90ca-2beda5ebf66a,MLA15984003,BRAND,Marca,59387,Xiaomi,True,2025-04-03 12:09:12.798702,2025-04-03 12:09:12.798702
51b9abf4-12ee-49d5-b973-863f4987d19b,MLA15984003,LINE,Línea,196,Smart,True,2025-04-03 12:09:12.798705,2025-04-03 12:09:12.798705
0d560a94-c9d6-4a4b-b7c9-85bf4d92079a,MLA15984003,MODEL,Modelo,8840953,Mi TV Stick,True,2025-04-03 12:09:12.798708,2025-04-03 12:09:12.798708
cba99e47-e3aa-45e9-b8fc-d96739d4819d,MLA15984003,GENERATION,Generación,42115703,1.ª generación,True,2025-04-03 12:09:12.798711,2025-04-03 12:09:12.798711
27a76a5b-9340-4263-ab37-0922aa7fa3b5,MLA15984003,ALPHANUMERIC_MODEL,Modelo alfanumérico,8863908,MDZ-24-AA,True,2025-04-03 12:09:12.798718,2025-04-03 12:09:12.798718
603bc185-295e-4af8-9bae-e2cfa63a1616,MLA15984003,COLOR,Color,52049,Negro,True,2025-04-03 12:09:12.798721,2025-04-03 12:09:12.798722
55a81d0a-604b-43f6-bfd8-d9b1237e9cf0,MLA15984003,STORAGE_CAPACITY,Capacidad de almacenamiento,18646,8 GB,True,2025-04-03 12:09:12.798724,2025-04-03 12:09:12.798725
19f9efc1-7538-47d4-973d-520234f869ab,MLA15984003,RAM_MEMORY,Memoria RAM,98978,1 GB,True,2025-04-03 12:09:12.798728,2025-04-03 12:09:12.798728
5bf0903b-a704-4ab4-959f-28b0f2362fec,MLA15984003,REMOTE_CONTROL_TYPE,Tipo de control remoto,17535337,De voz,True,2025-04-03 12:09:12.798731,2025-04-03 12:09:12.798731
27e35a2a-0ff6-4e6d-98ed-ab96c8ed709a,MLA15984003,MAIN_COLOR,Color principal,2450295,Negro,True,2025-04-03 12:09:12.798734,2025-04-03 12:09:12.798734
3a6f3e5c-62c8-4db0-a108-2b4918b615cc,MLA15984003,DEVICE_FORMAT,Formato del dispositivo,8616496,Stick,True,2025-04-03 12:09:12.798737,2025-04-03 12:09:12.798737
f81d5079-c7eb-457c-a1d1-410dfa638991,MLA15984003,MAX_VIDEO_RESOLUTION,Resolución máxima de video,168332,Full HD,True,2025-04-03 12:09:12.798740,2025-04-03 12:09:12.798740
7e966758-d2b7-4549-beb6-9b806ad3abbf,MLA15984003,COMPATIBLE_APPLICATIONS,Aplicaciones compatibles,,"Amazon Prime Video, Disney+, Google Play, Google TV, HBO, Netflix, Red Bull TV, Spotify, Twitch, YouTube",True,2025-04-03 12:09:12.798743,2025-04-03 12:09:12.798743
2ce305de-7ba6-4dca-8b40-54980b350098,MLA15984003,RECOMMENDED_DEVICES,Dispositivos recomendados,,"Televisores, Televisores con HDMI",True,2025-04-03 12:09:12.798746,2025-04-03 12:09:12.798746
df10f400-cdee-4eb3-9e5b-e0fb2733444f,MLA15984003,AUDIO_AND_VIDEO_INTERFACES,Interfaces de audio y video,,HDMI 2.0,True,2025-04-03 12:09:12.798749,2025-04-03 12:09:12.798749
b517d8c4-883b-4dfe-8ef4-d8fc4d104861,MLA15984003,PORTS_AND_CONNECTORS_TYPES,Tipos de puertos y conectores,,Micro-USB,True,2025-04-03 12:09:12.798752,2025-04-03 12:09:12.798752
02509e6b-9942-48c2-a4ea-8edf372f35f3,MLA15984003,MANUFACTURER,Fabricante,59387,Xiaomi,True,2025-04-03 12:09:12.798755,2025-04-03 12:09:12.798755
ed3c512a-6797-490d-b297-b1af3f41cc7a,MLA15984003,ANATEL_HOMOLOGATION_NUMBER,Homologación Anatel Nº,40365890,103022009185,True,2025-04-03 12:09:12.798758,2025-04-03 12:09:12.798759
a18dad0d-a116-4b9b-8d1e-7ca8fde6ecdc,MLA15984003,WITH_BLUETOOTH,Con Bluetooth,242085,Sí,True,2025-04-03 12:09:12.798762,2025-04-03 12:09:12.798762
ea82b7d9-5993-4b9e-bb00-5c1bd25d9030,MLA15984003,WITH_WI_FI,Con Wi-Fi,242085,Sí,True,2025-04-03 12:09:12.798765,2025-04-03 12:09:12.798765
509e2807-b58a-4750-af88-09c904889f50,MLA15984003,WITH_INTEGRATED_VOICE_ASSISTANTS,Con asistentes de voz integrados,242085,Sí,True,2025-04-03 12:09:12.798768,2025-04-03 12:09:12.798768
e38bd6c9-a4ce-499a-b061-2667da50ddfe,MLA15984003,INTEGRATED_VOICE_ASSISTANTS,Asistentes de voz integrados,,Google Assistant,True,2025-04-03 12:09:12.798771,2025-04-03 12:09:12.798771
3bd36ffd-af8e-418d-9d05-08d4ce156f45,MLA15984003,INCLUDES_HDMI_CABLE,Incluye cable HDMI,242085,Sí,True,2025-04-03 12:09:12.798774,2025-04-03 12:09:12.798774
a61c3a10-95b0-40e0-9748-54eaa6b4d4db,MLA15984003,INCLUDES_CELL_BATTERIES,Incluye pilas,242084,No,True,2025-04-03 12:09:12.798777,2025-04-03 12:09:12.798777
a4110ea8-b016-45bb-bef3-9128dccef2c9,MLA15984003,LENGTH,Largo,7818553,8 cm,True,2025-04-03 12:09:12.798780,2025-04-03 12:09:12.798780
968c0acb-a43d-41c7-96a8-77904b28d56c,MLA15984003,WIDTH,Ancho,7817388,8 cm,True,2025-04-03 12:09:12.798783,2025-04-03 12:09:12.798784
0a957589-d62d-4b55-817f-dc29a48f5f99,MLA15984003,HEIGHT,Altura,7817391,16 cm,True,2025-04-03 12:09:12.798787,2025-04-03 12:09:12.798787
4d77ef5e-b5d2-4f44-9ecb-255c94fdcf8a,MLA15984003,WEIGHT,Peso,18841047,202 g,True,2025-04-03 12:09:12.798790,2025-04-03 12:09:12.798790
60c5801d-5331-4dc6-90b3-df26a322bcf7,MLA15984003,OS_NAME,Nombre del sistema operativo,8794132,Android TV 9.0,True,2025-04-03 12:09:12.799000,2025-04-03 12:09:12.799000
78e8b918-5cb0-4d0e-bc6d-ce0b99fbcdb0,MLA15984003,STREAMING_TECHNOLOGIES,Tecnologías de streaming,,Chromecast,True,2025-04-03 12:09:12.799005,2025-04-03 12:09:12.799005
95464ff0-af0d-4923-88b1-06dc1ffd3c25,MLA15984003,AUDIO_QUALITY,Calidad de audio,,"DTS, Dolby Audio",True,2025-04-03 12:09:12.799009,2025-04-03 12:09:12.799009
07ebdd7e-2c1b-40c1-a026-d1723ef682b1,MLA15984003,LANGUAGE_OPTIONS,Opciones de idioma,,Español,True,2025-04-03 12:09:12.799012,2025-04-03 12:09:12.799012
a5d94caa-92fc-4ee3-bcaf-a0f6ef5eb20b,MLA15984003,MIN_OPERATING_SYSTEMS_REQUIRED,Sistemas operativos mínimos requeridos,,Android,True,2025-04-03 12:09:12.799015,2025-04-03 12:09:12.799016
1cdc97e9-7730-41e4-87da-ec423c707920,MLA15984003,CPU,CPU,,Cortex-A53 Quad-Core,True,2025-04-03 12:09:12.799019,2025-04-03 12:09:12.799019
e5022b8b-9b42-4f89-8935-ab2a4d13e3f0,MLA15984003,GRAPHICS_PROCESSOR,Procesador gráfico,11771858,Mali-450 Penta-Core,True,2025-04-03 12:09:12.799022,2025-04-03 12:09:12.799022
3b1d4ade-53d9-41e1-ba9c-7fe76f7c1397,MLA15984003,WI_FI_STANDARDS,Estándares Wi-Fi,,IEEE 802.11a/b/g/n/ac,True,2025-04-03 12:09:12.799025,2025-04-03 12:09:12.799025
aaed28d1-9b98-4417-a06b-8a5807a4c280,MLA15984003,FREQUENCIES,Frecuencias,,"2.4 GHz, 5 GHz",True,2025-04-03 12:09:12.799028,2025-04-03 12:09:12.799029
0df303d7-72f5-4577-a177-7d3cdf978276,MLA42847198,BRAND,Marca,52701,Google,True,2025-04-03 12:09:12.799084,2025-04-03 12:09:12.799084
b37b2239-0d77-46b9-a522-778e2f38818c,MLA42847198,LINE,Línea,44160816,Adaptador Chromecast 2015,True,2025-04-03 12:09:12.799087,2025-04-03 12:09:12.799087
d1eeb943-3363-4386-ac31-c72523ec131c,MLA42847198,MODEL,Modelo,44160819,Adaptador Chromecast,True,2025-04-03 12:09:12.799090,2025-04-03 12:09:12.799090
282b97e3-a098-4724-931f-700f2ab4359a,MLA42847198,GENERATION,Generación,33089908,2ª generación,True,2025-04-03 12:09:12.799093,2025-04-03 12:09:12.799093
30f4cb35-accc-4f69-8e4a-13da1311cbf2,MLA42847198,COLOR,Color,52049,Negro,True,2025-04-03 12:09:12.799096,2025-04-03 12:09:12.799096
4d77204a-3c36-4f69-b5bd-9c2ca6ea1372,MLA42847198,REMOTE_CONTROL_TYPE,Tipo de control remoto,182134,Estándar,True,2025-04-03 12:09:12.799099,2025-04-03 12:09:12.799099
9c052fe1-a002-4c02-9418-8aa43485b0f2,MLA42847198,DEVICE_FORMAT,Formato del dispositivo,8616496,Stick,True,2025-04-03 12:09:12.799102,2025-04-03 12:09:12.799102
240c791f-be6f-4e39-8070-79be7bfe7a2c,MLA42847198,PORTS_AND_CONNECTORS_TYPES,Tipos de puertos y conectores,,HDMI USB,True,2025-04-03 12:09:12.799105,2025-04-03 12:09:12.799105
1dda5b19-13e4-497b-8850-30937b2a8a06,MLA42847198,WITH_BLUETOOTH,Con Bluetooth,242085,Sí,True,2025-04-03 12:09:12.799108,2025-04-03 12:09:12.799108
37d6d50c-de0f-45a6-984a-f3f700e2aa0f,MLA42847198,WITH_WI_FI,Con Wi-Fi,242085,Sí,True,2025-04-03 12:09:12.799111,2025-04-03 12:09:12.799111
6287738b-3c57-4995-811f-d115c101398a,MLA42847198,WITH_INTEGRATED_VOICE_ASSISTANTS,Con asistentes de voz integrados,242084,No,True,2025-04-03 12:09:12.799114,2025-04-03 12:09:12.799115
6c4d9738-feaa-4c62-a2c6-5d98a8cde9de,MLA42847198,INCLUDES_HDMI_CABLE,Incluye cable HDMI,242085,Sí,True,2025-04-03 12:09:12.799117,2025-04-03 12:09:12.799118
538e65cc-9d86-45f9-a0a5-b73c849c582c,MLA42847198,INCLUDES_CELL_BATTERIES,Incluye pilas,242084,No,True,2025-04-03 12:09:12.799125,2025-04-03 12:09:12.799125
03a0024b-66bb-431e-b01f-7b644ad4493e,MLA46650591,BRAND,Marca,52701,Google,True,2025-04-03 12:09:12.799149,2025-04-03 12:09:12.799149
52a86289-bec6-44dc-8e48-4cae764ba74e,MLA46650591,LINE,Línea,340816,Chromecast,True,2025-04-03 12:09:12.799152,2025-04-03 12:09:12.799152
88b4c7ed-3542-4f63-8bfb-edaa5ad91517,MLA46650591,MODEL,Modelo,11281877,Chromecast,True,2025-04-03 12:09:12.799155,2025-04-03 12:09:12.799155
f13800db-71c4-41cc-98c6-73e4753f1b71,MLA46650591,GENERATION,Generación,11281876,2.ª generación,True,2025-04-03 12:09:12.799158,2025-04-03 12:09:12.799159
27d7079e-3c4c-4037-b37a-02784e3e29f7,MLA46650591,COLOR,Color,52049,Negro,True,2025-04-03 12:09:12.799161,2025-04-03 12:09:12.799162
443236c3-7a6b-41d5-94f5-5185495bf4a1,MLA46650591,REMOTE_CONTROL_TYPE,Tipo de control remoto,182134,Estándar,True,2025-04-03 12:09:12.799165,2025-04-03 12:09:12.799165
f538a57c-8f03-4048-860b-723176fccf23,MLA46650591,DEVICE_FORMAT,Formato del dispositivo,9234856,Pendant Box,True,2025-04-03 12:09:12.799168,2025-04-03 12:09:12.799168
eb3978cf-90b6-47c5-824b-7c6996584837,MLA46650591,MAX_VIDEO_RESOLUTION,Resolución máxima de video,168332,Full HD,True,2025-04-03 12:09:12.799171,2025-04-03 12:09:12.799171
2d9aaa03-1975-4d37-aef1-4aa6c4d259d4,MLA46650591,COMPATIBLE_APPLICATIONS,Aplicaciones compatibles,,"Netflix, YouTube, Spotify",True,2025-04-03 12:09:12.799174,2025-04-03 12:09:12.799174
86e331fe-83e9-4d00-bbca-6ed8df65844d,MLA46650591,RECOMMENDED_DEVICES,Dispositivos recomendados,,"Celulares, Tablets, Computadoras portátiles",True,2025-04-03 12:09:12.799177,2025-04-03 12:09:12.799177
804af1fd-e90b-4ede-90f7-8902a4c75440,MLA46650591,AUDIO_AND_VIDEO_INTERFACES,Interfaces de audio y video,,HDMI,True,2025-04-03 12:09:12.799180,2025-04-03 12:09:12.799180
e2932746-f5f4-4fde-8f91-9fcc496e28c5,MLA46650591,PORTS_AND_CONNECTORS_TYPES,Tipos de puertos y conectores,,Micro-USB,True,2025-04-03 12:09:12.799183,2025-04-03 12:09:12.799183
baa5cf10-d922-4276-8452-799b0f4b7448,MLA46650591,MANUFACTURER,Fabricante,40905235,Google Llc,True,2025-04-03 12:09:12.799186,2025-04-03 12:09:12.799186
044cb899-c610-4b6d-aaf9-b58486b2a5cd,MLA46650591,WITH_BLUETOOTH,Con Bluetooth,242084,No,True,2025-04-03 12:09:12.799189,2025-04-03 12:09:12.799189
7bdf5b62-9358-419e-85d2-27f979b2cc20,MLA46650591,WITH_WI_FI,Con Wi-Fi,242085,Sí,True,2025-04-03 12:09:12.799192,2025-04-03 12:09:12.799192
3d538a15-6e81-49f2-9c5f-8eed4614cc47,MLA46650591,WITH_INTEGRATED_VOICE_ASSISTANTS,Con asistentes de voz integrados,242084,No,True,2025-04-03 12:09:12.799195,2025-04-03 12:09:12.799196
17680b56-ac8a-42ea-aaa4-2af7ffe5df79,MLA46650591,INCLUDES_HDMI_CABLE,Incluye cable HDMI,242084,No,True,2025-04-03 12:09:12.799198,2025-04-03 12:09:12.799199
9026e5c2-fbe8-4830-bb2b-3bf931003319,MLA46650591,INCLUDES_CELL_BATTERIES,Incluye pilas,242084,No,True,2025-04-03 12:09:12.799201,2025-04-03 12:09:12.799202
822c1124-cdc1-437e-8cc3-6764e3c56d90,MLA46650591,LENGTH,Largo,48552033,5.181 cm,True,2025-04-03 12:09:12.799204,2025-04-03 12:09:12.799205
756baa9f-f614-4363-9c71-75b0a4b4b641,MLA46650591,WIDTH,Ancho,49324621,5.181 cm,True,2025-04-03 12:09:12.799208,2025-04-03 12:09:12.799208
41aca7d7-4025-43a3-920d-f0708a918fa1,MLA46650591,HEIGHT,Altura,49324622,1.349 cm,True,2025-04-03 12:09:12.799211,2025-04-03 12:09:12.799211
441c8440-d405-43dd-b374-4ccfbff3daab,MLA46650591,STREAMING_TECHNOLOGIES,Tecnologías de streaming,,Chromecast,True,2025-04-03 12:09:12.799214,2025-04-03 12:09:12.799214
5c057901-b7ad-4abd-b6f4-ab2912402299,MLA46650591,AUDIO_QUALITY,Calidad de audio,,DTS Digital Surround,True,2025-04-03 12:09:12.799217,2025-04-03 12:09:12.799217
a9c8e181-629a-4174-9de1-74d8e4bdf4b5,MLA46650591,LANGUAGE_OPTIONS,Opciones de idioma,,Español,True,2025-04-03 12:09:12.799220,2025-04-03 12:09:12.799220
a6c01c15-a76d-454a-b539-c53aeccb4952,MLA46650591,MIN_OPERATING_SYSTEMS_REQUIRED,Sistemas operativos mínimos requeridos,,"Android, iOS",True,2025-04-03 12:09:12.799223,2025-04-03 12:09:12.799223
587f1e7b-4aff-4764-9d68-3c72da9606f1,MLA46650591,CPU,CPU,,Cortex-A7 Dual-Core,True,2025-04-03 12:09:12.799226,2025-04-03 12:09:12.799226
5f782f04-69f9-45ae-b5fd-b4becc55a7b8,MLA46650591,WI_FI_STANDARDS,Estándares Wi-Fi,,IEEE 802.11ac,True,2025-04-03 12:09:12.799229,2025-04-03 12:09:12.799229
f7080b43-7973-4e0c-b85a-0d3748303bfb,MLA46650591,DEVICE_OPERATING_VOLTAGE,Voltaje de funcionamiento,8631470,5 V,True,2025-04-03 12:09:12.799232,2025-04-03 12:09:12.799232
2aeae7f7-0f02-4c1c-a7c6-5a85f1d615d9,MLA20255932,BRAND,Marca,52701,Google,True,2025-04-03 12:09:12.799257,2025-04-03 12:09:12.799257
7cc2771c-c087-4ce4-a194-6251372b19d4,MLA20255932,MODEL,Modelo,48553282,Chromecast 3,True,2025-04-03 12:09:12.799260,2025-04-03 12:09:12.799261
0f357d04-dc03-4274-a53f-e4aba79b2513,MLA20255932,COLOR,Color,52049,Negro,True,2025-04-03 12:09:12.799264,2025-04-03 12:09:12.799264
700dc5cb-7202-4b57-990d-5b8a6b345e22,MLA20255932,STORAGE_CAPACITY,Capacidad de almacenamiento,17072,256 MB,True,2025-04-03 12:09:12.799267,2025-04-03 12:09:12.799267
3e76d36c-cbbc-44b4-b934-523f32ecfbeb,MLA20255932,RAM_MEMORY,Memoria RAM,154947,512 MB,True,2025-04-03 12:09:12.799270,2025-04-03 12:09:12.799270
c81d2aad-1168-4453-9351-0f78faedb78c,MLA20255932,MAIN_COLOR,Color principal,2450295,Negro,True,2025-04-03 12:09:12.799273,2025-04-03 12:09:12.799273
0d74634c-c696-478b-bd9b-5697b49e7c30,MLA20255932,DEVICE_FORMAT,Formato del dispositivo,9234856,Pendant Box,True,2025-04-03 12:09:12.799276,2025-04-03 12:09:12.799276
6a30bb6e-c015-41e3-8d87-0d67c131dece,MLA20255932,MAX_VIDEO_RESOLUTION,Resolución máxima de video,168332,Full HD,True,2025-04-03 12:09:12.799279,2025-04-03 12:09:12.799279
90f97374-a7d4-4380-a4fa-810ce79e170a,MLA20255932,COMPATIBLE_APPLICATIONS,Aplicaciones compatibles,,"Google Fotos, Google TV, HBO Now, Netflix, Spotify, YouTube, YouTube TV",True,2025-04-03 12:09:12.799282,2025-04-03 12:09:12.799282
2829090b-55ac-43c6-b927-6c8e844dbe2a,MLA20255932,RECOMMENDED_DEVICES,Dispositivos recomendados,,Televisores con HDMI,True,2025-04-03 12:09:12.799285,2025-04-03 12:09:12.799285
fcbd7599-36fc-4a7d-80a7-129c83ef7444,MLA20255932,AUDIO_AND_VIDEO_INTERFACES,Interfaces de audio y video,,HDMI,True,2025-04-03 12:09:12.799288,2025-04-03 12:09:12.799289
44b11c39-00d7-42cd-88b8-11860dca82c9,MLA20255932,PORTS_AND_CONNECTORS_TYPES,Tipos de puertos y conectores,,Micro-USB,True,2025-04-03 12:09:12.799291,2025-04-03 12:09:12.799292
8d6eaebb-fab6-49a0-8fc3-392cd7595f6f,MLA20255932,MANUFACTURER,Fabricante,52701,Google,True,2025-04-03 12:09:12.799294,2025-04-03 12:09:12.799295
ceec3d1b-41c2-4486-a22c-2ef609994b09,MLA20255932,WITH_BLUETOOTH,Con Bluetooth,242085,Sí,True,2025-04-03 12:09:12.799298,2025-04-03 12:09:12.799298
3656f35a-c68f-4341-b8fa-7fc3e4ac6229,MLA20255932,WITH_WI_FI,Con Wi-Fi,242085,Sí,True,2025-04-03 12:09:12.799301,2025-04-03 12:09:12.799301
5472ab8a-26f7-4307-9ca9-944676853af4,MLA20255932,WITH_INTEGRATED_VOICE_ASSISTANTS,Con asistentes de voz integrados,242085,Sí,True,2025-04-03 12:09:12.799304,2025-04-03 12:09:12.799304
cbf3964e-b671-43a6-8bc7-aca72b3411bd,MLA20255932,INTEGRATED_VOICE_ASSISTANTS,Asistentes de voz integrados,,Google Assistant,True,2025-04-03 12:09:12.799307,2025-04-03 12:09:12.799307
f23aaa64-3fc8-4b2f-ad6d-af52e479d534,MLA20255932,INCLUDES_HDMI_CABLE,Incluye cable HDMI,242085,Sí,True,2025-04-03 12:09:12.799310,2025-04-03 12:09:12.799310
6fcb5c61-5fb3-47d8-8631-887a671fcb74,MLA20255932,INCLUDES_CELL_BATTERIES,Incluye pilas,242084,No,True,2025-04-03 12:09:12.799318,2025-04-03 12:09:12.799318
2c646eec-9c3c-4994-8eab-4cee24ef6373,MLA20255932,LENGTH,Largo,48553666,5.18 cm,True,2025-04-03 12:09:12.799321,2025-04-03 12:09:12.799321
70e90873-6cdb-4b91-9db9-62991258329c,MLA20255932,WIDTH,Ancho,7817388,8 cm,True,2025-04-03 12:09:12.799324,2025-04-03 12:09:12.799325
12f0f4c4-bb69-4a83-a6f4-e2351b0e90d6,MLA20255932,HEIGHT,Altura,7841468,5 cm,True,2025-04-03 12:09:12.799327,2025-04-03 12:09:12.799328
899fd026-aa9c-43f8-bb07-1715851bac99,MLA20255932,WEIGHT,Peso,22405336,1.4 g,True,2025-04-03 12:09:12.799331,2025-04-03 12:09:12.799331
569c385f-be70-40be-9950-1322885f6fbf,MLA20255932,OS_NAME,Nombre del sistema operativo,296859,iOS,True,2025-04-03 12:09:12.799334,2025-04-03 12:09:12.799334
6f4b15ab-a463-4b45-82f9-8a10c9f82840,MLA20255932,STREAMING_TECHNOLOGIES,Tecnologías de streaming,,Google Cast,True,2025-04-03 12:09:12.799337,2025-04-03 12:09:12.799337
6d4f306d-6ac6-4934-aafb-d7099c3d8af7,MLA20255932,AUDIO_QUALITY,Calidad de audio,,DTS Digital Surround,True,2025-04-03 12:09:12.799340,2025-04-03 12:09:12.799340
da9c7602-3bff-4077-a078-72d9bead304c,MLA20255932,LANGUAGE_OPTIONS,Opciones de idioma,,Español,True,2025-04-03 12:09:12.799343,2025-04-03 12:09:12.799343
3b5024b2-1984-4616-b3ab-dec166f78a33,MLA20255932,MIN_OPERATING_SYSTEMS_REQUIRED,Sistemas operativos mínimos requeridos,,iOS,True,2025-04-03 12:09:12.799346,2025-04-03 12:09:12.799346
db987d2d-7f22-4077-bed9-f257ee1249d1,MLA20255932,CPU,CPU,,230,True,2025-04-03 12:09:12.799349,2025-04-03 12:09:12.799350
ba47aa7c-433a-41e7-84cf-6f7b2799a54a,MLA20255932,WI_FI_STANDARDS,Estándares Wi-Fi,,"2.4GHz, 5Ghz",True,2025-04-03 12:09:12.799352,2025-04-03 12:09:12.799353
d027b0d6-990b-490c-9a17-d29a4ef538de,MLA20255932,FREQUENCIES,Frecuencias,,"2.4 GHz, 5 GHz",True,2025-04-03 12:09:12.799355,2025-04-03 12:09:12.799356
da6cf6a1-131c-4856-a12a-a784fc8b162d,MLA20255932,DEVICE_OPERATING_VOLTAGE,Voltaje de funcionamiento,8631470,5 V,True,2025-04-03 12:09:12.799358,2025-04-03 12:09:12.799359
679e3c30-a32b-46c0-8de6-36adf600a818,MLA27202677,BRAND,Marca,24492284,Dcolor,True,2025-04-03 12:09:12.799406,2025-04-03 12:09:12.799407
67287e15-ff26-4ee9-9f0a-be3e6407bc82,MLA27202677,MODEL,Modelo,11281877,Chromecast,True,2025-04-03 12:09:12.799410,2025-04-03 12:09:12.799410
ea18890b-dfcc-45f5-96f1-5c9ea996ae15,MLA27202677,ALPHANUMERIC_MODEL,Modelo alfanumérico,24492288,GD1 4K,True,2025-04-03 12:09:12.799413,2025-04-03 12:09:12.799413
59d7cb19-61bd-4c6c-9ef8-a6a2828adc3b,MLA27202677,COLOR,Color,52049,Negro,True,2025-04-03 12:09:12.799416,2025-04-03 12:09:12.799416
04b2493a-3351-48c8-b282-53bddb192668,MLA27202677,STORAGE_CAPACITY,Capacidad de almacenamiento,18614,16 GB,True,2025-04-03 12:09:12.799419,2025-04-03 12:09:12.799420
c9b365da-8b84-4ee2-90d5-c3949e57d7e2,MLA27202677,RAM_MEMORY,Memoria RAM,445970,2 GB,True,2025-04-03 12:09:12.799422,2025-04-03 12:09:12.799423
b2dc95ac-66a8-42ab-a691-8c06e44810e3,MLA27202677,REMOTE_CONTROL_TYPE,Tipo de control remoto,17535337,De voz,True,2025-04-03 12:09:12.799427,2025-04-03 12:09:12.799427
343300c9-6ebb-4cc9-ad5e-80d3f980e089,MLA27202677,MAIN_COLOR,Color principal,2450295,Negro,True,2025-04-03 12:09:12.799430,2025-04-03 12:09:12.799430
8d3d8973-1c5a-4f5e-84fb-a6bcdb3db472,MLA27202677,DEVICE_FORMAT,Formato del dispositivo,9234856,Pendant Box,True,2025-04-03 12:09:12.799433,2025-04-03 12:09:12.799433
ddf2d26d-c50d-4637-b131-c126c4e424b7,MLA27202677,MAX_VIDEO_RESOLUTION,Resolución máxima de video,169883,4K,True,2025-04-03 12:09:12.799436,2025-04-03 12:09:12.799436
96eb1d4a-203a-4574-bea9-ac183a922a4e,MLA27202677,AUDIO_AND_VIDEO_INTERFACES,Interfaces de audio y video,,HDMI,True,2025-04-03 12:09:12.799439,2025-04-03 12:09:12.799439
a23dc493-3ef4-4eea-8107-3f30f44332ca,MLA27202677,PORTS_AND_CONNECTORS_TYPES,Tipos de puertos y conectores,,USB-C,True,2025-04-03 12:09:12.799442,2025-04-03 12:09:12.799442
e4a8561b-f2de-4c02-8503-858512189c49,MLA27202677,WITH_WI_FI,Con Wi-Fi,242085,Sí,True,2025-04-03 12:09:12.799445,2025-04-03 12:09:12.799445
bed482c2-13d0-45b2-bd11-f67960cfe9bb,MLA27202677,OS_NAME,Nombre del sistema operativo,296858,Android,True,2025-04-03 12:09:12.799448,2025-04-03 12:09:12.799448
b8ee9595-2e40-4e90-b0f3-547452eab647,MLA27202677,CPU,CPU,,Amlogic S905Y4-B,True,2025-04-03 12:09:12.799451,2025-04-03 12:09:12.799451
16e411ba-356a-43c1-8370-402daccc3f99,MLA27202677,WI_FI_STANDARDS,Estándares Wi-Fi,,IEEE 802.11n,True,2025-04-03 12:09:12.799454,2025-04-03 12:09:12.799454
8dbf1693-a8e1-4300-95be-e707a4ca6b40,MLA6125040,BRAND,Marca,52701,Google,True,2025-04-03 12:09:12.799474,2025-04-03 12:09:12.799475
11153db0-539b-448e-94be-f2d4a540561a,MLA6125040,MODEL,Modelo,11281877,Chromecast,True,2025-04-03 12:09:12.799478,2025-04-03 12:09:12.799478
ec0e21df-5706-43e0-88da-41fa68e28180,MLA6125040,GENERATION,Generación,11281876,2.ª generación,True,2025-04-03 12:09:12.799481,2025-04-03 12:09:12.799481
c5f796ec-8ac2-4164-a66d-ffa92b55caeb,MLA6125040,COLOR,Color,52007,Amarillo,True,2025-04-03 12:09:12.799484,2025-04-03 12:09:12.799484
42c3ce92-f07a-45a1-a462-85987d02638d,MLA6125040,STORAGE_CAPACITY,Capacidad de almacenamiento,17072,256 MB,True,2025-04-03 12:09:12.799487,2025-04-03 12:09:12.799487
5a3b3c75-fa0e-41a1-9b4c-4fb5d70e7394,MLA6125040,RAM_MEMORY,Memoria RAM,154947,512 MB,True,2025-04-03 12:09:12.799490,2025-04-03 12:09:12.799490
aaa6dc03-b5c3-45f6-98aa-5e31c2ffe55e,MLA6125040,MAIN_COLOR,Color principal,2450296,Amarillo,True,2025-04-03 12:09:12.799493,2025-04-03 12:09:12.799493
7f472731-a9ef-4a70-818f-229dcf6a2bf1,MLA6125040,DEVICE_FORMAT,Formato del dispositivo,9234856,Pendant Box,True,2025-04-03 12:09:12.799496,2025-04-03 12:09:12.799496
473ce004-76d1-4720-936c-d0e773fc89b4,MLA6125040,MAX_VIDEO_RESOLUTION,Resolución máxima de video,168332,Full HD,True,2025-04-03 12:09:12.799499,2025-04-03 12:09:12.799499
3af29aa4-d3af-4ff2-b14f-2f3d4ba22eec,MLA6125040,COMPATIBLE_APPLICATIONS,Aplicaciones compatibles,,"ESPN, Google Play, HBO Go, Hulu, Netflix, Peacock, YouTube",True,2025-04-03 12:09:12.799502,2025-04-03 12:09:12.799502
f591ae58-295c-4487-8f78-cf3bd965081f,MLA6125040,RECOMMENDED_DEVICES,Dispositivos recomendados,,"Celulares, Computadoras, Tablets, Televisores",True,2025-04-03 12:09:12.799505,2025-04-03 12:09:12.799505
5a8387cd-f077-4768-b79c-21e6ee90725e,MLA6125040,AUDIO_AND_VIDEO_INTERFACES,Interfaces de audio y video,,HDMI,True,2025-04-03 12:09:12.799508,2025-04-03 12:09:12.799509
b6838414-85d3-4de4-b08e-0077ca5a1d49,MLA6125040,PORTS_AND_CONNECTORS_TYPES,Tipos de puertos y conectores,,Micro-USB,True,2025-04-03 12:09:12.799511,2025-04-03 12:09:12.799512
99e1a6f6-851f-458d-8345-19ba967f54d3,MLA6125040,MANUFACTURER,Fabricante,52701,Google,True,2025-04-03 12:09:12.799514,2025-04-03 12:09:12.799515
edf66706-f883-406c-b092-c6c120b08544,MLA6125040,WITH_BLUETOOTH,Con Bluetooth,242084,No,True,2025-04-03 12:09:12.799517,2025-04-03 12:09:12.799518
ed05f3c5-0fd6-440b-93e8-d3edf5753f63,MLA6125040,WITH_WI_FI,Con Wi-Fi,242085,Sí,True,2025-04-03 12:09:12.799522,2025-04-03 12:09:12.799522
d512b04b-d1b2-4d14-a34a-0c660dd77b88,MLA6125040,WITH_INTEGRATED_VOICE_ASSISTANTS,Con asistentes de voz integrados,242084,No,True,2025-04-03 12:09:12.799525,2025-04-03 12:09:12.799525
b4038920-6ab1-4274-a8bb-46a9cbfa9bc8,MLA6125040,INCLUDES_HDMI_CABLE,Incluye cable HDMI,242084,No,True,2025-04-03 12:09:12.799528,2025-04-03 12:09:12.799528
a4dec4fa-c2a4-412c-a822-6bb3ffec08cb,MLA6125040,LENGTH,Largo,48552033,5.181 cm,True,2025-04-03 12:09:12.799531,2025-04-03 12:09:12.799531
48b88492-f270-4f07-b8fd-81eef68017cd,MLA6125040,WIDTH,Ancho,49324621,5.181 cm,True,2025-04-03 12:09:12.799534,2025-04-03 12:09:12.799535
4fa0b759-5acd-4276-a3e3-8ac5da8bf06b,MLA6125040,HEIGHT,Altura,49324622,1.349 cm,True,2025-04-03 12:09:12.799537,2025-04-03 12:09:12.799538
62e53151-d720-4574-bb72-9cd1720f489f,MLA6125040,OS_NAME,Nombre del sistema operativo,355776,Chrome OS,True,2025-04-03 12:09:12.799541,2025-04-03 12:09:12.799541
530c4d13-8b0d-45ce-8120-03f51ae2c67e,MLA6125040,STREAMING_TECHNOLOGIES,Tecnologías de streaming,,Chromecast,True,2025-04-03 12:09:12.799544,2025-04-03 12:09:12.799544
c05f55d0-769f-4b97-b481-a99d76c62dff,MLA6125040,AUDIO_QUALITY,Calidad de audio,,DTS Digital Surround,True,2025-04-03 12:09:12.799547,2025-04-03 12:09:12.799547
7b046635-bafe-4e26-9f0c-6650c2242bca,MLA6125040,LANGUAGE_OPTIONS,Opciones de idioma,,Español,True,2025-04-03 12:09:12.799550,2025-04-03 12:09:12.799550
3f3f466a-4187-4714-9479-77408b15a264,MLA6125040,MIN_OPERATING_SYSTEMS_REQUIRED,Sistemas operativos mínimos requeridos,,"Android 4.2, iOS 9.1, macOS X 10.9, Windows 7",True,2025-04-03 12:09:12.799553,2025-04-03 12:09:12.799553
d5340a3e-c089-4977-b51e-fbfc18d06838,MLA6125040,CPU,CPU,,Cortex-A7 Dual-Core,True,2025-04-03 12:09:12.799556,2025-04-03 12:09:12.799556
249e204d-0162-4490-9406-15e7cbd7c41e,MLA6125040,WI_FI_STANDARDS,Estándares Wi-Fi,,IEEE 802.11ac,True,2025-04-03 12:09:12.799559,2025-04-03 12:09:12.799559
8245a077-dc57-4c8e-9705-8c30588297db,MLA6125040,FREQUENCIES,Frecuencias,,"2.4 GHz, 5 GHz",True,2025-04-03 12:09:12.799562,2025-04-03 12:09:12.799562
0157a1ac-789d-4d02-8392-da56e878e870,MLA6125040,DEVICE_OPERATING_VOLTAGE,Voltaje de funcionamiento,8631470,5 V,True,2025-04-03 12:09:12.799565,2025-04-03 12:09:12.799565
45e811b1-f63a-4ed5-b168-eb92054bdd35,MLA6125041,BRAND,Marca,52701,Google,True,2025-04-03 12:09:12.799586,2025-04-03 12:09:12.799586
c7c8b181-4e5a-42d4-be10-c716e894591d,MLA6125041,MODEL,Modelo,11281877,Chromecast,True,2025-04-03 12:09:12.799589,2025-04-03 12:09:12.799589
8b97190a-8cce-4302-be7c-43ad9de90c2b,MLA6125041,GENERATION,Generación,11281876,2.ª generación,True,2025-04-03 12:09:12.799592,2025-04-03 12:09:12.799592
161ed72e-0e63-4c14-aa47-8b2d0b02b2d5,MLA6125041,COLOR,Color,51993,Rojo,True,2025-04-03 12:09:12.799595,2025-04-03 12:09:12.799595
9ca61221-0df0-4876-bc71-e55ee1d79adc,MLA6125041,STORAGE_CAPACITY,Capacidad de almacenamiento,17072,256 MB,True,2025-04-03 12:09:12.799598,2025-04-03 12:09:12.799598
a1a4d0ec-8dff-4cc7-8fa7-f96aa711dc5a,MLA6125041,RAM_MEMORY,Memoria RAM,154947,512 MB,True,2025-04-03 12:09:12.799601,2025-04-03 12:09:12.799601
d9d5ae9b-8ada-4123-8f0d-ae7dae63988e,MLA6125041,MAIN_COLOR,Color principal,2450307,Rojo,True,2025-04-03 12:09:12.799604,2025-04-03 12:09:12.799604
40d75888-6241-4dde-8c42-ad27d51c608b,MLA6125041,DEVICE_FORMAT,Formato del dispositivo,9234856,Pendant Box,True,2025-04-03 12:09:12.799611,2025-04-03 12:09:12.799611
11345390-9d9c-4b55-b9a9-a86b68f0757b,MLA6125041,MAX_VIDEO_RESOLUTION,Resolución máxima de video,168332,Full HD,True,2025-04-03 12:09:12.799615,2025-04-03 12:09:12.799615
d74d031c-10af-49e4-b13a-b7b23f053559,MLA6125041,COMPATIBLE_APPLICATIONS,Aplicaciones compatibles,,"ESPN, Google Play, HBO Go, Hulu, Netflix, Peacock, YouTube",True,2025-04-03 12:09:12.799618,2025-04-03 12:09:12.799618
1a6a6d31-9b0b-4b6d-8802-f0f9723865ab,MLA6125041,RECOMMENDED_DEVICES,Dispositivos recomendados,,"Celulares, Computadoras, Tablets, Televisores",True,2025-04-03 12:09:12.799621,2025-04-03 12:09:12.799621
07540a87-bf21-49f8-ab22-127dea34b94b,MLA6125041,AUDIO_AND_VIDEO_INTERFACES,Interfaces de audio y video,,HDMI,True,2025-04-03 12:09:12.799624,2025-04-03 12:09:12.799624
b31b8d6f-dfb0-457b-b52c-c69deb4dc362,MLA6125041,PORTS_AND_CONNECTORS_TYPES,Tipos de puertos y conectores,,Micro-USB,True,2025-04-03 12:09:12.799627,2025-04-03 12:09:12.799627
1b1d1617-01e3-47c5-9c17-c6823c25b945,MLA6125041,MANUFACTURER,Fabricante,52701,Google,True,2025-04-03 12:09:12.799630,2025-04-03 12:09:12.799630
4b21fb13-b614-4408-b8a6-f3a1780d9a28,MLA6125041,WITH_BLUETOOTH,Con Bluetooth,242084,No,True,2025-04-03 12:09:12.799633,2025-04-03 12:09:12.799633
f33a7938-5f85-4ce9-a8ea-8be43bced9e1,MLA6125041,WITH_WI_FI,Con Wi-Fi,242085,Sí,True,2025-04-03 12:09:12.799636,2025-04-03 12:09:12.799636
dea0e16b-4e80-449e-88e1-6c86bb3a3b52,MLA6125041,WITH_INTEGRATED_VOICE_ASSISTANTS,Con asistentes de voz integrados,242084,No,True,2025-04-03 12:09:12.799639,2025-04-03 12:09:12.799639
a7fb4c08-5e2e-49f0-bb3d-18cf8c54a899,MLA6125041,INCLUDES_HDMI_CABLE,Incluye cable HDMI,242084,No,True,2025-04-03 12:09:12.799642,2025-04-03 12:09:12.799642
47c741de-71ca-4cb4-be9b-19000d0479f1,MLA6125041,LENGTH,Largo,48552033,5.181 cm,True,2025-04-03 12:09:12.799645,2025-04-03 12:09:12.799645
6c707b53-faff-495e-8147-11c516b75c39,MLA6125041,WIDTH,Ancho,49324621,5.181 cm,True,2025-04-03 12:09:12.799648,2025-04-03 12:09:12.799648
c123deb8-953b-4a63-8fc3-bf09db4ef9fb,MLA6125041,HEIGHT,Altura,49324622,1.349 cm,True,2025-04-03 12:09:12.799651,2025-04-03 12:09:12.799651
b5107172-b941-4057-8a13-e0d15287c0d2,MLA6125041,WEIGHT,Peso,47688346,58.967 g,True,2025-04-03 12:09:12.799654,2025-04-03 12:09:12.799655
0e9c52d5-af42-430a-8b59-39f8221e9aa3,MLA6125041,OS_NAME,Nombre del sistema operativo,355776,Chrome OS,True,2025-04-03 12:09:12.799657,2025-04-03 12:09:12.799658
5e708f25-6bcd-497e-b68a-bdc81b329a6b,MLA6125041,STREAMING_TECHNOLOGIES,Tecnologías de streaming,,Chromecast,True,2025-04-03 12:09:12.799660,2025-04-03 12:09:12.799661
74255c5d-1011-422a-b4f7-1d052c1b9a05,MLA6125041,AUDIO_QUALITY,Calidad de audio,,DTS Digital Surround,True,2025-04-03 12:09:12.799663,2025-04-03 12:09:12.799664
e72ee024-ff94-4346-a9d3-fb2244d6b1ab,MLA6125041,LANGUAGE_OPTIONS,Opciones de idioma,,Español,True,2025-04-03 12:09:12.799666,2025-04-03 12:09:12.799667
b7e12930-e30a-449e-aef0-3712a7806bbe,MLA6125041,MIN_OPERATING_SYSTEMS_REQUIRED,Sistemas operativos mínimos requeridos,,"Android 4.2, iOS 9.1, macOS X 10.9, Windows 7",True,2025-04-03 12:09:12.799670,2025-04-03 12:09:12.799670
0815fbd9-bf90-424e-8b6d-415a012e7f8a,MLA6125041,CPU,CPU,,Cortex-A7 Dual-Core,True,2025-04-03 12:09:12.799673,2025-04-03 12:09:12.799673
ccb78b96-1565-4a1d-b197-6aa8156eb5e4,MLA6125041,WI_FI_STANDARDS,Estándares Wi-Fi,,IEEE 802.11ac,True,2025-04-03 12:09:12.799676,2025-04-03 12:09:12.799676
9efb8e7b-8ee1-4007-89bf-48ebdc021523,MLA6125041,FREQUENCIES,Frecuencias,,"2.4 GHz, 5 GHz",True,2025-04-03 12:09:12.799679,2025-04-03 12:09:12.799679
520d9edc-3d1c-4874-9b37-a2c65e2e4820,MLA6125041,DEVICE_OPERATING_VOLTAGE,Voltaje de funcionamiento,8631470,5 V,True,2025-04-03 12:09:12.799682,2025-04-03 12:09:12.799682
2264fee4-d3a2-458b-94a1-e1834053af85,MLA40695658,BRAND,Marca,52701,Google,True,2025-04-03 12:09:12.799710,2025-04-03 12:09:12.799710
3524b221-293f-4636-9387-f2d7f57e2233,MLA40695658,LINE,Línea,340816,Chromecast,True,2025-04-03 12:09:12.799713,2025-04-03 12:09:12.799714
a6759ac9-1ad7-4ad2-a2bd-37b1b4bec5db,MLA40695658,MODEL,Modelo,11281877,Chromecast,True,2025-04-03 12:09:12.799716,2025-04-03 12:09:12.799717
7dd434bd-b467-40b3-85f4-3210f55a5a1c,MLA40695658,GENERATION,Generación,10910111,4.ª generación,True,2025-04-03 12:09:12.799720,2025-04-03 12:09:12.799720
dde2ae23-2bb7-4eb8-a1b9-11ec72b2fac4,MLA40695658,ALPHANUMERIC_MODEL,Modelo alfanumérico,16911628,GA03131-US,True,2025-04-03 12:09:12.799723,2025-04-03 12:09:12.799723
6fa03887-92d0-4e4a-b984-d257a296ff19,MLA40695658,COLOR,Color,52049,Negro,True,2025-04-03 12:09:12.799726,2025-04-03 12:09:12.799726
56dcffb4-442f-4411-94e1-56cd8368e542,MLA40695658,MAIN_COLOR,Color principal,2450295,Negro,True,2025-04-03 12:09:12.799729,2025-04-03 12:09:12.799729
964bf012-45fc-4aa7-a317-4d2f3e56de17,MLA40695658,DEVICE_FORMAT,Formato del dispositivo,9234856,Pendant Box,True,2025-04-03 12:09:12.799732,2025-04-03 12:09:12.799732
0c7e16c6-4d3e-4187-a847-d6c99493ba14,MLA40695658,WITH_WI_FI,Con Wi-Fi,242085,Sí,True,2025-04-03 12:09:12.799735,2025-04-03 12:09:12.799736
11794d72-5eb0-4309-8eaf-ce0757efbb02,MLA46599052,BRAND,Marca,52701,Google,True,2025-04-03 12:09:12.799756,2025-04-03 12:09:12.799756
fa5ffd89-66cb-4f84-be20-fe7143f51791,MLA46599052,MODEL,Modelo,11281877,Chromecast,True,2025-04-03 12:09:12.799759,2025-04-03 12:09:12.799760
0f1325ca-1f1b-4499-90d5-9606b66282aa,MLA46599052,COLOR,Color,52049,Negro,True,2025-04-03 12:09:12.799763,2025-04-03 12:09:12.799763
e6e872e7-9fc1-4865-8cfd-c92a7746e840,MLA46599052,DEVICE_FORMAT,Formato del dispositivo,8616496,Stick,True,2025-04-03 12:09:12.799766,2025-04-03 12:09:12.799766
bc2f5cf9-45db-4db0-a0e8-98c5997ff503,MLA46599052,AUDIO_AND_VIDEO_INTERFACES,Interfaces de audio y video,,HDMI,True,2025-04-03 12:09:12.799769,2025-04-03 12:09:12.799769
d00b3dec-1ad6-4bd2-b117-9f47f32430b5,MLA46599052,MANUFACTURER,Fabricante,52701,Google,True,2025-04-03 12:09:12.799772,2025-04-03 12:09:12.799772
ba6a8c79-e948-4d2d-b847-9e76c81736ea,MLA46599052,WITH_WI_FI,Con Wi-Fi,242085,Sí,True,2025-04-03 12:09:12.799775,2025-04-03 12:09:12.799775
c5b14259-03bb-484e-b227-bc5e7cf8edfb,MLA46599052,INCLUDES_HDMI_CABLE,Incluye cable HDMI,242085,Sí,True,2025-04-03 12:09:12.799778,2025-04-03 12:09:12.799778
bb0c3014-1093-4d67-b6e5-039607f0a5eb,MLA46599052,STREAMING_TECHNOLOGIES,Tecnologías de streaming,,Chromecast,True,2025-04-03 12:09:12.799781,2025-04-03 12:09:12.799782
ab655368-985b-4c64-8acc-3c68c089dfb9,MLA37734297,BRAND,Marca,52701,Google,True,2025-04-03 12:09:12.799801,2025-04-03 12:09:12.799801
434bf1ed-e18c-40b6-91d3-2dbe73e76d81,MLA47354226,BRAND,Marca,52701,Google,True,2025-04-03 12:09:12.799835,2025-04-03 12:09:12.799835
ca62b275-efd3-48ae-965a-ec67a20f9214,MLA47354226,MODEL,Modelo,15925757,GA03131,True,2025-04-03 12:09:12.799838,2025-04-03 12:09:12.799838
ed385ddc-15c2-4e84-a1c4-da9140499391,MLA47354226,GENERATION,Generación,10910111,4.ª generación,True,2025-04-03 12:09:12.799841,2025-04-03 12:09:12.799841
85eadc62-860c-4193-8a4d-45282f25abf9,MLA47354226,COLOR,Color,52055,Blanco,True,2025-04-03 12:09:12.799844,2025-04-03 12:09:12.799844
92860e38-1279-4d51-89a9-946767422221,MLA47354226,STORAGE_CAPACITY,Capacidad de almacenamiento,18646,8 GB,True,2025-04-03 12:09:12.799847,2025-04-03 12:09:12.799848
8a8c786e-3f30-4e63-8df9-fd35613dc764,MLA47354226,RAM_MEMORY,Memoria RAM,445970,2 GB,True,2025-04-03 12:09:12.799850,2025-04-03 12:09:12.799851
ca2c139b-b17f-42af-bd5b-d6ff0425427e,MLA47354226,REMOTE_CONTROL_TYPE,Tipo de control remoto,17535337,De voz,True,2025-04-03 12:09:12.799854,2025-04-03 12:09:12.799854
1720b11e-728a-4f96-8c54-dc9bb8556174,MLA47354226,MAIN_COLOR,Color principal,2450308,Blanco,True,2025-04-03 12:09:12.799857,2025-04-03 12:09:12.799857
67e76cbe-3543-44c8-8d36-1d070a9846da,MLA47354226,DEVICE_FORMAT,Formato del dispositivo,9234856,Pendant Box,True,2025-04-03 12:09:12.799860,2025-04-03 12:09:12.799860
29de3217-504b-44a3-ba54-cc3b2e8c1263,MLA47354226,MAX_VIDEO_RESOLUTION,Resolución máxima de video,168331,HD,True,2025-04-03 12:09:12.799863,2025-04-03 12:09:12.799863
5be930b6-68b3-487d-ae9f-6ba866c67a9e,MLA47354226,COMPATIBLE_APPLICATIONS,Aplicaciones compatibles,,"Amazon Prime Video, Apple TV, BET, CBS All Access, Crackle, Crunchyroll, Disney+, ESPN, Epix, HBO Max, Hulu, Netflix, PBS, Peacock, Pluto TV, Rakuten Viki, Showtime, Sling TV, Spotify, Starz, Tubi, YouTube, YouTube TV",True,2025-04-03 12:09:12.799866,2025-04-03 12:09:12.799866
9f32b993-ea05-4922-bc5b-28fb67ae1f1b,MLA47354226,RECOMMENDED_DEVICES,Dispositivos recomendados,,"Celulares, Computadoras, Tablets, Televisores",True,2025-04-03 12:09:12.799869,2025-04-03 12:09:12.799869
e8a75061-0d18-4b2a-8907-5c8a7744a027,MLA47354226,AUDIO_AND_VIDEO_INTERFACES,Interfaces de audio y video,,HDMI,True,2025-04-03 12:09:12.799872,2025-04-03 12:09:12.799872
6c29bca3-2b7b-45a6-93f4-7ec22419a4f3,MLA47354226,PORTS_AND_CONNECTORS_TYPES,Tipos de puertos y conectores,,USB-C,True,2025-04-03 12:09:12.799875,2025-04-03 12:09:12.799875
a3466f54-d954-4d7b-8c58-ebf0d9359f9a,MLA47354226,MANUFACTURER,Fabricante,40905235,Google Llc,True,2025-04-03 12:09:12.799878,2025-04-03 12:09:12.799878
a70d28c0-c57a-4f9a-8c1e-a0c6ca85fa4a,MLA47354226,WITH_BLUETOOTH,Con Bluetooth,242085,Sí,True,2025-04-03 12:09:12.799881,2025-04-03 12:09:12.799881
751b77ff-3720-41be-a31b-73c73181a7d5,MLA47354226,WITH_WI_FI,Con Wi-Fi,242085,Sí,True,2025-04-03 12:09:12.799884,2025-04-03 12:09:12.799884
f0441a86-69d7-4577-b9d6-35c0004cdbb2,MLA47354226,WITH_INTEGRATED_VOICE_ASSISTANTS,Con asistentes de voz integrados,242085,Sí,True,2025-04-03 12:09:12.799887,2025-04-03 12:09:12.799887
b7feefab-327d-4132-b586-33f49e51ffcf,MLA47354226,INTEGRATED_VOICE_ASSISTANTS,Asistentes de voz integrados,,Google Assistant,True,2025-04-03 12:09:12.799890,2025-04-03 12:09:12.799891
a5401453-4fda-455e-afed-0840afad829b,MLA47354226,INCLUDES_HDMI_CABLE,Incluye cable HDMI,242085,Sí,True,2025-04-03 12:09:12.799893,2025-04-03 12:09:12.799894
83d4e80e-dd0a-43bf-874f-c4fdf5a43065,MLA47354226,INCLUDES_CELL_BATTERIES,Incluye pilas,242085,Sí,True,2025-04-03 12:09:12.799896,2025-04-03 12:09:12.799897
be087a7d-193e-4cca-9293-155b47567260,MLA47354226,LENGTH,Largo,8927824,16.2 cm,True,2025-04-03 12:09:12.799900,2025-04-03 12:09:12.799900
a61950a3-039a-49ed-aaa7-ff6070a1c373,MLA47354226,WIDTH,Ancho,8919901,6.1 cm,True,2025-04-03 12:09:12.799904,2025-04-03 12:09:12.799904
72e523ae-c2a1-42d4-a854-86ca8e92f420,MLA47354226,HEIGHT,Altura,8248374,1.25 cm,True,2025-04-03 12:09:12.799907,2025-04-03 12:09:12.799907
634716fc-3e0e-4421-a412-2786d173b4fb,MLA47354226,STREAMING_TECHNOLOGIES,Tecnologías de streaming,,Chromecast,True,2025-04-03 12:09:12.799910,2025-04-03 12:09:12.799910
b788ba8c-b81b-4256-8a37-b5f64be14bb7,MLA47354226,AUDIO_QUALITY,Calidad de audio,,"Dolby Atmos, Dolby Digital, Dolby Digital Plus",True,2025-04-03 12:09:12.799913,2025-04-03 12:09:12.799913
5534cacb-615e-4dce-a04e-522bd6a9b886,MLA47354226,LANGUAGE_OPTIONS,Opciones de idioma,,Multidioma,True,2025-04-03 12:09:12.799916,2025-04-03 12:09:12.799916
0380875e-1e59-4e29-bcea-c304a08168f0,MLA47354226,MIN_OPERATING_SYSTEMS_REQUIRED,Sistemas operativos mínimos requeridos,,"Android, iOS",True,2025-04-03 12:09:12.799919,2025-04-03 12:09:12.799919
bfd7d189-1135-4634-a5d7-54522d89e51b,MLA47354226,CPU,CPU,,Amlogic S905X3 Cortex-A55 Quad-Core,True,2025-04-03 12:09:12.799922,2025-04-03 12:09:12.799922
10960973-6f87-43f5-a1a0-4c5ab10903a7,MLA47354226,GRAPHICS_PROCESSOR,Procesador gráfico,7569896,Mali-G31 MP2,True,2025-04-03 12:09:12.799925,2025-04-03 12:09:12.799925
46dc08d4-46f3-493a-8049-1f0c2b2c8fae,MLA47354226,WI_FI_STANDARDS,Estándares Wi-Fi,,IEEE 802.11ac,True,2025-04-03 12:09:12.799928,2025-04-03 12:09:12.799929
4d4798fd-d412-44fe-a8d2-720dcd01be69,MLA47354226,FREQUENCIES,Frecuencias,,"2.4 GHz, 5 GHz",True,2025-04-03 12:09:12.799931,2025-04-03 12:09:12.799932
9544ebc3-730b-41a9-8831-006f7c6ece52,MLA47354226,DEVICE_OPERATING_VOLTAGE,Voltaje de funcionamiento,8631470,5 V,True,2025-04-03 12:09:12.799934,2025-04-03 12:09:12.799935
d93a5395-4a4e-449d-a2e6-3c11d4fc0cb4,MLA47546956,BRAND,Marca,52701,Google,True,2025-04-03 12:09:12.799967,2025-04-03 12:09:12.799968
11cd6477-cce8-4aba-a5c0-f08fe0245dd7,MLA47546956,MODEL,Modelo,42883009,Chromecast con Google TV,True,2025-04-03 12:09:12.799970,2025-04-03 12:09:12.799971
ee5e4071-4e12-4109-8e4b-4ad53400d0b3,MLA47546956,GENERATION,Generación,10910111,4.ª generación,True,2025-04-03 12:09:12.799974,2025-04-03 12:09:12.799974
f1f04651-015e-46c6-a79c-e7ad6842779d,MLA47546956,COLOR,Color,52031,Azul acero,True,2025-04-03 12:09:12.799977,2025-04-03 12:09:12.799977
089e8304-6fc4-4883-8a1c-fbd0ded04eb1,MLA47546956,STORAGE_CAPACITY,Capacidad de almacenamiento,18646,8 GB,True,2025-04-03 12:09:12.799980,2025-04-03 12:09:12.799980
c90ad415-0845-4646-8f21-22bf47cd923d,MLA47546956,RAM_MEMORY,Memoria RAM,445970,2 GB,True,2025-04-03 12:09:12.799983,2025-04-03 12:09:12.799983
453b3209-f90a-43b1-b058-728807345f76,MLA47546956,REMOTE_CONTROL_TYPE,Tipo de control remoto,182134,Estándar,True,2025-04-03 12:09:12.799986,2025-04-03 12:09:12.799986
78337ec6-72bb-4fe6-b973-c75394a40b1c,MLA47546956,DEVICE_FORMAT,Formato del dispositivo,9234856,Pendant Box,True,2025-04-03 12:09:12.799989,2025-04-03 12:09:12.799989
e6ebf7bb-57a4-4a95-9e27-32e29f04a345,MLA47546956,MAX_VIDEO_RESOLUTION,Resolución máxima de video,169883,4K,True,2025-04-03 12:09:12.799992,2025-04-03 12:09:12.799992
abd364b4-51f3-4e35-8015-ef31ea609a13,MLA47546956,COMPATIBLE_APPLICATIONS,Aplicaciones compatibles,,"Amazon Prime Video, HBO Max, Netflix, YouTube",True,2025-04-03 12:09:12.799996,2025-04-03 12:09:12.799997
23a08ce1-35be-48e5-be32-f822dae43e53,MLA47546956,RECOMMENDED_DEVICES,Dispositivos recomendados,,"Celulares, Tablets, Computadoras portátiles",True,2025-04-03 12:09:12.800000,2025-04-03 12:09:12.800000
3034ba8b-d1f4-48eb-96f3-8a52bb6a9306,MLA47546956,AUDIO_AND_VIDEO_INTERFACES,Interfaces de audio y video,,HDMI,True,2025-04-03 12:09:12.800003,2025-04-03 12:09:12.800003
da7c457a-9056-4abc-89b1-9ecc494f172a,MLA47546956,PORTS_AND_CONNECTORS_TYPES,Tipos de puertos y conectores,,USB-C,True,2025-04-03 12:09:12.800006,2025-04-03 12:09:12.800006
c151db8b-a808-4a96-af69-86839ce62a79,MLA47546956,WITH_BLUETOOTH,Con Bluetooth,242085,Sí,True,2025-04-03 12:09:12.800009,2025-04-03 12:09:12.800009
40b08983-752d-4979-888c-7b00e6717d03,MLA47546956,WITH_WI_FI,Con Wi-Fi,242085,Sí,True,2025-04-03 12:09:12.800012,2025-04-03 12:09:12.800012
f53d6e8a-4de5-4f41-b530-818602e57fb1,MLA47546956,WITH_INTEGRATED_VOICE_ASSISTANTS,Con asistentes de voz integrados,242085,Sí,True,2025-04-03 12:09:12.800015,2025-04-03 12:09:12.800015
b50b0f81-ceac-463e-a459-5067072772a0,MLA47546956,INTEGRATED_VOICE_ASSISTANTS,Asistentes de voz integrados,,Google Assistant,True,2025-04-03 12:09:12.800018,2025-04-03 12:09:12.800018
edad79db-8182-4ce2-be9f-89884edf8e5c,MLA47546956,INCLUDES_HDMI_CABLE,Incluye cable HDMI,242084,No,True,2025-04-03 12:09:12.800021,2025-04-03 12:09:12.800021
ef925bb5-0f8b-4bfd-99a2-2a3ce63e9f0b,MLA47546956,INCLUDES_CELL_BATTERIES,Incluye pilas,242085,Sí,True,2025-04-03 12:09:12.800024,2025-04-03 12:09:12.800024
a66a5835-ce2c-4025-bb70-1edbf907fe9c,MLA47546956,OS_NAME,Nombre del sistema operativo,296858,Android,True,2025-04-03 12:09:12.800028,2025-04-03 12:09:12.800028
6ae06bf6-3d40-4c32-93e9-085d60fb0a9a,MLA47546956,STREAMING_TECHNOLOGIES,Tecnologías de streaming,,Chromecast,True,2025-04-03 12:09:12.800031,2025-04-03 12:09:12.800032
c3912cf7-6a7a-4bc6-b876-01b97fd4dc8d,MLA47546956,AUDIO_QUALITY,Calidad de audio,,Dolby Audio,True,2025-04-03 12:09:12.800035,2025-04-03 12:09:12.800035
f0c605ef-a138-4c06-9ba8-1c6ed15c2701,MLA47546956,LANGUAGE_OPTIONS,Opciones de idioma,,"Español, Inglés",True,2025-04-03 12:09:12.800039,2025-04-03 12:09:12.800040
4bb157ef-d957-4578-ac71-94413a79ceed,MLA47546956,CPU,CPU,,Amlogic S905X3 Cortex-A55 Quad-Core,True,2025-04-03 12:09:12.800044,2025-04-03 12:09:12.800044
07729b58-e451-405c-b5a2-833b7f478ee3,MLA47546956,GRAPHICS_PROCESSOR,Procesador gráfico,7569896,Mali-G31 MP2,True,2025-04-03 12:09:12.800048,2025-04-03 12:09:12.800048
1bfc6120-c8ae-4bbf-8c49-7145f5ef608a,MLA47546956,WI_FI_STANDARDS,Estándares Wi-Fi,,"2.4GHz, 5.8GHz",True,2025-04-03 12:09:12.800052,2025-04-03 12:09:12.800053
4fef8111-fc99-44cc-b00c-9fcffd1ff114,MLA47546956,FREQUENCIES,Frecuencias,,1.9ghz,True,2025-04-03 12:09:12.800057,2025-04-03 12:09:12.800057
95b4b657-c52f-4ace-8eb0-a89fbfb5ceb7,MLA47546956,DEVICE_OPERATING_VOLTAGE,Voltaje de funcionamiento,8631470,5 V,True,2025-04-03 12:09:12.800061,2025-04-03 12:09:12.800061
51e3bbf4-c7b5-41c5-8a8f-eaf6f332652e,MLA38351184,BRAND,Marca,52701,Google,True,2025-04-03 12:09:12.800099,2025-04-03 12:09:12.800099
bde40386-72f4-4d04-a5d1-aeab47a55498,MLA38351184,LINE,Línea,340816,Chromecast,True,2025-04-03 12:09:12.800102,2025-04-03 12:09:12.800102
4402f6b9-24f1-4011-895d-da25e71ae74f,MLA38351184,MODEL,Modelo,11281877,Chromecast,True,2025-04-03 12:09:12.800106,2025-04-03 12:09:12.800106
367d00de-1f7e-4d84-bfd4-28d36dc276a2,MLA38351184,GENERATION,Generación,10910111,4.ª generación,True,2025-04-03 12:09:12.800109,2025-04-03 12:09:12.800109
ec34afdc-7c13-4e49-94a5-23aba57e98aa,MLA38351184,COLOR,Color,52055,Blanco,True,2025-04-03 12:09:12.800113,2025-04-03 12:09:12.800113
efa29d0e-889a-4e84-ac24-68fa7d13040e,MLA38351184,REMOTE_CONTROL_TYPE,Tipo de control remoto,17535337,De voz,True,2025-04-03 12:09:12.800116,2025-04-03 12:09:12.800116
974cffec-50d7-42da-8dc1-f93ac93fe271,MLA38351184,MAIN_COLOR,Color principal,2450308,Blanco,True,2025-04-03 12:09:12.800120,2025-04-03 12:09:12.800120
53ae9bdc-c3e9-4462-b695-39fdc14b42de,MLA38351184,DEVICE_FORMAT,Formato del dispositivo,8616496,Stick,True,2025-04-03 12:09:12.800127,2025-04-03 12:09:12.800128
7a5b29dd-d4f9-4f45-9796-71c859a18047,MLA38351184,MAX_VIDEO_RESOLUTION,Resolución máxima de video,168332,Full HD,True,2025-04-03 12:09:12.800131,2025-04-03 12:09:12.800131
bd7c9319-68b2-4a0a-a3d0-581975f1b263,MLA38351184,COMPATIBLE_APPLICATIONS,Aplicaciones compatibles,,"YouTube, Netflix, Amazon Prime Video, HBO Now, Spotify",True,2025-04-03 12:09:12.800135,2025-04-03 12:09:12.800135
f0520723-9ecb-46f3-98d2-dde03b9b4849,MLA38351184,RECOMMENDED_DEVICES,Dispositivos recomendados,,Televisores con HDMI,True,2025-04-03 12:09:12.800138,2025-04-03 12:09:12.800138
e5672063-e791-4b2f-a645-0b5d65887c8f,MLA38351184,AUDIO_AND_VIDEO_INTERFACES,Interfaces de audio y video,,HDMI,True,2025-04-03 12:09:12.800142,2025-04-03 12:09:12.800142
438445ad-07cb-4535-a53f-efc936692244,MLA38351184,PORTS_AND_CONNECTORS_TYPES,Tipos de puertos y conectores,,USB-C,True,2025-04-03 12:09:12.800145,2025-04-03 12:09:12.800146
50b66e79-1319-4044-b5e1-3bde8a62d57e,MLA38351184,MANUFACTURER,Fabricante,52701,Google,True,2025-04-03 12:09:12.800149,2025-04-03 12:09:12.800149
3774b436-8100-42cc-a945-b097c2a8e44c,MLA38351184,ANATEL_HOMOLOGATION_NUMBER,Homologación Anatel Nº,40365787,7541404818,True,2025-04-03 12:09:12.800152,2025-04-03 12:09:12.800152
9ca4a4f1-d397-41b6-8188-da5ee2370496,MLA38351184,WITH_BLUETOOTH,Con Bluetooth,242085,Sí,True,2025-04-03 12:09:12.800156,2025-04-03 12:09:12.800156
33ed42a1-c4c5-4f6a-a8ad-9ac3d1be0311,MLA38351184,WITH_WI_FI,Con Wi-Fi,242085,Sí,True,2025-04-03 12:09:12.800159,2025-04-03 12:09:12.800159
04bc81b7-4435-45ba-b9dd-9c39c9a76764,MLA38351184,WITH_INTEGRATED_VOICE_ASSISTANTS,Con asistentes de voz integrados,242085,Sí,True,2025-04-03 12:09:12.800163,2025-04-03 12:09:12.800163
916c875f-7055-4061-bd8f-b2d0c2074a97,MLA38351184,INTEGRATED_VOICE_ASSISTANTS,Asistentes de voz integrados,,Google Assistant,True,2025-04-03 12:09:12.800166,2025-04-03 12:09:12.800166
a3caefcd-913e-4529-a8d7-61940a726a5a,MLA38351184,INCLUDES_HDMI_CABLE,Incluye cable HDMI,242085,Sí,True,2025-04-03 12:09:12.800169,2025-04-03 12:09:12.800170
5854f29f-0600-417d-b01f-c3756cd455d2,MLA38351184,INCLUDES_CELL_BATTERIES,Incluye pilas,242084,No,True,2025-04-03 12:09:12.800173,2025-04-03 12:09:12.800173
baab305f-0a1e-4ba3-b0b2-22edc4534a91,MLA38351184,LENGTH,Largo,8927824,16.2 cm,True,2025-04-03 12:09:12.800176,2025-04-03 12:09:12.800176
f3992eb2-5224-4844-911d-323f34d11051,MLA38351184,WIDTH,Ancho,8919901,6.1 cm,True,2025-04-03 12:09:12.800180,2025-04-03 12:09:12.800180
ec835db8-8b99-4e53-9965-8e88122b4e7a,MLA38351184,HEIGHT,Altura,8248374,1.25 cm,True,2025-04-03 12:09:12.800183,2025-04-03 12:09:12.800183
f277cfd4-5d9d-4713-9c96-4f093586d505,MLA38351184,WEIGHT,Peso,5991223,1 kg,True,2025-04-03 12:09:12.800186,2025-04-03 12:09:12.800187
d0cfee32-cf15-466d-94f4-b40db442c43d,MLA38351184,OS_NAME,Nombre del sistema operativo,355776,Chrome OS,True,2025-04-03 12:09:12.800190,2025-04-03 12:09:12.800190
0209f1eb-268c-4f61-9cc4-d072f445ea6a,MLA38351184,STREAMING_TECHNOLOGIES,Tecnologías de streaming,,Chromecast,True,2025-04-03 12:09:12.800193,2025-04-03 12:09:12.800194
1aebc8e6-8c4e-46ac-9c59-3c02b6a6c4dd,MLA38351184,AUDIO_QUALITY,Calidad de audio,,"Dolby Atmos, Dolby Digital, Dolby Digital Plus",True,2025-04-03 12:09:12.800197,2025-04-03 12:09:12.800197
f436d7bc-2403-4b9b-874a-5b00a5e8417a,MLA38351184,LANGUAGE_OPTIONS,Opciones de idioma,,"Español, Inglés",True,2025-04-03 12:09:12.800200,2025-04-03 12:09:12.800201
a30da06b-826e-4e4b-8767-737523a4f0cb,MLA38351184,MIN_OPERATING_SYSTEMS_REQUIRED,Sistemas operativos mínimos requeridos,,Android,True,2025-04-03 12:09:12.800204,2025-04-03 12:09:12.800204
717a489d-84c0-4bb5-ae61-6e3177ea4c0c,MLA38351184,CPU,CPU,,Amlogic S905X3 Cortex-A55 Quad-Core,True,2025-04-03 12:09:12.800207,2025-04-03 12:09:12.800208
405b0e03-b819-4084-bda6-99d23be72e03,MLA38351184,GRAPHICS_PROCESSOR,Procesador gráfico,7569896,Mali-G31 MP2,True,2025-04-03 12:09:12.800211,2025-04-03 12:09:12.800211
2550f6c2-9d80-4175-a8db-f9a7a0aa65bf,MLA38351184,WI_FI_STANDARDS,Estándares Wi-Fi,,IEEE 802.11ac,True,2025-04-03 12:09:12.800215,2025-04-03 12:09:12.800215
6550d711-3618-45d7-b276-af951ff860f8,MLA38351184,FREQUENCIES,Frecuencias,,"2.4 GHz, 5 GHz",True,2025-04-03 12:09:12.800218,2025-04-03 12:09:12.800218
219d419d-4f73-43d8-abc7-4bd7213f2580,MLA38351184,DEVICE_OPERATING_VOLTAGE,Voltaje de funcionamiento,8631470,5 V,True,2025-04-03 12:09:12.800224,2025-04-03 12:09:12.800225
ef689408-254d-44db-a2a8-a7ea36de2e2b,MLA37281209,BRAND,Marca,37977407,RONSHIN,True,2025-04-03 12:09:12.800268,2025-04-03 12:09:12.800268
64f61012-3876-4568-b655-7c047927db7a,MLA21237756,BRAND,Marca,52701,Google,True,2025-04-03 12:09:12.800301,2025-04-03 12:09:12.800302
1428d3ea-f62e-416e-b118-e094eac821c6,MLA21237756,LINE,Línea,340816,Chromecast,True,2025-04-03 12:09:12.800305,2025-04-03 12:09:12.800305
fb7ffd3f-4a35-4490-afc6-0afb7a5642a0,MLA21237756,MODEL,Modelo,15925757,GA03131,True,2025-04-03 12:09:12.800308,2025-04-03 12:09:12.800309
fa1e689c-5e14-43fc-9925-a1ffce7c1940,MLA21237756,GENERATION,Generación,10910111,4.ª generación,True,2025-04-03 12:09:12.800312,2025-04-03 12:09:12.800312
71b8abf4-13bf-4782-babd-4652aaa36bcb,MLA21237756,COLOR,Color,52055,Blanco,True,2025-04-03 12:09:12.800315,2025-04-03 12:09:12.800316
607f98a0-25c4-4f94-9ebf-4fe50bbcb2dc,MLA21237756,STORAGE_CAPACITY,Capacidad de almacenamiento,18646,8 GB,True,2025-04-03 12:09:12.800319,2025-04-03 12:09:12.800319
0fc8d053-b41a-4aad-8b47-4a0a47407c52,MLA21237756,RAM_MEMORY,Memoria RAM,445970,2 GB,True,2025-04-03 12:09:12.800322,2025-04-03 12:09:12.800323
005ccbd8-8cf6-48a9-9afd-660b5768cf99,MLA21237756,REMOTE_CONTROL_TYPE,Tipo de control remoto,17535337,De voz,True,2025-04-03 12:09:12.800330,2025-04-03 12:09:12.800330
93e18fab-f2b3-4468-8ffe-d64547e83b3d,MLA21237756,MAIN_COLOR,Color principal,2450308,Blanco,True,2025-04-03 12:09:12.800334,2025-04-03 12:09:12.800334
f898c336-f6b3-4131-9027-544d0a35d047,MLA21237756,DEVICE_FORMAT,Formato del dispositivo,9234856,Pendant Box,True,2025-04-03 12:09:12.800337,2025-04-03 12:09:12.800337
1e589839-3f3d-4d2a-9157-201b60276b03,MLA21237756,MAX_VIDEO_RESOLUTION,Resolución máxima de video,168332,Full HD,True,2025-04-03 12:09:12.800341,2025-04-03 12:09:12.800341
d073acf9-3b69-431e-b2a8-f1fb99b7bbfe,MLA21237756,COMPATIBLE_APPLICATIONS,Aplicaciones compatibles,,"Amazon Prime Video, ESPN, HBO Go, Netflix, You, YouTube, Facebook, Hulu, Spotify, Deezer, Disney+, max, Flow",True,2025-04-03 12:09:12.800344,2025-04-03 12:09:12.800344
721b3e9f-4233-4e7d-a850-386ea4527606,MLA21237756,RECOMMENDED_DEVICES,Dispositivos recomendados,,Televisores y monitores con HDMI,True,2025-04-03 12:09:12.800348,2025-04-03 12:09:12.800348
dc8d5196-a0c7-4218-bb41-e03a2bf249f1,MLA21237756,AUDIO_AND_VIDEO_INTERFACES,Interfaces de audio y video,,HDMI,True,2025-04-03 12:09:12.800351,2025-04-03 12:09:12.800351
a6c7ee3b-70dc-4c7b-b347-9f64cc7d6255,MLA21237756,MANUFACTURER,Fabricante,52701,Google,True,2025-04-03 12:09:12.800355,2025-04-03 12:09:12.800355
ee8e0d10-eafa-4a86-ba28-99bc7f63bd3d,MLA21237756,WITH_BLUETOOTH,Con Bluetooth,242085,Sí,True,2025-04-03 12:09:12.800358,2025-04-03 12:09:12.800358
a3e90c1b-c954-4eb0-8dac-80fe7f16225f,MLA21237756,WITH_WI_FI,Con Wi-Fi,242085,Sí,True,2025-04-03 12:09:12.800361,2025-04-03 12:09:12.800362
59202f20-0567-4eb0-8b24-1f926454f051,MLA21237756,WITH_INTEGRATED_VOICE_ASSISTANTS,Con asistentes de voz integrados,242085,Sí,True,2025-04-03 12:09:12.800365,2025-04-03 12:09:12.800365
fa11d755-9051-44c9-a2bd-9a65349288f1,MLA21237756,INTEGRATED_VOICE_ASSISTANTS,Asistentes de voz integrados,,Google Assistant,True,2025-04-03 12:09:12.800368,2025-04-03 12:09:12.800369
f1e3e6b3-7889-4ea6-acec-67290060f0c4,MLA21237756,INCLUDES_HDMI_CABLE,Incluye cable HDMI,242085,Sí,True,2025-04-03 12:09:12.800372,2025-04-03 12:09:12.800372
19caab2c-d4ae-4726-b024-422eb50e5ddb,MLA21237756,INCLUDES_CELL_BATTERIES,Incluye pilas,242085,Sí,True,2025-04-03 12:09:12.800375,2025-04-03 12:09:12.800375
1154702c-8bbe-40e1-b9b3-625bf0d99869,MLA21237756,WIDTH,Ancho,8919901,6.1 cm,True,2025-04-03 12:09:12.800379,2025-04-03 12:09:12.800379
b6c84189-795d-454b-b6ed-cb6b4904cf1f,MLA21237756,HEIGHT,Altura,10576860,1.3 cm,True,2025-04-03 12:09:12.800382,2025-04-03 12:09:12.800383
17e10a75-7453-4b57-9153-86b854da43d9,MLA21237756,WEIGHT,Peso,23573835,3.2 g,True,2025-04-03 12:09:12.800386,2025-04-03 12:09:12.800386
7a62dc96-ae1f-48bc-9a3e-0ceb4d32d607,MLA21237756,STREAMING_TECHNOLOGIES,Tecnologías de streaming,,Chromecast,True,2025-04-03 12:09:12.800389,2025-04-03 12:09:12.800389
fdf1a42a-4857-4ff1-80a9-1978a80fb399,MLA21237756,LANGUAGE_OPTIONS,Opciones de idioma,,Multidioma,True,2025-04-03 12:09:12.800393,2025-04-03 12:09:12.800393
13da629b-72fb-4aee-88dc-0106519bfb31,MLA28801485,BRAND,Marca,52701,Google,True,2025-04-03 12:09:12.800444,2025-04-03 12:09:12.800445
bd330729-8cab-44c2-af72-4f2056084a6e,MLA28801485,LINE,Línea,18125895,"notebook, macbook",True,2025-04-03 12:09:12.800448,2025-04-03 12:09:12.800448
8a7d7842-336a-4403-8082-fd2a93abec91,MLA28801485,MODEL,Modelo,11281877,Chromecast,True,2025-04-03 12:09:12.800452,2025-04-03 12:09:12.800452
2e85f35b-5eb0-4119-82a2-81fa1734362d,MLA28801485,GENERATION,Generación,8248559,3.ª generación,True,2025-04-03 12:09:12.800455,2025-04-03 12:09:12.800455
e2d13d44-0d41-406e-a0c6-5d3ad94c0778,MLA28801485,ALPHANUMERIC_MODEL,Modelo alfanumérico,14342600,Chromecast 3,True,2025-04-03 12:09:12.800459,2025-04-03 12:09:12.800459
39efee02-294c-45f5-a4b8-338d36c1f7e2,MLA28801485,COLOR,Color,52049,Negro,True,2025-04-03 12:09:12.800462,2025-04-03 12:09:12.800462
08cf6a6c-a57f-4603-973c-168ffaf513ab,MLA28801485,REMOTE_CONTROL_TYPE,Tipo de control remoto,182134,Estándar,True,2025-04-03 12:09:12.800466,2025-04-03 12:09:12.800466
eda61435-5450-4767-9608-4784f55b94ad,MLA28801485,DEVICE_FORMAT,Formato del dispositivo,8616496,Stick,True,2025-04-03 12:09:12.800471,2025-04-03 12:09:12.800471
8795d163-9146-4dc9-b2ba-240a64c09189,MLA28801485,MAX_VIDEO_RESOLUTION,Resolución máxima de video,168332,Full HD,True,2025-04-03 12:09:12.800475,2025-04-03 12:09:12.800475
7cc76437-24c9-4e9a-9a21-d2c076ef5eba,MLA28801485,AUDIO_AND_VIDEO_INTERFACES,Interfaces de audio y video,,HDMI,True,2025-04-03 12:09:12.800478,2025-04-03 12:09:12.800479
dae97c8b-ace8-432f-9678-c8473b0bab69,MLA28801485,WITH_WI_FI,Con Wi-Fi,242085,Sí,True,2025-04-03 12:09:12.800482,2025-04-03 12:09:12.800482
f382f774-a7f1-4436-a75c-15b9100a02b8,MLA28801485,WIDTH,Ancho,7817388,8 cm,True,2025-04-03 12:09:12.800485,2025-04-03 12:09:12.800486
153e891f-bac1-4201-a0a9-d00e490547fb,MLA28801485,HEIGHT,Altura,7841468,5 cm,True,2025-04-03 12:09:12.800489,2025-04-03 12:09:12.800489
803ebb2a-318d-4836-b4fd-d2946dd6408c,MLA28801485,WEIGHT,Peso,12961233,1.4 kg,True,2025-04-03 12:09:12.800493,2025-04-03 12:09:12.800493
2cd83436-4a67-4f6f-8abd-7ba4a2d7a851,MLA28801485,CPU,CPU,,230,True,2025-04-03 12:09:12.800496,2025-04-03 12:09:12.800496
e2ab0ee1-02f5-4735-946d-c20a8e6941de,MLA16233185,BRAND,Marca,52701,Google,True,2025-04-03 12:09:12.800524,2025-04-03 12:09:12.800524
b6b98ee3-b948-4c0d-80aa-89c82d4ca3d2,MLA16233185,LINE,Línea,42943778,Chromecast 4k,True,2025-04-03 12:09:12.800527,2025-04-03 12:09:12.800528
9707c48e-c2b0-4e52-a85d-27f548dd805e,MLA16233185,MODEL,Modelo,9169579,Chromecast with Google TV,True,2025-04-03 12:09:12.800531,2025-04-03 12:09:12.800531
c9172fe2-ca5a-4c2c-a87b-abb21182e323,MLA16233185,GENERATION,Generación,10910111,4.ª generación,True,2025-04-03 12:09:12.800534,2025-04-03 12:09:12.800535
4c1d4194-cd2c-4043-9b7f-9991be0634d9,MLA16233185,ALPHANUMERIC_MODEL,Modelo alfanumérico,25655036,GA01919-US,True,2025-04-03 12:09:12.800538,2025-04-03 12:09:12.800538
09d8bca2-1bf8-464b-b75d-cb6981d75934,MLA16233185,COLOR,Color,3222025,Snow,True,2025-04-03 12:09:12.800541,2025-04-03 12:09:12.800542
4f9ed1e1-46c4-4df7-b241-b946120971f2,MLA16233185,STORAGE_CAPACITY,Capacidad de almacenamiento,18646,8 GB,True,2025-04-03 12:09:12.800545,2025-04-03 12:09:12.800545
324c82ff-9d01-4f95-8227-b060c1373ead,MLA16233185,RAM_MEMORY,Memoria RAM,445970,2 GB,True,2025-04-03 12:09:12.800548,2025-04-03 12:09:12.800549
da99abbb-5988-453c-a45c-8aff262c75a8,MLA16233185,REMOTE_CONTROL_TYPE,Tipo de control remoto,17535337,De voz,True,2025-04-03 12:09:12.800552,2025-04-03 12:09:12.800552
61be00e6-6fae-4e3b-8779-e0f2693c3778,MLA16233185,MAIN_COLOR,Color principal,2450308,Blanco,True,2025-04-03 12:09:12.800555,2025-04-03 12:09:12.800555
6482d54b-8024-4120-818b-232633b60403,MLA16233185,DEVICE_FORMAT,Formato del dispositivo,9234856,Pendant Box,True,2025-04-03 12:09:12.800559,2025-04-03 12:09:12.800559
dc63ce21-c490-45f4-b064-92e0d709e3af,MLA16233185,MAX_VIDEO_RESOLUTION,Resolución máxima de video,169883,4K,True,2025-04-03 12:09:12.800562,2025-04-03 12:09:12.800562
6f013da2-0a5e-460e-b737-aac55ee7c06e,MLA16233185,COMPATIBLE_APPLICATIONS,Aplicaciones compatibles,,"Amazon Prime Video, CBS All Access, Disney+, ESPN, HBO Max, Hulu, Netflix, Sling TV, Spotify, Starz, YouTube TV, YouTube, Peacock, Apple TV, Epix, Rakuten Viki, Tubi, PBS, Showtime, Pluto TV, Crackle, Crunchyroll, BET",True,2025-04-03 12:09:12.800566,2025-04-03 12:09:12.800566
9bb6fb51-2897-4b56-a93e-56e8b15c7392,MLA16233185,RECOMMENDED_DEVICES,Dispositivos recomendados,,"Televisores, Tablets, Celulares, Computadoras",True,2025-04-03 12:09:12.800569,2025-04-03 12:09:12.800569
edc1daaa-fe7b-4e29-80c3-b0bd24f0a62f,MLA16233185,AUDIO_AND_VIDEO_INTERFACES,Interfaces de audio y video,,HDMI,True,2025-04-03 12:09:12.800573,2025-04-03 12:09:12.800573
16c45d60-24fc-4c8b-a637-03379071aa9f,MLA16233185,PORTS_AND_CONNECTORS_TYPES,Tipos de puertos y conectores,,USB-C,True,2025-04-03 12:09:12.800576,2025-04-03 12:09:12.800577
3d9b31a0-5696-4867-8356-d57ec2fe8e70,MLA16233185,MANUFACTURER,Fabricante,52701,Google,True,2025-04-03 12:09:12.800580,2025-04-03 12:09:12.800580
d986b3a3-794a-431c-a058-e32b2a0075c1,MLA16233185,WITH_BLUETOOTH,Con Bluetooth,242085,Sí,True,2025-04-03 12:09:12.800583,2025-04-03 12:09:12.800583
e10907ea-b629-4a1c-8cd8-ec7037a701e0,MLA16233185,WITH_WI_FI,Con Wi-Fi,242085,Sí,True,2025-04-03 12:09:12.800588,2025-04-03 12:09:12.800588
68d7f0bb-da41-4355-b519-513ffcb049c5,MLA16233185,WITH_INTEGRATED_VOICE_ASSISTANTS,Con asistentes de voz integrados,242085,Sí,True,2025-04-03 12:09:12.800592,2025-04-03 12:09:12.800592
51ddc815-a5cd-4b32-852c-c557f78b2c68,MLA16233185,INTEGRATED_VOICE_ASSISTANTS,Asistentes de voz integrados,,Google Assistant,True,2025-04-03 12:09:12.800595,2025-04-03 12:09:12.800595
b725741a-bb5e-4b7c-9186-06f7cca4bbb8,MLA16233185,INCLUDES_HDMI_CABLE,Incluye cable HDMI,242085,Sí,True,2025-04-03 12:09:12.800599,2025-04-03 12:09:12.800599
1d01e514-ee5b-4655-a5a1-229a831bf039,MLA16233185,INCLUDES_CELL_BATTERIES,Incluye pilas,242085,Sí,True,2025-04-03 12:09:12.800602,2025-04-03 12:09:12.800602
a361c6b0-ea9d-4f4e-890e-38b3fd1d9cf1,MLA16233185,LENGTH,Largo,7175979,15 cm,True,2025-04-03 12:09:12.800606,2025-04-03 12:09:12.800606
1e3bda01-aa17-4921-9070-71247aa1280e,MLA16233185,WIDTH,Ancho,7784596,12 cm,True,2025-04-03 12:09:12.800609,2025-04-03 12:09:12.800609
16de949f-a199-42b3-8837-24d76b072104,MLA16233185,HEIGHT,Altura,7604889,6 cm,True,2025-04-03 12:09:12.800613,2025-04-03 12:09:12.800613
63e5e4c3-8bf1-48c0-99fb-cf7e6e3ee22d,MLA16233185,WEIGHT,Peso,16344619,0.3 g,True,2025-04-03 12:09:12.800616,2025-04-03 12:09:12.800616
b08c4eb4-71d5-4728-b8eb-a2f02043d9dd,MLA16233185,OS_NAME,Nombre del sistema operativo,7601503,Android TV,True,2025-04-03 12:09:12.800619,2025-04-03 12:09:12.800620
a6b9e33b-ed3b-481e-8e43-81555f8dc494,MLA16233185,STREAMING_TECHNOLOGIES,Tecnologías de streaming,,Chromecast,True,2025-04-03 12:09:12.800623,2025-04-03 12:09:12.800623
4c7db579-5f38-42f7-a514-ed6ed525a12c,MLA16233185,AUDIO_QUALITY,Calidad de audio,,"Dolby Digital, Dolby Digital Plus, Dolby Atmos",True,2025-04-03 12:09:12.800626,2025-04-03 12:09:12.800627
585de11b-1221-4d7d-8a42-79181a66412e,MLA16233185,LANGUAGE_OPTIONS,Opciones de idioma,,"Alemán, Español, Francés, Inglés, Italiano, Portugués",True,2025-04-03 12:09:12.800630,2025-04-03 12:09:12.800630
9c0906fd-1e66-4610-b97c-f4c5d2489844,MLA16233185,MIN_OPERATING_SYSTEMS_REQUIRED,Sistemas operativos mínimos requeridos,,"Android, iOS",True,2025-04-03 12:09:12.800633,2025-04-03 12:09:12.800634
779f8972-326d-4ecb-a703-02da7860037a,MLA16233185,CPU,CPU,,Amlogic S905X3 Cortex-A55 Quad-Core,True,2025-04-03 12:09:12.800637,2025-04-03 12:09:12.800637
fcd2af29-14d1-4bd1-b071-31465bb9a457,MLA16233185,GRAPHICS_PROCESSOR,Procesador gráfico,7569896,Mali-G31 MP2,True,2025-04-03 12:09:12.800640,2025-04-03 12:09:12.800641
15c94106-32df-4600-b2f8-2bce063fa7c7,MLA16233185,WI_FI_STANDARDS,Estándares Wi-Fi,,IEEE 802.11ac,True,2025-04-03 12:09:12.800644,2025-04-03 12:09:12.800644
2d562a0a-7589-4d38-8e38-145c168668fa,MLA16233185,FREQUENCIES,Frecuencias,,"2.4 GHz, 5 GHz",True,2025-04-03 12:09:12.800647,2025-04-03 12:09:12.800648
452540ff-587f-4105-9a77-64a6abf994af,MLA16233185,DEVICE_OPERATING_VOLTAGE,Voltaje de funcionamiento,8631470,5 V,True,2025-04-03 12:09:12.800651,2025-04-03 12:09:12.800651
bcf89afc-9a4b-4aee-9ee9-5796958be932,MLA6125043,BRAND,Marca,52701,Google,True,2025-04-03 12:09:12.800684,2025-04-03 12:09:12.800684
c8fc6d19-1049-4487-b069-69106fd8bf94,MLA6125043,MODEL,Modelo,11281877,Chromecast,True,2025-04-03 12:09:12.800687,2025-04-03 12:09:12.800688
05d36e72-1e49-4dfe-8dd9-e0489ccd2e65,MLA6125043,GENERATION,Generación,8246074,1.ª generación,True,2025-04-03 12:09:12.800691,2025-04-03 12:09:12.800691
2a68dceb-9b7f-497e-a1a1-76f2e452b9d0,MLA6125043,ALPHANUMERIC_MODEL,Modelo alfanumérico,9274060,H2G2-42,True,2025-04-03 12:09:12.800695,2025-04-03 12:09:12.800695
e7da7531-e1a7-43f1-a8c0-f5bf49359a71,MLA6125043,COLOR,Color,52049,Negro,True,2025-04-03 12:09:12.800698,2025-04-03 12:09:12.800698
72cf4a17-ec49-461e-8529-8b9b47f49930,MLA6125043,STORAGE_CAPACITY,Capacidad de almacenamiento,18627,2 GB,True,2025-04-03 12:09:12.800702,2025-04-03 12:09:12.800702
1614b5f0-56bc-461e-8ea2-450b9fd3dfc1,MLA6125043,RAM_MEMORY,Memoria RAM,154947,512 MB,True,2025-04-03 12:09:12.800705,2025-04-03 12:09:12.800706
55420d77-8d3c-4d11-b3cd-8ec052331606,MLA6125043,MAIN_COLOR,Color principal,2450295,Negro,True,2025-04-03 12:09:12.800709,2025-04-03 12:09:12.800709
edfb0c52-7706-491b-b99d-052cbbce8959,MLA6125043,DEVICE_FORMAT,Formato del dispositivo,8616496,Stick,True,2025-04-03 12:09:12.800712,2025-04-03 12:09:12.800713
b16ccc6e-608e-4802-83c5-6803bce5ad24,MLA6125043,MAX_VIDEO_RESOLUTION,Resolución máxima de video,168332,Full HD,True,2025-04-03 12:09:12.800716,2025-04-03 12:09:12.800716
6e71608a-a40a-4e0a-8581-8847e68c9700,MLA6125043,COMPATIBLE_APPLICATIONS,Aplicaciones compatibles,,"ESPN, Google Chrome, Google Play, HBO Go, Hulu Plus, MLB.TV, Netflix, Peacock, YouTube",True,2025-04-03 12:09:12.800719,2025-04-03 12:09:12.800720
94ed415d-bac5-4f30-84fb-aa2c75082b84,MLA6125043,RECOMMENDED_DEVICES,Dispositivos recomendados,,"Televisores, Celulares, Computadoras, Tablets",True,2025-04-03 12:09:12.800723,2025-04-03 12:09:12.800723
c0681972-f7c1-4118-9c74-6ac48d4980bd,MLA6125043,AUDIO_AND_VIDEO_INTERFACES,Interfaces de audio y video,,HDMI,True,2025-04-03 12:09:12.800727,2025-04-03 12:09:12.800727
731b795a-971f-4e77-8635-1cad68e8b94b,MLA6125043,PORTS_AND_CONNECTORS_TYPES,Tipos de puertos y conectores,,Micro-USB,True,2025-04-03 12:09:12.800730,2025-04-03 12:09:12.800730
a4c3a95c-4ad7-4aff-add9-bd5c2ec3066e,MLA6125043,MANUFACTURER,Fabricante,52701,Google,True,2025-04-03 12:09:12.800734,2025-04-03 12:09:12.800734
2565f5f6-5d0d-4273-9736-37f0be36822e,MLA6125043,ANATEL_HOMOLOGATION_NUMBER,Homologación Anatel Nº,40365787,7541404818,True,2025-04-03 12:09:12.800737,2025-04-03 12:09:12.800737
8eb7d6ec-9924-49ff-a3cf-e2087e88195c,MLA6125043,WITH_BLUETOOTH,Con Bluetooth,242084,No,True,2025-04-03 12:09:12.800741,2025-04-03 12:09:12.800741
d8aa261d-e5db-4763-9108-057da85a717d,MLA6125043,WITH_WI_FI,Con Wi-Fi,242085,Sí,True,2025-04-03 12:09:12.800744,2025-04-03 12:09:12.800744
86363c76-e74e-45a6-a0c0-9248cf3f8426,MLA6125043,WITH_INTEGRATED_VOICE_ASSISTANTS,Con asistentes de voz integrados,242084,No,True,2025-04-03 12:09:12.800748,2025-04-03 12:09:12.800748
ca3d43e8-919f-49df-b0c4-b9c220c003ab,MLA6125043,INTEGRATED_VOICE_ASSISTANTS,Asistentes de voz integrados,,Google Assistant,True,2025-04-03 12:09:12.800751,2025-04-03 12:09:12.800751
8dae2f33-cbb6-46a6-a34e-01c511ad3270,MLA6125043,INCLUDES_HDMI_CABLE,Incluye cable HDMI,242085,Sí,True,2025-04-03 12:09:12.800755,2025-04-03 12:09:12.800755
19a7df6b-abce-4b2f-8108-b5e953c44802,MLA6125043,LENGTH,Largo,48552033,5.181 cm,True,2025-04-03 12:09:12.800758,2025-04-03 12:09:12.800758
5763efe5-9ff4-4642-8b21-7ff932b27013,MLA6125043,WIDTH,Ancho,49324621,5.181 cm,True,2025-04-03 12:09:12.800762,2025-04-03 12:09:12.800762
222670ba-8ceb-4a12-a7fc-89dbed7c7e94,MLA6125043,HEIGHT,Altura,49324622,1.349 cm,True,2025-04-03 12:09:12.800765,2025-04-03 12:09:12.800765
217f868a-72cd-4539-a734-6df863fb69c3,MLA6125043,WEIGHT,Peso,18293705,34 g,True,2025-04-03 12:09:12.800769,2025-04-03 12:09:12.800769
fa111b69-e1b8-45b8-bbec-3c73067af6fc,MLA6125043,OS_NAME,Nombre del sistema operativo,355776,Chrome OS,True,2025-04-03 12:09:12.800773,2025-04-03 12:09:12.800773
038b5471-2484-47e5-866d-3cd142436d5e,MLA6125043,STREAMING_TECHNOLOGIES,Tecnologías de streaming,,Chromecast,True,2025-04-03 12:09:12.800776,2025-04-03 12:09:12.800776
e2e70db5-4330-4338-81ee-729d5b3f8e3d,MLA6125043,AUDIO_QUALITY,Calidad de audio,,Wave,True,2025-04-03 12:09:12.800781,2025-04-03 12:09:12.800782
c1db753e-bcd6-4d78-9d94-e95a06dd4765,MLA6125043,LANGUAGE_OPTIONS,Opciones de idioma,,Español,True,2025-04-03 12:09:12.800785,2025-04-03 12:09:12.800785
8587b0e5-a490-4a5d-aa4e-6d1c21f75829,MLA6125043,MIN_OPERATING_SYSTEMS_REQUIRED,Sistemas operativos mínimos requeridos,,"Android, iOS",True,2025-04-03 12:09:12.800789,2025-04-03 12:09:12.800789
5c91dfea-6d5f-49ca-aaef-40232b137133,MLA6125043,CPU,CPU,,Cortex-A9,True,2025-04-03 12:09:12.800792,2025-04-03 12:09:12.800793
7f0c6f73-4f7b-49f8-8986-4c286bfc03c0,MLA6125043,WI_FI_STANDARDS,Estándares Wi-Fi,,IEEE 802.11b/g/n,True,2025-04-03 12:09:12.800796,2025-04-03 12:09:12.800796
c415f957-a4ee-4bb7-887d-dbd21a277c60,MLA6125043,FREQUENCIES,Frecuencias,,2.4 GHz,True,2025-04-03 12:09:12.800800,2025-04-03 12:09:12.800800
8706a2a6-4ae2-43a7-9029-0db5e9c71c20,MLA6125043,DEVICE_OPERATING_VOLTAGE,Voltaje de funcionamiento,8631470,5 V,True,2025-04-03 12:09:12.800803,2025-04-03 12:09:12.800803
f01156e1-c9dd-4247-965b-286eae90320c,MLA6125043,MPN,MPN,,H2G242,True,2025-04-03 12:09:12.800806,2025-04-03 12:09:12.800806
a94d710f-2dcd-495a-9114-60aaf8fc4927,MLA44016696,BRAND,Marca,4812724,MiraScreen,True,2025-04-03 12:09:12.800841,2025-04-03 12:09:12.800841
44dca38b-f8c2-4fac-85e1-4ecbe4433b81,MLA44016696,MODEL,Modelo,45114755,MIRASCREEN 4K,True,2025-04-03 12:09:12.800844,2025-04-03 12:09:12.800844
73a9d582-156f-4177-898d-8f676b21a8c1,MLA44016696,COLOR,Color,52049,Negro,True,2025-04-03 12:09:12.800847,2025-04-03 12:09:12.800848
59157666-b2d7-43e5-95ad-b8246c09aac6,MLA44016696,REMOTE_CONTROL_TYPE,Tipo de control remoto,182134,Estándar,True,2025-04-03 12:09:12.800851,2025-04-03 12:09:12.800851
8644d27c-a6f3-4e2c-b9b1-7a278c4a1806,MLA44016696,MAIN_COLOR,Color principal,2450295,Negro,True,2025-04-03 12:09:12.800854,2025-04-03 12:09:12.800854
abb94356-df2d-400c-b6d6-17f72512d9d2,MLA44016696,DEVICE_FORMAT,Formato del dispositivo,8616496,Stick,True,2025-04-03 12:09:12.800857,2025-04-03 12:09:12.800857
1f22d37c-7eaa-4eab-9ae1-d6ed84c6f0df,MLA44016696,MAX_VIDEO_RESOLUTION,Resolución máxima de video,169883,4K,True,2025-04-03 12:09:12.800860,2025-04-03 12:09:12.800861
fe9fd257-7656-4bec-9815-5c8e843309cc,MLA44016696,COMPATIBLE_APPLICATIONS,Aplicaciones compatibles,,Netflix,True,2025-04-03 12:09:12.800864,2025-04-03 12:09:12.800864
257bb939-2b1d-4c4e-a95e-f1e144d14056,MLA44016696,RECOMMENDED_DEVICES,Dispositivos recomendados,,TV,True,2025-04-03 12:09:12.800867,2025-04-03 12:09:12.800867
f27c5a8b-9b76-4e27-9c2c-4acac6b5fd77,MLA44016696,WITH_BLUETOOTH,Con Bluetooth,242084,No,True,2025-04-03 12:09:12.800870,2025-04-03 12:09:12.800870
af75832c-9c65-4337-86ed-d09e941edfbd,MLA44016696,WITH_WI_FI,Con Wi-Fi,242085,Sí,True,2025-04-03 12:09:12.800873,2025-04-03 12:09:12.800873
c441ae17-5c26-4d3b-8c95-9fb27af6ec84,MLA44016696,INCLUDES_HDMI_CABLE,Incluye cable HDMI,242084,No,True,2025-04-03 12:09:12.800876,2025-04-03 12:09:12.800876
f3d9d477-afe2-4e22-b2db-6e1ecff3a879,MLA44016696,INCLUDES_CELL_BATTERIES,Incluye pilas,242084,No,True,2025-04-03 12:09:12.800881,2025-04-03 12:09:12.800881
cceaf9d9-f97f-4092-b131-44dd8fbf6c08,MLA44016696,LENGTH,Largo,11657599,6.1 cm,True,2025-04-03 12:09:12.800884,2025-04-03 12:09:12.800884
5ad70247-7170-418d-83ec-a780ec9daeae,MLA44016696,WIDTH,Ancho,15411677,3.9 cm,True,2025-04-03 12:09:12.800887,2025-04-03 12:09:12.800887
f3de322c-497b-487f-a996-81f452bf1001,MLA44016696,HEIGHT,Altura,11564471,1.4 cm,True,2025-04-03 12:09:12.800890,2025-04-03 12:09:12.800890
d2bdba2d-5dcc-49ca-aca2-10e666cb2000,MLA44016696,WEIGHT,Peso,16076144,50 g,True,2025-04-03 12:09:12.800893,2025-04-03 12:09:12.800893
2638075e-fbf6-4e39-9339-a78b8226cc5b,MLA46646080,BRAND,Marca,15145616,TV Box Fire Stick,True,2025-04-03 12:09:12.800908,2025-04-03 12:09:12.800909
4f0e1ee2-ba81-4621-aea8-2c94f2895236,MLA46646080,MODEL,Modelo,44154692,Fire Stick TV,True,2025-04-03 12:09:12.800912,2025-04-03 12:09:12.800912
3b06a0b5-25c8-43cf-8356-ae4cc1885cff,MLA46646080,GENERATION,Generación,18802042,Tvbox,True,2025-04-03 12:09:12.800915,2025-04-03 12:09:12.800915
94e1ec4e-dcc1-4b87-9cc0-6c2f32baf0d0,MLA46646080,ALPHANUMERIC_MODEL,Modelo alfanumérico,44154691,Mi Tv Stick,True,2025-04-03 12:09:12.800918,2025-04-03 12:09:12.800918
0a07e438-5b01-4c5b-aa25-3af0a7509601,MLA46646080,COLOR,Color,52049,Negro,True,2025-04-03 12:09:12.800921,2025-04-03 12:09:12.800921
cb4a5f58-93d3-4799-884f-bd3e2213dfb8,MLA46646080,STORAGE_CAPACITY,Capacidad de almacenamiento,18646,8 GB,True,2025-04-03 12:09:12.800924,2025-04-03 12:09:12.800924
96a24083-0fbf-47fe-ad7d-89ee9eea0d4a,MLA46646080,RAM_MEMORY,Memoria RAM,98978,1 GB,True,2025-04-03 12:09:12.800928,2025-04-03 12:09:12.800928
95a2e367-a506-44f7-bc62-43e82350d9d3,MLA46646080,REMOTE_CONTROL_TYPE,Tipo de control remoto,17535337,De voz,True,2025-04-03 12:09:12.800931,2025-04-03 12:09:12.800931
090cfb14-4fba-43a0-a597-3da06233e41a,MLA46646080,DEVICE_FORMAT,Formato del dispositivo,8616496,Stick,True,2025-04-03 12:09:12.800934,2025-04-03 12:09:12.800935
47a5ffa8-11ac-42ad-b384-5a29a2652ce5,MLA46646080,MAX_VIDEO_RESOLUTION,Resolución máxima de video,168332,Full HD,True,2025-04-03 12:09:12.800938,2025-04-03 12:09:12.800938
c9e7dd7d-5acd-495e-a0b8-7f68e9eb23a8,MLA46646080,AUDIO_AND_VIDEO_INTERFACES,Interfaces de audio y video,,HDMI,True,2025-04-03 12:09:12.800941,2025-04-03 12:09:12.800941
9cb2daff-81a6-4566-a499-aa7c45c1d0d5,MLA46646080,PORTS_AND_CONNECTORS_TYPES,Tipos de puertos y conectores,,Micro-USB,True,2025-04-03 12:09:12.800944,2025-04-03 12:09:12.800945
4f2153f3-f352-4c13-be36-4199d283a9dc,MLA46646080,WITH_BLUETOOTH,Con Bluetooth,242085,Sí,True,2025-04-03 12:09:12.800949,2025-04-03 12:09:12.800949
079caba2-b855-4bd7-a44e-fffe4b05d100,MLA46646080,WITH_WI_FI,Con Wi-Fi,242085,Sí,True,2025-04-03 12:09:12.800953,2025-04-03 12:09:12.800953
98139dfa-f820-4e5e-8ad7-e35e30799da4,MLA46646080,WITH_INTEGRATED_VOICE_ASSISTANTS,Con asistentes de voz integrados,242085,Sí,True,2025-04-03 12:09:12.800958,2025-04-03 12:09:12.800958
a2bbb512-17be-4afb-91d2-982f856230de,MLA46646080,INTEGRATED_VOICE_ASSISTANTS,Asistentes de voz integrados,,Google Assistant,True,2025-04-03 12:09:12.800962,2025-04-03 12:09:12.800962
fa1ed525-6c7b-417c-bc7a-f92ba6aeca4f,MLA46646080,INCLUDES_CELL_BATTERIES,Incluye pilas,242084,No,True,2025-04-03 12:09:12.800966,2025-04-03 12:09:12.800967
d8f1d8cf-0e2b-4d41-8961-9a24b174ab57,MLA46646080,LENGTH,Largo,48543305,9.24 cm,True,2025-04-03 12:09:12.800971,2025-04-03 12:09:12.800971
ac31b8ef-86f0-4ecc-a351-90c3230d9870,MLA46646080,WIDTH,Ancho,47792288,3.02 cm,True,2025-04-03 12:09:12.800975,2025-04-03 12:09:12.800975
cf18c367-a9f7-4718-9a18-8ac61c8068df,MLA46646080,HEIGHT,Altura,7788007,1.5 cm,True,2025-04-03 12:09:12.800984,2025-04-03 12:09:12.800984
787a64df-17d1-4830-99d1-c9d21b55a00d,MLA46646080,WEIGHT,Peso,18956461,28.5 g,True,2025-04-03 12:09:12.800988,2025-04-03 12:09:12.800988
a7f2b333-2ed2-4e6e-b2c1-13e9323a00bd,MLA46646080,OS_NAME,Nombre del sistema operativo,296858,Android,True,2025-04-03 12:09:12.800992,2025-04-03 12:09:12.800993
1bc9cd7f-ed0a-4d79-af91-b7797afa8c26,MLA46646080,STREAMING_TECHNOLOGIES,Tecnologías de streaming,,Chromecast,True,2025-04-03 12:09:12.800996,2025-04-03 12:09:12.800997
8f7f4310-1b78-4b9c-81a1-a0de6c058aa6,MLA46646080,LANGUAGE_OPTIONS,Opciones de idioma,,POTUGUÊS,True,2025-04-03 12:09:12.801000,2025-04-03 12:09:12.801000
ac597ad4-c88d-4312-8488-936555eda0fe,MLA46646080,MIN_OPERATING_SYSTEMS_REQUIRED,Sistemas operativos mínimos requeridos,,Android,True,2025-04-03 12:09:12.801003,2025-04-03 12:09:12.801003
00eeba6d-8d66-4fb4-acfd-3161cdf457c7,MLA46646080,CPU,CPU,,Cortex-A53 Quad-Core,True,2025-04-03 12:09:12.801006,2025-04-03 12:09:12.801007
a783adb5-909a-445d-8b2a-fd9679eb0fbf,MLA46646080,GRAPHICS_PROCESSOR,Procesador gráfico,11771858,Mali-450 Penta-Core,True,2025-04-03 12:09:12.801010,2025-04-03 12:09:12.801010
7311dafd-5751-4131-8e81-99dddbd42dc8,MLA46646080,WI_FI_STANDARDS,Estándares Wi-Fi,,IEEE 802.11a/b/g/n/ac,True,2025-04-03 12:09:12.801013,2025-04-03 12:09:12.801013
95bff53c-2aa7-448c-bf74-e8c50d3f40a1,MLA46646080,DEVICE_OPERATING_VOLTAGE,Voltaje de funcionamiento,25297943,110 V,True,2025-04-03 12:09:12.801016,2025-04-03 12:09:12.801016
d3d59df8-eedf-486c-91bd-0fd25e0bd81b,MLA40682584,BRAND,Marca,410974,Gadnic,True,2025-04-03 12:09:12.801035,2025-04-03 12:09:12.801035
9ddd47d2-cd52-45a6-8f3b-48071e18d65c,MLA40682584,LINE,Línea,11616396,Tv Box,True,2025-04-03 12:09:12.801038,2025-04-03 12:09:12.801038
684dcebf-21ea-4298-acd4-8a1547555545,MLA40682584,MODEL,Modelo,24583330,Tx 2000,True,2025-04-03 12:09:12.801041,2025-04-03 12:09:12.801041
07b5a2bf-d49f-41c5-9b10-13e01cee1f8b,MLA40682584,ALPHANUMERIC_MODEL,Modelo alfanumérico,42518961,SMTV0046,True,2025-04-03 12:09:12.801044,2025-04-03 12:09:12.801044
b1d70961-9893-44f4-a797-305fdc9c1645,MLA40682584,COLOR,Color,52049,Negro,True,2025-04-03 12:09:12.801047,2025-04-03 12:09:12.801047
de799974-79e1-4e4c-b615-92925afb9932,MLA40682584,REMOTE_CONTROL_TYPE,Tipo de control remoto,182134,Estándar,True,2025-04-03 12:09:12.801050,2025-04-03 12:09:12.801050
6c23bfc6-41e3-427b-addf-38116a178353,MLA40682584,DEVICE_FORMAT,Formato del dispositivo,8616495,TV Box,True,2025-04-03 12:09:12.801053,2025-04-03 12:09:12.801053
49a5a44d-5bff-42b5-ab5d-8d6b8ef6216f,MLA40682584,MAX_VIDEO_RESOLUTION,Resolución máxima de video,169883,4K,True,2025-04-03 12:09:12.801056,2025-04-03 12:09:12.801056
09f92d9a-fe8e-4ed9-bed8-0ab45e85cd74,MLA40682584,WITH_WI_FI,Con Wi-Fi,242085,Sí,True,2025-04-03 12:09:12.801059,2025-04-03 12:09:12.801059
30fe30bc-cde3-4086-a3b1-db79592fd4da,MLA40682584,INCLUDES_HDMI_CABLE,Incluye cable HDMI,242085,Sí,True,2025-04-03 12:09:12.801062,2025-04-03 12:09:12.801063
4cd7aeae-8ba4-4ef9-9a6b-51d17e9f3bbc,MLA47449800,BRAND,Marca,11546966,Onn.,True,2025-04-03 12:09:12.801091,2025-04-03 12:09:12.801091
203e81e0-1448-49f3-ba5f-a21f57d39038,MLA47449800,LINE,Línea,49907985,Watch onn,True,2025-04-03 12:09:12.801094,2025-04-03 12:09:12.801094
248a45aa-4fdb-427d-b076-2325de0772ec,MLA47449800,MODEL,Modelo,49907986,Watch onn,True,2025-04-03 12:09:12.801097,2025-04-03 12:09:12.801098
b28b4d02-49d3-4ebb-914d-d8f1d198ffc0,MLA47449800,GENERATION,Generación,44847445,3.a generación,True,2025-04-03 12:09:12.801100,2025-04-03 12:09:12.801101
c74c7699-5e45-4d2b-bbd6-2da9d9caac3c,MLA47449800,COLOR,Color,52049,Negro,True,2025-04-03 12:09:12.801104,2025-04-03 12:09:12.801104
2b9bf278-747b-4231-b5ef-aaaefb814034,MLA47449800,STORAGE_CAPACITY,Capacidad de almacenamiento,49456,128 GB,True,2025-04-03 12:09:12.801107,2025-04-03 12:09:12.801107
aacd64d5-0e93-437d-b1df-bf789840b824,MLA47449800,RAM_MEMORY,Memoria RAM,579564,8 GB,True,2025-04-03 12:09:12.801110,2025-04-03 12:09:12.801110
de805081-fc57-4e6a-abbf-37e784aa126b,MLA47449800,REMOTE_CONTROL_TYPE,Tipo de control remoto,182134,Estándar,True,2025-04-03 12:09:12.801113,2025-04-03 12:09:12.801113
f7a50cec-538b-43cd-a085-fe245b65da24,MLA47449800,DEVICE_FORMAT,Formato del dispositivo,8616495,TV Box,True,2025-04-03 12:09:12.801116,2025-04-03 12:09:12.801116
d633984c-c037-479c-8ffe-22c66ca328ed,MLA47449800,MAX_VIDEO_RESOLUTION,Resolución máxima de video,169883,4K,True,2025-04-03 12:09:12.801119,2025-04-03 12:09:12.801119
ff766be5-28f3-4eb7-865a-f9b1599ee874,MLA47449800,AUDIO_AND_VIDEO_INTERFACES,Interfaces de audio y video,,HDMI,True,2025-04-03 12:09:12.801122,2025-04-03 12:09:12.801122
34bb2d25-d43e-4602-be2e-a0b9961d67b2,MLA47449800,WITH_BLUETOOTH,Con Bluetooth,242084,No,True,2025-04-03 12:09:12.801125,2025-04-03 12:09:12.801125
91f46706-e6e0-4b09-b91e-80ebba9f33f9,MLA47449800,WITH_WI_FI,Con Wi-Fi,242085,Sí,True,2025-04-03 12:09:12.801128,2025-04-03 12:09:12.801128
cb5e8aef-04c5-4e13-a98a-d2da5b5b3330,MLA47449800,INCLUDES_HDMI_CABLE,Incluye cable HDMI,242085,Sí,True,2025-04-03 12:09:12.801131,2025-04-03 12:09:12.801131
21fbd5fe-4c8a-4324-b59d-e36769becfb7,MLA47449800,INCLUDES_CELL_BATTERIES,Incluye pilas,242084,No,True,2025-04-03 12:09:12.801134,2025-04-03 12:09:12.801134
ba658bf7-af66-48cc-bf1c-2a00cd40148e,MLA47449800,LENGTH,Largo,7816577,7 cm,True,2025-04-03 12:09:12.801137,2025-04-03 12:09:12.801138
e170721e-a89b-452a-8452-3703b22f6b2e,MLA47449800,WIDTH,Ancho,7966600,7 cm,True,2025-04-03 12:09:12.801140,2025-04-03 12:09:12.801141
c9e5f957-094f-44c5-ad0e-ed3d656e5b13,MLA47449800,HEIGHT,Altura,7891537,2 cm,True,2025-04-03 12:09:12.801143,2025-04-03 12:09:12.801144
22cf5f29-efa2-4430-bac0-cbc9cc0a404c,MLA47449800,WEIGHT,Peso,16427489,120 g,True,2025-04-03 12:09:12.801146,2025-04-03 12:09:12.801147
3f77792e-5d48-488d-ba0e-b93343c78449,MLA29041598,BRAND,Marca,2230762,Mecool,True,2025-04-03 12:09:12.801179,2025-04-03 12:09:12.801179
53bf9e4d-4b53-4cec-a0b7-68e2b22ac182,MLA34334446,BRAND,Marca,27753328,WiiM,True,2025-04-03 12:09:12.801220,2025-04-03 12:09:12.801221
25895570-0b48-40a9-9435-8ad787993586,MLA34334446,WITH_WI_FI,Con Wi-Fi,242085,Sí,True,2025-04-03 12:09:12.801224,2025-04-03 12:09:12.801224
8d078661-4396-4ce8-b9fd-cd9e0b7b38c2,MLA46644650,BRAND,Marca,48186445,Box Tv Fire Stick,True,2025-04-03 12:09:12.801239,2025-04-03 12:09:12.801239
75a7b261-4469-4413-b325-71d12d1187bf,MLA46644650,LINE,Línea,48186447,Mi Tv Stick,True,2025-04-03 12:09:12.801242,2025-04-03 12:09:12.801242
4473b814-169f-4d77-a6a6-dd052a3bb0ee,MLA46644650,MODEL,Modelo,11282071,Fire TV,True,2025-04-03 12:09:12.801245,2025-04-03 12:09:12.801245
95e6ee79-1309-4280-a07c-e09629fa31e0,MLA46644650,GENERATION,Generación,48186446,Mi Stick,True,2025-04-03 12:09:12.801248,2025-04-03 12:09:12.801248
baa28d45-1982-4aa2-8d4c-ce1adbab0c9a,MLA46644650,ALPHANUMERIC_MODEL,Modelo alfanumérico,48186444,Fire Stick,True,2025-04-03 12:09:12.801251,2025-04-03 12:09:12.801251
f264933b-0efb-4999-9967-8b064a604b41,MLA46644650,COLOR,Color,52049,Negro,True,2025-04-03 12:09:12.801254,2025-04-03 12:09:12.801254
1e43acda-c46f-4997-a63e-b787674dd669,MLA46644650,STORAGE_CAPACITY,Capacidad de almacenamiento,18646,8 GB,True,2025-04-03 12:09:12.801257,2025-04-03 12:09:12.801257
d292e9f0-5788-4112-8d69-defa64b1a450,MLA46644650,RAM_MEMORY,Memoria RAM,98978,1 GB,True,2025-04-03 12:09:12.801260,2025-04-03 12:09:12.801260
823dbf92-b915-457c-bc70-f1de28995db6,MLA46644650,REMOTE_CONTROL_TYPE,Tipo de control remoto,17535337,De voz,True,2025-04-03 12:09:12.801263,2025-04-03 12:09:12.801264
427a88d1-de21-4191-9ef8-d409485fc5b7,MLA46644650,DEVICE_FORMAT,Formato del dispositivo,8616496,Stick,True,2025-04-03 12:09:12.801266,2025-04-03 12:09:12.801267
e00cfc50-fcc1-43eb-bec9-65eb74c212fc,MLA46644650,MAX_VIDEO_RESOLUTION,Resolución máxima de video,168332,Full HD,True,2025-04-03 12:09:12.801269,2025-04-03 12:09:12.801270
9f245df4-bb6e-480d-ae09-6f24bfa5bc4b,MLA46644650,AUDIO_AND_VIDEO_INTERFACES,Interfaces de audio y video,,HDMI,True,2025-04-03 12:09:12.801273,2025-04-03 12:09:12.801273
259c215d-aced-4d92-953f-4870d633a0ee,MLA46644650,MANUFACTURER,Fabricante,59387,Xiaomi,True,2025-04-03 12:09:12.801276,2025-04-03 12:09:12.801276
28cb0bb7-d3f0-4719-ae74-2013a667e137,MLA46644650,WITH_BLUETOOTH,Con Bluetooth,242085,Sí,True,2025-04-03 12:09:12.801280,2025-04-03 12:09:12.801280
f7b936d3-a51f-4efd-b841-5b05653c678e,MLA46644650,WITH_WI_FI,Con Wi-Fi,242085,Sí,True,2025-04-03 12:09:12.801283,2025-04-03 12:09:12.801283
fe68ba57-60ad-4781-ab8f-551d951d0d6c,MLA46644650,WITH_INTEGRATED_VOICE_ASSISTANTS,Con asistentes de voz integrados,242085,Sí,True,2025-04-03 12:09:12.801286,2025-04-03 12:09:12.801286
5d780c24-c5ca-4d20-9873-cd402ec8b11d,MLA46644650,INTEGRATED_VOICE_ASSISTANTS,Asistentes de voz integrados,,Alexa,True,2025-04-03 12:09:12.801290,2025-04-03 12:09:12.801290
508fb7ee-3dba-45ef-a78a-a7ecc4ca8c55,MLA46644650,LENGTH,Largo,48543305,9.24 cm,True,2025-04-03 12:09:12.801293,2025-04-03 12:09:12.801293
f747f4e5-c249-4b2f-801c-97714a6b258e,MLA46644650,WIDTH,Ancho,47792288,3.02 cm,True,2025-04-03 12:09:12.801296,2025-04-03 12:09:12.801296
d5a8fdae-47f6-455c-860a-92f0f3b5baee,MLA46644650,WEIGHT,Peso,18956461,28.5 g,True,2025-04-03 12:09:12.801299,2025-04-03 12:09:12.801299
39b491b1-e848-40f1-846e-28109e3842a3,MLA46644650,OS_NAME,Nombre del sistema operativo,296858,Android,True,2025-04-03 12:09:12.801302,2025-04-03 12:09:12.801302
29644948-9893-4fc8-ae12-f8f82af817af,MLA34921279,BRAND,Marca,52701,Google,True,2025-04-03 12:09:12.801326,2025-04-03 12:09:12.801326
5e7462c0-8899-4e58-9968-634a4f797bcb,MLA34921279,MODEL,Modelo,9169579,Chromecast with Google TV,True,2025-04-03 12:09:12.801329,2025-04-03 12:09:12.801329
5477346e-4212-4ec7-a2a8-ee496b90956b,MLA34921279,COLOR,Color,7040,Nieve,True,2025-04-03 12:09:12.801332,2025-04-03 12:09:12.801332
3d7657bc-2ab8-4b78-ae78-0487a58a946c,MLA34921279,MAIN_COLOR,Color principal,2450308,Blanco,True,2025-04-03 12:09:12.801335,2025-04-03 12:09:12.801335
94e40642-5de1-48e9-b13a-df47eede110c,MLA34921279,DEVICE_FORMAT,Formato del dispositivo,8616496,Stick,True,2025-04-03 12:09:12.801338,2025-04-03 12:09:12.801339
504cd779-7627-496b-88b6-e5512df30306,MLA34921279,MAX_VIDEO_RESOLUTION,Resolución máxima de video,169883,4K,True,2025-04-03 12:09:12.801341,2025-04-03 12:09:12.801342
e1757575-f79c-481a-9d05-cef95fa660cf,MLA34921279,RECOMMENDED_DEVICES,Dispositivos recomendados,,Televisores con HDMI,True,2025-04-03 12:09:12.801344,2025-04-03 12:09:12.801345
119e6831-6ae2-410f-94bc-414251957856,MLA34921279,AUDIO_AND_VIDEO_INTERFACES,Interfaces de audio y video,,HDMI,True,2025-04-03 12:09:12.801348,2025-04-03 12:09:12.801348
e6e16ac2-c4f9-4d20-8002-6628ed38fde7,MLA34921279,PORTS_AND_CONNECTORS_TYPES,Tipos de puertos y conectores,,Micro-USB,True,2025-04-03 12:09:12.801351,2025-04-03 12:09:12.801351
98cea68a-5fae-4ffd-a6b6-5fd40ad58cba,MLA34921279,MANUFACTURER,Fabricante,52701,Google,True,2025-04-03 12:09:12.801354,2025-04-03 12:09:12.801354
28df7dc3-5e7c-4f43-9823-c33930c5b8db,MLA34921279,WITH_BLUETOOTH,Con Bluetooth,242085,Sí,True,2025-04-03 12:09:12.801357,2025-04-03 12:09:12.801357
e95e3743-99cf-4a0e-991e-2a66779e42a4,MLA34921279,WITH_WI_FI,Con Wi-Fi,242085,Sí,True,2025-04-03 12:09:12.801360,2025-04-03 12:09:12.801360
2d5fa3a0-8f81-4f28-a9d7-7f45afb3f078,MLA34921279,WITH_INTEGRATED_VOICE_ASSISTANTS,Con asistentes de voz integrados,242085,Sí,True,2025-04-03 12:09:12.801363,2025-04-03 12:09:12.801363
788cb874-40ec-43c9-8655-56f0e3ba4dae,MLA34921279,INTEGRATED_VOICE_ASSISTANTS,Asistentes de voz integrados,,Google Assistant,True,2025-04-03 12:09:12.801366,2025-04-03 12:09:12.801367
c6c99fe7-b612-4037-8cb1-e43a34bcf949,MLA34921279,INCLUDES_HDMI_CABLE,Incluye cable HDMI,242085,Sí,True,2025-04-03 12:09:12.801370,2025-04-03 12:09:12.801370
6ce97e82-0705-4023-ae17-591623bb3114,MLA34921279,INCLUDES_CELL_BATTERIES,Incluye pilas,242084,No,True,2025-04-03 12:09:12.801377,2025-04-03 12:09:12.801377
1be96b4a-33c3-4bcb-bbea-522238b36a46,MLA34921279,LENGTH,Largo,8927824,16.2 cm,True,2025-04-03 12:09:12.801380,2025-04-03 12:09:12.801380
ff409260-a021-45bd-a0a9-7e23db51f1d5,MLA34921279,WIDTH,Ancho,8919901,6.1 cm,True,2025-04-03 12:09:12.801383,2025-04-03 12:09:12.801383
83e7931a-ade8-487b-969d-c7869a128f74,MLA34921279,HEIGHT,Altura,8248374,1.25 cm,True,2025-04-03 12:09:12.801386,2025-04-03 12:09:12.801386
12191602-f976-44cb-a006-615842e1542c,MLA34921279,WEIGHT,Peso,18029263,112 g,True,2025-04-03 12:09:12.801389,2025-04-03 12:09:12.801390
29f02548-c23b-40ef-b3c0-62491270290a,MLA34921279,OS_NAME,Nombre del sistema operativo,296858,Android,True,2025-04-03 12:09:12.801392,2025-04-03 12:09:12.801393
fe4d54d6-b831-4e80-ae89-49331b3ff651,MLA34921279,STREAMING_TECHNOLOGIES,Tecnologías de streaming,,Chromecast,True,2025-04-03 12:09:12.801396,2025-04-03 12:09:12.801396
0981075b-cb69-47a6-a560-d87f93b0ecd3,MLA34921279,MIN_OPERATING_SYSTEMS_REQUIRED,Sistemas operativos mínimos requeridos,,Android,True,2025-04-03 12:09:12.801399,2025-04-03 12:09:12.801399
5f3f597b-564c-459a-9434-0d4c34b752d8,MLA34921279,CPU,CPU,,Amlogic S905X3 Cortex-A55 Quad-Core,True,2025-04-03 12:09:12.801402,2025-04-03 12:09:12.801402
7504ad2a-af9c-48d1-a9d3-eba14cc56d51,MLA34921279,GRAPHICS_PROCESSOR,Procesador gráfico,7569896,Mali-G31 MP2,True,2025-04-03 12:09:12.801405,2025-04-03 12:09:12.801405
ab91e65c-4912-46ac-8adc-e3fd7973dbb8,MLA34921279,WI_FI_STANDARDS,Estándares Wi-Fi,,2.4GHz,True,2025-04-03 12:09:12.801408,2025-04-03 12:09:12.801408
498cbcd7-afcc-49af-847d-7913778ceeaf,MLA34921279,FREQUENCIES,Frecuencias,,"Wi-fi 802.11ac (2, 4 ghz/5 ghz)",True,2025-04-03 12:09:12.801411,2025-04-03 12:09:12.801411
7f8cddf3-173a-437e-b101-bb4c5e149d6d,MLA34921279,DEVICE_OPERATING_VOLTAGE,Voltaje de funcionamiento,8631470,5 V,True,2025-04-03 12:09:12.801414,2025-04-03 12:09:12.801414
3f0e05f8-ea45-48f1-96d9-b667caef53df,MLA39011584,BRAND,Marca,40336728,Neutral products,True,2025-04-03 12:09:12.801454,2025-04-03 12:09:12.801454
1f933211-7fe7-419d-ac98-686472a0ecc8,MLA39011584,COLOR,Color,52049,Negro,True,2025-04-03 12:09:12.801457,2025-04-03 12:09:12.801457
e9610b95-5ad1-4b1b-ae4f-386e969e58e9,MLA39011584,MAIN_COLOR,Color principal,2450295,Negro,True,2025-04-03 12:09:12.801460,2025-04-03 12:09:12.801460
eb8d4804-453e-4b3b-a21b-dc3e08886821,MLA39011584,DEVICE_FORMAT,Formato del dispositivo,8616496,Stick,True,2025-04-03 12:09:12.801463,2025-04-03 12:09:12.801463
6a8b6fdd-1ed8-4b6c-9ed5-719365011b5c,MLA39011584,RECOMMENDED_DEVICES,Dispositivos recomendados,,Televisores con HDMI,True,2025-04-03 12:09:12.801466,2025-04-03 12:09:12.801466
9d4215e3-7db7-4fd5-b67a-004437db4d69,MLA39011584,AUDIO_AND_VIDEO_INTERFACES,Interfaces de audio y video,,HDMI,True,2025-04-03 12:09:12.801469,2025-04-03 12:09:12.801469
9d38460c-fbbc-4eab-919d-87c8de3424ca,MLA37230837,BRAND,Marca,52701,Google,True,2025-04-03 12:09:12.801507,2025-04-03 12:09:12.801507
d1cc1aa1-fc04-4488-8c33-1a34f485e388,MLA37719267,BRAND,Marca,37624709,Contiman,True,2025-04-03 12:09:12.801537,2025-04-03 12:09:12.801537
8bccc44a-3a8b-46c7-9d35-c7215713ba30,MLA41155487,BRAND,Marca,59387,Xiaomi,True,2025-04-03 12:09:12.801576,2025-04-03 12:09:12.801576
a9559e29-d1f4-4b45-a3bd-36056bbd9fb6,MLA41155487,LINE,Línea,20457880,Tv Box S,True,2025-04-03 12:09:12.801579,2025-04-03 12:09:12.801579
7351ccda-c043-486d-a774-e6aaafc35015,MLA41155487,MODEL,Modelo,36435230,2ª GERAÇÃO,True,2025-04-03 12:09:12.801582,2025-04-03 12:09:12.801582
8d01dd11-a26f-4f31-905f-61bce0fdb418,MLA41155487,GENERATION,Generación,18802042,Tvbox,True,2025-04-03 12:09:12.801585,2025-04-03 12:09:12.801585
f9325946-d2a9-43fa-9c0d-9ecaa6bd621f,MLA41155487,ALPHANUMERIC_MODEL,Modelo alfanumérico,9776696,MDZ-22-AB,True,2025-04-03 12:09:12.801588,2025-04-03 12:09:12.801588
81f1ab75-8bf4-468c-b7b3-407428e8c8c4,MLA41155487,COLOR,Color,52049,Negro,True,2025-04-03 12:09:12.801592,2025-04-03 12:09:12.801592
6a8fd2e3-d0fe-4e37-a2f6-0d8b24760010,MLA41155487,STORAGE_CAPACITY,Capacidad de almacenamiento,18646,8 GB,True,2025-04-03 12:09:12.801595,2025-04-03 12:09:12.801596
6470d916-b243-457a-bf57-7a600c041c7c,MLA41155487,RAM_MEMORY,Memoria RAM,445970,2 GB,True,2025-04-03 12:09:12.801599,2025-04-03 12:09:12.801599
705d599a-60b9-4806-a5b3-998fbda23c03,MLA41155487,REMOTE_CONTROL_TYPE,Tipo de control remoto,17535337,De voz,True,2025-04-03 12:09:12.801602,2025-04-03 12:09:12.801602
5790782c-2f81-4dab-85f4-5df73c765f46,MLA41155487,DEVICE_FORMAT,Formato del dispositivo,8616495,TV Box,True,2025-04-03 12:09:12.801605,2025-04-03 12:09:12.801605
d1f1c556-e346-4f10-a200-fe8a888794d1,MLA41155487,MAX_VIDEO_RESOLUTION,Resolución máxima de video,169883,4K,True,2025-04-03 12:09:12.801608,2025-04-03 12:09:12.801608
f2608e08-7919-4819-96f2-47ef87eec7d4,MLA41155487,WITH_BLUETOOTH,Con Bluetooth,242085,Sí,True,2025-04-03 12:09:12.801611,2025-04-03 12:09:12.801611
a851d885-ec88-4846-b788-9ff834d0c5b4,MLA41155487,WITH_WI_FI,Con Wi-Fi,242085,Sí,True,2025-04-03 12:09:12.801614,2025-04-03 12:09:12.801614
d5fc670d-0bab-47a0-9653-fb4d1b7bea36,MLA41155487,LENGTH,Largo,40359030,9.525 cm,True,2025-04-03 12:09:12.801617,2025-04-03 12:09:12.801617
5f9d29c6-000f-419d-a918-72268bea7c35,MLA41155487,WIDTH,Ancho,18953118,9.525 cm,True,2025-04-03 12:09:12.801620,2025-04-03 12:09:12.801621
969dc246-0bfe-4d62-a80f-a0030a70a195,MLA41155487,WEIGHT,Peso,16547099,147 g,True,2025-04-03 12:09:12.801623,2025-04-03 12:09:12.801624
549be903-1330-4b0f-9389-4dc9da2dafc3,MLA41155487,OS_NAME,Nombre del sistema operativo,7601503,Android TV,True,2025-04-03 12:09:12.801627,2025-04-03 12:09:12.801627
c47c142b-9464-465c-aaa0-a485143f9bc6,MLA42838649,BRAND,Marca,59387,Xiaomi,True,2025-04-03 12:09:12.801648,2025-04-03 12:09:12.801649
cb94db31-2967-4808-b1c4-f48769c6027d,MLA42838649,MODEL,Modelo,44154692,Fire Stick TV,True,2025-04-03 12:09:12.801651,2025-04-03 12:09:12.801652
084f282a-52b7-4bf4-9ec5-4d6bd5f521cd,MLA42838649,GENERATION,Generación,18802042,Tvbox,True,2025-04-03 12:09:12.801655,2025-04-03 12:09:12.801655
94542ae0-a72f-472a-b737-c6579b486c97,MLA42838649,ALPHANUMERIC_MODEL,Modelo alfanumérico,44154691,Mi Tv Stick,True,2025-04-03 12:09:12.801658,2025-04-03 12:09:12.801658
08a19513-ae34-4a8a-b48c-b724dd5ec463,MLA42838649,COLOR,Color,52049,Negro,True,2025-04-03 12:09:12.801661,2025-04-03 12:09:12.801661
f27ee3d3-8809-43c9-bf24-c66d261cf168,MLA42838649,STORAGE_CAPACITY,Capacidad de almacenamiento,18646,8 GB,True,2025-04-03 12:09:12.801664,2025-04-03 12:09:12.801664
78995713-4940-4413-af51-629c9d411dbe,MLA42838649,RAM_MEMORY,Memoria RAM,98978,1 GB,True,2025-04-03 12:09:12.801671,2025-04-03 12:09:12.801672
92d13f21-b888-4f3f-b186-c3ed254322ed,MLA42838649,REMOTE_CONTROL_TYPE,Tipo de control remoto,17535337,De voz,True,2025-04-03 12:09:12.801674,2025-04-03 12:09:12.801675
aeac16ef-dd70-4a04-b4f3-12fda54166cf,MLA42838649,DEVICE_FORMAT,Formato del dispositivo,8616496,Stick,True,2025-04-03 12:09:12.801678,2025-04-03 12:09:12.801678
3540129c-b63a-4a37-bc1a-1a1b09fa002f,MLA42838649,MAX_VIDEO_RESOLUTION,Resolución máxima de video,168332,Full HD,True,2025-04-03 12:09:12.801681,2025-04-03 12:09:12.801681
fbbdf36f-688d-4468-a867-d337b22854de,MLA42838649,AUDIO_AND_VIDEO_INTERFACES,Interfaces de audio y video,,HDMI,True,2025-04-03 12:09:12.801684,2025-04-03 12:09:12.801684
c1163e87-0e63-4d46-9b88-5d0231a9ceb6,MLA42838649,ANATEL_HOMOLOGATION_NUMBER,Homologación Anatel Nº,40365890,103022009185,True,2025-04-03 12:09:12.801687,2025-04-03 12:09:12.801687
1722650b-29d5-4483-b2e5-c67ae4cd39fb,MLA42838649,WITH_BLUETOOTH,Con Bluetooth,242085,Sí,True,2025-04-03 12:09:12.801690,2025-04-03 12:09:12.801690
2298819b-1446-4bcb-81ea-6cd9f55f4027,MLA42838649,WITH_WI_FI,Con Wi-Fi,242085,Sí,True,2025-04-03 12:09:12.801693,2025-04-03 12:09:12.801693
c545d0e0-5e8f-4a50-bfa8-7044a768e65d,MLA42838649,LENGTH,Largo,48543305,9.24 cm,True,2025-04-03 12:09:12.801696,2025-04-03 12:09:12.801696
7ca0d222-12a2-4a3f-8db9-ebae4de3a683,MLA42838649,WIDTH,Ancho,47792288,3.02 cm,True,2025-04-03 12:09:12.801699,2025-04-03 12:09:12.801699
a2749e6b-1827-4088-9c5c-c570fbcc7a8b,MLA42838649,WEIGHT,Peso,18956461,28.5 g,True,2025-04-03 12:09:12.801702,2025-04-03 12:09:12.801702
506f30f4-8b93-452f-a3f9-a8ca30dc78bd,MLA42838649,OS_NAME,Nombre del sistema operativo,296858,Android,True,2025-04-03 12:09:12.801705,2025-04-03 12:09:12.801705
53f62007-0587-4ac8-923b-7e3654e497fb,MLA41082280,BRAND,Marca,28602116,Sylvox,True,2025-04-03 12:09:12.801727,2025-04-03 12:09:12.801727
e530e051-2f17-4849-a6da-e5113ce0a3de,MLA41082280,MODEL,Modelo,42889166,Outdoor Waterproof Google TV,True,2025-04-03 12:09:12.801730,2025-04-03 12:09:12.801731
3307f301-f870-4d58-b0e1-35cc459d08e1,MLA41082280,DEVICE_FORMAT,Formato del dispositivo,8616495,TV Box,True,2025-04-03 12:09:12.801733,2025-04-03 12:09:12.801734
a3c9167f-9617-4825-81b2-2f8a23f3a411,MLA41082280,MAX_VIDEO_RESOLUTION,Resolución máxima de video,169883,4K,True,2025-04-03 12:09:12.801736,2025-04-03 12:09:12.801737
dd238b9f-64ec-4a93-9883-0cac39fbc117,MLA37291478,BRAND,Marca,1050195,Vizio,True,2025-04-03 12:09:12.801773,2025-04-03 12:09:12.801773
a1fc015f-ed28-40b5-8712-fbf4a38eea0c,MLA46660900,BRAND,Marca,59387,Xiaomi,True,2025-04-03 12:09:12.801811,2025-04-03 12:09:12.801811
683b855a-1d35-4316-a435-14db74a8a7e2,MLA46660900,MODEL,Modelo,48203033,TV Box S,True,2025-04-03 12:09:12.801814,2025-04-03 12:09:12.801814
3daf01c1-e677-4b51-8974-bf124713d162,MLA46660900,GENERATION,Generación,11281876,2.ª generación,True,2025-04-03 12:09:12.801817,2025-04-03 12:09:12.801817
25c5715c-19cf-4f61-ac26-5cebe5157cba,MLA46660900,COLOR,Color,52049,Negro,True,2025-04-03 12:09:12.801820,2025-04-03 12:09:12.801820
7a160eb4-b46f-4c4e-8bcf-5c394d67e9df,MLA46660900,REMOTE_CONTROL_TYPE,Tipo de control remoto,17535337,De voz,True,2025-04-03 12:09:12.801823,2025-04-03 12:09:12.801823
1f5f5486-2fe3-496a-a0c0-8e1cf425f7e2,MLA46660900,DEVICE_FORMAT,Formato del dispositivo,8616495,TV Box,True,2025-04-03 12:09:12.801826,2025-04-03 12:09:12.801826
590dd619-d22c-4b84-b497-012eff4eae23,MLA46660900,MAX_VIDEO_RESOLUTION,Resolución máxima de video,169883,4K,True,2025-04-03 12:09:12.801829,2025-04-03 12:09:12.801829
cd33850a-bd57-434a-8548-1b9b53984ade,MLA46660900,COMPATIBLE_APPLICATIONS,Aplicaciones compatibles,,"Disney+, Netflix, Prime Video, Spotify, YouTube",True,2025-04-03 12:09:12.801832,2025-04-03 12:09:12.801832
b145835d-6aec-4f3f-8e56-0c82e125dee8,MLA46660900,WITH_WI_FI,Con Wi-Fi,242085,Sí,True,2025-04-03 12:09:12.801835,2025-04-03 12:09:12.801835
3357d978-2af8-4783-a105-fed5c8ecad9c,MLA46660900,WITH_INTEGRATED_VOICE_ASSISTANTS,Con asistentes de voz integrados,242085,Sí,True,2025-04-03 12:09:12.801838,2025-04-03 12:09:12.801838
3c3cae3a-3e16-4815-bded-eb44d6735633,MLA46660900,INTEGRATED_VOICE_ASSISTANTS,Asistentes de voz integrados,,Google Assistant,True,2025-04-03 12:09:12.801841,2025-04-03 12:09:12.801842
4458b072-2807-4644-a74c-6b63a4d92a7c,MLA46660900,AUDIO_QUALITY,Calidad de audio,,Dolby Audio,True,2025-04-03 12:09:12.801844,2025-04-03 12:09:12.801845
a62a875e-b2ac-4e66-8232-fff8bbc97a17,MLA41077223,BRAND,Marca,28602116,Sylvox,True,2025-04-03 12:09:12.801862,2025-04-03 12:09:12.801862
7a7caff1-3f11-4394-8677-673162cbcbc0,MLA28705947,BRAND,Marca,20036598,Optimus Technology,True,2025-04-03 12:09:12.801901,2025-04-03 12:09:12.801901
ca38cef1-24b8-49ac-83f0-a65429a78ef6,MLA28705947,LINE,Línea,340816,Chromecast,True,2025-04-03 12:09:12.801904,2025-04-03 12:09:12.801904
08cf5e94-3a27-45b8-8772-ec9ec715aa70,MLA28705947,MODEL,Modelo,26935921,Optimus TV,True,2025-04-03 12:09:12.801907,2025-04-03 12:09:12.801907
11d99ced-6789-43f9-95b0-989718154d31,MLA28705947,ALPHANUMERIC_MODEL,Modelo alfanumérico,26935920,TVBOX-OPTV01,True,2025-04-03 12:09:12.801910,2025-04-03 12:09:12.801910
76b163b8-837e-4668-91f8-fb1b7f0e22a2,MLA28705947,COLOR,Color,52049,Negro,True,2025-04-03 12:09:12.801913,2025-04-03 12:09:12.801913
c4752f17-31c9-4b2a-bbaf-e8357276191c,MLA28705947,STORAGE_CAPACITY,Capacidad de almacenamiento,18614,16 GB,True,2025-04-03 12:09:12.801916,2025-04-03 12:09:12.801916
477c635f-4928-4857-83de-dfe6cf0155fb,MLA28705947,RAM_MEMORY,Memoria RAM,98978,1 GB,True,2025-04-03 12:09:12.801921,2025-04-03 12:09:12.801921
a1bdf372-6a77-41c1-bc27-deea6890cc21,MLA28705947,REMOTE_CONTROL_TYPE,Tipo de control remoto,17535337,De voz,True,2025-04-03 12:09:12.801924,2025-04-03 12:09:12.801924
60fb5733-3101-49d7-a373-9566bf3f7cde,MLA28705947,MAIN_COLOR,Color principal,2450295,Negro,True,2025-04-03 12:09:12.801927,2025-04-03 12:09:12.801927
a82c65ba-4279-4d8b-9c31-bec378cae3fd,MLA28705947,DEVICE_FORMAT,Formato del dispositivo,8616496,Stick,True,2025-04-03 12:09:12.801930,2025-04-03 12:09:12.801930
bc336872-09da-419b-a538-bfa91f033d4b,MLA28705947,MAX_VIDEO_RESOLUTION,Resolución máxima de video,169883,4K,True,2025-04-03 12:09:12.801933,2025-04-03 12:09:12.801933
de1523fa-3d77-41d5-8c72-dbce12717e85,MLA28705947,COMPATIBLE_APPLICATIONS,Aplicaciones compatibles,,"Amazon Prime Video, Disney, Google Play, HBO Max, Netflix, Star +, YouTube",True,2025-04-03 12:09:12.801936,2025-04-03 12:09:12.801936
ce8c2bc8-a52c-4492-93d5-c89e1bffeb1a,MLA28705947,RECOMMENDED_DEVICES,Dispositivos recomendados,,Televisores con HDMI,True,2025-04-03 12:09:12.801939,2025-04-03 12:09:12.801939
b9b7f355-3947-4d77-ac67-7f46fc46b007,MLA28705947,AUDIO_AND_VIDEO_INTERFACES,Interfaces de audio y video,,HDMI,True,2025-04-03 12:09:12.801942,2025-04-03 12:09:12.801942
b76aa7fc-97fe-40fe-96d2-5f4f57c423d9,MLA28705947,PORTS_AND_CONNECTORS_TYPES,Tipos de puertos y conectores,,"HDMI, USB-A, USB-C",True,2025-04-03 12:09:12.801945,2025-04-03 12:09:12.801945
eb006315-8e95-46a6-b56a-d93993cfeb62,MLA28705947,WITH_BLUETOOTH,Con Bluetooth,242085,Sí,True,2025-04-03 12:09:12.801948,2025-04-03 12:09:12.801948
79c190a4-2614-44fe-b98b-233b89445d2b,MLA28705947,WITH_WI_FI,Con Wi-Fi,242085,Sí,True,2025-04-03 12:09:12.801951,2025-04-03 12:09:12.801952
8853d166-22fb-453a-96d6-e55aa384dda6,MLA28705947,WITH_INTEGRATED_VOICE_ASSISTANTS,Con asistentes de voz integrados,242085,Sí,True,2025-04-03 12:09:12.801954,2025-04-03 12:09:12.801955
4825b977-fa53-475f-a8a2-7f8b6ea44c93,MLA28705947,INTEGRATED_VOICE_ASSISTANTS,Asistentes de voz integrados,,Google Assistant,True,2025-04-03 12:09:12.801957,2025-04-03 12:09:12.801958
0d198965-5e4b-4a28-95b1-b480b9633e1e,MLA28705947,INCLUDES_HDMI_CABLE,Incluye cable HDMI,242085,Sí,True,2025-04-03 12:09:12.801961,2025-04-03 12:09:12.801961
2ec64b24-0b99-432e-89b2-36ab3ae77b60,MLA28705947,LENGTH,Largo,7818795,11 cm,True,2025-04-03 12:09:12.801964,2025-04-03 12:09:12.801964
8cd36401-126f-40c1-b69c-c62fb6368524,MLA28705947,WIDTH,Ancho,8841503,3.8 cm,True,2025-04-03 12:09:12.801967,2025-04-03 12:09:12.801967
629e717d-eed9-48c4-9dee-d0105c3812a5,MLA28705947,HEIGHT,Altura,10576860,1.3 cm,True,2025-04-03 12:09:12.801970,2025-04-03 12:09:12.801970
27b748d0-ea26-4243-99c9-5b1a029d1b60,MLA28705947,WEIGHT,Peso,5991223,1 kg,True,2025-04-03 12:09:12.801973,2025-04-03 12:09:12.801973
2bac7332-3d5d-4971-be5f-c3bfbf9554e8,MLA28705947,OS_NAME,Nombre del sistema operativo,296858,Android,True,2025-04-03 12:09:12.801976,2025-04-03 12:09:12.801976
b84b9438-ef89-4ba9-a129-e9234cf91ec2,MLA28705947,STREAMING_TECHNOLOGIES,Tecnologías de streaming,,Google Cast,True,2025-04-03 12:09:12.801979,2025-04-03 12:09:12.801979
90ef7488-88e8-454d-85c8-898bea006a03,MLA28705947,AUDIO_QUALITY,Calidad de audio,,Dolby Audio,True,2025-04-03 12:09:12.801982,2025-04-03 12:09:12.801982
5bd40fe2-6cf8-4c6f-8de2-d6c9b6305821,MLA28705947,LANGUAGE_OPTIONS,Opciones de idioma,,Español,True,2025-04-03 12:09:12.801986,2025-04-03 12:09:12.801986
d372fea0-b178-4247-84de-ed3464a1655d,MLA28705947,MIN_OPERATING_SYSTEMS_REQUIRED,Sistemas operativos mínimos requeridos,,Android,True,2025-04-03 12:09:12.801989,2025-04-03 12:09:12.801990
7b39dea7-1c4b-437b-b28e-df545415e8c6,MLA28705947,CPU,CPU,,AMlogic S905Y4,True,2025-04-03 12:09:12.801992,2025-04-03 12:09:12.801993
74f06703-c237-4ee4-9756-4acaa3a7369c,MLA28705947,WI_FI_STANDARDS,Estándares Wi-Fi,,"2.4GHz, 5.8GHz",True,2025-04-03 12:09:12.801996,2025-04-03 12:09:12.801996
3d3de7fe-3a88-413d-a8e0-d709e3b18255,MLA28705947,FREQUENCIES,Frecuencias,,"2, 4 ghz, 5ghZ",True,2025-04-03 12:09:12.801999,2025-04-03 12:09:12.801999
7b2cde7b-7910-467e-8544-e9ef6d893cb5,MLA28705947,DEVICE_OPERATING_VOLTAGE,Voltaje de funcionamiento,8631470,5 V,True,2025-04-03 12:09:12.802002,2025-04-03 12:09:12.802002
c2e6bc42-d4ce-42c7-b527-0b95f9345ec3,MLA45001905,BRAND,Marca,46183778,Chromecast Pix Mira,True,2025-04-03 12:09:12.802047,2025-04-03 12:09:12.802047
69eb0f92-f17c-4e83-a3b6-0df51b23cfb3,MLA45001905,MODEL,Modelo,46183779,GA03131-US,True,2025-04-03 12:09:12.802050,2025-04-03 12:09:12.802050
64f80ddb-1f11-4c4b-841a-26a59e4b19f0,MLA45001905,GENERATION,Generación,11281876,2.ª generación,True,2025-04-03 12:09:12.802053,2025-04-03 12:09:12.802053
a7038511-2b68-4528-b2de-8177f996421c,MLA45001905,ALPHANUMERIC_MODEL,Modelo alfanumérico,16911628,GA03131-US,True,2025-04-03 12:09:12.802056,2025-04-03 12:09:12.802056
020fb8c9-644f-4136-bf2d-d6d7c43c421c,MLA45001905,COLOR,Color,52051,Gris oscuro,True,2025-04-03 12:09:12.802059,2025-04-03 12:09:12.802059
194f415c-e664-4ff4-8d0b-fed214ef1dd1,MLA45001905,STORAGE_CAPACITY,Capacidad de almacenamiento,18646,8 GB,True,2025-04-03 12:09:12.802062,2025-04-03 12:09:12.802063
b61e2a8f-fd72-4d03-ae7c-51f433b8d166,MLA45001905,RAM_MEMORY,Memoria RAM,445979,1.5 GB,True,2025-04-03 12:09:12.802066,2025-04-03 12:09:12.802066
5e17ba95-be7c-4fab-a2f9-2192fced586c,MLA45001905,REMOTE_CONTROL_TYPE,Tipo de control remoto,182134,Estándar,True,2025-04-03 12:09:12.802069,2025-04-03 12:09:12.802069
d24f045c-d54a-4817-8f94-c3b9813132b5,MLA45001905,DEVICE_FORMAT,Formato del dispositivo,8616496,Stick,True,2025-04-03 12:09:12.802073,2025-04-03 12:09:12.802073
32747790-696d-4465-888e-4ab5614709b8,MLA45001905,MAX_VIDEO_RESOLUTION,Resolución máxima de video,168331,HD,True,2025-04-03 12:09:12.802076,2025-04-03 12:09:12.802076
666713d0-8644-4f38-9d0c-23e8d8471a09,MLA45001905,AUDIO_AND_VIDEO_INTERFACES,Interfaces de audio y video,,Pix Mira,True,2025-04-03 12:09:12.802079,2025-04-03 12:09:12.802079
34b3735d-efdd-46ec-964a-e9bd961c1f79,MLA45001905,WITH_INTEGRATED_VOICE_ASSISTANTS,Con asistentes de voz integrados,242084,No,True,2025-04-03 12:09:12.802082,2025-04-03 12:09:12.802082
10365075-60aa-4e1e-addb-6f4898a0510f,MLA42827642,BRAND,Marca,15169853,Newtek,True,2025-04-03 12:09:12.802104,2025-04-03 12:09:12.802104
50363bc2-aec2-4969-a81b-b4e8ad5afcbc,MLA42827642,MODEL,Modelo,44145601,tcxd410,True,2025-04-03 12:09:12.802107,2025-04-03 12:09:12.802107
f25772cf-8c02-4c78-b938-a708b1166407,MLA42827642,GENERATION,Generación,10910111,4.ª generación,True,2025-04-03 12:09:12.802110,2025-04-03 12:09:12.802110
d6eebbd8-8f6d-46ab-8d12-cd8c6c292630,MLA42827642,ALPHANUMERIC_MODEL,Modelo alfanumérico,44145599,Txd410,True,2025-04-03 12:09:12.802113,2025-04-03 12:09:12.802113
f965c03d-cbfb-495e-8718-9cca55aedeb0,MLA42827642,COLOR,Color,52049,Negro,True,2025-04-03 12:09:12.802116,2025-04-03 12:09:12.802117
da877469-8542-4c3e-9938-80233be7ed97,MLA42827642,STORAGE_CAPACITY,Capacidad de almacenamiento,15338726,0 MB,True,2025-04-03 12:09:12.802119,2025-04-03 12:09:12.802120
d1544ced-d042-4e99-90c5-8116e687305b,MLA42827642,RAM_MEMORY,Memoria RAM,13089420,0 MB,True,2025-04-03 12:09:12.802123,2025-04-03 12:09:12.802123
8b1dff68-fffe-4679-aecb-91f1a2191fbb,MLA42827642,REMOTE_CONTROL_TYPE,Tipo de control remoto,182134,Estándar,True,2025-04-03 12:09:12.802126,2025-04-03 12:09:12.802126
033c62ae-9c1b-41e8-8281-9de238e1c2de,MLA42827642,DEVICE_FORMAT,Formato del dispositivo,8616495,TV Box,True,2025-04-03 12:09:12.802129,2025-04-03 12:09:12.802129
9e9e007b-0513-4ed6-ad80-6a61ced28fc7,MLA42827642,MAX_VIDEO_RESOLUTION,Resolución máxima de video,168332,Full HD,True,2025-04-03 12:09:12.802132,2025-04-03 12:09:12.802132
ce22037a-b8ba-4c96-87e3-b8b2f0fcb640,MLA42827642,AUDIO_AND_VIDEO_INTERFACES,Interfaces de audio y video,,SDI,True,2025-04-03 12:09:12.802135,2025-04-03 12:09:12.802135
b5115b5e-da40-4c51-b5f6-9b591c727275,MLA44748277,BRAND,Marca,15169853,Newtek,True,2025-04-03 12:09:12.802183,2025-04-03 12:09:12.802183
c71a5231-e5fb-479f-a977-bc93149062dc,MLA44748277,MODEL,Modelo,45914253,New Tek tv box,True,2025-04-03 12:09:12.802186,2025-04-03 12:09:12.802186
0b070b55-7832-4b5f-b463-3ea58beac950,MLA44748277,ALPHANUMERIC_MODEL,Modelo alfanumérico,24061411,New Tek tv box,True,2025-04-03 12:09:12.802189,2025-04-03 12:09:12.802189
586880af-bf86-4a3f-9a8c-6368f7b59ac0,MLA44748277,COLOR,Color,52049,Negro,True,2025-04-03 12:09:12.802193,2025-04-03 12:09:12.802194
dff29744-917e-465b-a236-1483db4e0c38,MLA44748277,STORAGE_CAPACITY,Capacidad de almacenamiento,18614,16 GB,True,2025-04-03 12:09:12.802197,2025-04-03 12:09:12.802197
c0b0406a-d959-459d-bafa-0b618aed310d,MLA44748277,RAM_MEMORY,Memoria RAM,98978,1 GB,True,2025-04-03 12:09:12.802200,2025-04-03 12:09:12.802200
4cdfb38c-21d3-4a1f-9fed-32d0779e9a4a,MLA44748277,REMOTE_CONTROL_TYPE,Tipo de control remoto,182134,Estándar,True,2025-04-03 12:09:12.802203,2025-04-03 12:09:12.802203
f34d9dcd-375e-4a15-a77f-5e608b3065e4,MLA44748277,DEVICE_FORMAT,Formato del dispositivo,8616495,TV Box,True,2025-04-03 12:09:12.802206,2025-04-03 12:09:12.802206
787e83bf-1a40-420b-ae8e-629e19d6fd40,MLA44748277,MAX_VIDEO_RESOLUTION,Resolución máxima de video,169883,4K,True,2025-04-03 12:09:12.802209,2025-04-03 12:09:12.802209
d8e4e13a-da87-4334-a616-2590d88b4491,MLA42834722,BRAND,Marca,15192,D-Link,True,2025-04-03 12:09:12.802242,2025-04-03 12:09:12.802242
43ffb180-b95f-41b6-b2a9-dabe9c01bb28,MLA42834722,MODEL,Modelo,24023223,Dhd-131,True,2025-04-03 12:09:12.802245,2025-04-03 12:09:12.802246
04d1bec1-b699-4473-8ae8-044eb0ea4cea,MLA42834722,GENERATION,Generación,8246074,1.ª generación,True,2025-04-03 12:09:12.802249,2025-04-03 12:09:12.802249
d28b9064-9900-4552-94b7-e3cca2158ef5,MLA42834722,ALPHANUMERIC_MODEL,Modelo alfanumérico,44152139,DHD-131A1,True,2025-04-03 12:09:12.802252,2025-04-03 12:09:12.802252
38d0f635-8d40-433d-8f7f-2fe586001248,MLA42834722,COLOR,Color,52049,Negro,True,2025-04-03 12:09:12.802255,2025-04-03 12:09:12.802255
02bc8c12-f975-4de3-a29b-1fc5a64b7900,MLA42834722,MAIN_COLOR,Color principal,2450295,Negro,True,2025-04-03 12:09:12.802258,2025-04-03 12:09:12.802258
cf78eacb-054a-4fc8-9059-1c8cb634fb89,MLA42834722,DEVICE_FORMAT,Formato del dispositivo,8616495,TV Box,True,2025-04-03 12:09:12.802261,2025-04-03 12:09:12.802261
ca3b8c6c-08a0-442c-b0ca-0fb24a6dad85,MLA42834722,MAX_VIDEO_RESOLUTION,Resolución máxima de video,168332,Full HD,True,2025-04-03 12:09:12.802264,2025-04-03 12:09:12.802264
ab4aa3a7-8b9b-4c4d-b1dd-0f1916b68964,MLA42834722,AUDIO_AND_VIDEO_INTERFACES,Interfaces de audio y video,,"HDMI, OPTICAL, COMPONENTE DE VÍDEO",True,2025-04-03 12:09:12.802267,2025-04-03 12:09:12.802267
0ceb7bcf-2068-486f-a4e6-9f9cef5a3f3f,MLA42834722,ANATEL_HOMOLOGATION_NUMBER,Homologación Anatel Nº,41661512,24881101931,True,2025-04-03 12:09:12.802270,2025-04-03 12:09:12.802270
1e19712a-1b5f-4ecc-916d-d3c14372f859,MLA42834722,WITH_WI_FI,Con Wi-Fi,242085,Sí,True,2025-04-03 12:09:12.802273,2025-04-03 12:09:12.802274
ff9c7104-0674-4c6e-8488-11959e245e99,MLA42834722,WEIGHT,Peso,5996898,1.5 kg,True,2025-04-03 12:09:12.802276,2025-04-03 12:09:12.802277
81691584-6a09-4cbb-90c7-642fda911352,MLA21728489,BRAND,Marca,2449710,Aston,True,2025-04-03 12:09:12.802308,2025-04-03 12:09:12.802308
f2e11b1b-2ad5-4d6a-b19d-b8fb74ddcd02,MLA21728489,MODEL,Modelo,16694072,Astonconect slim,True,2025-04-03 12:09:12.802311,2025-04-03 12:09:12.802311
3296321c-1718-4771-a8f3-b6522a267f6e,MLA21728489,GENERATION,Generación,11322992,6.ª generación,True,2025-04-03 12:09:12.802314,2025-04-03 12:09:12.802314
34581246-cec3-4393-a327-e799fc01c67f,MLA21728489,COLOR,Color,52049,Negro,True,2025-04-03 12:09:12.802317,2025-04-03 12:09:12.802317
a5469c3e-3f96-46de-859b-030dcaceb8c4,MLA21728489,STORAGE_CAPACITY,Capacidad de almacenamiento,18621,32 GB,True,2025-04-03 12:09:12.802320,2025-04-03 12:09:12.802320
58df4e1c-4e75-4a76-9ec3-c1164d57077f,MLA21728489,RAM_MEMORY,Memoria RAM,445970,2 GB,True,2025-04-03 12:09:12.802323,2025-04-03 12:09:12.802323
c2fe6ab1-1adc-48f9-b2b5-ae115a70182b,MLA21728489,REMOTE_CONTROL_TYPE,Tipo de control remoto,17535337,De voz,True,2025-04-03 12:09:12.802326,2025-04-03 12:09:12.802326
bb7ba6a3-ec5c-48e6-89b0-84840c89065f,MLA21728489,WITH_BLUETOOTH,Con Bluetooth,242085,Sí,True,2025-04-03 12:09:12.802329,2025-04-03 12:09:12.802329
7036148b-58dd-47fc-ad41-1a13559c9930,MLA42843484,BRAND,Marca,8143998,Anbernic,True,2025-04-03 12:09:12.802350,2025-04-03 12:09:12.802350
19f7108e-b228-41e1-aa34-ae58d2c11d8f,MLA42843484,MODEL,Modelo,44158152,RG353V,True,2025-04-03 12:09:12.802353,2025-04-03 12:09:12.802354
2e19b313-2212-491d-ae62-a308492b6dc2,MLA42843484,COLOR,Color,52049,Negro,True,2025-04-03 12:09:12.802356,2025-04-03 12:09:12.802357
b982e686-7e2b-4085-8bbf-18b3c601d519,MLA42843484,REMOTE_CONTROL_TYPE,Tipo de control remoto,182134,Estándar,True,2025-04-03 12:09:12.802360,2025-04-03 12:09:12.802360
6070cf4a-b4c5-4479-b310-1d15532133f8,MLA34955589,BRAND,Marca,35469805,ElectroGanga,True,2025-04-03 12:09:12.802376,2025-04-03 12:09:12.802376
c4ea31d9-a280-47e9-8eab-0f9143e15ce9,MLA34955589,MODEL,Modelo,35469806,TV STICK 16 GB RAM + 256 ROM,True,2025-04-03 12:09:12.802379,2025-04-03 12:09:12.802379
d78557f2-f957-4ed4-a465-d07fbdcbb500,MLA34955589,COLOR,Color,52049,Negro,True,2025-04-03 12:09:12.802382,2025-04-03 12:09:12.802383
4b1f7beb-224f-47a0-9330-a45bc5d95a9b,MLA34955589,STORAGE_CAPACITY,Capacidad de almacenamiento,99784,256 GB,True,2025-04-03 12:09:12.802386,2025-04-03 12:09:12.802386
0456246c-e04e-40b7-b562-9bb619182d12,MLA34955589,RAM_MEMORY,Memoria RAM,98857,16 GB,True,2025-04-03 12:09:12.802389,2025-04-03 12:09:12.802389
8ce61674-e5e0-45ec-b311-181140e9cbf0,MLA34955589,REMOTE_CONTROL_TYPE,Tipo de control remoto,17535337,De voz,True,2025-04-03 12:09:12.802392,2025-04-03 12:09:12.802392
8d8f6892-6047-438c-be31-2c7a42376468,MLA34955589,DEVICE_FORMAT,Formato del dispositivo,8616496,Stick,True,2025-04-03 12:09:12.802395,2025-04-03 12:09:12.802395
2fa4078b-dfc3-4dd6-9b62-b9d63137535a,MLA34955589,MAX_VIDEO_RESOLUTION,Resolución máxima de video,169883,4K,True,2025-04-03 12:09:12.802398,2025-04-03 12:09:12.802399
e439e0c6-1567-4dad-9481-58f153b63133,MLA34955589,AUDIO_AND_VIDEO_INTERFACES,Interfaces de audio y video,,HDMI,True,2025-04-03 12:09:12.802401,2025-04-03 12:09:12.802402
b83ed0a0-3a54-4d16-9026-30416ccfabb1,MLA34955589,WITH_WI_FI,Con Wi-Fi,242085,Sí,True,2025-04-03 12:09:12.802404,2025-04-03 12:09:12.802405
1af0362d-da98-446d-b235-2f5a336d9642,MLA34955589,OS_NAME,Nombre del sistema operativo,296858,Android,True,2025-04-03 12:09:12.802408,2025-04-03 12:09:12.802408
10c094ec-4a8a-431a-a9b9-656cb26669f5,MLA22209472,BRAND,Marca,410974,Gadnic,True,2025-04-03 12:09:12.802426,2025-04-03 12:09:12.802426
3c23ff3f-2116-45c2-93e0-9f2291af1501,MLA22209472,MODEL,Modelo,17447595,KSMTV026,True,2025-04-03 12:09:12.802429,2025-04-03 12:09:12.802430
4b1f5aab-7b2a-4d9d-aa54-959194537ffa,MLA22209472,STORAGE_CAPACITY,Capacidad de almacenamiento,18646,8 GB,True,2025-04-03 12:09:12.802433,2025-04-03 12:09:12.802433
2bc60ffb-4245-47e7-929e-bf97eebce08d,MLA22209472,RAM_MEMORY,Memoria RAM,445970,2 GB,True,2025-04-03 12:09:12.802436,2025-04-03 12:09:12.802436
3b129308-2287-4937-886f-90d31157fc3d,MLA22209472,DEVICE_FORMAT,Formato del dispositivo,8616495,TV Box,True,2025-04-03 12:09:12.802439,2025-04-03 12:09:12.802439
2182a058-34f9-401c-b548-f9f069c30766,MLA22209472,MAX_VIDEO_RESOLUTION,Resolución máxima de video,169883,4K,True,2025-04-03 12:09:12.802442,2025-04-03 12:09:12.802442
ffe0018e-0ffc-450b-85f3-b7de24be096a,MLA22209472,RECOMMENDED_DEVICES,Dispositivos recomendados,,PC,True,2025-04-03 12:09:12.802445,2025-04-03 12:09:12.802445
331bfc0d-5a2c-4551-bcfb-cf3cc65f4919,MLA22209472,WITH_BLUETOOTH,Con Bluetooth,242085,Sí,True,2025-04-03 12:09:12.802448,2025-04-03 12:09:12.802448
3b1c7019-f32e-4eec-9fca-ef3f50b1e9b1,MLA22209472,OS_NAME,Nombre del sistema operativo,8262648,Android 6.0,True,2025-04-03 12:09:12.802451,2025-04-03 12:09:12.802452
7e55d88e-82ec-475e-ad91-ad3f104d4e60,MLA22209472,MIN_OPERATING_SYSTEMS_REQUIRED,Sistemas operativos mínimos requeridos,,Android,True,2025-04-03 12:09:12.802455,2025-04-03 12:09:12.802455
70143f31-bc5b-48db-969c-232c6e30ad47,MLA26707106,BRAND,Marca,4812724,MiraScreen,True,2025-04-03 12:09:12.802475,2025-04-03 12:09:12.802475
5f1ceefb-0181-43cf-b4d6-9c07456e2bf1,MLA26707106,LINE,Línea,13742799,MiraScreen,True,2025-04-03 12:09:12.802478,2025-04-03 12:09:12.802479
4b345332-0ff3-49ca-9c8e-d8f7aa84cb1f,MLA26707106,MODEL,Modelo,23840364,DT8,True,2025-04-03 12:09:12.802481,2025-04-03 12:09:12.802482
4ae2a781-45cf-41ac-80e0-b63c0432047d,MLA26707106,ALPHANUMERIC_MODEL,Modelo alfanumérico,23840365,DT8,True,2025-04-03 12:09:12.802486,2025-04-03 12:09:12.802486
5eecaf52-c6be-4150-b292-24474ec7aae1,MLA26707106,COLOR,Color,52049,Negro,True,2025-04-03 12:09:12.802489,2025-04-03 12:09:12.802489
f97cff9a-a2eb-4292-aa97-a37aaf452b5c,MLA26707106,RAM_MEMORY,Memoria RAM,3565862,128 GB,True,2025-04-03 12:09:12.802492,2025-04-03 12:09:12.802492
d09d979e-eed3-4ded-af71-3e340cfd9190,MLA26707106,MAIN_COLOR,Color principal,2450295,Negro,True,2025-04-03 12:09:12.802495,2025-04-03 12:09:12.802495
87da7515-93cb-42c0-a70f-9ae89af06687,MLA26707106,DEVICE_FORMAT,Formato del dispositivo,8616496,Stick,True,2025-04-03 12:09:12.802498,2025-04-03 12:09:12.802498
fd2ecd35-9c80-436b-bdfc-6d1040ab2755,MLA26707106,MAX_VIDEO_RESOLUTION,Resolución máxima de video,169883,4K,True,2025-04-03 12:09:12.802501,2025-04-03 12:09:12.802501
e9b2f42d-5594-49ac-9748-ac85b2a87566,MLA26707106,COMPATIBLE_APPLICATIONS,Aplicaciones compatibles,,MiraCast,True,2025-04-03 12:09:12.802504,2025-04-03 12:09:12.802505
43e7459a-0c44-4e15-8d02-4c3c34f733a6,MLA26707106,RECOMMENDED_DEVICES,Dispositivos recomendados,,Proyectores,True,2025-04-03 12:09:12.802507,2025-04-03 12:09:12.802508
69345135-b426-4974-9661-ce581897e71c,MLA26707106,AUDIO_AND_VIDEO_INTERFACES,Interfaces de audio y video,,HDMI,True,2025-04-03 12:09:12.802510,2025-04-03 12:09:12.802511
d8b7f5cf-8af7-42d1-bee2-cec0c561712b,MLA26707106,PORTS_AND_CONNECTORS_TYPES,Tipos de puertos y conectores,,Micro-USB,True,2025-04-03 12:09:12.802513,2025-04-03 12:09:12.802514
45e88884-f772-4412-bca0-71981acc3af3,MLA26707106,MANUFACTURER,Fabricante,52701,Google,True,2025-04-03 12:09:12.802516,2025-04-03 12:09:12.802517
267e8b49-f508-445d-9825-8050ace4e626,MLA26707106,WITH_BLUETOOTH,Con Bluetooth,242084,No,True,2025-04-03 12:09:12.802519,2025-04-03 12:09:12.802520
b078487c-fde3-4d78-9657-2ec1f6b30801,MLA26707106,WITH_WI_FI,Con Wi-Fi,242085,Sí,True,2025-04-03 12:09:12.802523,2025-04-03 12:09:12.802523
fcad83ed-2ea3-4f3e-8b31-5f6e1ec77271,MLA26707106,WITH_INTEGRATED_VOICE_ASSISTANTS,Con asistentes de voz integrados,242084,No,True,2025-04-03 12:09:12.802526,2025-04-03 12:09:12.802526
38be68cc-de6a-4ec9-abcf-aa69f118e08a,MLA26707106,INCLUDES_HDMI_CABLE,Incluye cable HDMI,242085,Sí,True,2025-04-03 12:09:12.802529,2025-04-03 12:09:12.802529
f00b8e59-9a42-4365-a635-6e86ef0750a4,MLA26707106,LENGTH,Largo,16499141,5.8 cm,True,2025-04-03 12:09:12.802532,2025-04-03 12:09:12.802532
d54eb8ff-5615-43db-9231-b54ac06e4f6e,MLA26707106,WIDTH,Ancho,8076866,1 cm,True,2025-04-03 12:09:12.802535,2025-04-03 12:09:12.802535
dc580d55-9985-49da-939b-1389e9511b00,MLA26707106,HEIGHT,Altura,7891537,2 cm,True,2025-04-03 12:09:12.802538,2025-04-03 12:09:12.802538
faa384e3-41aa-48f5-8872-4630b9b0fde8,MLA26707106,WEIGHT,Peso,16998762,25 g,True,2025-04-03 12:09:12.802541,2025-04-03 12:09:12.802541
f1b3fe06-5470-4da5-9333-d1c5d81ad1bb,MLA26707106,OS_NAME,Nombre del sistema operativo,9942689,Android 4.2,True,2025-04-03 12:09:12.802544,2025-04-03 12:09:12.802544
999d9614-8632-480b-94c6-1bbc6e4d5159,MLA26707106,STREAMING_TECHNOLOGIES,Tecnologías de streaming,,DLNA,True,2025-04-03 12:09:12.802547,2025-04-03 12:09:12.802547
1b151834-a9f4-45c2-8e6b-09aeaa0d511a,MLA26707106,AUDIO_QUALITY,Calidad de audio,,Dolby Audio,True,2025-04-03 12:09:12.802550,2025-04-03 12:09:12.802550
cfd0be4d-b8ed-4919-a1c6-80f29080edad,MLA26707106,GRAPHICS_PROCESSOR,Procesador gráfico,23840366,am8252b-cpu,True,2025-04-03 12:09:12.802553,2025-04-03 12:09:12.802554
83561360-34a8-42c8-a025-22cc73b51875,MLA26707106,WI_FI_STANDARDS,Estándares Wi-Fi,,"2.4GHz, 5.8GHz",True,2025-04-03 12:09:12.802556,2025-04-03 12:09:12.802557
93896b76-e9b7-48e9-acb4-9a6d849d6630,MLA26707106,FREQUENCIES,Frecuencias,,2.4 GHz,True,2025-04-03 12:09:12.802559,2025-04-03 12:09:12.802560
22b23d5a-2af8-490f-b007-6fc3c59daea7,MLA42857839,BRAND,Marca,43972161,AQUÁRl0,True,2025-04-03 12:09:12.802577,2025-04-03 12:09:12.802577
5c311024-7e17-43d6-abfa-881648f5196a,MLA42857839,LINE,Línea,43972165,Liberado tudo vitalicio,True,2025-04-03 12:09:12.802580,2025-04-03 12:09:12.802581
f9015792-205e-4cbf-b9c2-007b488c0356,MLA42857839,MODEL,Modelo,43972166,VITALÍCl0,True,2025-04-03 12:09:12.802584,2025-04-03 12:09:12.802584
9af7a585-bdbb-4186-b0f1-b28be5d3e8c9,MLA42857839,GENERATION,Generación,33089908,2ª generación,True,2025-04-03 12:09:12.802587,2025-04-03 12:09:12.802587
ed0c6824-faa0-44a8-99f0-7dbb98bd014e,MLA42857839,ALPHANUMERIC_MODEL,Modelo alfanumérico,43972160,"unitv, plus",True,2025-04-03 12:09:12.802590,2025-04-03 12:09:12.802590
5eef9ef7-c291-4477-93e8-92c36f6adedb,MLA42857839,COLOR,Color,52049,Negro,True,2025-04-03 12:09:12.802593,2025-04-03 12:09:12.802593
c762668f-6240-4d9c-b96f-a5bde569c67a,MLA42857839,STORAGE_CAPACITY,Capacidad de almacenamiento,18646,8 GB,True,2025-04-03 12:09:12.802596,2025-04-03 12:09:12.802597
37664e61-1397-4094-b81b-3e66053b578a,MLA42857839,RAM_MEMORY,Memoria RAM,98978,1 GB,True,2025-04-03 12:09:12.802600,2025-04-03 12:09:12.802600
edb22104-bf4a-442b-92e8-854a1b24db2b,MLA42857839,REMOTE_CONTROL_TYPE,Tipo de control remoto,182134,Estándar,True,2025-04-03 12:09:12.802603,2025-04-03 12:09:12.802603
802f3040-3272-44cb-905a-eb912a05d4f7,MLA42857839,DEVICE_FORMAT,Formato del dispositivo,8616495,TV Box,True,2025-04-03 12:09:12.802606,2025-04-03 12:09:12.802606
e09cc1a5-1015-44b6-ac9d-7fc7e64f3d4d,MLA42857839,MAX_VIDEO_RESOLUTION,Resolución máxima de video,169883,4K,True,2025-04-03 12:09:12.802609,2025-04-03 12:09:12.802609
908cf0d8-59ba-492f-9408-3f6247298a0f,MLA42857839,AUDIO_AND_VIDEO_INTERFACES,Interfaces de audio y video,,HDMI,True,2025-04-03 12:09:12.802612,2025-04-03 12:09:12.802612
24cdf4e0-dfb8-44dc-9e3a-89e315c5f2ff,MLA42857839,WITH_BLUETOOTH,Con Bluetooth,242084,No,True,2025-04-03 12:09:12.802615,2025-04-03 12:09:12.802616
182d331f-f049-428d-be14-999874af836d,MLA42857839,WITH_WI_FI,Con Wi-Fi,242085,Sí,True,2025-04-03 12:09:12.802619,2025-04-03 12:09:12.802619
a5b58c6d-e8f1-4d51-9a77-4911cc48a0fb,MLA42857839,WITH_INTEGRATED_VOICE_ASSISTANTS,Con asistentes de voz integrados,242084,No,True,2025-04-03 12:09:12.802622,2025-04-03 12:09:12.802622
7961196a-6851-4a31-92d2-24abec574069,MLA42857839,INCLUDES_HDMI_CABLE,Incluye cable HDMI,242085,Sí,True,2025-04-03 12:09:12.802625,2025-04-03 12:09:12.802625
7d897d03-cae0-42eb-8406-8d6e485de968,MLA42857839,INCLUDES_CELL_BATTERIES,Incluye pilas,242085,Sí,True,2025-04-03 12:09:12.802628,2025-04-03 12:09:12.802629
fcb1423d-630b-4b21-9e4f-e24c339f4f74,MLA42857839,OS_NAME,Nombre del sistema operativo,296858,Android,True,2025-04-03 12:09:12.802632,2025-04-03 12:09:12.802632
c9f293a7-3c93-4d40-b2a0-ceaf477210a3,MLA28495758,BRAND,Marca,11492,Roland,True,2025-04-03 12:09:12.802653,2025-04-03 12:09:12.802653
8482f5c5-2a0b-4574-a24b-143f1e755af8,MLA28495758,MODEL,Modelo,26699757,Streamer VR-1HD,True,2025-04-03 12:09:12.802656,2025-04-03 12:09:12.802656
32fef6f0-ac8a-4c10-9775-5b590d5100f1,MLA28495758,AUDIO_AND_VIDEO_INTERFACES,Interfaces de audio y video,,HDMI,True,2025-04-03 12:09:12.802659,2025-04-03 12:09:12.802659
dfebd1be-6b77-4e20-b02d-2db7045337fe,MLA28495758,MANUFACTURER,Fabricante,11492,Roland,True,2025-04-03 12:09:12.802662,2025-04-03 12:09:12.802663
8f3b5e89-53ae-4ccb-93a9-3de96754a476,MLA47080081,BRAND,Marca,40826966,SJROHE,True,2025-04-03 12:09:12.802690,2025-04-03 12:09:12.802691
233b3d8f-7420-4d8a-9755-1a66d9d37a68,MLA47080081,MODEL,Modelo,48549138,X9 Pro Strick,True,2025-04-03 12:09:12.802693,2025-04-03 12:09:12.802694
77f88c1a-a317-49c1-b7df-7e8a01a1fdf7,MLA47080081,GENERATION,Generación,11322992,6.ª generación,True,2025-04-03 12:09:12.802696,2025-04-03 12:09:12.802697
56283d81-52cc-46e2-8a24-349586e8026d,MLA47080081,COLOR,Color,59784,Negro/Blanco,True,2025-04-03 12:09:12.802700,2025-04-03 12:09:12.802700
bc39662c-1ea4-411b-b984-6e5f3779a377,MLA47080081,STORAGE_CAPACITY,Capacidad de almacenamiento,18621,32 GB,True,2025-04-03 12:09:12.802703,2025-04-03 12:09:12.802703
e3518083-87e0-4272-9b75-f5af920c3ca5,MLA47080081,RAM_MEMORY,Memoria RAM,98852,4 GB,True,2025-04-03 12:09:12.802706,2025-04-03 12:09:12.802706
39d7ec41-c6ac-4892-9bd6-1a5113b31ed7,MLA47080081,REMOTE_CONTROL_TYPE,Tipo de control remoto,182134,Estándar,True,2025-04-03 12:09:12.802709,2025-04-03 12:09:12.802709
2d0cac73-18ab-47d5-802b-ce515d718189,MLA47080081,MAIN_COLOR,Color principal,2450295,Negro,True,2025-04-03 12:09:12.802712,2025-04-03 12:09:12.802712
69cef9bb-38a0-4b71-99e2-482315c7613f,MLA47080081,DEVICE_FORMAT,Formato del dispositivo,8616496,Stick,True,2025-04-03 12:09:12.802715,2025-04-03 12:09:12.802715
64e15ace-aef4-4268-81b7-30bfa0d05645,MLA47080081,MAX_VIDEO_RESOLUTION,Resolución máxima de video,17863660,8K,True,2025-04-03 12:09:12.802718,2025-04-03 12:09:12.802718
6970cab5-0fab-4ddd-bce4-3f3126e3417c,MLA47080081,COMPATIBLE_APPLICATIONS,Aplicaciones compatibles,,"Apple TV, CBS, Discovery+, Disney+, ESPN, FOX, Facebook, Flickr, HBO Go, HBO Max, HBO Now, Hulu, Kodi, Netflix, News, Paramount+, Peacock, Picasa, Redbox, Roku Channel, Skype, Spotify, Telemundo, Vudu, YouTube, iHeartRadio",True,2025-04-03 12:09:12.802721,2025-04-03 12:09:12.802721
90a1f2fd-c1e1-47c3-92a1-d37fb0f84028,MLA47080081,RECOMMENDED_DEVICES,Dispositivos recomendados,,"Proyectores, Televisores",True,2025-04-03 12:09:12.802724,2025-04-03 12:09:12.802724
4f4b960c-456f-45bc-9ab0-90f350881ece,MLA47080081,AUDIO_AND_VIDEO_INTERFACES,Interfaces de audio y video,,HDMI,True,2025-04-03 12:09:12.802727,2025-04-03 12:09:12.802728
481515f0-99cf-40a4-af30-bcdf2b0e3569,MLA47080081,PORTS_AND_CONNECTORS_TYPES,Tipos de puertos y conectores,,"Micro-USB, USB-B, Mini jack, DC jack, Tarjeta micro-SD",True,2025-04-03 12:09:12.802730,2025-04-03 12:09:12.802731
2ab8cbc2-d846-492e-a118-808667afa1d0,MLA47080081,WITH_BLUETOOTH,Con Bluetooth,242085,Sí,True,2025-04-03 12:09:12.802733,2025-04-03 12:09:12.802734
54e255e9-64b7-4ae6-851b-0bc29d965c71,MLA47080081,WITH_WI_FI,Con Wi-Fi,242085,Sí,True,2025-04-03 12:09:12.802737,2025-04-03 12:09:12.802737
2f426842-0b08-4f47-9e20-6a9d936f2856,MLA47080081,WITH_INTEGRATED_VOICE_ASSISTANTS,Con asistentes de voz integrados,242085,Sí,True,2025-04-03 12:09:12.802740,2025-04-03 12:09:12.802740
131981d9-1b7f-42ea-8239-d1846be431e4,MLA47080081,INTEGRATED_VOICE_ASSISTANTS,Asistentes de voz integrados,,Google Assistant,True,2025-04-03 12:09:12.802743,2025-04-03 12:09:12.802743
9f9c8167-774c-48b0-a991-174115fdc8ec,MLA47080081,INCLUDES_HDMI_CABLE,Incluye cable HDMI,242085,Sí,True,2025-04-03 12:09:12.802746,2025-04-03 12:09:12.802746
9039cd1f-01ce-4dc0-86f5-9d844ea27044,MLA47080081,INCLUDES_CELL_BATTERIES,Incluye pilas,242085,Sí,True,2025-04-03 12:09:12.802749,2025-04-03 12:09:12.802749
237a7b2d-540f-46df-b822-cd3fe02ab239,MLA47080081,LENGTH,Largo,8031611,1 cm,True,2025-04-03 12:09:12.802752,2025-04-03 12:09:12.802752
34485663-90cf-4439-8cfa-0b18612ec1d1,MLA47080081,WIDTH,Ancho,5795659,10 cm,True,2025-04-03 12:09:12.802755,2025-04-03 12:09:12.802755
51bde35d-c3f0-40cc-8301-643f2aa5b8c2,MLA47080081,HEIGHT,Altura,7891817,3 cm,True,2025-04-03 12:09:12.802758,2025-04-03 12:09:12.802758
27d21779-4209-4349-822e-3b7ed535846e,MLA47080081,WEIGHT,Peso,13822632,100 g,True,2025-04-03 12:09:12.802761,2025-04-03 12:09:12.802761
4e547b18-63f1-4227-8ea9-4869c4b38ae8,MLA47080081,OS_NAME,Nombre del sistema operativo,296858,Android,True,2025-04-03 12:09:12.802764,2025-04-03 12:09:12.802764
dec63963-d3a5-485e-83c1-afa2db37c354,MLA47080081,STREAMING_TECHNOLOGIES,Tecnologías de streaming,,Google Cast,True,2025-04-03 12:09:12.802767,2025-04-03 12:09:12.802767
b7b9ace1-88ce-4ef0-b368-bf78c89731d9,MLA47080081,AUDIO_QUALITY,Calidad de audio,,"DTS, Dolby Audio",True,2025-04-03 12:09:12.802774,2025-04-03 12:09:12.802774
f5e546bf-9218-4663-8f27-d402af9c6d55,MLA47080081,LANGUAGE_OPTIONS,Opciones de idioma,,Español,True,2025-04-03 12:09:12.802777,2025-04-03 12:09:12.802778
94a07a9c-54b6-49aa-95d7-c8efc40602e9,MLA47080081,MIN_OPERATING_SYSTEMS_REQUIRED,Sistemas operativos mínimos requeridos,,Android,True,2025-04-03 12:09:12.802781,2025-04-03 12:09:12.802781
30e61dca-1f61-48fd-a7ea-5332349e5be8,MLA47080081,CPU,CPU,,Cortex-A53,True,2025-04-03 12:09:12.802784,2025-04-03 12:09:12.802784
337dd850-2ef0-4d29-9a9e-dce32f92c68e,MLA47080081,WI_FI_STANDARDS,Estándares Wi-Fi,,"2.4GHz, 5.8GHz",True,2025-04-03 12:09:12.802787,2025-04-03 12:09:12.802787
bab891bc-e8a8-4e80-aaa7-9a1f2670e0d2,MLA47080081,DEVICE_OPERATING_VOLTAGE,Voltaje de funcionamiento,8631470,5 V,True,2025-04-03 12:09:12.802790,2025-04-03 12:09:12.802790
015f5683-66b3-43ca-8413-04e8d6972114,MLA36986130,BRAND,Marca,27684886,Sutinna,True,2025-04-03 12:09:12.802841,2025-04-03 12:09:12.802841
5fdc87ee-6414-4868-80d4-ea9ad67943a6,MLA45571762,BRAND,Marca,14711372,QSM,True,2025-04-03 12:09:12.802883,2025-04-03 12:09:12.802884
fb92996d-e22d-4053-b9a2-7936a21434dc,MLA45571762,MODEL,Modelo,34546,1,True,2025-04-03 12:09:12.802887,2025-04-03 12:09:12.802887
b3fc6252-fca1-4342-b29f-ba3e44ab962c,MLA45571762,GENERATION,Generación,8246074,1.ª generación,True,2025-04-03 12:09:12.802890,2025-04-03 12:09:12.802890
62cdfa81-5447-4199-8a06-e5a0cd6aaa44,MLA45571762,ALPHANUMERIC_MODEL,Modelo alfanumérico,13350702,1,True,2025-04-03 12:09:12.802893,2025-04-03 12:09:12.802893
2d009f91-092f-49cc-9ad3-8f98632d8623,MLA45571762,COLOR,Color,52049,Negro,True,2025-04-03 12:09:12.802896,2025-04-03 12:09:12.802896
0911039e-58c0-49e4-be87-29bb57be3bad,MLA45571762,STORAGE_CAPACITY,Capacidad de almacenamiento,15338726,0 MB,True,2025-04-03 12:09:12.802935,2025-04-03 12:09:12.802935
e7bb941a-60d1-4b08-9b98-e672fc2b2435,MLA45571762,RAM_MEMORY,Memoria RAM,13089420,0 MB,True,2025-04-03 12:09:12.802938,2025-04-03 12:09:12.802938
4e7830f3-0b27-4d6b-be43-93a2105e6f0f,MLA45571762,REMOTE_CONTROL_TYPE,Tipo de control remoto,182134,Estándar,True,2025-04-03 12:09:12.802941,2025-04-03 12:09:12.802941
3afcfc38-a1d2-458e-824f-5d4035e5ac99,MLA45571762,DEVICE_FORMAT,Formato del dispositivo,8616495,TV Box,True,2025-04-03 12:09:12.802944,2025-04-03 12:09:12.802945
c6e927e3-4ccb-4618-8147-bd8908b167fe,MLA45571762,MAX_VIDEO_RESOLUTION,Resolución máxima de video,46796190,1920x1080dpi,True,2025-04-03 12:09:12.802947,2025-04-03 12:09:12.802948
a4234942-8dbe-4d7b-b0a1-455b58798893,MLA45571762,AUDIO_AND_VIDEO_INTERFACES,Interfaces de audio y video,,HDMI,True,2025-04-03 12:09:12.802951,2025-04-03 12:09:12.802951
324003ee-258a-4d62-ab2e-e96c4f367c5a,MLA45571762,WITH_WI_FI,Con Wi-Fi,242085,Sí,True,2025-04-03 12:09:12.802954,2025-04-03 12:09:12.802954
5b5232c9-b813-49cb-8acf-bafde5966205,MLA43275820,BRAND,Marca,1175465,Proeletronic,True,2025-04-03 12:09:12.802974,2025-04-03 12:09:12.802974
68118a1b-b185-480f-aa08-0e00a45a5ec9,MLA43275820,LINE,Línea,196,Smart,True,2025-04-03 12:09:12.802977,2025-04-03 12:09:12.802977
7d692203-d031-4a44-a41e-ad8d473a6af4,MLA43275820,MODEL,Modelo,9775706,SmartPRO,True,2025-04-03 12:09:12.802980,2025-04-03 12:09:12.802980
a178b94e-4a56-4a4e-8645-2a0289c2481b,MLA43275820,GENERATION,Generación,11281876,2.ª generación,True,2025-04-03 12:09:12.802983,2025-04-03 12:09:12.802983
c4b878cb-869e-4edb-9546-bbb3946cfa61,MLA43275820,ALPHANUMERIC_MODEL,Modelo alfanumérico,9775702,PROSB-2000/2GB,True,2025-04-03 12:09:12.802986,2025-04-03 12:09:12.802987
aa597d30-f39a-4403-9b5c-7850200693c0,MLA43275820,COLOR,Color,52049,Negro,True,2025-04-03 12:09:12.802989,2025-04-03 12:09:12.802990
9a92b788-734f-4fdd-bd66-ed55f5ea13b3,MLA43275820,STORAGE_CAPACITY,Capacidad de almacenamiento,18646,8 GB,True,2025-04-03 12:09:12.802993,2025-04-03 12:09:12.802993
4038d1d9-e4be-4a66-adf7-db91f5e40f86,MLA43275820,RAM_MEMORY,Memoria RAM,445970,2 GB,True,2025-04-03 12:09:12.802997,2025-04-03 12:09:12.802997
bc36ab73-6a52-44fb-8878-65c8a5785e89,MLA43275820,REMOTE_CONTROL_TYPE,Tipo de control remoto,14773640,[Dispositivos de streaming],True,2025-04-03 12:09:12.803000,2025-04-03 12:09:12.803000
5cce9ea3-85b1-43f0-acbc-0b24caee57de,MLA43275820,DEVICE_FORMAT,Formato del dispositivo,8616495,TV Box,True,2025-04-03 12:09:12.803003,2025-04-03 12:09:12.803004
9ba50ed8-c9dd-46a0-8cc0-90098764fd59,MLA43275820,MAX_VIDEO_RESOLUTION,Resolución máxima de video,169883,4K,True,2025-04-03 12:09:12.803007,2025-04-03 12:09:12.803007
eb2fd554-cfbd-4b7d-8357-e58efd7e5e7d,MLA43275820,COMPATIBLE_APPLICATIONS,Aplicaciones compatibles,,"Facebook, Globoplay, Google Play, Netflix, Spotify, Telecine, YouTube",True,2025-04-03 12:09:12.803010,2025-04-03 12:09:12.803010
6d53af66-434c-4185-aa93-8994a1fad48a,MLA43275820,RECOMMENDED_DEVICES,Dispositivos recomendados,,Televisores,True,2025-04-03 12:09:12.803013,2025-04-03 12:09:12.803013
e2cfe0c6-9250-4225-ae5f-18f0b8f7f7a1,MLA43275820,AUDIO_AND_VIDEO_INTERFACES,Interfaces de audio y video,,"HDMI, AV",True,2025-04-03 12:09:12.803016,2025-04-03 12:09:12.803016
b11a39f0-fc63-4179-b545-fabf300bf3c0,MLA43275820,PORTS_AND_CONNECTORS_TYPES,Tipos de puertos y conectores,,"DC jack, Ethernet, Micro-SD",True,2025-04-03 12:09:12.803019,2025-04-03 12:09:12.803019
afbe73f2-4da1-4a4d-82e0-af877aaffd93,MLA43275820,MANUFACTURER,Fabricante,40742635,Proqualit Telecom Ltda.,True,2025-04-03 12:09:12.803022,2025-04-03 12:09:12.803022
3c9400b9-3a60-42fa-a2ba-e9d562e701e1,MLA43275820,ANATEL_HOMOLOGATION_NUMBER,Homologación Anatel Nº,40365855,44981910390,True,2025-04-03 12:09:12.803025,2025-04-03 12:09:12.803025
4779c138-7cb9-4231-8b69-8d1aa19b67be,MLA43275820,WITH_BLUETOOTH,Con Bluetooth,242084,No,True,2025-04-03 12:09:12.803028,2025-04-03 12:09:12.803028
8bad8a21-f2f8-44d5-9489-197610bcb069,MLA43275820,WITH_WI_FI,Con Wi-Fi,242085,Sí,True,2025-04-03 12:09:12.803031,2025-04-03 12:09:12.803032
469e2cfc-f1c4-4f84-9cf6-64c939ac0e60,MLA43275820,WITH_INTEGRATED_VOICE_ASSISTANTS,Con asistentes de voz integrados,242084,No,True,2025-04-03 12:09:12.803035,2025-04-03 12:09:12.803035
c419039c-8c9c-4c07-b437-d1cca2a56b99,MLA43275820,INTEGRATED_VOICE_ASSISTANTS,Asistentes de voz integrados,,Não possui.,True,2025-04-03 12:09:12.803038,2025-04-03 12:09:12.803038
442ca748-de21-444c-ad42-7787299fa317,MLA43275820,INCLUDES_HDMI_CABLE,Incluye cable HDMI,242085,Sí,True,2025-04-03 12:09:12.803041,2025-04-03 12:09:12.803041
0be604cd-9824-4583-840e-0e86bde7e849,MLA43275820,INCLUDES_CELL_BATTERIES,Incluye pilas,242085,Sí,True,2025-04-03 12:09:12.803044,2025-04-03 12:09:12.803044
9fc5935b-50aa-4f0c-83c2-57c5f66173ed,MLA43275820,LENGTH,Largo,22113538,10.1 cm,True,2025-04-03 12:09:12.803047,2025-04-03 12:09:12.803047
0838af72-462f-48d1-a792-a47c09dc1142,MLA43275820,WIDTH,Ancho,8912595,10.1 cm,True,2025-04-03 12:09:12.803050,2025-04-03 12:09:12.803050
1100bb51-1ad1-4ef5-90a1-51ade0e5f39c,MLA43275820,HEIGHT,Altura,23864669,1.76 cm,True,2025-04-03 12:09:12.803053,2025-04-03 12:09:12.803053
065992da-ccd6-49d2-bf67-1309543fb3c5,MLA43275820,WEIGHT,Peso,13379293,400 g,True,2025-04-03 12:09:12.803056,2025-04-03 12:09:12.803056
77b0488d-4715-4824-be41-267740fe90e1,MLA43275820,OS_NAME,Nombre del sistema operativo,7601527,Android 7.1,True,2025-04-03 12:09:12.803059,2025-04-03 12:09:12.803059
0bb80476-849d-4213-840a-eab001a4b242,MLA43275820,STREAMING_TECHNOLOGIES,Tecnologías de streaming,,Miracast,True,2025-04-03 12:09:12.803062,2025-04-03 12:09:12.803063
587bbe02-9628-4576-9062-4033cd192cc7,MLA43275820,AUDIO_QUALITY,Calidad de audio,,Dolby Audio,True,2025-04-03 12:09:12.803065,2025-04-03 12:09:12.803066
88c69c21-d004-4a05-8a02-a1926bdedff6,MLA43275820,MIN_OPERATING_SYSTEMS_REQUIRED,Sistemas operativos mínimos requeridos,,Android,True,2025-04-03 12:09:12.803069,2025-04-03 12:09:12.803069
61fc3498-3501-4228-8e4e-e3bb1fac0569,MLA43275820,CPU,CPU,,Rockchip RK3229 Cortex-A7 Quad-Core,True,2025-04-03 12:09:12.803072,2025-04-03 12:09:12.803072
aa4920eb-cb47-4fcd-bfa7-a05f92473d0d,MLA43275820,GRAPHICS_PROCESSOR,Procesador gráfico,7738795,Mali-400 MP,True,2025-04-03 12:09:12.803075,2025-04-03 12:09:12.803075
27715d44-22a6-447f-a433-020c8c891948,MLA43275820,WI_FI_STANDARDS,Estándares Wi-Fi,,IEEE 802.11b/g/n,True,2025-04-03 12:09:12.803078,2025-04-03 12:09:12.803078
d84e0408-18c0-47a6-93b2-46d5da328ed3,MLA43275820,FREQUENCIES,Frecuencias,,2.4 GHz,True,2025-04-03 12:09:12.803081,2025-04-03 12:09:12.803082
23adb52c-46f3-41a7-adb6-ef1425116274,MLA41750701,BRAND,Marca,43426351,Pustuep,True,2025-04-03 12:09:12.803110,2025-04-03 12:09:12.803110
421c2836-342a-4679-a60e-645617b4fc17,MLA41750701,MODEL,Modelo,43426353,Dispositivo de Streaming,True,2025-04-03 12:09:12.803113,2025-04-03 12:09:12.803113
032448c5-7a67-4c30-8f46-e2a880bb7bf4,MLA41750701,COLOR,Color,52049,Negro,True,2025-04-03 12:09:12.803116,2025-04-03 12:09:12.803117
56496601-d553-472d-9c91-77f99f3ffc06,MLA41750701,REMOTE_CONTROL_TYPE,Tipo de control remoto,182134,Estándar,True,2025-04-03 12:09:12.803120,2025-04-03 12:09:12.803120
5891b88a-8087-49c5-a709-994d4453cc61,MLA41750701,DEVICE_FORMAT,Formato del dispositivo,9234856,Pendant Box,True,2025-04-03 12:09:12.803123,2025-04-03 12:09:12.803123
35a4fdda-10ca-499d-987a-2e1584f7d8f7,MLA41750701,MAX_VIDEO_RESOLUTION,Resolución máxima de video,168332,Full HD,True,2025-04-03 12:09:12.803126,2025-04-03 12:09:12.803126
5507bc42-0088-4ad8-936e-c47175194081,MLA41750701,COMPATIBLE_APPLICATIONS,Aplicaciones compatibles,,"Netflix, YouTube, Amazon Prime Video",True,2025-04-03 12:09:12.803129,2025-04-03 12:09:12.803129
b60e89f5-0cdb-49c0-ac29-597076c5af88,MLA41750701,RECOMMENDED_DEVICES,Dispositivos recomendados,,"Celulares, Tablets, Computadoras portátiles",True,2025-04-03 12:09:12.803132,2025-04-03 12:09:12.803132
8785219b-373c-4369-a1e5-0d314913364c,MLA41750701,AUDIO_AND_VIDEO_INTERFACES,Interfaces de audio y video,,HDMI,True,2025-04-03 12:09:12.803135,2025-04-03 12:09:12.803135
81d4eb94-ffdd-4158-bdf2-e6f9d5ed0850,MLA41750701,PORTS_AND_CONNECTORS_TYPES,Tipos de puertos y conectores,,Micro-USB,True,2025-04-03 12:09:12.803138,2025-04-03 12:09:12.803138
11613b63-3059-4c3a-9893-779905ba51ee,MLA41750701,WITH_BLUETOOTH,Con Bluetooth,242084,No,True,2025-04-03 12:09:12.803141,2025-04-03 12:09:12.803141
2332d32e-2e74-4a80-8fcc-400b777934c1,MLA41750701,WITH_WI_FI,Con Wi-Fi,242085,Sí,True,2025-04-03 12:09:12.803144,2025-04-03 12:09:12.803144
5f71678d-1eb5-4550-9429-8c3ab28ac02d,MLA41750701,WITH_INTEGRATED_VOICE_ASSISTANTS,Con asistentes de voz integrados,242084,No,True,2025-04-03 12:09:12.803147,2025-04-03 12:09:12.803147
084b9dc0-7a03-46c7-8aac-085a7dda19ce,MLA41750701,INCLUDES_HDMI_CABLE,Incluye cable HDMI,242084,No,True,2025-04-03 12:09:12.803150,2025-04-03 12:09:12.803150
372b0a36-188b-4379-9b26-942cc2b14927,MLA41750701,INCLUDES_CELL_BATTERIES,Incluye pilas,242084,No,True,2025-04-03 12:09:12.803154,2025-04-03 12:09:12.803154
562dc573-64dd-4b59-a151-c398018194b9,MLA41750701,OS_NAME,Nombre del sistema operativo,296858,Android,True,2025-04-03 12:09:12.803157,2025-04-03 12:09:12.803157
7e0d85d7-fcc4-4c08-9ffe-430f3e189377,MLA41750701,STREAMING_TECHNOLOGIES,Tecnologías de streaming,,Google Cast,True,2025-04-03 12:09:12.803160,2025-04-03 12:09:12.803160
218324aa-2a28-496b-8cad-10465bd49db2,MLA41750701,AUDIO_QUALITY,Calidad de audio,,Dolby Audio,True,2025-04-03 12:09:12.803163,2025-04-03 12:09:12.803163
cc3a3417-71a8-4938-9f25-fefd6381cd11,MLA41750701,LANGUAGE_OPTIONS,Opciones de idioma,,"Español, Inglés",True,2025-04-03 12:09:12.803166,2025-04-03 12:09:12.803166
0692de82-0f0c-441b-980e-022a85dad163,MLA41750701,WI_FI_STANDARDS,Estándares Wi-Fi,,2.4GHz,True,2025-04-03 12:09:12.803169,2025-04-03 12:09:12.803169
169b8365-0e2b-423e-b083-c7c4459e132f,MLA27716550,BRAND,Marca,233376,Goldtech,True,2025-04-03 12:09:12.803209,2025-04-03 12:09:12.803209
7d123c1a-90e2-4789-93b2-ddbd1383e5ef,MLA27716550,LINE,Línea,25322536,JTA,True,2025-04-03 12:09:12.803213,2025-04-03 12:09:12.803213
f83c2459-8e20-4b9b-8be1-94271786bfec,MLA27716550,MODEL,Modelo,25322537,JTACCAV200,True,2025-04-03 12:09:12.803216,2025-04-03 12:09:12.803216
f9602732-3c7f-417e-868d-213f07dc877e,MLA27716550,COLOR,Color,52049,Negro,True,2025-04-03 12:09:12.803219,2025-04-03 12:09:12.803219
21224be7-27b8-411d-a1e2-eb17eba28f7e,MLA27716550,REMOTE_CONTROL_TYPE,Tipo de control remoto,182134,Estándar,True,2025-04-03 12:09:12.803222,2025-04-03 12:09:12.803222
394d1bc6-4d70-49f3-ab8d-ff1dacbbff09,MLA27716550,MAIN_COLOR,Color principal,2450295,Negro,True,2025-04-03 12:09:12.803225,2025-04-03 12:09:12.803226
44cb7cd2-03be-43ab-a48a-3fe07fe04c58,MLA27716550,DEVICE_FORMAT,Formato del dispositivo,8616495,TV Box,True,2025-04-03 12:09:12.803229,2025-04-03 12:09:12.803229
ebe0cf20-8242-4a0a-ad71-b3ec86891987,MLA27716550,MAX_VIDEO_RESOLUTION,Resolución máxima de video,13356127,Full HD 1080p,True,2025-04-03 12:09:12.803232,2025-04-03 12:09:12.803232
edf768df-e46d-4a4d-ae26-9c8a4af7dd2b,MLA27716550,COMPATIBLE_APPLICATIONS,Aplicaciones compatibles,,YouTube,True,2025-04-03 12:09:12.803235,2025-04-03 12:09:12.803235
e2f01940-2f68-4d1b-8894-fdaaa61208c6,MLA27716550,RECOMMENDED_DEVICES,Dispositivos recomendados,,Televisores,True,2025-04-03 12:09:12.803238,2025-04-03 12:09:12.803238
de28928b-6240-4ddf-9bf6-b68ce021aba0,MLA27716550,AUDIO_AND_VIDEO_INTERFACES,Interfaces de audio y video,,"Audio L/R - RCA, HDMI, S/PDIF coaxial",True,2025-04-03 12:09:12.803241,2025-04-03 12:09:12.803241
6c4fe3b0-0e4a-4afa-9b5b-a0bbd8e164f3,MLA27716550,PORTS_AND_CONNECTORS_TYPES,Tipos de puertos y conectores,,USB-A,True,2025-04-03 12:09:12.803244,2025-04-03 12:09:12.803244
adea5868-7526-424d-8af1-38cf16dff143,MLA27716550,WITH_BLUETOOTH,Con Bluetooth,242084,No,True,2025-04-03 12:09:12.803247,2025-04-03 12:09:12.803247
1cac660d-fa63-48da-9c11-68c623f7fd0d,MLA27716550,WITH_WI_FI,Con Wi-Fi,242084,No,True,2025-04-03 12:09:12.803250,2025-04-03 12:09:12.803250
d635986a-e319-45e9-ae21-a5d17fe98bef,MLA27716550,WITH_INTEGRATED_VOICE_ASSISTANTS,Con asistentes de voz integrados,242084,No,True,2025-04-03 12:09:12.803253,2025-04-03 12:09:12.803253
703b3e48-0c85-4b5e-b9aa-1f17c8c298f0,MLA27716550,INCLUDES_HDMI_CABLE,Incluye cable HDMI,242085,Sí,True,2025-04-03 12:09:12.803256,2025-04-03 12:09:12.803256
59654b9b-512a-49c9-884f-feec03fd926e,MLA27716550,LENGTH,Largo,7816571,9.5 cm,True,2025-04-03 12:09:12.803259,2025-04-03 12:09:12.803260
d4145656-ca4e-402a-9414-c5de5df914d4,MLA27716550,WIDTH,Ancho,13466004,16.8 cm,True,2025-04-03 12:09:12.803262,2025-04-03 12:09:12.803263
ea1f1f8f-07de-44ab-80b2-8b5ed54e966c,MLA27716550,HEIGHT,Altura,9053830,3.8 cm,True,2025-04-03 12:09:12.803266,2025-04-03 12:09:12.803266
cfa6e286-3a97-4852-b538-ba2978cf4be8,MLA27716550,WEIGHT,Peso,15153511,540 g,True,2025-04-03 12:09:12.803269,2025-04-03 12:09:12.803269
a7d77e93-abad-423c-981b-35ce83076990,MLA27716550,FREQUENCIES,Frecuencias,,470 MHz x 806 MHz,True,2025-04-03 12:09:12.803272,2025-04-03 12:09:12.803272
d2319023-38f8-4e28-9ece-73a1ce9ebade,MLA43943950,BRAND,Marca,19130830,x88,True,2025-04-03 12:09:12.803295,2025-04-03 12:09:12.803295
f933f7e8-ea42-466e-977f-f7f1740d2d0a,MLA43943950,MODEL,Modelo,2972439,TX3,True,2025-04-03 12:09:12.803298,2025-04-03 12:09:12.803298
cffab0b6-a729-4cce-a2ba-7c1c1515ca26,MLA43943950,COLOR,Color,52049,Negro,True,2025-04-03 12:09:12.803301,2025-04-03 12:09:12.803301
b561ac1f-6b49-417d-a0df-f56b1257687b,MLA43943950,REMOTE_CONTROL_TYPE,Tipo de control remoto,182134,Estándar,True,2025-04-03 12:09:12.803304,2025-04-03 12:09:12.803304
e6026f20-788f-4efc-a198-1b9bd1d716bc,MLA43943950,DEVICE_FORMAT,Formato del dispositivo,8616495,TV Box,True,2025-04-03 12:09:12.803307,2025-04-03 12:09:12.803307
f419f41d-b4ab-4c6b-be58-7cd2a1df4ff2,MLA42791859,BRAND,Marca,11884849,Paralelo,True,2025-04-03 12:09:12.803332,2025-04-03 12:09:12.803332
e646916c-a269-4181-bde9-e89673c208e0,MLA42791859,MODEL,Modelo,44110503,Smart Box Carplay,True,2025-04-03 12:09:12.803335,2025-04-03 12:09:12.803335
15e155ac-2c73-47cd-8e57-a6cd2ed1c1e6,MLA42791859,GENERATION,Generación,44110499,Android 9,True,2025-04-03 12:09:12.803338,2025-04-03 12:09:12.803338
f1e8852c-d9e9-445e-a409-ef9c8d134581,MLA42791859,ALPHANUMERIC_MODEL,Modelo alfanumérico,13751211,0,True,2025-04-03 12:09:12.803342,2025-04-03 12:09:12.803342
67b84cba-1adb-442d-8934-b6acc657a4b1,MLA42791859,COLOR,Color,52049,Negro,True,2025-04-03 12:09:12.803345,2025-04-03 12:09:12.803345
85254be2-0206-44c8-b9d8-aba21af5e912,MLA42791859,STORAGE_CAPACITY,Capacidad de almacenamiento,18621,32 GB,True,2025-04-03 12:09:12.803348,2025-04-03 12:09:12.803348
a81f19b7-7aba-47ed-aaf7-ed21c767c687,MLA42791859,RAM_MEMORY,Memoria RAM,98852,4 GB,True,2025-04-03 12:09:12.803351,2025-04-03 12:09:12.803351
7ea966eb-d55b-4823-96d0-d0ac6c8e3cb7,MLA42791859,DEVICE_FORMAT,Formato del dispositivo,8616495,TV Box,True,2025-04-03 12:09:12.803354,2025-04-03 12:09:12.803354
fb73da09-13f0-4464-bdb9-6ed9b58a7103,MLA42791859,MAX_VIDEO_RESOLUTION,Resolución máxima de video,16677075,0,True,2025-04-03 12:09:12.803357,2025-04-03 12:09:12.803357
cc0ac9c6-6b9f-4360-aa2f-d456638b16b0,MLA42791859,WITH_WI_FI,Con Wi-Fi,242085,Sí,True,2025-04-03 12:09:12.803360,2025-04-03 12:09:12.803360
86a3410b-c7b0-4ceb-a022-4dd3f3ecd144,MLA42791859,OS_NAME,Nombre del sistema operativo,296858,Android,True,2025-04-03 12:09:12.803363,2025-04-03 12:09:12.803364
16c6e081-1921-47cf-ac2b-0b69e0144562,MLA42791859,MIN_OPERATING_SYSTEMS_REQUIRED,Sistemas operativos mínimos requeridos,,Android,True,2025-04-03 12:09:12.803366,2025-04-03 12:09:12.803367
c78e38b1-0905-4d78-8bfb-4c130b203fb7,MLA43273493,BRAND,Marca,44545865,dc box,True,2025-04-03 12:09:12.803411,2025-04-03 12:09:12.803411
9ea726f7-8e3f-401f-b96e-6993ddfe61c2,MLA43273493,MODEL,Modelo,429982,4K,True,2025-04-03 12:09:12.803414,2025-04-03 12:09:12.803414
dc561a54-db7e-4bd7-befd-8862324ca241,MLA43273493,GENERATION,Generación,11322992,6.ª generación,True,2025-04-03 12:09:12.803417,2025-04-03 12:09:12.803417
466b5a23-9b86-4dca-950e-5ad72baf9d3c,MLA43273493,COLOR,Color,52049,Negro,True,2025-04-03 12:09:12.803420,2025-04-03 12:09:12.803421
31d56ab3-43ef-462d-b799-fbd337ba6558,MLA43273493,RAM_MEMORY,Memoria RAM,98857,16 GB,True,2025-04-03 12:09:12.803423,2025-04-03 12:09:12.803424
d4d11978-1450-40d5-b106-350cdf510273,MLA43273493,REMOTE_CONTROL_TYPE,Tipo de control remoto,182134,Estándar,True,2025-04-03 12:09:12.803427,2025-04-03 12:09:12.803427
15d5def1-0607-4587-8d5f-5abd15513296,MLA43273493,DEVICE_FORMAT,Formato del dispositivo,8616495,TV Box,True,2025-04-03 12:09:12.803430,2025-04-03 12:09:12.803430
4f0d3c80-b00a-458d-9fa8-a6d8a035c6b0,MLA43273493,MAX_VIDEO_RESOLUTION,Resolución máxima de video,169883,4K,True,2025-04-03 12:09:12.803433,2025-04-03 12:09:12.803433
673cbd5f-43f2-41c4-af33-33e90c6874ef,MLA43273493,AUDIO_AND_VIDEO_INTERFACES,Interfaces de audio y video,,"HDMI, AV",True,2025-04-03 12:09:12.803436,2025-04-03 12:09:12.803436
1f3edd45-2978-4d16-9deb-bc4d92bdc430,MLA43273493,PORTS_AND_CONNECTORS_TYPES,Tipos de puertos y conectores,,"USB-A, Ethernet",True,2025-04-03 12:09:12.803439,2025-04-03 12:09:12.803439
2960d6c2-2f82-4d14-9f42-7d3a2a831618,MLA43273493,WITH_WI_FI,Con Wi-Fi,242085,Sí,True,2025-04-03 12:09:12.803442,2025-04-03 12:09:12.803442
ef94c3fc-ae4c-4346-ad49-12e8d21ecab1,MLA45480527,BRAND,Marca,44236,Microlab,True,2025-04-03 12:09:12.803468,2025-04-03 12:09:12.803468
29a980ee-dcc4-4225-8db1-3d91a6b510c2,MLA45480527,MODEL,Modelo,46691589,Q9 Pro,True,2025-04-03 12:09:12.803471,2025-04-03 12:09:12.803472
cc68f977-f314-4019-b5ca-00483b14e497,MLA45480527,COLOR,Color,52049,Negro,True,2025-04-03 12:09:12.803474,2025-04-03 12:09:12.803475
770a33f6-8dc1-464a-a10a-c222d1faa11c,MLA45480527,REMOTE_CONTROL_TYPE,Tipo de control remoto,182134,Estándar,True,2025-04-03 12:09:12.803478,2025-04-03 12:09:12.803478
2ec53565-d2ff-4dcd-8a3e-260d6ad47927,MLA45480527,DEVICE_FORMAT,Formato del dispositivo,8616495,TV Box,True,2025-04-03 12:09:12.803481,2025-04-03 12:09:12.803481
3bbe9b47-a35c-4f5f-b70b-852f6bdc9cd1,MLA45480527,MAX_VIDEO_RESOLUTION,Resolución máxima de video,169883,4K,True,2025-04-03 12:09:12.803484,2025-04-03 12:09:12.803484
385562c7-15a7-48dd-a87c-64c4207e4726,MLA45480527,AUDIO_AND_VIDEO_INTERFACES,Interfaces de audio y video,,HDMI,True,2025-04-03 12:09:12.803487,2025-04-03 12:09:12.803487
a23a725d-780a-480f-90e1-50236921473c,MLA45480527,PORTS_AND_CONNECTORS_TYPES,Tipos de puertos y conectores,,USB-A,True,2025-04-03 12:09:12.803490,2025-04-03 12:09:12.803490
c38fe813-a8d3-4b32-82e4-7428dc31e8b5,MLA45480527,WITH_WI_FI,Con Wi-Fi,242085,Sí,True,2025-04-03 12:09:12.803493,2025-04-03 12:09:12.803493
42291bd8-4464-4475-823b-591170caacd4,MLA39016572,BRAND,Marca,11608014,Lirom,True,2025-04-03 12:09:12.803518,2025-04-03 12:09:12.803519
3e95e29f-e179-47be-bfa5-8e2993474520,MLA39016572,COLOR,Color,52049,Negro,True,2025-04-03 12:09:12.803522,2025-04-03 12:09:12.803522
35994164-d8d3-4e8e-a584-ef5295b138df,MLA39016572,REMOTE_CONTROL_TYPE,Tipo de control remoto,182134,Estándar,True,2025-04-03 12:09:12.803525,2025-04-03 12:09:12.803525
140d284e-d71f-4d38-8ccd-9be849f10022,MLA39016572,MAIN_COLOR,Color principal,2450295,Negro,True,2025-04-03 12:09:12.803528,2025-04-03 12:09:12.803528
478c016c-204e-48b0-8cf7-ccd612c9fce6,MLA39016572,DEVICE_FORMAT,Formato del dispositivo,8616495,TV Box,True,2025-04-03 12:09:12.803531,2025-04-03 12:09:12.803531
c3e897db-ffe7-494b-a2f9-9fbc49e5dcce,MLA41829330,BRAND,Marca,38036662,AMITVA,True,2025-04-03 12:09:12.803574,2025-04-03 12:09:12.803574
e700df7d-4a38-49c2-b4ed-efdcc31a6f2b,MLA41829330,MODEL,Modelo,42882249,X96 Pro 13,True,2025-04-03 12:09:12.803577,2025-04-03 12:09:12.803577
7d1847f5-53ac-47ea-a8d7-1858cffc440d,MLA41829330,COLOR,Color,52049,Negro,True,2025-04-03 12:09:12.803580,2025-04-03 12:09:12.803580
1c06d306-3853-4bfa-a809-e2f6306d5c5e,MLA41829330,REMOTE_CONTROL_TYPE,Tipo de control remoto,182134,Estándar,True,2025-04-03 12:09:12.803583,2025-04-03 12:09:12.803584
19f0fa4b-7b81-4890-8285-612294584a70,MLA41829330,DEVICE_FORMAT,Formato del dispositivo,8616495,TV Box,True,2025-04-03 12:09:12.803587,2025-04-03 12:09:12.803587
df89d15e-9277-415e-8947-c66a95aedee4,MLA41829330,MAX_VIDEO_RESOLUTION,Resolución máxima de video,169883,4K,True,2025-04-03 12:09:12.803590,2025-04-03 12:09:12.803590
42968a7a-d37b-48e9-bb23-dbfea295e70e,MLA41829330,AUDIO_AND_VIDEO_INTERFACES,Interfaces de audio y video,,HDMI,True,2025-04-03 12:09:12.803593,2025-04-03 12:09:12.803593
8c76f566-5eac-4f83-bf91-cd4cc3ca70e9,MLA8738165,BRAND,Marca,168521,Roku,True,2025-04-03 12:09:12.803613,2025-04-03 12:09:12.803613
7f8f0703-d606-490a-a540-2079ce628b72,MLA8738165,MODEL,Modelo,2230759,Premiere+,True,2025-04-03 12:09:12.803616,2025-04-03 12:09:12.803616
903fe869-d755-44b3-96a0-e0efe7c10f47,MLA8738165,ALPHANUMERIC_MODEL,Modelo alfanumérico,2240338,4630,True,2025-04-03 12:09:12.803619,2025-04-03 12:09:12.803619
0c914163-d3d0-49f3-b8a4-880e78901502,MLA8738165,COLOR,Color,52049,Negro,True,2025-04-03 12:09:12.803627,2025-04-03 12:09:12.803627
69172772-b7b2-468b-87b3-c09570a6994f,MLA8738165,STORAGE_CAPACITY,Capacidad de almacenamiento,98765,1 GB,True,2025-04-03 12:09:12.803630,2025-04-03 12:09:12.803630
f0347096-89f2-4868-a135-dfd35e85112a,MLA8738165,RAM_MEMORY,Memoria RAM,98978,1 GB,True,2025-04-03 12:09:12.803633,2025-04-03 12:09:12.803633
86093440-60cc-4268-b5fc-d33b87a08dc1,MLA8738165,REMOTE_CONTROL_TYPE,Tipo de control remoto,182134,Estándar,True,2025-04-03 12:09:12.803636,2025-04-03 12:09:12.803636
d4a27481-e2f6-4e09-aad3-25639adac56d,MLA8738165,DEVICE_FORMAT,Formato del dispositivo,8616495,TV Box,True,2025-04-03 12:09:12.803639,2025-04-03 12:09:12.803639
9a32fd62-7224-419a-a911-09997789924c,MLA8738165,MAX_VIDEO_RESOLUTION,Resolución máxima de video,169883,4K,True,2025-04-03 12:09:12.803642,2025-04-03 12:09:12.803642
deb0b6cd-7e70-4dc9-92ac-f26b0f930d90,MLA8738165,COMPATIBLE_APPLICATIONS,Aplicaciones compatibles,,"CBS All Access, Comedy Central, FX Now, Google Play, HBO Now, History, Hulu, NBC News, Netflix, Nick, Pandora, PBS Kids, Showtime, Sling TV, ABC, Watch ESPN, Watch Food, Amazon Prime Video",True,2025-04-03 12:09:12.803645,2025-04-03 12:09:12.803646
b442d45a-8855-4a56-a4ae-713c636651a3,MLA8738165,RECOMMENDED_DEVICES,Dispositivos recomendados,,"Televisores, Tablets, Celulares, Computadoras",True,2025-04-03 12:09:12.803649,2025-04-03 12:09:12.803649
ba884fb8-afe7-4af2-ab74-ed49c1e078e1,MLA8738165,AUDIO_AND_VIDEO_INTERFACES,Interfaces de audio y video,,HDMI,True,2025-04-03 12:09:12.803652,2025-04-03 12:09:12.803652
cf96e482-427e-4220-9a91-c172b7355428,MLA8738165,PORTS_AND_CONNECTORS_TYPES,Tipos de puertos y conectores,,"DC jack, Ethernet, Micro-SD",True,2025-04-03 12:09:12.803655,2025-04-03 12:09:12.803655
44354a29-4608-40db-a5f3-18665ab1f093,MLA8738165,WITH_WI_FI,Con Wi-Fi,242085,Sí,True,2025-04-03 12:09:12.803658,2025-04-03 12:09:12.803658
ee1a7679-b8a2-4188-a602-0becd502d6a5,MLA8738165,INCLUDES_HDMI_CABLE,Incluye cable HDMI,242085,Sí,True,2025-04-03 12:09:12.803661,2025-04-03 12:09:12.803661
69e9a376-28bb-4378-9044-e44f16fd4d12,MLA8738165,LENGTH,Largo,48545279,12.446 cm,True,2025-04-03 12:09:12.803664,2025-04-03 12:09:12.803664
37e43e70-ee0e-4c5e-9185-20dc0fd3fc30,MLA8738165,WIDTH,Ancho,34698926,12.446 cm,True,2025-04-03 12:09:12.803667,2025-04-03 12:09:12.803667
61767b6d-0807-42e7-a3c9-1fdd8eb33c03,MLA8738165,HEIGHT,Altura,39104405,2.159 cm,True,2025-04-03 12:09:12.803670,2025-04-03 12:09:12.803670
6843ce02-1f32-4b39-aa8b-0b6fe4e60ba4,MLA8738165,OS_NAME,Nombre del sistema operativo,7601514,Roku OS,True,2025-04-03 12:09:12.803673,2025-04-03 12:09:12.803673
614213a5-61bd-4603-b94c-13afd4b9457d,MLA8738165,AUDIO_QUALITY,Calidad de audio,,"Dolby Audio, Dolby Atmos, DTS",True,2025-04-03 12:09:12.803676,2025-04-03 12:09:12.803676
1f1771a9-f5bd-4a3c-8707-bee8370a10f0,MLA8738165,LANGUAGE_OPTIONS,Opciones de idioma,,"Inglés, Español, Alemán, Francés",True,2025-04-03 12:09:12.803679,2025-04-03 12:09:12.803679
4cfeaad1-1e1f-49d9-b86c-3e6c80770dc6,MLA8738165,MIN_OPERATING_SYSTEMS_REQUIRED,Sistemas operativos mínimos requeridos,,"Android, iOS",True,2025-04-03 12:09:12.803682,2025-04-03 12:09:12.803682
cc2c3d98-c637-4728-9d85-ce6f36d46248,MLA8738165,CPU,CPU,,Cortex-A53 Quad-Core,True,2025-04-03 12:09:12.803685,2025-04-03 12:09:12.803686
8299aa49-8f81-40f5-80ff-6e982c2fe58e,MLA8738165,DEVICE_OPERATING_VOLTAGE,Voltaje de funcionamiento,8850008,12 V,True,2025-04-03 12:09:12.803688,2025-04-03 12:09:12.803689
d26e1699-462e-42e4-89a2-e9007140640b,MLA8738165,MPN,MPN,,"4630R, 4630X, 4630RW",True,2025-04-03 12:09:12.803692,2025-04-03 12:09:12.803692
689ef638-d243-4f34-b5cb-3c000e52d78c,MLA29124502,BRAND,Marca,27681670,Tsemy,True,2025-04-03 12:09:12.803719,2025-04-03 12:09:12.803720
f9b8c361-0d85-442c-8185-a773e8ca076a,MLA45961530,BRAND,Marca,40826966,SJROHE,True,2025-04-03 12:09:12.803750,2025-04-03 12:09:12.803750
444f94da-5ab0-4ac6-8559-9f9f3badec4d,MLA45961530,MODEL,Modelo,6239936,4154,True,2025-04-03 12:09:12.803753,2025-04-03 12:09:12.803753
4aabadd6-d599-4677-805b-ea039415aa7f,MLA45961530,GENERATION,Generación,11322992,6.ª generación,True,2025-04-03 12:09:12.803756,2025-04-03 12:09:12.803757
3a84b00b-84c8-4637-9513-0f696fff1e9c,MLA45961530,COLOR,Color,52049,Negro,True,2025-04-03 12:09:12.803759,2025-04-03 12:09:12.803760
f30d61d5-e227-4b79-817a-6f874993f07c,MLA45961530,STORAGE_CAPACITY,Capacidad de almacenamiento,18621,32 GB,True,2025-04-03 12:09:12.803763,2025-04-03 12:09:12.803763
a8f2ce06-f73c-4b51-8e4e-721780c92cf1,MLA45961530,RAM_MEMORY,Memoria RAM,98852,4 GB,True,2025-04-03 12:09:12.803766,2025-04-03 12:09:12.803766
2326a2b8-3d88-4ab5-b090-df25dd9fcb9f,MLA45961530,REMOTE_CONTROL_TYPE,Tipo de control remoto,182134,Estándar,True,2025-04-03 12:09:12.803769,2025-04-03 12:09:12.803769
e09f07c7-e0b9-40b6-a56e-25b6ce1d8dfd,MLA45961530,MAIN_COLOR,Color principal,2450295,Negro,True,2025-04-03 12:09:12.803772,2025-04-03 12:09:12.803772
da6553cc-432d-40d7-9d3b-04deef1cc767,MLA45961530,DEVICE_FORMAT,Formato del dispositivo,8616495,TV Box,True,2025-04-03 12:09:12.803775,2025-04-03 12:09:12.803776
4cd3a75e-92fc-47fc-ada9-b4f2c0fde194,MLA45961530,MAX_VIDEO_RESOLUTION,Resolución máxima de video,17863660,8K,True,2025-04-03 12:09:12.803779,2025-04-03 12:09:12.803779
527a0fee-34c6-41d6-abfe-fa88c845ff5b,MLA45961530,COMPATIBLE_APPLICATIONS,Aplicaciones compatibles,,"Apple TV, CBS, Discovery+, Disney+, ESPN, FOX, Facebook, Flickr, HBO Go, HBO Max, HBO Now, Hulu, Kodi, Netflix, News, Paramount+, Peacock, Picasa, Redbox, Skype, Spotify, Telemundo, Vimeo, Vudu, YouTube, iHeartRadio",True,2025-04-03 12:09:12.803782,2025-04-03 12:09:12.803782
312b8521-5263-4d9b-b348-67026ab3de09,MLA45961530,RECOMMENDED_DEVICES,Dispositivos recomendados,,"Proyectores, Televisores",True,2025-04-03 12:09:12.803785,2025-04-03 12:09:12.803785
96b40bf9-b6ed-462c-822a-5deed47e8331,MLA45961530,AUDIO_AND_VIDEO_INTERFACES,Interfaces de audio y video,,"HDMI, AV, Mini jack",True,2025-04-03 12:09:12.803788,2025-04-03 12:09:12.803788
76a66af8-1fd2-48b1-9841-868ec407f358,MLA45961530,PORTS_AND_CONNECTORS_TYPES,Tipos de puertos y conectores,,Micro-USB,True,2025-04-03 12:09:12.803791,2025-04-03 12:09:12.803791
1be411e5-9868-4dad-9fc4-8a23136a96c2,MLA45961530,WITH_BLUETOOTH,Con Bluetooth,242085,Sí,True,2025-04-03 12:09:12.803794,2025-04-03 12:09:12.803794
f0651078-d2c3-4d7b-9547-c568dcd65b6c,MLA45961530,WITH_WI_FI,Con Wi-Fi,242085,Sí,True,2025-04-03 12:09:12.803797,2025-04-03 12:09:12.803797
2e527099-e421-43cc-8733-1ecc4f02538c,MLA45961530,WITH_INTEGRATED_VOICE_ASSISTANTS,Con asistentes de voz integrados,242085,Sí,True,2025-04-03 12:09:12.803800,2025-04-03 12:09:12.803800
fe81cac9-dfd0-452a-88db-abaf39ba1eb4,MLA45961530,INTEGRATED_VOICE_ASSISTANTS,Asistentes de voz integrados,,Google Assistant,True,2025-04-03 12:09:12.803803,2025-04-03 12:09:12.803803
7142782b-0002-4a9e-b457-7e92fcc34d5a,MLA45961530,INCLUDES_HDMI_CABLE,Incluye cable HDMI,242085,Sí,True,2025-04-03 12:09:12.803808,2025-04-03 12:09:12.803808
19d38bc4-0c06-41d1-9a29-3a0e3e1edafa,MLA45961530,INCLUDES_CELL_BATTERIES,Incluye pilas,242084,No,True,2025-04-03 12:09:12.803811,2025-04-03 12:09:12.803811
fb7343fc-ff8d-4a40-bbb3-4a8c671c5fb5,MLA45961530,LENGTH,Largo,7972294,8.8 cm,True,2025-04-03 12:09:12.803814,2025-04-03 12:09:12.803814
c9aa4ade-0040-421a-ac47-e4881810e1f7,MLA45961530,WIDTH,Ancho,8205196,8.8 cm,True,2025-04-03 12:09:12.803817,2025-04-03 12:09:12.803817
fde34aca-ee21-48a9-b1fa-04ec6c974ce9,MLA45961530,HEIGHT,Altura,7891537,2 cm,True,2025-04-03 12:09:12.803820,2025-04-03 12:09:12.803821
1412007a-3528-435e-9ea9-b6e7ba06b6ce,MLA45961530,WEIGHT,Peso,17664836,370 g,True,2025-04-03 12:09:12.803824,2025-04-03 12:09:12.803824
865d27fe-5f16-4a65-97a4-61cce256e0b3,MLA45961530,OS_NAME,Nombre del sistema operativo,296858,Android,True,2025-04-03 12:09:12.803827,2025-04-03 12:09:12.803827
083763e6-d5d9-47a8-b08d-ac6e31671b36,MLA45961530,STREAMING_TECHNOLOGIES,Tecnologías de streaming,,"AirPlay, DLNA, EZAir, EZCast",True,2025-04-03 12:09:12.803830,2025-04-03 12:09:12.803830
c45afb4a-8ba0-4f98-b561-637612dd2c7c,MLA45961530,AUDIO_QUALITY,Calidad de audio,,"DTS, Dolby Audio",True,2025-04-03 12:09:12.803833,2025-04-03 12:09:12.803833
db6907f1-f3ae-4f51-8c91-2cd966431349,MLA45961530,LANGUAGE_OPTIONS,Opciones de idioma,,Español,True,2025-04-03 12:09:12.803836,2025-04-03 12:09:12.803836
4b178b75-4426-42fb-a58c-45e501c5a257,MLA45961530,MIN_OPERATING_SYSTEMS_REQUIRED,Sistemas operativos mínimos requeridos,,Android,True,2025-04-03 12:09:12.803839,2025-04-03 12:09:12.803839
a31475d4-3193-43b2-a451-63dd957601fe,MLA45961530,CPU,CPU,,Allwinner H313 Quad Core ARM Cortex A53,True,2025-04-03 12:09:12.803842,2025-04-03 12:09:12.803842
68936a9c-2433-4db0-9757-7d9a16a999af,MLA45961530,WI_FI_STANDARDS,Estándares Wi-Fi,,"2.4GHz, 5.8GHz",True,2025-04-03 12:09:12.803845,2025-04-03 12:09:12.803845
4206e21b-9700-4d3c-b2cd-283d67817e2e,MLA45961530,DEVICE_OPERATING_VOLTAGE,Voltaje de funcionamiento,8631470,5 V,True,2025-04-03 12:09:12.803848,2025-04-03 12:09:12.803848
d44b876f-18d2-4fac-b708-8ab743fbe932,MLA27390180,BRAND,Marca,50299,Mitzu,True,2025-04-03 12:09:12.803900,2025-04-03 12:09:12.803900
a1446ddc-06fa-4673-8ea8-056857d5b8a4,MLA27390180,MODEL,Modelo,15149724,AND-6000,True,2025-04-03 12:09:12.803903,2025-04-03 12:09:12.803903
66edce39-f7cc-4cd1-987e-7aa7a25badfb,MLA27390180,GENERATION,Generación,13649590,1ra Generación,True,2025-04-03 12:09:12.803906,2025-04-03 12:09:12.803906
47289fbf-3d79-4e6c-b5ba-a5d0fa527204,MLA27390180,COLOR,Color,52049,Negro,True,2025-04-03 12:09:12.803910,2025-04-03 12:09:12.803911
a9edc56c-10dc-4bff-bd50-27f60f11f17d,MLA27390180,STORAGE_CAPACITY,Capacidad de almacenamiento,18614,16 GB,True,2025-04-03 12:09:12.803914,2025-04-03 12:09:12.803914
f3b4fbf8-81e4-48b2-9556-e61f6ca7e500,MLA27390180,RAM_MEMORY,Memoria RAM,445970,2 GB,True,2025-04-03 12:09:12.803917,2025-04-03 12:09:12.803917
08e4f44a-7381-4a3c-ba98-baf1f8df64d7,MLA27390180,REMOTE_CONTROL_TYPE,Tipo de control remoto,182134,Estándar,True,2025-04-03 12:09:12.803920,2025-04-03 12:09:12.803920
7ba79531-d050-4bb2-a210-cbb8d7c778a7,MLA27390180,DEVICE_FORMAT,Formato del dispositivo,8616495,TV Box,True,2025-04-03 12:09:12.803923,2025-04-03 12:09:12.803924
9634a044-63a2-43ab-b0fe-c20fdc042614,MLA27390180,MAX_VIDEO_RESOLUTION,Resolución máxima de video,168331,HD,True,2025-04-03 12:09:12.803926,2025-04-03 12:09:12.803927
36039529-e4f9-4885-8f07-7da21f077aaa,MLA21392300,BRAND,Marca,3175932,BTV,True,2025-04-03 12:09:12.803953,2025-04-03 12:09:12.803954
6bf32e8d-fcfe-435f-8b15-d06d7fe1dacc,MLA21392300,MODEL,Modelo,48987908,Geração 11 4K Ultra Hd,True,2025-04-03 12:09:12.803957,2025-04-03 12:09:12.803957
4b211589-7789-4941-ba4a-97368143aea9,MLA21392300,ALPHANUMERIC_MODEL,Modelo alfanumérico,48987909,Geração 11 4K Ultra Hd,True,2025-04-03 12:09:12.803960,2025-04-03 12:09:12.803960
3711e124-438c-4e70-8d9f-32402fa47520,MLA6184344,BRAND,Marca,259513,Eny,True,2025-04-03 12:09:12.803980,2025-04-03 12:09:12.803980
ee24d135-d16b-40fe-b801-dac183495c30,MLA6184344,MODEL,Modelo,202220,M8,True,2025-04-03 12:09:12.803983,2025-04-03 12:09:12.803984
6aa4d008-0d3b-4bce-9b47-c61b67cff161,MLA6184344,DEVICE_FORMAT,Formato del dispositivo,8616495,TV Box,True,2025-04-03 12:09:12.803986,2025-04-03 12:09:12.803987
d8e6508a-82c1-4e76-952a-098131bcf905,MLA6184344,MAX_VIDEO_RESOLUTION,Resolución máxima de video,169883,4K,True,2025-04-03 12:09:12.803990,2025-04-03 12:09:12.803990
ca81cf58-1c65-488f-b7e9-877e3319f2ee,MLA6184344,AUDIO_AND_VIDEO_INTERFACES,Interfaces de audio y video,,"HDMI, AV",True,2025-04-03 12:09:12.803993,2025-04-03 12:09:12.803993
8c09ae27-7556-4d7f-8842-5a2e5521d8ec,MLA41073937,BRAND,Marca,38036662,AMITVA,True,2025-04-03 12:09:12.804007,2025-04-03 12:09:12.804008
8eaed0f3-70c4-456c-80c0-b52bd2f7a1b9,MLA41073937,MODEL,Modelo,2834,Mini,True,2025-04-03 12:09:12.804012,2025-04-03 12:09:12.804012
72ca9b42-7a73-450f-aa55-685909a7dc1c,MLA41073937,COLOR,Color,52049,Negro,True,2025-04-03 12:09:12.804015,2025-04-03 12:09:12.804015
dfff6226-bf57-4c42-983a-8ac5d4594218,MLA41073937,REMOTE_CONTROL_TYPE,Tipo de control remoto,182134,Estándar,True,2025-04-03 12:09:12.804018,2025-04-03 12:09:12.804019
31387829-8ba7-4d1a-bf7b-56f62bccefff,MLA41073937,DEVICE_FORMAT,Formato del dispositivo,8616495,TV Box,True,2025-04-03 12:09:12.804021,2025-04-03 12:09:12.804022
50be904e-bd1d-490b-a7d1-189c9c9b9506,MLA41073937,AUDIO_AND_VIDEO_INTERFACES,Interfaces de audio y video,,HDMI,True,2025-04-03 12:09:12.804025,2025-04-03 12:09:12.804025
03929d59-6f06-44e4-a60e-a3eb29203a9a,MLA41073937,PORTS_AND_CONNECTORS_TYPES,Tipos de puertos y conectores,,"USB-A, Micro-USB",True,2025-04-03 12:09:12.804028,2025-04-03 12:09:12.804028
47726678-4e66-4759-b573-6f54c204b2e1,MLA41073937,WITH_BLUETOOTH,Con Bluetooth,242085,Sí,True,2025-04-03 12:09:12.804031,2025-04-03 12:09:12.804031
d6c88360-bb05-4de3-950e-a2f07b73d2b1,MLA41073937,WITH_WI_FI,Con Wi-Fi,242085,Sí,True,2025-04-03 12:09:12.804034,2025-04-03 12:09:12.804034
e1b479e9-a3ed-4670-9a25-5c92bd4bdb5e,MLA41073937,OS_NAME,Nombre del sistema operativo,296858,Android,True,2025-04-03 12:09:12.804037,2025-04-03 12:09:12.804037
b2d1c519-5147-4a42-89a3-488acd4a93f3,MLA25306161,BRAND,Marca,168521,Roku,True,2025-04-03 12:09:12.804068,2025-04-03 12:09:12.804068
5c01bddd-c545-4bb5-b0cd-9cf5ad29161a,MLA25306161,MODEL,Modelo,40464,HD,True,2025-04-03 12:09:12.804071,2025-04-03 12:09:12.804071
8c39598d-43c8-44da-bbf0-5c8cae36f7eb,MLA25306161,GENERATION,Generación,8248559,3.ª generación,True,2025-04-03 12:09:12.804074,2025-04-03 12:09:12.804074
9ccaea5f-6e60-436e-9c27-7376b4309dd5,MLA25306161,ALPHANUMERIC_MODEL,Modelo alfanumérico,21930399,3932,True,2025-04-03 12:09:12.804077,2025-04-03 12:09:12.804077
ed3dfda7-1eb2-425f-81e0-1c44d8ac5d2b,MLA25306161,COLOR,Color,52049,Negro,True,2025-04-03 12:09:12.804080,2025-04-03 12:09:12.804080
5ccf777c-ecb0-4fc0-a4c6-643e7d8165cb,MLA25306161,STORAGE_CAPACITY,Capacidad de almacenamiento,49708,32 MB,True,2025-04-03 12:09:12.804083,2025-04-03 12:09:12.804083
5162f0e1-86f1-423a-87f5-617a1d9b6b3e,MLA25306161,RAM_MEMORY,Memoria RAM,154947,512 MB,True,2025-04-03 12:09:12.804086,2025-04-03 12:09:12.804086
909f3d53-d602-465c-bdab-23e8b769fcb3,MLA25306161,REMOTE_CONTROL_TYPE,Tipo de control remoto,182134,Estándar,True,2025-04-03 12:09:12.804090,2025-04-03 12:09:12.804090
1a05a120-de00-4bdb-83fa-2ed6be8e2c5f,MLA25306161,MAIN_COLOR,Color principal,2450295,Negro,True,2025-04-03 12:09:12.804093,2025-04-03 12:09:12.804093
6f7d75e5-fa95-44cc-9b2e-00d5abc93eb4,MLA25306161,DEVICE_FORMAT,Formato del dispositivo,8616495,TV Box,True,2025-04-03 12:09:12.804096,2025-04-03 12:09:12.804097
efa852fe-b5a7-4f99-bd88-cf3deaaa5880,MLA25306161,MAX_VIDEO_RESOLUTION,Resolución máxima de video,168331,HD,True,2025-04-03 12:09:12.804101,2025-04-03 12:09:12.804101
f05b8900-b552-4dad-ac2b-a690eba1d507,MLA25306161,COMPATIBLE_APPLICATIONS,Aplicaciones compatibles,,"ABC, Amazon Prime Video, ESPN, HBO Now, Netflix, Pandora, Roku Channel, YouTube",True,2025-04-03 12:09:12.804104,2025-04-03 12:09:12.804105
468f00dd-5b55-4758-8d84-a15a396395c0,MLA25306161,RECOMMENDED_DEVICES,Dispositivos recomendados,,"Celulares, Televisores",True,2025-04-03 12:09:12.804107,2025-04-03 12:09:12.804108
491cb1d5-7a27-4826-b0d3-da8e3c56e61a,MLA25306161,AUDIO_AND_VIDEO_INTERFACES,Interfaces de audio y video,,HDMI,True,2025-04-03 12:09:12.804111,2025-04-03 12:09:12.804111
0d4d312f-a6fd-4794-924f-fa652f43c675,MLA25306161,PORTS_AND_CONNECTORS_TYPES,Tipos de puertos y conectores,,Micro-USB,True,2025-04-03 12:09:12.804114,2025-04-03 12:09:12.804114
66f702e2-8072-4064-9d93-64b38449bdc5,MLA25306161,WITH_WI_FI,Con Wi-Fi,242085,Sí,True,2025-04-03 12:09:12.804117,2025-04-03 12:09:12.804117
b8ee2846-7470-436b-8a6d-0b972f0ff639,MLA25306161,INCLUDES_HDMI_CABLE,Incluye cable HDMI,242085,Sí,True,2025-04-03 12:09:12.804120,2025-04-03 12:09:12.804120
9bb9d2fc-eca8-4464-9d91-f08d143df397,MLA25306161,LENGTH,Largo,14725044,3.81 cm,True,2025-04-03 12:09:12.804123,2025-04-03 12:09:12.804123
d685cc8e-03a8-4796-b1cc-f55de0e5d44f,MLA25306161,WIDTH,Ancho,11941948,7.62 cm,True,2025-04-03 12:09:12.804126,2025-04-03 12:09:12.804126
f6de3bd7-e1fc-4de6-b41a-6eb425872f0c,MLA25306161,HEIGHT,Altura,7893549,1.9 cm,True,2025-04-03 12:09:12.804129,2025-04-03 12:09:12.804129
be7a8235-2eff-4c75-b9de-79ef7ac34aaa,MLA25306161,OS_NAME,Nombre del sistema operativo,7601514,Roku OS,True,2025-04-03 12:09:12.804132,2025-04-03 12:09:12.804132
7a689cfc-86c5-40e0-a484-25b944ee8f2b,MLA25306161,STREAMING_TECHNOLOGIES,Tecnologías de streaming,,AirPlay,True,2025-04-03 12:09:12.804135,2025-04-03 12:09:12.804135
2e82d6de-6c3b-406b-b7c4-32e1a842a6e5,MLA25306161,AUDIO_QUALITY,Calidad de audio,,"DTS, Dolby Audio",True,2025-04-03 12:09:12.804138,2025-04-03 12:09:12.804138
833bbf0d-bffb-4148-90d9-58fbef060576,MLA25306161,MIN_OPERATING_SYSTEMS_REQUIRED,Sistemas operativos mínimos requeridos,,Android/iOS,True,2025-04-03 12:09:12.804141,2025-04-03 12:09:12.804142
58ead573-bceb-4d91-8d59-d71825cd00df,MLA25306161,CPU,CPU,,Cortex-A53,True,2025-04-03 12:09:12.804144,2025-04-03 12:09:12.804145
0e5eeefe-76bd-4da3-964d-f22cddb31e46,MLA25306161,WI_FI_STANDARDS,Estándares Wi-Fi,,IEEE 802.11b/g/n,True,2025-04-03 12:09:12.804148,2025-04-03 12:09:12.804148
499203e2-4a97-42b7-9841-8bfbeff3ab54,MLA25306161,FREQUENCIES,Frecuencias,,2.4 GHz,True,2025-04-03 12:09:12.804151,2025-04-03 12:09:12.804151
ad36a2ed-c022-4c77-b164-db94cbd326e6,MLA25306161,DEVICE_OPERATING_VOLTAGE,Voltaje de funcionamiento,8631470,5 V,True,2025-04-03 12:09:12.804154,2025-04-03 12:09:12.804154
7a7f9fa5-ff7e-4711-93be-9d47935b69e5,MLA27081850,BRAND,Marca,27216,Amazon,True,2025-04-03 12:09:12.804177,2025-04-03 12:09:12.804177
3bffca95-f0dd-4e93-bda4-21bead45577f,MLA27081850,LINE,Línea,22475102,Tv Stick,True,2025-04-03 12:09:12.804180,2025-04-03 12:09:12.804180
730864a1-116b-486a-b2a9-2d0db441d395,MLA27081850,MODEL,Modelo,9385552,Fire TV Stick Lite,True,2025-04-03 12:09:12.804183,2025-04-03 12:09:12.804183
2ef7fcb9-086f-45a5-bf6d-494b8ab6847b,MLA27081850,ALPHANUMERIC_MODEL,Modelo alfanumérico,14425797,Fire Tv Stick Amazon,True,2025-04-03 12:09:12.804186,2025-04-03 12:09:12.804186
e0c10d46-462a-4fe0-bddb-d033df726671,MLA27081850,COLOR,Color,52049,Negro,True,2025-04-03 12:09:12.804192,2025-04-03 12:09:12.804192
e53ed8cf-1817-43a9-a0cf-c80da0415680,MLA27081850,RAM_MEMORY,Memoria RAM,98978,1 GB,True,2025-04-03 12:09:12.804195,2025-04-03 12:09:12.804195
fa50fa99-6f34-4f0f-84b2-19da6feef142,MLA27081850,MAIN_COLOR,Color principal,2450295,Negro,True,2025-04-03 12:09:12.804198,2025-04-03 12:09:12.804199
b1fbd88f-aa2b-4a66-af9e-d578635ee2ce,MLA27081850,DEVICE_FORMAT,Formato del dispositivo,8616496,Stick,True,2025-04-03 12:09:12.804202,2025-04-03 12:09:12.804202
b0ce9681-5ffc-4752-9ee7-cdf5190b0413,MLA27081850,MAX_VIDEO_RESOLUTION,Resolución máxima de video,168332,Full HD,True,2025-04-03 12:09:12.804205,2025-04-03 12:09:12.804205
495ed8a8-118a-4bba-a6c3-66fd87b381d2,MLA27081850,COMPATIBLE_APPLICATIONS,Aplicaciones compatibles,,"Amazon Prime Video, Apple TV, Atresplayer, DAZN, Disney+, Mitele, Movistar+, Netflix, RTVE, YouTube",True,2025-04-03 12:09:12.804208,2025-04-03 12:09:12.804208
430034a7-e4c8-43c8-abcb-4ae2232ffa43,MLA27081850,RECOMMENDED_DEVICES,Dispositivos recomendados,,Televisores con HDMI,True,2025-04-03 12:09:12.804211,2025-04-03 12:09:12.804211
37fb8e94-db39-4a7c-866e-135717691616,MLA27081850,AUDIO_AND_VIDEO_INTERFACES,Interfaces de audio y video,,HDMI,True,2025-04-03 12:09:12.804214,2025-04-03 12:09:12.804214
b6771dfd-8365-49e2-bc26-8680661eac96,MLA27081850,PORTS_AND_CONNECTORS_TYPES,Tipos de puertos y conectores,,USB-B,True,2025-04-03 12:09:12.804217,2025-04-03 12:09:12.804217
191de1ed-6993-4922-9fc4-2ec035c96a36,MLA27081850,MANUFACTURER,Fabricante,27216,Amazon,True,2025-04-03 12:09:12.804220,2025-04-03 12:09:12.804220
f626397f-ee9c-4067-beae-8eea35fab09c,MLA27081850,WITH_BLUETOOTH,Con Bluetooth,242085,Sí,True,2025-04-03 12:09:12.804223,2025-04-03 12:09:12.804223
acc91252-7d2b-46b8-b431-d8ec9893226a,MLA27081850,WITH_WI_FI,Con Wi-Fi,242085,Sí,True,2025-04-03 12:09:12.804226,2025-04-03 12:09:12.804226
7be2ef52-4fee-4456-a866-e7804951a0d8,MLA27081850,WITH_INTEGRATED_VOICE_ASSISTANTS,Con asistentes de voz integrados,242085,Sí,True,2025-04-03 12:09:12.804229,2025-04-03 12:09:12.804229
ea6d7874-1980-4df8-adc5-f6a41a877671,MLA27081850,INTEGRATED_VOICE_ASSISTANTS,Asistentes de voz integrados,,Alexa,True,2025-04-03 12:09:12.804232,2025-04-03 12:09:12.804233
8e724b90-5358-49bb-8ed8-f606f76128d7,MLA27081850,INCLUDES_HDMI_CABLE,Incluye cable HDMI,242085,Sí,True,2025-04-03 12:09:12.804235,2025-04-03 12:09:12.804236
1cc06124-3644-4d48-8268-be2d55b30c20,MLA27081850,WEIGHT,Peso,18372933,32 g,True,2025-04-03 12:09:12.804239,2025-04-03 12:09:12.804239
9636ea60-53e0-4061-8e62-254ce1a063eb,MLA27081850,AUDIO_QUALITY,Calidad de audio,,"DTS, Dolby Atmos, Dolby Digital, Dolby Digital Plus",True,2025-04-03 12:09:12.804242,2025-04-03 12:09:12.804242
41059986-82ec-4a5a-a81e-0dcb29a32381,MLA27081850,CPU,CPU,,Quad-Core,True,2025-04-03 12:09:12.804245,2025-04-03 12:09:12.804245
526cf456-7555-46f9-8875-21fd48963963,MLA27081850,WI_FI_STANDARDS,Estándares Wi-Fi,,IEEE 802.11a/b/g/n/ac,True,2025-04-03 12:09:12.804248,2025-04-03 12:09:12.804248
207923f4-69cb-4721-9db7-e035e7e7b0f3,MLA27081850,FREQUENCIES,Frecuencias,,"2.4 GHz, 5 GHz",True,2025-04-03 12:09:12.804251,2025-04-03 12:09:12.804251
64ae3c5a-e921-4f45-bab7-5142b06b28aa,MLA41070755,BRAND,Marca,36689696,LNV,True,2025-04-03 12:09:12.804269,2025-04-03 12:09:12.804269
d375fb95-4d0d-4c79-b079-d081c78113dd,MLA41070755,MODEL,Modelo,42883009,Chromecast con Google TV,True,2025-04-03 12:09:12.804272,2025-04-03 12:09:12.804272
6c03e6f7-8847-46dd-b261-ef71599da945,MLA41070755,COLOR,Color,52055,Blanco,True,2025-04-03 12:09:12.804275,2025-04-03 12:09:12.804276
0ea3a622-c858-49a6-80be-0072e3ed0b7b,MLA41070755,REMOTE_CONTROL_TYPE,Tipo de control remoto,17535337,De voz,True,2025-04-03 12:09:12.804280,2025-04-03 12:09:12.804280
95d4aeff-8797-4d43-ba29-4f4cde38c9c1,MLA41070755,DEVICE_FORMAT,Formato del dispositivo,9234856,Pendant Box,True,2025-04-03 12:09:12.804283,2025-04-03 12:09:12.804283
923a0112-7a77-430d-afd0-c500ba586e9e,MLA41070755,MAX_VIDEO_RESOLUTION,Resolución máxima de video,169883,4K,True,2025-04-03 12:09:12.804286,2025-04-03 12:09:12.804286
5a01d8f0-1fa8-4b7c-9b6a-f865c9a3d22a,MLA41070755,COMPATIBLE_APPLICATIONS,Aplicaciones compatibles,,"Netflix, YouTube, Amazon Prime Video, Spotify, Hulu",True,2025-04-03 12:09:12.804289,2025-04-03 12:09:12.804289
05479b51-ae39-4ae0-902f-cdcedc3771fb,MLA41070755,RECOMMENDED_DEVICES,Dispositivos recomendados,,"Celulares, Tablets, Computadoras portátiles, Proyectores",True,2025-04-03 12:09:12.804292,2025-04-03 12:09:12.804292
e302213c-fdbf-4042-9ad0-d5dc9ffad324,MLA41070755,AUDIO_AND_VIDEO_INTERFACES,Interfaces de audio y video,,HDMI,True,2025-04-03 12:09:12.804295,2025-04-03 12:09:12.804295
a57dc56e-47a7-4b0e-bd73-2bcca29d866c,MLA41070755,PORTS_AND_CONNECTORS_TYPES,Tipos de puertos y conectores,,USB-C,True,2025-04-03 12:09:12.804298,2025-04-03 12:09:12.804298
f58412bf-9d5b-439f-bf66-e68f1a9d31f9,MLA41070755,WITH_BLUETOOTH,Con Bluetooth,242085,Sí,True,2025-04-03 12:09:12.804301,2025-04-03 12:09:12.804301
74dbd496-7582-47a0-ae8f-cba1bcb750db,MLA41070755,WITH_WI_FI,Con Wi-Fi,242085,Sí,True,2025-04-03 12:09:12.804304,2025-04-03 12:09:12.804305
20125d31-0ff4-4bc6-ac94-25553f5b2f47,MLA41070755,WITH_INTEGRATED_VOICE_ASSISTANTS,Con asistentes de voz integrados,242085,Sí,True,2025-04-03 12:09:12.804307,2025-04-03 12:09:12.804308
9a0f979c-9c1c-4840-977e-b8c2b97cadb5,MLA41070755,INTEGRATED_VOICE_ASSISTANTS,Asistentes de voz integrados,,Google Assistant,True,2025-04-03 12:09:12.804311,2025-04-03 12:09:12.804311
421cc2f0-66dc-4073-9ee8-e145375a2c22,MLA41070755,INCLUDES_HDMI_CABLE,Incluye cable HDMI,242084,No,True,2025-04-03 12:09:12.804314,2025-04-03 12:09:12.804314
8ebd0ef4-0680-4334-9c66-8f957299de7c,MLA41070755,INCLUDES_CELL_BATTERIES,Incluye pilas,242085,Sí,True,2025-04-03 12:09:12.804317,2025-04-03 12:09:12.804317
481c7ab5-8f8f-48f3-9945-6bfcceda5df8,MLA41070755,OS_NAME,Nombre del sistema operativo,296858,Android,True,2025-04-03 12:09:12.804320,2025-04-03 12:09:12.804320
008fa13c-6ef4-43db-b9a1-a023008b0eaf,MLA42846011,BRAND,Marca,44159748,SmartPro4k,True,2025-04-03 12:09:12.804347,2025-04-03 12:09:12.804348
9b02a9ba-9c0d-4f8b-a32f-889463334704,MLA42846011,MODEL,Modelo,4033374,4K Pro,True,2025-04-03 12:09:12.804351,2025-04-03 12:09:12.804351
229ba1b5-ffde-4122-998b-5bb22d298bb2,MLA42846011,GENERATION,Generación,8248559,3.ª generación,True,2025-04-03 12:09:12.804354,2025-04-03 12:09:12.804354
1ffcc34f-4c63-424b-af21-45e93dbccd41,MLA42846011,ALPHANUMERIC_MODEL,Modelo alfanumérico,17859590,Android 10.0,True,2025-04-03 12:09:12.804357,2025-04-03 12:09:12.804357
e2473a4c-8dcb-4e8a-95b1-c5a577d4f4df,MLA42846011,COLOR,Color,52049,Negro,True,2025-04-03 12:09:12.804360,2025-04-03 12:09:12.804360
b8bb20de-6118-40c7-82dc-9c7896bd8d77,MLA42846011,STORAGE_CAPACITY,Capacidad de almacenamiento,18656,64 GB,True,2025-04-03 12:09:12.804363,2025-04-03 12:09:12.804363
c4d4e605-808e-4de2-8028-1025c321dda7,MLA42846011,RAM_MEMORY,Memoria RAM,455397,32 GB,True,2025-04-03 12:09:12.804367,2025-04-03 12:09:12.804367
a422bd27-4cff-484e-bea4-2412d637449e,MLA42846011,REMOTE_CONTROL_TYPE,Tipo de control remoto,182134,Estándar,True,2025-04-03 12:09:12.804370,2025-04-03 12:09:12.804371
b40b0cfc-f266-40fa-8ab9-a9bf55160739,MLA42846011,MAIN_COLOR,Color principal,2450295,Negro,True,2025-04-03 12:09:12.804373,2025-04-03 12:09:12.804374
110bb7d6-0795-4461-8ea1-a2af7032bb61,MLA42846011,DEVICE_FORMAT,Formato del dispositivo,8616495,TV Box,True,2025-04-03 12:09:12.804377,2025-04-03 12:09:12.804377
2b5d3037-1c1a-48d4-91e4-f6c5b28251ed,MLA42846011,MAX_VIDEO_RESOLUTION,Resolución máxima de video,169883,4K,True,2025-04-03 12:09:12.804380,2025-04-03 12:09:12.804380
12253365-4f74-4889-baa1-2df2ec2ee647,MLA42846011,AUDIO_AND_VIDEO_INTERFACES,Interfaces de audio y video,,"AV, HDMI",True,2025-04-03 12:09:12.804383,2025-04-03 12:09:12.804383
e2e04016-11fc-4997-8aa3-c6e612664270,MLA42846011,ANATEL_HOMOLOGATION_NUMBER,Homologación Anatel Nº,40783283,162042110390,True,2025-04-03 12:09:12.804386,2025-04-03 12:09:12.804386
5b5f2c2d-8899-4b03-95b3-d413deb658e5,MLA42846011,WITH_INTEGRATED_VOICE_ASSISTANTS,Con asistentes de voz integrados,242084,No,True,2025-04-03 12:09:12.804389,2025-04-03 12:09:12.804389
34447290-5cf6-4c2d-88fd-610c1e6c9133,MLA42846011,INTEGRATED_VOICE_ASSISTANTS,Asistentes de voz integrados,,no,True,2025-04-03 12:09:12.804392,2025-04-03 12:09:12.804392
2f1f2861-42d4-4f15-b223-88bebe1161a6,MLA28367883,BRAND,Marca,2230762,Mecool,True,2025-04-03 12:09:12.804416,2025-04-03 12:09:12.804417
20a92ef8-d029-4fdb-aab0-619efc8b294d,MLA28367883,MODEL,Modelo,26511446,Mecool-Mini,True,2025-04-03 12:09:12.804420,2025-04-03 12:09:12.804420
0dc25905-cf2d-4078-a559-5e3b87cf4c0b,MLA42193314,BRAND,Marca,35894724,OEM,True,2025-04-03 12:09:12.804447,2025-04-03 12:09:12.804447
d1a4b87b-effd-4686-9baf-50c51c813a17,MLA42193314,MODEL,Modelo,17321783,G7s,True,2025-04-03 12:09:12.804450,2025-04-03 12:09:12.804450
8dbe1de2-b5e8-473e-a75b-b7541cab58ac,MLA42193314,COLOR,Color,52049,Negro,True,2025-04-03 12:09:12.804453,2025-04-03 12:09:12.804453
144448b3-4966-49eb-9e41-4c94c2b4accf,MLA42193314,REMOTE_CONTROL_TYPE,Tipo de control remoto,182134,Estándar,True,2025-04-03 12:09:12.804456,2025-04-03 12:09:12.804457
78b2b65d-93a1-4a1a-aebb-be29a466a69e,MLA42193314,DEVICE_FORMAT,Formato del dispositivo,9234856,Pendant Box,True,2025-04-03 12:09:12.804459,2025-04-03 12:09:12.804460
dfc73b2a-13ef-4c1b-acda-36640957a24e,MLA42193314,MAX_VIDEO_RESOLUTION,Resolución máxima de video,13356127,Full HD 1080p,True,2025-04-03 12:09:12.804463,2025-04-03 12:09:12.804463
50fb5cbc-e73c-4199-b56f-8dccb32f81b2,MLA42193314,AUDIO_AND_VIDEO_INTERFACES,Interfaces de audio y video,,HDMI,True,2025-04-03 12:09:12.804466,2025-04-03 12:09:12.804466
69694e9f-5fd9-44b9-a3c7-5547b8ecb930,MLA42193314,PORTS_AND_CONNECTORS_TYPES,Tipos de puertos y conectores,,Micro-USB,True,2025-04-03 12:09:12.804470,2025-04-03 12:09:12.804470
fb8b3c89-3e43-4671-9af0-c5d646328f21,MLA42193314,MANUFACTURER,Fabricante,40905235,Google Llc,True,2025-04-03 12:09:12.804473,2025-04-03 12:09:12.804473
f24a9931-5926-40d1-a913-51fe916c371a,MLA42193314,WITH_BLUETOOTH,Con Bluetooth,242085,Sí,True,2025-04-03 12:09:12.804476,2025-04-03 12:09:12.804476
a6fd461a-5c04-4ca9-b6fc-0aba3a081319,MLA42193314,WITH_WI_FI,Con Wi-Fi,242085,Sí,True,2025-04-03 12:09:12.804479,2025-04-03 12:09:12.804479
4e5ef6aa-5fcf-4837-8f3d-9c7c17bd8d44,MLA42193314,WITH_INTEGRATED_VOICE_ASSISTANTS,Con asistentes de voz integrados,242085,Sí,True,2025-04-03 12:09:12.804482,2025-04-03 12:09:12.804482
d45e7b26-7904-40ae-ab1f-685969cc05ae,MLA42193314,INTEGRATED_VOICE_ASSISTANTS,Asistentes de voz integrados,,Google Assistant,True,2025-04-03 12:09:12.804485,2025-04-03 12:09:12.804485
98c99d0a-4e57-45ec-970e-c17d83d07751,MLA42193314,OS_NAME,Nombre del sistema operativo,296858,Android,True,2025-04-03 12:09:12.804488,2025-04-03 12:09:12.804488
9d459061-c1a6-4d10-a9f3-ce0aeb654b5e,MLA42193314,STREAMING_TECHNOLOGIES,Tecnologías de streaming,,Google Cast,True,2025-04-03 12:09:12.804491,2025-04-03 12:09:12.804492
9193f644-4197-4e6c-a4df-23b25f4cfd5b,MLA42193314,AUDIO_QUALITY,Calidad de audio,,Dolby Audio,True,2025-04-03 12:09:12.804495,2025-04-03 12:09:12.804495
160c2b97-56db-4994-b9fc-5bd973827129,MLA42193314,WI_FI_STANDARDS,Estándares Wi-Fi,,"2.4GHz, 5.8GHz",True,2025-04-03 12:09:12.804498,2025-04-03 12:09:12.804498
2eb6aa7a-f95e-42dc-afb8-244d1d8c2ccf,MLA28144143,BRAND,Marca,8112646,Realme,True,2025-04-03 12:09:12.804518,2025-04-03 12:09:12.804518
290d94d2-244d-415b-9f60-3cf7f92a4c99,MLA28144143,MODEL,Modelo,26186943,Smart TV stick,True,2025-04-03 12:09:12.804521,2025-04-03 12:09:12.804521
07f88bc4-1bb7-4057-bb08-56db19e9bed6,MLA28144143,GENERATION,Generación,8246074,1.ª generación,True,2025-04-03 12:09:12.804524,2025-04-03 12:09:12.804525
2323b02d-78ed-4645-9d92-e0fbff40a6a3,MLA28144143,COLOR,Color,52049,Negro,True,2025-04-03 12:09:12.804527,2025-04-03 12:09:12.804528
780d2239-3a7a-4af1-842d-95fe8126154b,MLA28144143,STORAGE_CAPACITY,Capacidad de almacenamiento,98765,1 GB,True,2025-04-03 12:09:12.804531,2025-04-03 12:09:12.804531
e75045b7-192d-4cdd-875e-f9b2770040ca,MLA28144143,RAM_MEMORY,Memoria RAM,579564,8 GB,True,2025-04-03 12:09:12.804534,2025-04-03 12:09:12.804534
b696cb3c-6d75-4a78-8707-0674337f5fa0,MLA28144143,MAIN_COLOR,Color principal,2450295,Negro,True,2025-04-03 12:09:12.804537,2025-04-03 12:09:12.804537
1673a052-000e-4c91-b100-3f2a0f6f9376,MLA28144143,DEVICE_FORMAT,Formato del dispositivo,8616496,Stick,True,2025-04-03 12:09:12.804540,2025-04-03 12:09:12.804540
9391661d-a57f-473e-be6f-4e7603370ec9,MLA28144143,MAX_VIDEO_RESOLUTION,Resolución máxima de video,5516041,1080p,True,2025-04-03 12:09:12.804543,2025-04-03 12:09:12.804543
decbc78e-c36b-489f-856b-03090bc0f0ae,MLA28144143,AUDIO_AND_VIDEO_INTERFACES,Interfaces de audio y video,,"HDMI, USB",True,2025-04-03 12:09:12.804546,2025-04-03 12:09:12.804546
34db9339-de1d-431a-af07-05970ec6cbb4,MLA28144143,PORTS_AND_CONNECTORS_TYPES,Tipos de puertos y conectores,,"HDMI, USB",True,2025-04-03 12:09:12.804549,2025-04-03 12:09:12.804549
f26c1b1f-889d-4e7f-a407-93b27b4bd827,MLA28144143,WITH_BLUETOOTH,Con Bluetooth,242085,Sí,True,2025-04-03 12:09:12.804552,2025-04-03 12:09:12.804552
14041a37-c98b-463f-a02e-1669f2381584,MLA28144143,WITH_WI_FI,Con Wi-Fi,242085,Sí,True,2025-04-03 12:09:12.804555,2025-04-03 12:09:12.804555
8f4c775e-f3c4-44ad-9b08-5c290c2213ea,MLA28144143,INCLUDES_HDMI_CABLE,Incluye cable HDMI,242085,Sí,True,2025-04-03 12:09:12.804559,2025-04-03 12:09:12.804559
2179b82d-dd26-4013-845c-d10fbb2f107c,MLA28144143,LENGTH,Largo,7817392,9 cm,True,2025-04-03 12:09:12.804562,2025-04-03 12:09:12.804562
ba8405d4-5c17-4914-8ce8-dada3d09a995,MLA28144143,WIDTH,Ancho,23193381,2.98 cm,True,2025-04-03 12:09:12.804565,2025-04-03 12:09:12.804566
5cc2af82-0775-48ef-bacb-60795403a099,MLA28144143,HEIGHT,Altura,22153721,1.45 cm,True,2025-04-03 12:09:12.804568,2025-04-03 12:09:12.804569
530e3568-d78e-4f35-b96d-3f2e89ab6fcc,MLA28144143,WEIGHT,Peso,16343942,30 g,True,2025-04-03 12:09:12.804572,2025-04-03 12:09:12.804572
24e0f1fb-eafb-46e0-a708-575d90f88ecd,MLA28144143,OS_NAME,Nombre del sistema operativo,296858,Android,True,2025-04-03 12:09:12.804575,2025-04-03 12:09:12.804575
3ab1ddbf-31ee-4b43-8e83-7ac4b554899b,MLA28144143,STREAMING_TECHNOLOGIES,Tecnologías de streaming,,Chromecast,True,2025-04-03 12:09:12.804578,2025-04-03 12:09:12.804578
8bca7240-5f51-4a98-b696-8e0ca00bb27a,MLA28144143,LANGUAGE_OPTIONS,Opciones de idioma,,Multilenguaje,True,2025-04-03 12:09:12.804581,2025-04-03 12:09:12.804581
badc05b1-e67b-4d29-88cc-d102c26b9cb9,MLA28144143,CPU,CPU,,Cortex-A35 Quad-Core,True,2025-04-03 12:09:12.804584,2025-04-03 12:09:12.804584
1dfe7336-9111-4af1-85e9-ebce4bc83060,MLA28144143,GRAPHICS_PROCESSOR,Procesador gráfico,13310222,G31 MP2 Dual-Core,True,2025-04-03 12:09:12.804587,2025-04-03 12:09:12.804587
c4e2ad08-fec5-4431-a9a2-fb6b054e2258,MLA28144143,WI_FI_STANDARDS,Estándares Wi-Fi,,IEEE 802.11a/b/n/g/ac,True,2025-04-03 12:09:12.804590,2025-04-03 12:09:12.804591
5f13a488-63b6-45ff-89b2-933940e62173,MLA28144143,FREQUENCIES,Frecuencias,,"2.4 GHz, 5 GHz",True,2025-04-03 12:09:12.804593,2025-04-03 12:09:12.804594
f3c8b484-92bc-42b5-b573-acac08261a50,MLA28144143,DEVICE_OPERATING_VOLTAGE,Voltaje de funcionamiento,8631470,5 V,True,2025-04-03 12:09:12.804596,2025-04-03 12:09:12.804597
9e1a9a95-d9ea-476b-a4c4-70da935f7f88,MLA42618514,BRAND,Marca,411321,Monoprice,True,2025-04-03 12:09:12.804617,2025-04-03 12:09:12.804617
898afaa6-31ef-496b-b28f-96c9df4fbe33,MLA37165537,BRAND,Marca,38042958,Shysky Tech,True,2025-04-03 12:09:12.804635,2025-04-03 12:09:12.804635
0cc15209-9e74-448b-8ca1-8247927f2bc2,MLA41831681,BRAND,Marca,42881681,VTNIU,True,2025-04-03 12:09:12.804669,2025-04-03 12:09:12.804669
26f101d9-3b45-4440-af0a-a6cbcc619ef8,MLA41831681,MODEL,Modelo,43508212,X96 Max Ultra,True,2025-04-03 12:09:12.804672,2025-04-03 12:09:12.804672
c20a7d73-c853-4b3b-8175-7b01ed6925cf,MLA41831681,COLOR,Color,52049,Negro,True,2025-04-03 12:09:12.804675,2025-04-03 12:09:12.804675
fddbee93-b1b4-4989-a122-f28c45326628,MLA41831681,REMOTE_CONTROL_TYPE,Tipo de control remoto,182134,Estándar,True,2025-04-03 12:09:12.804678,2025-04-03 12:09:12.804678
d2e9ff25-1e81-4c5f-b798-a75fd36b4b6c,MLA41831681,DEVICE_FORMAT,Formato del dispositivo,8616495,TV Box,True,2025-04-03 12:09:12.804681,2025-04-03 12:09:12.804681
7b8e74f0-acd4-4e1a-91db-d778e891d395,MLA41831681,AUDIO_AND_VIDEO_INTERFACES,Interfaces de audio y video,,HDMI,True,2025-04-03 12:09:12.804684,2025-04-03 12:09:12.804685
a276a61a-40ec-4dc4-ade5-750b9a9014d6,MLA41831681,PORTS_AND_CONNECTORS_TYPES,Tipos de puertos y conectores,,"USB-A, Ethernet",True,2025-04-03 12:09:12.804687,2025-04-03 12:09:12.804688
96aa8088-1f83-4897-b2f3-57fe1436936b,MLA41831681,WITH_BLUETOOTH,Con Bluetooth,242085,Sí,True,2025-04-03 12:09:12.804690,2025-04-03 12:09:12.804691
0ab36e13-ad81-4581-8c5d-10d1e46204c1,MLA41831681,WITH_WI_FI,Con Wi-Fi,242085,Sí,True,2025-04-03 12:09:12.804694,2025-04-03 12:09:12.804694
11e1d2db-76cb-44c4-b3b1-fbade0d3d1ab,MLA42425158,BRAND,Marca,11608014,Lirom,True,2025-04-03 12:09:12.804714,2025-04-03 12:09:12.804714
f2deacda-0680-4e8b-be02-1ce7a471fb2f,MLA20544893,BRAND,Marca,27216,Amazon,True,2025-04-03 12:09:12.804729,2025-04-03 12:09:12.804729
fbce7b68-581f-44ee-87ac-37b8fcb927e1,MLA20544893,MODEL,Modelo,11158915,Fire TV Stick,True,2025-04-03 12:09:12.804732,2025-04-03 12:09:12.804732
26214766-f526-42d4-a0bf-e251c0ac3c46,MLA20544893,GENERATION,Generación,8248559,3.ª generación,True,2025-04-03 12:09:12.804735,2025-04-03 12:09:12.804735
32d55a0a-9466-4269-8be4-a1727772a47c,MLA20544893,ALPHANUMERIC_MODEL,Modelo alfanumérico,20129911,B08C1K6LB2,True,2025-04-03 12:09:12.804738,2025-04-03 12:09:12.804738
367afda9-c5cb-4de9-8c73-639ec4985202,MLA20544893,COLOR,Color,52049,Negro,True,2025-04-03 12:09:12.804741,2025-04-03 12:09:12.804741
efc9100c-9365-473b-96d8-7f08ff45cc13,MLA20544893,STORAGE_CAPACITY,Capacidad de almacenamiento,18646,8 GB,True,2025-04-03 12:09:12.804744,2025-04-03 12:09:12.804744
cafaba91-cb3e-48a7-826f-819a3335b867,MLA20544893,RAM_MEMORY,Memoria RAM,98978,1 GB,True,2025-04-03 12:09:12.804747,2025-04-03 12:09:12.804747
11ffe4b1-0db0-4537-8bc3-5012d2e8da94,MLA20544893,REMOTE_CONTROL_TYPE,Tipo de control remoto,19198953,De voz,True,2025-04-03 12:09:12.804750,2025-04-03 12:09:12.804751
e120105b-3ed4-4ab6-8004-a3e4afc28afd,MLA20544893,MAIN_COLOR,Color principal,2450295,Negro,True,2025-04-03 12:09:12.804754,2025-04-03 12:09:12.804754
249cc4c2-c0be-4ee6-abd4-cf52364280e9,MLA20544893,DEVICE_FORMAT,Formato del dispositivo,8616496,Stick,True,2025-04-03 12:09:12.804757,2025-04-03 12:09:12.804757
a906ad60-6c07-4cb8-a81d-f8e3aedcdebb,MLA20544893,MAX_VIDEO_RESOLUTION,Resolución máxima de video,168332,Full HD,True,2025-04-03 12:09:12.804761,2025-04-03 12:09:12.804761
715cf6f1-1a07-4537-a5c2-2c1b5c2d23ca,MLA20544893,COMPATIBLE_APPLICATIONS,Aplicaciones compatibles,,"Amazon Prime Video, Apple TV+, Disney+, Netflix, Pluto TV, Star+, YouTube",True,2025-04-03 12:09:12.804764,2025-04-03 12:09:12.804765
ad3c5f86-5588-4cdf-80d4-ee86ba420f3a,MLA20544893,RECOMMENDED_DEVICES,Dispositivos recomendados,,Televisores,True,2025-04-03 12:09:12.804767,2025-04-03 12:09:12.804768
402f5888-0543-4bbd-b5dc-ea462cea4fa2,MLA20544893,AUDIO_AND_VIDEO_INTERFACES,Interfaces de audio y video,,HDMI,True,2025-04-03 12:09:12.804771,2025-04-03 12:09:12.804771
3640f582-5816-4e03-a0f4-2c40f4efe5a9,MLA20544893,PORTS_AND_CONNECTORS_TYPES,Tipos de puertos y conectores,,Micro-USB,True,2025-04-03 12:09:12.804774,2025-04-03 12:09:12.804774
5dd1cac3-5f0e-4144-b9eb-63e1be249217,MLA20544893,MANUFACTURER,Fabricante,40907153,Amazon.com Services LLC,True,2025-04-03 12:09:12.804777,2025-04-03 12:09:12.804777
8cbb520b-5845-47db-b727-2e27775a1343,MLA20544893,WITH_BLUETOOTH,Con Bluetooth,242085,Sí,True,2025-04-03 12:09:12.804780,2025-04-03 12:09:12.804780
76d65cc5-a360-4201-8bf8-9bed6df24ab1,MLA20544893,WITH_WI_FI,Con Wi-Fi,242085,Sí,True,2025-04-03 12:09:12.804783,2025-04-03 12:09:12.804783
3bb5c61a-4aff-4eec-a6a5-c38ef060b0ee,MLA20544893,WITH_INTEGRATED_VOICE_ASSISTANTS,Con asistentes de voz integrados,242085,Sí,True,2025-04-03 12:09:12.804786,2025-04-03 12:09:12.804786
0f591b6e-f992-482b-8079-30bd3e2614f9,MLA20544893,INTEGRATED_VOICE_ASSISTANTS,Asistentes de voz integrados,,Alexa,True,2025-04-03 12:09:12.804789,2025-04-03 12:09:12.804789
46393bae-0cad-4eb3-bed4-b6c58e07aa41,MLA20544893,INCLUDES_HDMI_CABLE,Incluye cable HDMI,242085,Sí,True,2025-04-03 12:09:12.804792,2025-04-03 12:09:12.804792
b6b560e3-0d8b-4164-a387-bd383a05a66b,MLA20544893,INCLUDES_CELL_BATTERIES,Incluye pilas,242085,Sí,True,2025-04-03 12:09:12.804795,2025-04-03 12:09:12.804795
5a7f652c-681f-4c2a-9cad-93c1019de500,MLA20544893,LENGTH,Largo,7897766,8.6 cm,True,2025-04-03 12:09:12.804798,2025-04-03 12:09:12.804798
4a15a5da-2bc9-4588-a63f-e61ed7d3147e,MLA20544893,WIDTH,Ancho,8841503,3.8 cm,True,2025-04-03 12:09:12.804801,2025-04-03 12:09:12.804801
a447a75a-9e98-4b61-84d9-e1f51da57b28,MLA20544893,HEIGHT,Altura,8961564,14.2 cm,True,2025-04-03 12:09:12.804804,2025-04-03 12:09:12.804804
a903ed55-383c-43f7-8568-efb7cbe1f147,MLA20544893,WEIGHT,Peso,19413038,43.4 g,True,2025-04-03 12:09:12.804807,2025-04-03 12:09:12.804808
69763b44-fdb7-4151-9b1a-33d24824843f,MLA20544893,OS_NAME,Nombre del sistema operativo,355775,Fire OS,True,2025-04-03 12:09:12.804810,2025-04-03 12:09:12.804811
9f79d80d-2a70-401a-859d-70290193a719,MLA20544893,STREAMING_TECHNOLOGIES,Tecnologías de streaming,,Miracast,True,2025-04-03 12:09:12.804814,2025-04-03 12:09:12.804814
878598bd-fb8d-4ed7-a9b3-2d9c531e3aa6,MLA20544893,AUDIO_QUALITY,Calidad de audio,,"DTS, Dolby Atmos, Dolby Digital, Dolby Digital Plus",True,2025-04-03 12:09:12.804817,2025-04-03 12:09:12.804817
bba4d553-7d4d-42d3-95b9-0ffc488dceb7,MLA20544893,CPU,CPU,,Quad-Core,True,2025-04-03 12:09:12.804820,2025-04-03 12:09:12.804820
e434cc3f-c43e-48c3-81f7-80d62d731627,MLA20544893,GRAPHICS_PROCESSOR,Procesador gráfico,9129451,IMG GE8300,True,2025-04-03 12:09:12.804823,2025-04-03 12:09:12.804823
f22e39ea-dfd3-497b-ae77-e6a31437b772,MLA20544893,WI_FI_STANDARDS,Estándares Wi-Fi,,IEEE 802.11a/b/g/n/ac,True,2025-04-03 12:09:12.804826,2025-04-03 12:09:12.804827
99ae3ca6-2789-464e-b52c-4ee869aff7d4,MLA20544893,FREQUENCIES,Frecuencias,,"2.4 GHz, 5 GHz",True,2025-04-03 12:09:12.804829,2025-04-03 12:09:12.804830
3fc9287b-50d3-450c-abc5-75739fe538ee,MLA41079335,BRAND,Marca,42885346,Koarmy,True,2025-04-03 12:09:12.804847,2025-04-03 12:09:12.804848
c31c5aae-9d4b-4348-af23-fd56b4ea4f55,MLA41079335,MODEL,Modelo,21641372,Desconocido,True,2025-04-03 12:09:12.804851,2025-04-03 12:09:12.804851
6755c25d-b12f-4805-ac70-1fcae9efdba7,MLA41079335,COLOR,Color,52049,Negro,True,2025-04-03 12:09:12.804854,2025-04-03 12:09:12.804854
9c885ec5-28ae-460c-a30f-39a8a59c5be2,MLA41079335,REMOTE_CONTROL_TYPE,Tipo de control remoto,182134,Estándar,True,2025-04-03 12:09:12.804857,2025-04-03 12:09:12.804857
c99b55de-5029-4c83-aec4-064d3b42d3cd,MLA41079335,DEVICE_FORMAT,Formato del dispositivo,9234856,Pendant Box,True,2025-04-03 12:09:12.804860,2025-04-03 12:09:12.804860
ef3a1aa0-42fd-4579-8a89-53f659e159d5,MLA41079335,MAX_VIDEO_RESOLUTION,Resolución máxima de video,169883,4K,True,2025-04-03 12:09:12.804863,2025-04-03 12:09:12.804863
dfa83c38-a556-4410-87f5-9a95c75e1dd1,MLA41079335,COMPATIBLE_APPLICATIONS,Aplicaciones compatibles,,"Netflix, YouTube, Amazon Prime Video, Hulu",True,2025-04-03 12:09:12.804866,2025-04-03 12:09:12.804866
45d8e654-c8d6-4cbc-9590-744f0072eabb,MLA41079335,RECOMMENDED_DEVICES,Dispositivos recomendados,,"Celulares, Tablets, Computadoras portátiles, Proyectores",True,2025-04-03 12:09:12.804869,2025-04-03 12:09:12.804869
2e0581b4-75fe-4363-aecb-a35d7812cd6a,MLA41079335,AUDIO_AND_VIDEO_INTERFACES,Interfaces de audio y video,,HDMI,True,2025-04-03 12:09:12.804872,2025-04-03 12:09:12.804872
a754591d-a29e-4b08-83e3-19fdcfb3f304,MLA41079335,PORTS_AND_CONNECTORS_TYPES,Tipos de puertos y conectores,,Micro-USB,True,2025-04-03 12:09:12.804875,2025-04-03 12:09:12.804875
12840548-85a1-4192-aae5-505394dbbdd9,MLA41079335,WITH_BLUETOOTH,Con Bluetooth,242085,Sí,True,2025-04-03 12:09:12.804878,2025-04-03 12:09:12.804878
8d31b6ed-0c05-4399-bcd2-425e49b70ce5,MLA41079335,WITH_WI_FI,Con Wi-Fi,242085,Sí,True,2025-04-03 12:09:12.804881,2025-04-03 12:09:12.804881
01864db3-7697-4873-9922-7d07f9d488ff,MLA41079335,WITH_INTEGRATED_VOICE_ASSISTANTS,Con asistentes de voz integrados,242084,No,True,2025-04-03 12:09:12.804886,2025-04-03 12:09:12.804886
60eb3f03-fcac-46dc-a893-0e30dbf5583d,MLA41079335,INCLUDES_HDMI_CABLE,Incluye cable HDMI,242084,No,True,2025-04-03 12:09:12.804889,2025-04-03 12:09:12.804889
b01d879e-a4da-4df0-883c-f397bbd2ccbb,MLA41079335,INCLUDES_CELL_BATTERIES,Incluye pilas,242084,No,True,2025-04-03 12:09:12.804892,2025-04-03 12:09:12.804892
1851d76c-f13f-499e-9ae6-7023e4032ccf,MLA41079335,OS_NAME,Nombre del sistema operativo,296858,Android,True,2025-04-03 12:09:12.804895,2025-04-03 12:09:12.804895
f2ac157a-36a6-4efd-827a-0469ede7819d,MLA41070580,BRAND,Marca,36853927,Airshi,True,2025-04-03 12:09:12.804932,2025-04-03 12:09:12.804932
597bb38a-4e17-4d61-be58-edd571ef0554,MLA41070580,MODEL,Modelo,21641372,Desconocido,True,2025-04-03 12:09:12.804935,2025-04-03 12:09:12.804935
21b75d65-024e-4745-a3e5-719ec67dae3f,MLA41070580,COLOR,Color,52049,Negro,True,2025-04-03 12:09:12.804939,2025-04-03 12:09:12.804939
417bbbbb-efa6-4663-9047-9a134f704eda,MLA41070580,DEVICE_FORMAT,Formato del dispositivo,8616496,Stick,True,2025-04-03 12:09:12.804942,2025-04-03 12:09:12.804942
41959ea5-cbd3-4474-a4bf-89dc641dd316,MLA41070580,WITH_WI_FI,Con Wi-Fi,242085,Sí,True,2025-04-03 12:09:12.804945,2025-04-03 12:09:12.804945
94545cd2-9797-4188-af47-6f586ad632b9,MLA24596630,BRAND,Marca,474046,Pendoo,True,2025-04-03 12:09:12.804985,2025-04-03 12:09:12.804985
81c960cc-f703-4bdd-857f-9c60b6f9bca3,MLA24596630,MODEL,Modelo,9547374,X10 Plus,True,2025-04-03 12:09:12.804988,2025-04-03 12:09:12.804989
600a4900-15a5-4bcc-bcc9-c7dcd54de7b9,MLA24596630,GENERATION,Generación,20605751,5ta Generación,True,2025-04-03 12:09:12.804991,2025-04-03 12:09:12.804992
d0085c05-6fb5-4763-98d3-3c3968a10e52,MLA24596630,ALPHANUMERIC_MODEL,Modelo alfanumérico,20963113,S905X3,True,2025-04-03 12:09:12.804994,2025-04-03 12:09:12.804995
2dee3712-580e-428c-9cbf-841c530152e3,MLA24596630,COLOR,Color,52049,Negro,True,2025-04-03 12:09:12.804998,2025-04-03 12:09:12.804998
aa61d380-3839-4cec-bb36-8001e653d847,MLA24596630,STORAGE_CAPACITY,Capacidad de almacenamiento,18621,32 GB,True,2025-04-03 12:09:12.805001,2025-04-03 12:09:12.805001
3c361213-ae7f-4e7a-a372-36ec08d644c4,MLA24596630,RAM_MEMORY,Memoria RAM,98852,4 GB,True,2025-04-03 12:09:12.805004,2025-04-03 12:09:12.805004
90a7eb1a-a212-4f8b-b5d0-9425a76cba2f,MLA24596630,DEVICE_FORMAT,Formato del dispositivo,8616495,TV Box,True,2025-04-03 12:09:12.805007,2025-04-03 12:09:12.805007
c7521128-46b0-4e9e-a7d7-f19808781e17,MLA24596630,MAX_VIDEO_RESOLUTION,Resolución máxima de video,169883,4K,True,2025-04-03 12:09:12.805010,2025-04-03 12:09:12.805010
def912f8-07c8-4197-951a-2c5d0a5e5bdd,MLA24596630,RECOMMENDED_DEVICES,Dispositivos recomendados,,Televisores,True,2025-04-03 12:09:12.805013,2025-04-03 12:09:12.805013
c671f8e0-84c9-4c7b-9b97-f878a693a64a,MLA24596630,WITH_BLUETOOTH,Con Bluetooth,242085,Sí,True,2025-04-03 12:09:12.805016,2025-04-03 12:09:12.805016
8439d6d0-5205-4ce6-a811-79d81d185644,MLA24596630,WITH_WI_FI,Con Wi-Fi,242085,Sí,True,2025-04-03 12:09:12.805019,2025-04-03 12:09:12.805019
759dff2e-9edc-4547-9220-7ba6572bd358,MLA24596630,INCLUDES_HDMI_CABLE,Incluye cable HDMI,242085,Sí,True,2025-04-03 12:09:12.805022,2025-04-03 12:09:12.805022
5fad1bc4-04ca-46d9-8a1d-a8b2397c9db4,MLA24596630,LENGTH,Largo,7817120,10.5 cm,True,2025-04-03 12:09:12.805025,2025-04-03 12:09:12.805025
27964065-0993-481d-9d6b-bc39f70ee9a6,MLA24596630,WIDTH,Ancho,7817121,10.5 cm,True,2025-04-03 12:09:12.805028,2025-04-03 12:09:12.805029
9226e69b-8f50-445b-bec3-a49838600e0b,MLA24596630,HEIGHT,Altura,7891537,2 cm,True,2025-04-03 12:09:12.805031,2025-04-03 12:09:12.805032
f1b3550b-7dc7-463a-912c-21d71ada5c01,MLA24596630,OS_NAME,Nombre del sistema operativo,7818380,Android 9.0,True,2025-04-03 12:09:12.805034,2025-04-03 12:09:12.805035
75822302-6cff-4881-8e4c-11468f5c456e,MLA24596630,CPU,CPU,,Amlogic s905x2 arm cortex-a53 quad-core,True,2025-04-03 12:09:12.805038,2025-04-03 12:09:12.805038
08ab546e-5516-48a3-8ba5-39c30ab3eb60,MLA24596630,GRAPHICS_PROCESSOR,Procesador gráfico,20963127,Davlin MP2,True,2025-04-03 12:09:12.805041,2025-04-03 12:09:12.805041
95b5ac3a-9e6f-48a4-afdc-87f784352078,MLA24596630,WI_FI_STANDARDS,Estándares Wi-Fi,,IEEE 802.11ac,True,2025-04-03 12:09:12.805044,2025-04-03 12:09:12.805044
03cca9de-358c-4905-b846-9548e0131d27,MLA24596630,DEVICE_OPERATING_VOLTAGE,Voltaje de funcionamiento,8631470,5 V,True,2025-04-03 12:09:12.805047,2025-04-03 12:09:12.805047
c6e50866-f2ac-4d5c-ab36-a28c714d979d,MLA18605482,BRAND,Marca,168521,Roku,True,2025-04-03 12:09:12.805070,2025-04-03 12:09:12.805070
e162ebc1-a7fa-4724-a4a9-6befdeaad886,MLA18605482,MODEL,Modelo,168522,Streaming Stick,True,2025-04-03 12:09:12.805073,2025-04-03 12:09:12.805074
ce4321f5-ce6d-4950-957d-c2d21f399452,MLA18605482,ALPHANUMERIC_MODEL,Modelo alfanumérico,2241981,3500,True,2025-04-03 12:09:12.805081,2025-04-03 12:09:12.805081
f6b0e9b5-bf67-4fc5-84f0-789274d224c3,MLA18605482,COLOR,Color,52035,Violeta,True,2025-04-03 12:09:12.805084,2025-04-03 12:09:12.805084
95a49062-baf6-49cd-9698-eb7ab3f1ce1b,MLA18605482,REMOTE_CONTROL_TYPE,Tipo de control remoto,182134,Estándar,True,2025-04-03 12:09:12.805087,2025-04-03 12:09:12.805087
4a2d8d50-543a-4119-aef9-16cc347f21a4,MLA18605482,DEVICE_FORMAT,Formato del dispositivo,8616496,Stick,True,2025-04-03 12:09:12.805090,2025-04-03 12:09:12.805090
9e445690-9193-4bb0-b899-0b737af384e2,MLA18605482,MAX_VIDEO_RESOLUTION,Resolución máxima de video,168332,Full HD,True,2025-04-03 12:09:12.805093,2025-04-03 12:09:12.805093
3b6b7ec8-1e77-4d8e-abb8-e38e0182a17c,MLA18605482,COMPATIBLE_APPLICATIONS,Aplicaciones compatibles,,"Netflix, Amazon Prime Video, ESPN, Google Play, YouTube, HBO Go, PBS Kids, Pandora, Showtime, Hulu Plus",True,2025-04-03 12:09:12.805096,2025-04-03 12:09:12.805096
be088607-9296-404e-87b2-2f1688a69748,MLA18605482,RECOMMENDED_DEVICES,Dispositivos recomendados,,"Televisores, Celulares",True,2025-04-03 12:09:12.805099,2025-04-03 12:09:12.805099
f5aea971-aa90-4351-9d3e-2744aaab8fbe,MLA18605482,AUDIO_AND_VIDEO_INTERFACES,Interfaces de audio y video,,HDMI,True,2025-04-03 12:09:12.805102,2025-04-03 12:09:12.805102
e0485e71-9ebb-48e9-ae04-451b4be11a2e,MLA18605482,PORTS_AND_CONNECTORS_TYPES,Tipos de puertos y conectores,,Micro-USB,True,2025-04-03 12:09:12.805105,2025-04-03 12:09:12.805105
e78d29c7-00e8-40ff-8c2a-e2ca2413ba77,MLA18605482,WITH_WI_FI,Con Wi-Fi,242085,Sí,True,2025-04-03 12:09:12.805108,2025-04-03 12:09:12.805108
811b2d58-32b6-4283-9c85-5a63984d9774,MLA18605482,OS_NAME,Nombre del sistema operativo,7601514,Roku OS,True,2025-04-03 12:09:12.805111,2025-04-03 12:09:12.805111
5b94a830-129a-4612-9d1c-484a05124490,MLA18605482,AUDIO_QUALITY,Calidad de audio,,"Dolby Audio, DTS",True,2025-04-03 12:09:12.805114,2025-04-03 12:09:12.805114
da202fe9-53fb-4948-9378-e77165c6c212,MLA18605482,MIN_OPERATING_SYSTEMS_REQUIRED,Sistemas operativos mínimos requeridos,,"Android, iOS",True,2025-04-03 12:09:12.805117,2025-04-03 12:09:12.805117
7776d024-94d0-4bb9-a4b7-d49c9f0f055a,MLA18605482,WI_FI_STANDARDS,Estándares Wi-Fi,,IEEE 802.11a/b/g/n,True,2025-04-03 12:09:12.805121,2025-04-03 12:09:12.805121
618e7f3d-c349-42ec-abc8-eed0156f49e5,MLA34303722,BRAND,Marca,4153186,C.Crane,True,2025-04-03 12:09:12.805141,2025-04-03 12:09:12.805141
ee2e8dec-9ada-479e-82b5-87dd1cde2d34,MLA34303722,WITH_BLUETOOTH,Con Bluetooth,242085,Sí,True,2025-04-03 12:09:12.805144,2025-04-03 12:09:12.805144
441e3078-1cad-4245-ac0f-5dfd63f2b042,MLA34303722,WITH_WI_FI,Con Wi-Fi,242085,Sí,True,2025-04-03 12:09:12.805147,2025-04-03 12:09:12.805147
9accf547-0f66-4110-828c-ae7da97fb720,MLA37503450,BRAND,Marca,37303832,Asonway,True,2025-04-03 12:09:12.805187,2025-04-03 12:09:12.805187
57a8f66e-d2b5-4652-aa3a-4868d80ff0bd,MLA21389309,BRAND,Marca,276243,Genérica,True,2025-04-03 12:09:12.805209,2025-04-03 12:09:12.805209
5c32a717-711e-4ae2-93fa-f3e95bc0cdd1,MLA21389309,MODEL,Modelo,35536,G2,True,2025-04-03 12:09:12.805212,2025-04-03 12:09:12.805212
fdb28efc-439a-4dd1-b873-468652d7ad98,MLA21389309,GENERATION,Generación,8248559,3.ª generación,True,2025-04-03 12:09:12.805215,2025-04-03 12:09:12.805216
7101972e-76c3-4ada-bbba-3210b27d4bb8,MLA21389309,ALPHANUMERIC_MODEL,Modelo alfanumérico,16173729,googla,True,2025-04-03 12:09:12.805219,2025-04-03 12:09:12.805219
6903ac8b-600d-4041-83fd-3f465a5826ec,MLA21389309,COLOR,Color,52049,Negro,True,2025-04-03 12:09:12.805222,2025-04-03 12:09:12.805222
9fe9496d-8dee-4571-9d17-cedc0f9fc8ee,MLA21389309,STORAGE_CAPACITY,Capacidad de almacenamiento,18646,8 GB,True,2025-04-03 12:09:12.805225,2025-04-03 12:09:12.805225
3414b055-da2c-49f3-8f61-ed0a61f48021,MLA21389309,RAM_MEMORY,Memoria RAM,579564,8 GB,True,2025-04-03 12:09:12.805229,2025-04-03 12:09:12.805229
515b6c6f-16f6-451a-bbe6-a4d5cb2408e6,MLA21389309,DEVICE_FORMAT,Formato del dispositivo,9234856,Pendant Box,True,2025-04-03 12:09:12.805232,2025-04-03 12:09:12.805232
26ca11b9-b597-4733-83a0-c2ea14df74fb,MLA21389309,MAX_VIDEO_RESOLUTION,Resolución máxima de video,169883,4K,True,2025-04-03 12:09:12.805235,2025-04-03 12:09:12.805235
f8a4553b-615f-412e-91be-7fdbaa526c99,MLA21389309,AUDIO_AND_VIDEO_INTERFACES,Interfaces de audio y video,,HDMI,True,2025-04-03 12:09:12.805239,2025-04-03 12:09:12.805239
e7cc8fe4-1188-45ad-b2c1-7f7ece8aafcc,MLA21389309,WITH_WI_FI,Con Wi-Fi,242085,Sí,True,2025-04-03 12:09:12.805242,2025-04-03 12:09:12.805242
185f8248-eefd-44e4-b275-ca75a5455055,MLA21389309,OS_NAME,Nombre del sistema operativo,355777,Linux,True,2025-04-03 12:09:12.805245,2025-04-03 12:09:12.805245
2c2389a9-5ed2-4079-a540-5cf15a47da42,MLA6121663,BRAND,Marca,168538,Seguro,True,2025-04-03 12:09:12.805267,2025-04-03 12:09:12.805267
d6da307a-52cb-4e44-8484-2ab78c4f8dd6,MLA6121663,MODEL,Modelo,169873,EZCast M2 OTA,True,2025-04-03 12:09:12.805270,2025-04-03 12:09:12.805270
5009abb0-52ae-453c-b54d-7cd79f831f81,MLA6121663,DEVICE_FORMAT,Formato del dispositivo,8616496,Stick,True,2025-04-03 12:09:12.805273,2025-04-03 12:09:12.805273
8088254b-7a34-42a4-8bec-4dcc082a5f97,MLA6121663,MAX_VIDEO_RESOLUTION,Resolución máxima de video,168332,Full HD,True,2025-04-03 12:09:12.805276,2025-04-03 12:09:12.805276
7d3893e9-f50f-42ef-b3fe-d52aa3d5d70b,MLA6121663,AUDIO_AND_VIDEO_INTERFACES,Interfaces de audio y video,,HDMI,True,2025-04-03 12:09:12.805279,2025-04-03 12:09:12.805279
3d38e8af-19c2-4c4e-a61a-c92acd4f2e62,MLA6121663,WITH_WI_FI,Con Wi-Fi,242085,Sí,True,2025-04-03 12:09:12.805282,2025-04-03 12:09:12.805282
4a9f20ce-4bf4-427c-a147-b8f183ec54ce,MLA6121663,WI_FI_STANDARDS,Estándares Wi-Fi,,IEEE 802.11b/g/n,True,2025-04-03 12:09:12.805287,2025-04-03 12:09:12.805287
3e458e96-2fe5-432e-a918-b7cf1da81b46,MLA6121663,FREQUENCIES,Frecuencias,,2.4 GHz,True,2025-04-03 12:09:12.805290,2025-04-03 12:09:12.805290
2671e96c-4796-455c-8757-1ce8558ed939,MLA45571641,BRAND,Marca,59591,Doogee,True,2025-04-03 12:09:12.805308,2025-04-03 12:09:12.805308
e0d8da61-9bfe-414a-90aa-aff3ac8f0339,MLA45571641,MODEL,Modelo,12984344,S98 Pro,True,2025-04-03 12:09:12.805311,2025-04-03 12:09:12.805312
a948a466-96d3-4e7c-b6ae-5743f738d3e0,MLA45571641,GENERATION,Generación,8246074,1.ª generación,True,2025-04-03 12:09:12.805315,2025-04-03 12:09:12.805315
d03942cd-4208-49c7-81aa-0be06be78c40,MLA45571641,ALPHANUMERIC_MODEL,Modelo alfanumérico,46796071,S98PRO,True,2025-04-03 12:09:12.805318,2025-04-03 12:09:12.805318
1368c033-c0b2-42db-93f3-eb8fa3a489a3,MLA45571641,COLOR,Color,52049,Negro,True,2025-04-03 12:09:12.805321,2025-04-03 12:09:12.805322
b79f158c-8bd6-4a25-97c0-1fd99915b5c2,MLA45571641,STORAGE_CAPACITY,Capacidad de almacenamiento,99784,256 GB,True,2025-04-03 12:09:12.805325,2025-04-03 12:09:12.805325
623899ed-8cf4-4d77-8c33-c2a98186c7ca,MLA45571641,RAM_MEMORY,Memoria RAM,6439023,15 GB,True,2025-04-03 12:09:12.805328,2025-04-03 12:09:12.805328
35888388-48b6-4804-940e-eb59db877105,MLA45571641,MAIN_COLOR,Color principal,2450295,Negro,True,2025-04-03 12:09:12.805332,2025-04-03 12:09:12.805332
5fd06e87-c25e-4845-86dd-83aa72a10073,MLA45571641,MANUFACTURER,Fabricante,59591,Doogee,True,2025-04-03 12:09:12.805335,2025-04-03 12:09:12.805335
9ccf1933-f27d-4080-9d97-3e6e1302182c,MLA42838201,BRAND,Marca,44113439,Dq03,True,2025-04-03 12:09:12.805384,2025-04-03 12:09:12.805384
29a4b1ba-2fbc-417a-8d8d-d3d25add4740,MLA42838201,MODEL,Modelo,16177620,Tv Stick 4k,True,2025-04-03 12:09:12.805387,2025-04-03 12:09:12.805388
9cc9b5f6-52ad-4a49-88ec-74d167329829,MLA42838201,GENERATION,Generación,10910112,5.ª generación,True,2025-04-03 12:09:12.805391,2025-04-03 12:09:12.805391
c33adbde-e06d-4a10-a006-acf16e555960,MLA42838201,ALPHANUMERIC_MODEL,Modelo alfanumérico,44113437,2023080702381,True,2025-04-03 12:09:12.805394,2025-04-03 12:09:12.805394
aa639124-6811-408f-90e5-925ce48f2356,MLA42838201,COLOR,Color,52049,Negro,True,2025-04-03 12:09:12.805397,2025-04-03 12:09:12.805397
b5d72402-5dfe-4050-8ce1-aa52368e2c4f,MLA42838201,STORAGE_CAPACITY,Capacidad de almacenamiento,18614,16 GB,True,2025-04-03 12:09:12.805400,2025-04-03 12:09:12.805400
99e39818-cee4-493f-b753-8bd9848d19e7,MLA42838201,RAM_MEMORY,Memoria RAM,445970,2 GB,True,2025-04-03 12:09:12.805403,2025-04-03 12:09:12.805403
72b29b71-e4f1-4a2d-9e2b-4accd8b38301,MLA42838201,MAIN_COLOR,Color principal,2450295,Negro,True,2025-04-03 12:09:12.805406,2025-04-03 12:09:12.805406
cc47cade-550f-4f23-af5d-1483dab88301,MLA42838201,DEVICE_FORMAT,Formato del dispositivo,8616496,Stick,True,2025-04-03 12:09:12.805409,2025-04-03 12:09:12.805410
c1f805a7-7797-4115-be17-c6f7ccd32294,MLA42838201,MAX_VIDEO_RESOLUTION,Resolución máxima de video,169883,4K,True,2025-04-03 12:09:12.805413,2025-04-03 12:09:12.805413
2ccc08ca-f24a-4d32-b180-0266e6e18c8c,MLA42838201,WITH_WI_FI,Con Wi-Fi,242085,Sí,True,2025-04-03 12:09:12.805416,2025-04-03 12:09:12.805416
f8dfac6a-29e5-47e1-b2c0-330aa9ee710f,MLA36998765,BRAND,Marca,37828446,JIEMEIMEI,True,2025-04-03 12:09:12.805435,2025-04-03 12:09:12.805436
31c85858-7c8a-4fa4-a638-d11a938def4e,MLA36664193,BRAND,Marca,168521,Roku,True,2025-04-03 12:09:12.805457,2025-04-03 12:09:12.805457
2d534bd0-248b-41ab-b0b6-743825c9dcc6,MLA36664193,LINE,Línea,17583043,3920,True,2025-04-03 12:09:12.805460,2025-04-03 12:09:12.805460
44731e64-4e8d-4f3c-8212-c55590743620,MLA36664193,MODEL,Modelo,2230760,Premiere,True,2025-04-03 12:09:12.805463,2025-04-03 12:09:12.805464
da84f550-54b6-45c0-b095-dac601498193,MLA36664193,ALPHANUMERIC_MODEL,Modelo alfanumérico,16843940,3920XB,True,2025-04-03 12:09:12.805466,2025-04-03 12:09:12.805467
e81efdd4-6921-4b40-afdf-165db56a25f9,MLA36664193,COLOR,Color,52049,Negro,True,2025-04-03 12:09:12.805470,2025-04-03 12:09:12.805470
1f758099-3dc0-4f48-8eaa-bd1b1953d724,MLA36664193,STORAGE_CAPACITY,Capacidad de almacenamiento,15338726,0 MB,True,2025-04-03 12:09:12.805473,2025-04-03 12:09:12.805473
53be18a2-6511-4718-8045-76d23ea957be,MLA36664193,RAM_MEMORY,Memoria RAM,13089420,0 MB,True,2025-04-03 12:09:12.805476,2025-04-03 12:09:12.805476
e94b9789-d864-4fc4-aab2-71243cafcad7,MLA36664193,DEVICE_FORMAT,Formato del dispositivo,8616495,TV Box,True,2025-04-03 12:09:12.805479,2025-04-03 12:09:12.805479
81c2485d-df63-487f-9579-100e557c3e67,MLA36664193,MAX_VIDEO_RESOLUTION,Resolución máxima de video,169883,4K,True,2025-04-03 12:09:12.805483,2025-04-03 12:09:12.805483
2a4b3ae7-0d23-45ec-8f93-31382c655a65,MLA36664193,AUDIO_AND_VIDEO_INTERFACES,Interfaces de audio y video,,HDMI,True,2025-04-03 12:09:12.805486,2025-04-03 12:09:12.805486
427cc96f-2703-47c3-8f16-81bfa220d760,MLA36664193,WITH_WI_FI,Con Wi-Fi,242085,Sí,True,2025-04-03 12:09:12.805491,2025-04-03 12:09:12.805491
fc6008b3-6cc6-4049-b345-8ad3e27b11bc,MLA36664193,INCLUDES_HDMI_CABLE,Incluye cable HDMI,242085,Sí,True,2025-04-03 12:09:12.805494,2025-04-03 12:09:12.805494
ccc84635-2b1d-491d-be12-620a2cdb4617,MLA36664193,OS_NAME,Nombre del sistema operativo,7601514,Roku OS,True,2025-04-03 12:09:12.805497,2025-04-03 12:09:12.805497
955ff9fd-5896-4eb8-ba88-94ef72a9dbb7,MLA41043432,BRAND,Marca,345456,Aikon,True,2025-04-03 12:09:12.805521,2025-04-03 12:09:12.805522
d14b85d4-6a89-4af5-a893-ab6691cbbd7d,MLA41043432,MODEL,Modelo,36582833,Tv Box Mi Stick Full HD,True,2025-04-03 12:09:12.805525,2025-04-03 12:09:12.805525
2b1f7821-c1e4-4f73-82b5-8396d33428b7,MLA41043432,ALPHANUMERIC_MODEL,Modelo alfanumérico,42860143,AK-C3444.40,True,2025-04-03 12:09:12.805528,2025-04-03 12:09:12.805528
0eb508b6-f077-4f16-9020-df684ba981b9,MLA41043432,COLOR,Color,52049,Negro,True,2025-04-03 12:09:12.805531,2025-04-03 12:09:12.805531
593690cf-2bc0-472a-9176-42fa38e8de3a,MLA41043432,STORAGE_CAPACITY,Capacidad de almacenamiento,18656,64 GB,True,2025-04-03 12:09:12.805534,2025-04-03 12:09:12.805534
3d0d0907-79bf-410b-bea7-cbcae0a6a7b8,MLA41043432,RAM_MEMORY,Memoria RAM,98852,4 GB,True,2025-04-03 12:09:12.805537,2025-04-03 12:09:12.805538
0c1c7282-2cce-4ab8-9206-10d2acc83132,MLA41043432,DEVICE_FORMAT,Formato del dispositivo,8616495,TV Box,True,2025-04-03 12:09:12.805541,2025-04-03 12:09:12.805541
b7040fab-35bd-44da-b9bb-89f6787cdb7c,MLA36181128,BRAND,Marca,28216846,Peiso,True,2025-04-03 12:09:12.805580,2025-04-03 12:09:12.805580
0a4af92c-0a86-4c5b-86b3-042b89bf2836,MLA36181128,MODEL,Modelo,10905,TX100,True,2025-04-03 12:09:12.805583,2025-04-03 12:09:12.805583
ef94107c-031a-4d82-a21b-1d7c190afe6c,MLA36181128,COLOR,Color,52049,Negro,True,2025-04-03 12:09:12.805586,2025-04-03 12:09:12.805586
512223b3-3b5c-436f-ae12-c84e4d37c24d,MLA36181128,STORAGE_CAPACITY,Capacidad de almacenamiento,18614,16 GB,True,2025-04-03 12:09:12.805589,2025-04-03 12:09:12.805589
c05a17ff-915e-425f-969d-4471378dfe18,MLA36181128,RAM_MEMORY,Memoria RAM,445970,2 GB,True,2025-04-03 12:09:12.805592,2025-04-03 12:09:12.805593
bc83d130-1738-4f8a-9256-51d8fa6cbf0c,MLA36181128,REMOTE_CONTROL_TYPE,Tipo de control remoto,182134,Estándar,True,2025-04-03 12:09:12.805600,2025-04-03 12:09:12.805600
7f441df1-140e-4b9d-8804-ea1a26a361bf,MLA36181128,MAIN_COLOR,Color principal,2450295,Negro,True,2025-04-03 12:09:12.805603,2025-04-03 12:09:12.805603
471a37a3-e5c5-479d-9fa6-21753c9e7ccd,MLA36181128,DEVICE_FORMAT,Formato del dispositivo,8616495,TV Box,True,2025-04-03 12:09:12.805606,2025-04-03 12:09:12.805606
6736ecb1-151a-4e8d-9b27-5cb766968cea,MLA36181128,PORTS_AND_CONNECTORS_TYPES,Tipos de puertos y conectores,,USB,True,2025-04-03 12:09:12.805609,2025-04-03 12:09:12.805609
92caf180-1404-4688-9759-2da4fa2814c0,MLA36181128,WITH_WI_FI,Con Wi-Fi,242085,Sí,True,2025-04-03 12:09:12.805612,2025-04-03 12:09:12.805612
34ed97fd-eafb-4e0e-892e-22d975135869,MLA36181128,OS_NAME,Nombre del sistema operativo,20532264,Android 9,True,2025-04-03 12:09:12.805615,2025-04-03 12:09:12.805616
08941700-39d0-4457-abbc-d3f11f107f0f,MLA45886147,BRAND,Marca,42262028,Android TV,True,2025-04-03 12:09:12.805639,2025-04-03 12:09:12.805639
c10c3673-1ee3-4106-8d65-10f457fcddc8,MLA45886147,LINE,Línea,8859578,Stick,True,2025-04-03 12:09:12.805642,2025-04-03 12:09:12.805642
7acc6ff5-9318-4ba9-9166-a8dbfc53f7f5,MLA45886147,MODEL,Modelo,45298483,Stick TV Android,True,2025-04-03 12:09:12.805645,2025-04-03 12:09:12.805646
bce6417a-edd0-4680-862d-0f8082a93958,MLA45886147,GENERATION,Generación,10910111,4.ª generación,True,2025-04-03 12:09:12.805648,2025-04-03 12:09:12.805649
166c30a0-486f-4320-8a48-72287224d18c,MLA45886147,ALPHANUMERIC_MODEL,Modelo alfanumérico,16677071,Android,True,2025-04-03 12:09:12.805652,2025-04-03 12:09:12.805652
0f760dd7-3165-42fe-ac47-1b50a459606b,MLA45886147,COLOR,Color,52049,Negro,True,2025-04-03 12:09:12.805655,2025-04-03 12:09:12.805655
7e2871e8-b7e3-49e5-824c-ffdcb58200aa,MLA45886147,STORAGE_CAPACITY,Capacidad de almacenamiento,135798,512 MB,True,2025-04-03 12:09:12.805658,2025-04-03 12:09:12.805658
f4debbef-b6f3-4be6-9f52-3ffe07478bce,MLA45886147,RAM_MEMORY,Memoria RAM,98978,1 GB,True,2025-04-03 12:09:12.805661,2025-04-03 12:09:12.805661
38c287ea-1f26-4d0e-ad87-dba8042a841d,MLA45886147,REMOTE_CONTROL_TYPE,Tipo de control remoto,182134,Estándar,True,2025-04-03 12:09:12.805664,2025-04-03 12:09:12.805664
42545265-e63a-4237-9c45-3107a7d58eb7,MLA45886147,MAIN_COLOR,Color principal,2450295,Negro,True,2025-04-03 12:09:12.805667,2025-04-03 12:09:12.805667
2f068179-79aa-4064-8e70-b26d1df7d719,MLA45886147,DEVICE_FORMAT,Formato del dispositivo,8616496,Stick,True,2025-04-03 12:09:12.805670,2025-04-03 12:09:12.805670
3148e5d4-61a3-409c-b4d5-0ed4a26a9f09,MLA45886147,MAX_VIDEO_RESOLUTION,Resolución máxima de video,169883,4K,True,2025-04-03 12:09:12.805673,2025-04-03 12:09:12.805673
07d9f1a4-6a6c-4efa-a5dd-a6146ffdf4ac,MLA45886147,AUDIO_AND_VIDEO_INTERFACES,Interfaces de audio y video,,HDMI,True,2025-04-03 12:09:12.805676,2025-04-03 12:09:12.805676
fdc3a8c9-ccb6-4886-82c8-40caa5d13b70,MLA45886147,WITH_BLUETOOTH,Con Bluetooth,242084,No,True,2025-04-03 12:09:12.805679,2025-04-03 12:09:12.805680
b55a7f28-ff53-4e6e-8e89-9d13d21dfbc2,MLA45886147,WITH_WI_FI,Con Wi-Fi,242085,Sí,True,2025-04-03 12:09:12.805682,2025-04-03 12:09:12.805683
90385a31-ed31-4062-8440-2464d95aeb76,MLA45886147,WITH_INTEGRATED_VOICE_ASSISTANTS,Con asistentes de voz integrados,242084,No,True,2025-04-03 12:09:12.805686,2025-04-03 12:09:12.805686
1ff8db46-695e-4deb-b085-296fcdf58983,MLA45886147,INCLUDES_CELL_BATTERIES,Incluye pilas,242084,No,True,2025-04-03 12:09:12.805689,2025-04-03 12:09:12.805689
6a355c6c-6c60-4c4a-9021-dde64205c93e,MLA45886147,OS_NAME,Nombre del sistema operativo,296858,Android,True,2025-04-03 12:09:12.805693,2025-04-03 12:09:12.805694
1bf17288-94ef-4cca-a92f-7c4412e3fab8,MLA44999223,BRAND,Marca,8784,Huawei,True,2025-04-03 12:09:12.805712,2025-04-03 12:09:12.805712
263427a6-bedf-478a-89f1-6c2783bbd962,MLA44999223,MODEL,Modelo,44998481,RSE 6500,True,2025-04-03 12:09:12.805715,2025-04-03 12:09:12.805715
cf853969-c755-46f4-b5d4-33db47791726,MLA44999223,ALPHANUMERIC_MODEL,Modelo alfanumérico,18533074,6500,True,2025-04-03 12:09:12.805718,2025-04-03 12:09:12.805718
e9a10f20-52e3-4f36-a992-9fd45fd27f65,MLA44999223,COLOR,Color,52049,Negro,True,2025-04-03 12:09:12.805721,2025-04-03 12:09:12.805721
c9263406-092a-4d01-b5fe-bbd3c8048fb7,MLA44999223,STORAGE_CAPACITY,Capacidad de almacenamiento,9613,2 TB,True,2025-04-03 12:09:12.805724,2025-04-03 12:09:12.805724
caec8506-9388-4edf-84e3-79d2cf312cad,MLA44999223,RAM_MEMORY,Memoria RAM,455397,32 GB,True,2025-04-03 12:09:12.805727,2025-04-03 12:09:12.805727
93d50ed4-91d9-484a-97ba-f80ca20d6a17,MLA44999223,MAIN_COLOR,Color principal,2450295,Negro,True,2025-04-03 12:09:12.805730,2025-04-03 12:09:12.805730
6d32a059-190b-4856-bfed-c25bd41791d9,MLA44999223,DEVICE_FORMAT,Formato del dispositivo,8616495,TV Box,True,2025-04-03 12:09:12.805733,2025-04-03 12:09:12.805733
a17692d0-13b5-4d96-bb5b-ca21d5c45735,MLA44999223,MAX_VIDEO_RESOLUTION,Resolución máxima de video,168332,Full HD,True,2025-04-03 12:09:12.805736,2025-04-03 12:09:12.805737
1ba45d3a-254c-49b1-bdc1-c0c2acb2d8a4,MLA44999223,AUDIO_AND_VIDEO_INTERFACES,Interfaces de audio y video,,"Protocolo de Transferencia de Archivos, Protocolo de Acceso a Objetos Simple, Flujo de Transporte Estándar",True,2025-04-03 12:09:12.805739,2025-04-03 12:09:12.805740
cfb7c62a-0682-47bd-b417-acf34d1c2b75,MLA44999223,MANUFACTURER,Fabricante,8784,Huawei,True,2025-04-03 12:09:12.805742,2025-04-03 12:09:12.805743
5fa984c0-3b46-48b1-b9ba-4a6e27292b91,MLA42824996,BRAND,Marca,4252222,Matrox,True,2025-04-03 12:09:12.805764,2025-04-03 12:09:12.805765
de41607c-1cd3-4a9a-9b76-9ec0f3a3b90e,MLA42824996,MODEL,Modelo,44143778,T2G-DP3D-IF,True,2025-04-03 12:09:12.805768,2025-04-03 12:09:12.805768
5381da81-5731-419f-8934-88a59ed9c09d,MLA42824996,GENERATION,Generación,8246074,1.ª generación,True,2025-04-03 12:09:12.805771,2025-04-03 12:09:12.805771
9a8d0247-1532-4c1c-a792-73a8976d5cf7,MLA42824996,ALPHANUMERIC_MODEL,Modelo alfanumérico,14279611,N/a,True,2025-04-03 12:09:12.805774,2025-04-03 12:09:12.805774
5a211e7b-8f3b-42cc-9b70-74dca17e968c,MLA42824996,COLOR,Color,52049,Negro,True,2025-04-03 12:09:12.805777,2025-04-03 12:09:12.805777
0e3741d0-54f4-42d3-b657-f10005d4a7ab,MLA42824996,REMOTE_CONTROL_TYPE,Tipo de control remoto,182134,Estándar,True,2025-04-03 12:09:12.805780,2025-04-03 12:09:12.805780
593b14fa-c422-4bb5-8465-0270012ffef2,MLA42824996,DEVICE_FORMAT,Formato del dispositivo,9234856,Pendant Box,True,2025-04-03 12:09:12.805783,2025-04-03 12:09:12.805784
ef86fc9f-2fd1-4d98-937e-fb1678c25ae5,MLA42824996,MAX_VIDEO_RESOLUTION,Resolución máxima de video,168332,Full HD,True,2025-04-03 12:09:12.805792,2025-04-03 12:09:12.805792
b61b00b7-d431-44af-8b08-a8aa4f57ac3a,MLA42824996,AUDIO_AND_VIDEO_INTERFACES,Interfaces de audio y video,,DVI,True,2025-04-03 12:09:12.805795,2025-04-03 12:09:12.805795
e894f6e4-f6df-4254-bb29-586d436c6183,MLA40922941,BRAND,Marca,14329329,Mi,True,2025-04-03 12:09:12.805825,2025-04-03 12:09:12.805825
ada28322-16da-4ca3-861a-f1352a223e37,MLA40922941,LINE,Línea,196,Smart,True,2025-04-03 12:09:12.805828,2025-04-03 12:09:12.805828
f2ea72fa-8cf2-44a7-a1fa-68f09334745e,MLA40922941,MODEL,Modelo,36582833,Tv Box Mi Stick Full HD,True,2025-04-03 12:09:12.805831,2025-04-03 12:09:12.805831
704edbb8-05ac-4b2f-89d7-6a3152779788,MLA40922941,GENERATION,Generación,25127394,5° Generacion,True,2025-04-03 12:09:12.805834,2025-04-03 12:09:12.805835
b0e41edb-a6ce-4c53-970e-bb492b44c535,MLA40922941,ALPHANUMERIC_MODEL,Modelo alfanumérico,36582832,Full HD 2GB,True,2025-04-03 12:09:12.805837,2025-04-03 12:09:12.805838
772e896d-d81e-4bdc-bf4c-2925bc8c65e8,MLA40922941,COLOR,Color,52049,Negro,True,2025-04-03 12:09:12.805840,2025-04-03 12:09:12.805841
a60beecd-2c58-4348-a96f-be9a77cddd78,MLA40922941,STORAGE_CAPACITY,Capacidad de almacenamiento,18646,8 GB,True,2025-04-03 12:09:12.805844,2025-04-03 12:09:12.805844
34b4edab-9766-4243-876d-a943db981e17,MLA40922941,RAM_MEMORY,Memoria RAM,445970,2 GB,True,2025-04-03 12:09:12.805847,2025-04-03 12:09:12.805847
13aae410-7d55-4ab3-9099-273e74880bcc,MLA40922941,REMOTE_CONTROL_TYPE,Tipo de control remoto,17535337,De voz,True,2025-04-03 12:09:12.805850,2025-04-03 12:09:12.805850
b00995e1-7d9a-4384-a06d-66f5d60e5705,MLA40922941,DEVICE_FORMAT,Formato del dispositivo,8616496,Stick,True,2025-04-03 12:09:12.805853,2025-04-03 12:09:12.805853
66feeae8-7c8d-4dc9-9087-4f6149a822cf,MLA40922941,MAX_VIDEO_RESOLUTION,Resolución máxima de video,168332,Full HD,True,2025-04-03 12:09:12.805856,2025-04-03 12:09:12.805856
4ccfae40-dd97-41a6-a1b7-f295979bbb2f,MLA40922941,COMPATIBLE_APPLICATIONS,Aplicaciones compatibles,,"Netflix, YouTube, Amazon Prime Video, Spotify, Hulu",True,2025-04-03 12:09:12.805859,2025-04-03 12:09:12.805859
ee657fc6-63b1-4532-80af-32b5f0c1141b,MLA40922941,AUDIO_AND_VIDEO_INTERFACES,Interfaces de audio y video,,HDMI,True,2025-04-03 12:09:12.805862,2025-04-03 12:09:12.805862
af0a3d20-4be5-4f64-a7ef-377181f9c297,MLA40922941,PORTS_AND_CONNECTORS_TYPES,Tipos de puertos y conectores,,Micro-USB,True,2025-04-03 12:09:12.805865,2025-04-03 12:09:12.805865
bbf14e59-8f67-4b13-a7cc-1b6952b2ff38,MLA40922941,MANUFACTURER,Fabricante,40085829,"Xiaomi Communications Co., Ltd.",True,2025-04-03 12:09:12.805868,2025-04-03 12:09:12.805868
66f68e53-7724-4b6f-9430-e062d95a27d7,MLA40922941,WITH_BLUETOOTH,Con Bluetooth,242085,Sí,True,2025-04-03 12:09:12.805871,2025-04-03 12:09:12.805871
836e62d0-f296-4f60-ad63-4cbc1f27b037,MLA40922941,WITH_WI_FI,Con Wi-Fi,242085,Sí,True,2025-04-03 12:09:12.805874,2025-04-03 12:09:12.805874
2360e3b9-4fd9-4162-9bd7-692deeb77ece,MLA40922941,WITH_INTEGRATED_VOICE_ASSISTANTS,Con asistentes de voz integrados,242085,Sí,True,2025-04-03 12:09:12.805878,2025-04-03 12:09:12.805878
3919bd17-fb21-4ac4-a64d-0604563347af,MLA40922941,INTEGRATED_VOICE_ASSISTANTS,Asistentes de voz integrados,,Google Assistant,True,2025-04-03 12:09:12.805881,2025-04-03 12:09:12.805881
9a584031-d89b-4cca-bd64-8c966b81eec3,MLA40922941,INCLUDES_HDMI_CABLE,Incluye cable HDMI,242084,No,True,2025-04-03 12:09:12.805884,2025-04-03 12:09:12.805884
7dddf284-ab58-4308-b4da-8d992aac797a,MLA40922941,INCLUDES_CELL_BATTERIES,Incluye pilas,242085,Sí,True,2025-04-03 12:09:12.805887,2025-04-03 12:09:12.805887
998137f0-7c6d-4386-b847-b1ab52a48973,MLA40922941,LENGTH,Largo,7862637,9.2 cm,True,2025-04-03 12:09:12.805890,2025-04-03 12:09:12.805890
47f0aff9-2ba2-4829-85a4-28d6890e1410,MLA40922941,WIDTH,Ancho,8183459,3 cm,True,2025-04-03 12:09:12.805894,2025-04-03 12:09:12.805894
503bc9e4-84c9-4e08-b3c6-d61dd17783af,MLA40922941,HEIGHT,Altura,7788007,1.5 cm,True,2025-04-03 12:09:12.805897,2025-04-03 12:09:12.805897
cd4d6228-6172-44eb-b70a-30b762a93b81,MLA40922941,WEIGHT,Peso,17593311,28 g,True,2025-04-03 12:09:12.805900,2025-04-03 12:09:12.805900
85f1e1de-a7ab-4316-a2ef-256516f50618,MLA40922941,OS_NAME,Nombre del sistema operativo,7601503,Android TV,True,2025-04-03 12:09:12.805903,2025-04-03 12:09:12.805904
739fa879-3a80-41d9-989e-e526978442e3,MLA40922941,STREAMING_TECHNOLOGIES,Tecnologías de streaming,,Chromecast,True,2025-04-03 12:09:12.805906,2025-04-03 12:09:12.805907
6306359b-2f72-44b4-a152-9029565bd6b5,MLA40922941,LANGUAGE_OPTIONS,Opciones de idioma,,Español,True,2025-04-03 12:09:12.805910,2025-04-03 12:09:12.805910
1676b4ea-e725-43e1-91cb-c831d2b84054,MLA40922941,MIN_OPERATING_SYSTEMS_REQUIRED,Sistemas operativos mínimos requeridos,,Android,True,2025-04-03 12:09:12.805913,2025-04-03 12:09:12.805913
be08994d-d03d-4b26-a246-3d378948a59e,MLA40922941,CPU,CPU,,Cortex-A53 Quad-Core,True,2025-04-03 12:09:12.805916,2025-04-03 12:09:12.805916
6fe4eb60-3dbc-4d73-9ae0-7588446a116b,MLA40922941,GRAPHICS_PROCESSOR,Procesador gráfico,11771858,Mali-450 Penta-Core,True,2025-04-03 12:09:12.805919,2025-04-03 12:09:12.805919
b8d3c606-99b8-44ff-ae5a-ab8649c31919,MLA40922941,WI_FI_STANDARDS,Estándares Wi-Fi,,IEEE 802.11a/b/g/n/ac,True,2025-04-03 12:09:12.805922,2025-04-03 12:09:12.805922
05a7b8cf-cfe0-4efd-ad42-26d221faca6c,MLA40943619,BRAND,Marca,410974,Gadnic,True,2025-04-03 12:09:12.805942,2025-04-03 12:09:12.805943
4998d33f-93a7-4eca-91f3-2d719ebe321a,MLA40943619,LINE,Línea,11616396,Tv Box,True,2025-04-03 12:09:12.805945,2025-04-03 12:09:12.805946
2929077c-3f35-4b27-a11d-8ea3cbcd45e1,MLA40943619,MODEL,Modelo,37967448,TX-1500,True,2025-04-03 12:09:12.805949,2025-04-03 12:09:12.805949
57811445-a6df-4e2c-884c-8fd8fbcea326,MLA40943619,GENERATION,Generación,8246074,1.ª generación,True,2025-04-03 12:09:12.805952,2025-04-03 12:09:12.805952
ddea8049-8b79-4fe8-811d-a1e5d0e2bed4,MLA40943619,ALPHANUMERIC_MODEL,Modelo alfanumérico,42943344,SMTV0035,True,2025-04-03 12:09:12.805955,2025-04-03 12:09:12.805955
ae1e803d-3f9f-432a-ba46-03fa587a9380,MLA40943619,COLOR,Color,52049,Negro,True,2025-04-03 12:09:12.805958,2025-04-03 12:09:12.805958
f94fbedc-d7d3-46b5-b7cd-76096e7d3d83,MLA40943619,STORAGE_CAPACITY,Capacidad de almacenamiento,18646,8 GB,True,2025-04-03 12:09:12.805961,2025-04-03 12:09:12.805962
7bc52bd4-9758-40dc-964a-139797d625fc,MLA40943619,RAM_MEMORY,Memoria RAM,98978,1 GB,True,2025-04-03 12:09:12.805964,2025-04-03 12:09:12.805965
e2ddca67-464f-44ee-a3fe-22817be3be03,MLA40943619,REMOTE_CONTROL_TYPE,Tipo de control remoto,182134,Estándar,True,2025-04-03 12:09:12.805968,2025-04-03 12:09:12.805968
2e13bfae-6806-434d-816a-5f95087a04d7,MLA40943619,MAIN_COLOR,Color principal,2450295,Negro,True,2025-04-03 12:09:12.805971,2025-04-03 12:09:12.805971
8e3a1fc0-80b0-4910-9f12-52a07ad30e0c,MLA40943619,DEVICE_FORMAT,Formato del dispositivo,8616495,TV Box,True,2025-04-03 12:09:12.805974,2025-04-03 12:09:12.805974
e3f2f2ee-b0a5-4f0e-a45c-a322cbf2bc25,MLA40943619,MAX_VIDEO_RESOLUTION,Resolución máxima de video,169883,4K,True,2025-04-03 12:09:12.805978,2025-04-03 12:09:12.805978
a4e19ace-daa5-4aa1-be7d-f2a9c973c4b3,MLA40943619,COMPATIBLE_APPLICATIONS,Aplicaciones compatibles,,"Amazon, Facebook, Google+, HBO, Microsoft, Netflix, Spotify, YouTube",True,2025-04-03 12:09:12.805981,2025-04-03 12:09:12.805981
2344548c-f671-427e-9645-00ec13c1a044,MLA40943619,AUDIO_AND_VIDEO_INTERFACES,Interfaces de audio y video,,"AV, HDMI, S/PDIF óptico",True,2025-04-03 12:09:12.805984,2025-04-03 12:09:12.805984
0623ba04-4792-4ae0-9b91-010da0383f56,MLA40943619,PORTS_AND_CONNECTORS_TYPES,Tipos de puertos y conectores,,"DC jack, Ethernet, Micro-SD, USB",True,2025-04-03 12:09:12.805987,2025-04-03 12:09:12.805987
aa08a9eb-3362-41a5-8944-eea9298f7839,MLA40943619,WITH_BLUETOOTH,Con Bluetooth,242084,No,True,2025-04-03 12:09:12.805990,2025-04-03 12:09:12.805990
4a5d62ad-9096-4893-8d46-7cc651db0dc1,MLA40943619,WITH_WI_FI,Con Wi-Fi,242085,Sí,True,2025-04-03 12:09:12.805993,2025-04-03 12:09:12.805993
e139dac5-c0e1-4dc2-85af-7a94f69a0cf6,MLA40943619,INCLUDES_HDMI_CABLE,Incluye cable HDMI,242085,Sí,True,2025-04-03 12:09:12.805996,2025-04-03 12:09:12.805996
89ad8df2-19d6-42e7-9fa0-8add4f879e04,MLA40943619,LENGTH,Largo,7816454,10 cm,True,2025-04-03 12:09:12.805999,2025-04-03 12:09:12.805999
73de00a2-8206-490b-aa01-346191df5c91,MLA40943619,WIDTH,Ancho,5795659,10 cm,True,2025-04-03 12:09:12.806002,2025-04-03 12:09:12.806003
68b69b6d-2e89-406e-8411-ed157ff78b51,MLA40943619,HEIGHT,Altura,7891537,2 cm,True,2025-04-03 12:09:12.806005,2025-04-03 12:09:12.806006
9bc13aa6-d498-49ae-9012-8e7a2d5ee6c1,MLA40943619,OS_NAME,Nombre del sistema operativo,296858,Android,True,2025-04-03 12:09:12.806009,2025-04-03 12:09:12.806009
14301914-487f-4edb-81dd-484d8222d000,MLA40943619,LANGUAGE_OPTIONS,Opciones de idioma,,Multilenguaje,True,2025-04-03 12:09:12.806012,2025-04-03 12:09:12.806012
4bc230de-4aec-4bf7-9177-c63e1aacacfa,MLA40943619,MIN_OPERATING_SYSTEMS_REQUIRED,Sistemas operativos mínimos requeridos,,Android,True,2025-04-03 12:09:12.806015,2025-04-03 12:09:12.806015
1878f312-58a6-41a0-bf1a-90185274bd7b,MLA40943619,CPU,CPU,,Amlogic S905W Quad-Core,True,2025-04-03 12:09:12.806018,2025-04-03 12:09:12.806018
72fa90cc-64cb-4608-9144-9c3e0f9d3cff,MLA40943619,GRAPHICS_PROCESSOR,Procesador gráfico,12170814,ARM Mali-450 Penta-Core,True,2025-04-03 12:09:12.806021,2025-04-03 12:09:12.806021
6d4e658e-be6e-491f-941f-6f04093d33c1,MLA40943619,FREQUENCIES,Frecuencias,,2.4 GHz,True,2025-04-03 12:09:12.806024,2025-04-03 12:09:12.806024
a2b8cab7-9eb0-45b3-9eb0-01473791fef3,MLA37167679,BRAND,Marca,38045587,Percrocuta,True,2025-04-03 12:09:12.806057,2025-04-03 12:09:12.806058
dd2121b9-f831-4d5c-bcc4-2ac79195f35e,MLA46618082,BRAND,Marca,42881978,CHROX,True,2025-04-03 12:09:12.806081,2025-04-03 12:09:12.806082
a3b8f83d-9795-4986-99d5-29d7917987cf,MLA46618082,DEVICE_FORMAT,Formato del dispositivo,8616495,TV Box,True,2025-04-03 12:09:12.806084,2025-04-03 12:09:12.806085
61474163-1e00-443c-a7e0-c2a64d93caab,MLA41828680,BRAND,Marca,19130830,x88,True,2025-04-03 12:09:12.806101,2025-04-03 12:09:12.806101
07feafe0-a8d8-4490-9394-2b0a90f251e5,MLA41828680,MODEL,Modelo,22005461,X96Q,True,2025-04-03 12:09:12.806104,2025-04-03 12:09:12.806104
057c7aed-4bc9-4b85-8908-fb5d74140430,MLA41828680,COLOR,Color,52049,Negro,True,2025-04-03 12:09:12.806107,2025-04-03 12:09:12.806107
28986b71-c284-4127-91ca-8a8c9d3d5a93,MLA41828680,REMOTE_CONTROL_TYPE,Tipo de control remoto,182134,Estándar,True,2025-04-03 12:09:12.806110,2025-04-03 12:09:12.806111
605154d9-1e9f-4328-9b45-4d0dbd6efb33,MLA41828680,DEVICE_FORMAT,Formato del dispositivo,8616495,TV Box,True,2025-04-03 12:09:12.806113,2025-04-03 12:09:12.806114
f6039863-7aa3-43cb-bc30-028769438463,MLA34488740,BRAND,Marca,21557651,Penpower,True,2025-04-03 12:09:12.806134,2025-04-03 12:09:12.806134
23a53f77-629a-42d0-90f0-c4427dc34bdd,MLA29123916,BRAND,Marca,4031150,Nero,True,2025-04-03 12:09:12.806149,2025-04-03 12:09:12.806149
132968d5-d18d-4df5-b5ae-74af15d4b17d,MLA42427748,BRAND,Marca,42881978,CHROX,True,2025-04-03 12:09:12.806170,2025-04-03 12:09:12.806170
6968b1b6-f7f7-4b54-a366-6f8eb95651b3,MLA43280439,BRAND,Marca,10576058,Kinhank,True,2025-04-03 12:09:12.806192,2025-04-03 12:09:12.806192
c8d4d44d-825f-4cd2-a505-db6d1c2a0cbd,MLA43280439,LINE,Línea,11616396,Tv Box,True,2025-04-03 12:09:12.806195,2025-04-03 12:09:12.806195
70aeeda5-e965-4ea0-a207-071eb2353c97,MLA43280439,MODEL,Modelo,6195,G1,True,2025-04-03 12:09:12.806198,2025-04-03 12:09:12.806198
78142132-ff2b-4ba6-8c33-d61a7c1bfb94,MLA43280439,ALPHANUMERIC_MODEL,Modelo alfanumérico,16913215,G1,True,2025-04-03 12:09:12.806201,2025-04-03 12:09:12.806201
08650508-712e-4347-8157-766008842ca0,MLA43280439,COLOR,Color,52049,Negro,True,2025-04-03 12:09:12.806204,2025-04-03 12:09:12.806204
d646098c-9d3e-4d5c-b6c7-36f28233c635,MLA43280439,STORAGE_CAPACITY,Capacidad de almacenamiento,18621,32 GB,True,2025-04-03 12:09:12.806207,2025-04-03 12:09:12.806208
c274df46-5479-4657-a67f-5be4f9c38365,MLA43280439,RAM_MEMORY,Memoria RAM,98852,4 GB,True,2025-04-03 12:09:12.806210,2025-04-03 12:09:12.806211
38c9b621-e560-4dc6-9b59-485c23103da8,MLA43280439,REMOTE_CONTROL_TYPE,Tipo de control remoto,17535337,De voz,True,2025-04-03 12:09:12.806213,2025-04-03 12:09:12.806214
2d518814-09d1-47ee-93e4-a86cb1525b4c,MLA43280439,DEVICE_FORMAT,Formato del dispositivo,8616495,TV Box,True,2025-04-03 12:09:12.806217,2025-04-03 12:09:12.806217
72a3e5c4-f187-4056-a2e4-623c5801bfe0,MLA43280439,MAX_VIDEO_RESOLUTION,Resolución máxima de video,169883,4K,True,2025-04-03 12:09:12.806220,2025-04-03 12:09:12.806220
7ac6d9b9-8835-4a5c-844e-dc8e32760bd5,MLA43280439,COMPATIBLE_APPLICATIONS,Aplicaciones compatibles,,"Netflix, Streaming, YouTube",True,2025-04-03 12:09:12.806223,2025-04-03 12:09:12.806223
71a44858-f67e-440e-9ad6-317fca687911,MLA43280439,RECOMMENDED_DEVICES,Dispositivos recomendados,,"Proyector, TV",True,2025-04-03 12:09:12.806226,2025-04-03 12:09:12.806226
3578dea6-895c-4063-bbff-b7cabe4c3be4,MLA43280439,AUDIO_AND_VIDEO_INTERFACES,Interfaces de audio y video,,"AV, HDMI, Óptica",True,2025-04-03 12:09:12.806229,2025-04-03 12:09:12.806229
cce5e072-fc5b-4c90-8ddd-83c116021d9d,MLA43280439,PORTS_AND_CONNECTORS_TYPES,Tipos de puertos y conectores,,"LAN, Tarjeta TF, USB",True,2025-04-03 12:09:12.806232,2025-04-03 12:09:12.806232
639e900e-863f-4df2-adc3-368c18bb3ee4,MLA43280439,MANUFACTURER,Fabricante,10576058,Kinhank,True,2025-04-03 12:09:12.806235,2025-04-03 12:09:12.806235
19ec7110-416d-437a-b637-b5ba9065b7e7,MLA43280439,WITH_BLUETOOTH,Con Bluetooth,242085,Sí,True,2025-04-03 12:09:12.806238,2025-04-03 12:09:12.806238
08cbbbb0-f0fb-44ab-aa0e-724ab81c13df,MLA43280439,WITH_WI_FI,Con Wi-Fi,242085,Sí,True,2025-04-03 12:09:12.806241,2025-04-03 12:09:12.806241
bfab7866-1559-4ea5-bc60-3e725e60028f,MLA43280439,WITH_INTEGRATED_VOICE_ASSISTANTS,Con asistentes de voz integrados,242085,Sí,True,2025-04-03 12:09:12.806244,2025-04-03 12:09:12.806244
935e4b21-72e4-434d-be88-297d33018bae,MLA43280439,INTEGRATED_VOICE_ASSISTANTS,Asistentes de voz integrados,,Google Assistant,True,2025-04-03 12:09:12.806247,2025-04-03 12:09:12.806247
c7e11288-f22d-4e74-92f2-0052125633da,MLA43280439,INCLUDES_HDMI_CABLE,Incluye cable HDMI,242085,Sí,True,2025-04-03 12:09:12.806250,2025-04-03 12:09:12.806251
4cb26e6f-4320-4936-834f-fdf56d9ad33b,MLA43280439,INCLUDES_CELL_BATTERIES,Incluye pilas,242084,No,True,2025-04-03 12:09:12.806254,2025-04-03 12:09:12.806254
cd632b15-2e31-4fc5-b6e8-d06c95bc5056,MLA43280439,LENGTH,Largo,7816567,12 cm,True,2025-04-03 12:09:12.806257,2025-04-03 12:09:12.806257
6ee7ae57-a80c-40b8-a5ef-f6ed2e370e0a,MLA43280439,WIDTH,Ancho,7784596,12 cm,True,2025-04-03 12:09:12.806260,2025-04-03 12:09:12.806260
489ed61e-6c8e-4147-bee6-b59205c28df6,MLA43280439,HEIGHT,Altura,7891537,2 cm,True,2025-04-03 12:09:12.806263,2025-04-03 12:09:12.806263
b645fab1-b1ab-44d5-af64-d06bc79c9594,MLA43280439,WEIGHT,Peso,16023936,350 g,True,2025-04-03 12:09:12.806266,2025-04-03 12:09:12.806266
0e4cb020-dec4-4a39-98ac-163275152c3e,MLA43280439,OS_NAME,Nombre del sistema operativo,296858,Android,True,2025-04-03 12:09:12.806269,2025-04-03 12:09:12.806269
84b38dfc-294c-420c-9e4e-c8796192aa14,MLA42725087,BRAND,Marca,38036662,AMITVA,True,2025-04-03 12:09:12.806290,2025-04-03 12:09:12.806290
1981799e-b14f-4e9a-8cdf-f0ff6102a768,MLA34116578,BRAND,Marca,15169853,Newtek,True,2025-04-03 12:09:12.806310,2025-04-03 12:09:12.806310
705d9870-5a81-4a38-9867-446cd18a0d3a,MLA34116578,LINE,Línea,27844262,Streaming,True,2025-04-03 12:09:12.806313,2025-04-03 12:09:12.806313
8a1f0e24-4c22-4876-bb16-b0deb0d7d106,MLA34116578,MODEL,Modelo,3049936,2702,True,2025-04-03 12:09:12.806317,2025-04-03 12:09:12.806317
aad2ea1c-4fac-4ac1-b6f5-b255b38e73df,MLA34116578,DEVICE_FORMAT,Formato del dispositivo,8616495,TV Box,True,2025-04-03 12:09:12.806320,2025-04-03 12:09:12.806320
1e4e2b27-b2bd-431f-911d-8e2533965b64,MLA34116578,MAX_VIDEO_RESOLUTION,Resolución máxima de video,169883,4K,True,2025-04-03 12:09:12.806323,2025-04-03 12:09:12.806324
6a80253c-b2af-4bf7-8f4f-b8d2ad93e596,MLA34116578,WITH_WI_FI,Con Wi-Fi,242085,Sí,True,2025-04-03 12:09:12.806327,2025-04-03 12:09:12.806327
3610c330-c64b-448f-a911-98081eb31c5a,MLA34116578,INCLUDES_HDMI_CABLE,Incluye cable HDMI,242085,Sí,True,2025-04-03 12:09:12.806330,2025-04-03 12:09:12.806330
d1ec71e3-23a2-4996-ba98-0aba8172e30b,MLA45000299,BRAND,Marca,345460,H-Tech,True,2025-04-03 12:09:12.806355,2025-04-03 12:09:12.806355
b364470c-c0f4-4d7e-969d-6258f97f4828,MLA45000299,LINE,Línea,14816870,Streaming Box,True,2025-04-03 12:09:12.806358,2025-04-03 12:09:12.806358
3ead2cf4-d84c-4501-8e26-f9c21dbdb384,MLA45000299,MODEL,Modelo,46182711,SB232,True,2025-04-03 12:09:12.806361,2025-04-03 12:09:12.806361
bfc3cd03-8094-46c9-945a-2fd892f5eb9d,MLA45000299,ALPHANUMERIC_MODEL,Modelo alfanumérico,46182710,SB232,True,2025-04-03 12:09:12.806364,2025-04-03 12:09:12.806364
706c6dd5-861f-4fae-b8c8-5b6b9f631d5f,MLA45000299,COLOR,Color,52049,Negro,True,2025-04-03 12:09:12.806367,2025-04-03 12:09:12.806367
1c52267e-8495-4afd-b076-db85d5333ed1,MLA45000299,STORAGE_CAPACITY,Capacidad de almacenamiento,18621,32 GB,True,2025-04-03 12:09:12.806370,2025-04-03 12:09:12.806370
26b6beb8-8395-4b3e-8a35-b36dee66cd97,MLA45000299,RAM_MEMORY,Memoria RAM,445970,2 GB,True,2025-04-03 12:09:12.806373,2025-04-03 12:09:12.806373
405c71df-4970-498b-8d2b-4c1bba4f67c7,MLA45000299,REMOTE_CONTROL_TYPE,Tipo de control remoto,182134,Estándar,True,2025-04-03 12:09:12.806376,2025-04-03 12:09:12.806377
a7521303-81e6-468c-b4ca-15e723d2a4e5,MLA45000299,DEVICE_FORMAT,Formato del dispositivo,8616495,TV Box,True,2025-04-03 12:09:12.806380,2025-04-03 12:09:12.806380
6549d281-11d2-4e50-9bd1-f95f7d4eb959,MLA45000299,PORTS_AND_CONNECTORS_TYPES,Tipos de puertos y conectores,,USB,True,2025-04-03 12:09:12.806383,2025-04-03 12:09:12.806383
fed1aa4d-7404-459a-9cb5-c4037fa478c0,MLA45000299,MANUFACTURER,Fabricante,345460,H-Tech,True,2025-04-03 12:09:12.806387,2025-04-03 12:09:12.806387
d97ed385-5614-4558-b5aa-c4d0e8248033,MLA45000299,WITH_BLUETOOTH,Con Bluetooth,242085,Sí,True,2025-04-03 12:09:12.806390,2025-04-03 12:09:12.806390
c91a6b11-ff03-444f-98e8-be0c6022682c,MLA45000299,WITH_WI_FI,Con Wi-Fi,242085,Sí,True,2025-04-03 12:09:12.806393,2025-04-03 12:09:12.806393
d8daa18d-08d3-40d1-8770-250e15fedd90,MLA45000299,WITH_INTEGRATED_VOICE_ASSISTANTS,Con asistentes de voz integrados,242084,No,True,2025-04-03 12:09:12.806396,2025-04-03 12:09:12.806396
b6b82d1e-34fa-4ccb-811f-30bed7b18e49,MLA45000299,INCLUDES_HDMI_CABLE,Incluye cable HDMI,242084,No,True,2025-04-03 12:09:12.806399,2025-04-03 12:09:12.806399
37f2d0b0-5f38-485c-a594-17ceb3ce961e,MLA45000299,INCLUDES_CELL_BATTERIES,Incluye pilas,242084,No,True,2025-04-03 12:09:12.806402,2025-04-03 12:09:12.806402
b1aedc3b-794b-4bac-9533-c717d971f979,MLA45000299,OS_NAME,Nombre del sistema operativo,296858,Android,True,2025-04-03 12:09:12.806405,2025-04-03 12:09:12.806406
603c188a-21e2-42d4-a09e-75d73140c2c5,MLA18194004,BRAND,Marca,53180,Ematic,True,2025-04-03 12:09:12.806432,2025-04-03 12:09:12.806432
ce234b09-8243-4995-944c-c67e1be0705b,MLA18194004,MODEL,Modelo,10741757,AGT419,True,2025-04-03 12:09:12.806435,2025-04-03 12:09:12.806435
815f3ab1-f71d-4fec-b68f-dd0f0e102b33,MLA18194004,COLOR,Color,52049,Negro,True,2025-04-03 12:09:12.806438,2025-04-03 12:09:12.806438
4c1605b4-8272-4887-a656-5a251d2cdf97,MLA18194004,STORAGE_CAPACITY,Capacidad de almacenamiento,18646,8 GB,True,2025-04-03 12:09:12.806441,2025-04-03 12:09:12.806442
bf39be30-ce9d-43cf-9706-ade9ccfcb27d,MLA18194004,RAM_MEMORY,Memoria RAM,445970,2 GB,True,2025-04-03 12:09:12.806444,2025-04-03 12:09:12.806445
e880216d-4436-4c38-8e4c-0a3a37d081be,MLA18194004,REMOTE_CONTROL_TYPE,Tipo de control remoto,17535337,De voz,True,2025-04-03 12:09:12.806447,2025-04-03 12:09:12.806448
f3ebc893-793c-4bf0-a3ef-6f542df3bb6a,MLA18194004,DEVICE_FORMAT,Formato del dispositivo,8616495,TV Box,True,2025-04-03 12:09:12.806450,2025-04-03 12:09:12.806451
6939fa2e-06b0-491e-bba4-950a745bbec3,MLA18194004,MAX_VIDEO_RESOLUTION,Resolución máxima de video,169883,4K,True,2025-04-03 12:09:12.806454,2025-04-03 12:09:12.806454
7f787f1d-6418-4f66-93a3-82dfdf884d8a,MLA18194004,COMPATIBLE_APPLICATIONS,Aplicaciones compatibles,,"DStv Now, Google Play, Google Play Movies & TV, Google Play Music, Netflix, Showmax, YouTube",True,2025-04-03 12:09:12.806457,2025-04-03 12:09:12.806457
df9d6e39-e2df-436d-ae2f-6dd4ab872997,MLA18194004,RECOMMENDED_DEVICES,Dispositivos recomendados,,"Celulares, Computadoras, Televisores, Tablets",True,2025-04-03 12:09:12.806460,2025-04-03 12:09:12.806460
40fe77d9-2c70-4043-8a86-5e3fef93cdcf,MLA18194004,AUDIO_AND_VIDEO_INTERFACES,Interfaces de audio y video,,"AV, HDMI, S/PDIF",True,2025-04-03 12:09:12.806463,2025-04-03 12:09:12.806463
a021e4d2-6249-4c60-9ed2-d6f433ea959c,MLA18194004,PORTS_AND_CONNECTORS_TYPES,Tipos de puertos y conectores,,"Ethernet, IR, DC jack, Micro-SD, 2 USB 2.0",True,2025-04-03 12:09:12.806466,2025-04-03 12:09:12.806466
bb32067e-dbcd-499c-906d-3f722417af77,MLA18194004,WITH_BLUETOOTH,Con Bluetooth,242085,Sí,True,2025-04-03 12:09:12.806469,2025-04-03 12:09:12.806469
f040dd77-34b8-4c87-a269-5c41f1a628c5,MLA18194004,WITH_WI_FI,Con Wi-Fi,242085,Sí,True,2025-04-03 12:09:12.806472,2025-04-03 12:09:12.806472
9d0aa330-7005-4361-9db5-8d3941a8114c,MLA18194004,INCLUDES_HDMI_CABLE,Incluye cable HDMI,242085,Sí,True,2025-04-03 12:09:12.806475,2025-04-03 12:09:12.806476
bc20c795-8834-423d-b97a-eec616ba91a9,MLA18194004,LENGTH,Largo,7816454,10 cm,True,2025-04-03 12:09:12.806478,2025-04-03 12:09:12.806479
8f7660c8-d0dc-4854-b03f-5337c3918872,MLA18194004,WIDTH,Ancho,5795659,10 cm,True,2025-04-03 12:09:12.806481,2025-04-03 12:09:12.806482
bd0b4b45-8e7c-4d8b-a2b8-18bfbc4f6d8f,MLA18194004,HEIGHT,Altura,10932135,2.35 cm,True,2025-04-03 12:09:12.806484,2025-04-03 12:09:12.806485
338b0a7e-e7bf-4a6c-9a33-8eb4099a1310,MLA18194004,MIN_OPERATING_SYSTEMS_REQUIRED,Sistemas operativos mínimos requeridos,,Android TV 9.0,True,2025-04-03 12:09:12.806487,2025-04-03 12:09:12.806488
a8f1d9aa-5c37-4f3f-8b72-20a71e2325a0,MLA18194004,CPU,CPU,,Amlogic S905X Cortex-A53 Quad-Core,True,2025-04-03 12:09:12.806491,2025-04-03 12:09:12.806491
366d7496-fcbe-4e9c-aa5f-58fc6ca5990f,MLA18194004,GRAPHICS_PROCESSOR,Procesador gráfico,11974509,Mali-450 MP3 Penta-Core,True,2025-04-03 12:09:12.806494,2025-04-03 12:09:12.806494
042cae0c-5c7b-4b97-962a-7c8901b373ee,MLA18194004,WI_FI_STANDARDS,Estándares Wi-Fi,,IEEE 802.11a/b/g/n/ac,True,2025-04-03 12:09:12.806497,2025-04-03 12:09:12.806497
7647494b-4a64-418a-9dc8-b17c87818ead,MLA18194004,FREQUENCIES,Frecuencias,,"2.4 GHz, 5 GHz",True,2025-04-03 12:09:12.806500,2025-04-03 12:09:12.806500
c5f63b83-01bd-474a-bd68-e93fd0ec1c31,MLA18194004,DEVICE_OPERATING_VOLTAGE,Voltaje de funcionamiento,8631470,5 V,True,2025-04-03 12:09:12.806503,2025-04-03 12:09:12.806503
55010db6-53c0-4c3d-a156-88776c6ede13,MLA18194004,MPN,MPN,,AGT419,True,2025-04-03 12:09:12.806506,2025-04-03 12:09:12.806506
4973c344-fca5-4ff8-824c-b58b54930c4a,MLA44779432,BRAND,Marca,260751,Inova,True,2025-04-03 12:09:12.806531,2025-04-03 12:09:12.806531
2d7de232-a181-4bfb-b919-f03211be4394,MLA44779432,LINE,Línea,16105,Pro,True,2025-04-03 12:09:12.806534,2025-04-03 12:09:12.806534
cf83ce24-849c-473a-9b82-923f6d2236df,MLA44779432,MODEL,Modelo,16279869,Online,True,2025-04-03 12:09:12.806537,2025-04-03 12:09:12.806537
654aa45b-57f1-4d01-b3df-e746065fd965,MLA44779432,GENERATION,Generación,36172041,4k,True,2025-04-03 12:09:12.806540,2025-04-03 12:09:12.806540
f8d844c5-abe1-4e0b-9f39-74976341bd0e,MLA44779432,COLOR,Color,52049,Negro,True,2025-04-03 12:09:12.806543,2025-04-03 12:09:12.806543
005dc9f6-a0a9-4576-a0d1-a745812ba3bc,MLA44779432,STORAGE_CAPACITY,Capacidad de almacenamiento,47780,512 GB,True,2025-04-03 12:09:12.806546,2025-04-03 12:09:12.806546
fa0be4e6-143e-4b48-ba5f-5ff8fd9c00b6,MLA44779432,RAM_MEMORY,Memoria RAM,3565862,128 GB,True,2025-04-03 12:09:12.806549,2025-04-03 12:09:12.806550
d08bbf2c-6d33-487f-8e1a-46779cefeb44,MLA44779432,REMOTE_CONTROL_TYPE,Tipo de control remoto,182134,Estándar,True,2025-04-03 12:09:12.806552,2025-04-03 12:09:12.806553
3c14e9f2-6ea4-4e97-8480-fa1951685041,MLA44779432,MAIN_COLOR,Color principal,2450295,Negro,True,2025-04-03 12:09:12.806556,2025-04-03 12:09:12.806556
5a5ee35d-e666-4bb9-9f99-3b6e5f5089cf,MLA44779432,DEVICE_FORMAT,Formato del dispositivo,8616495,TV Box,True,2025-04-03 12:09:12.806559,2025-04-03 12:09:12.806559
2a9250c8-8c50-4c66-9297-49b0fe7d4b63,MLA44779432,WITH_WI_FI,Con Wi-Fi,242085,Sí,True,2025-04-03 12:09:12.806562,2025-04-03 12:09:12.806562
4fe764a2-03fb-4c80-aaf9-6db00010b947,MLA44779432,INCLUDES_HDMI_CABLE,Incluye cable HDMI,242085,Sí,True,2025-04-03 12:09:12.806565,2025-04-03 12:09:12.806565
5964bcdd-3b51-4748-a6e7-43c16d78559e,MLA44779432,INCLUDES_CELL_BATTERIES,Incluye pilas,242084,No,True,2025-04-03 12:09:12.806568,2025-04-03 12:09:12.806569
479b0fa1-2a9c-4741-840a-843470f4a222,MLA44779432,WEIGHT,Peso,16023936,350 g,True,2025-04-03 12:09:12.806572,2025-04-03 12:09:12.806572
38dd2852-9239-474b-98ff-948d7b38c47b,MLA35899098,BRAND,Marca,36603933,Monument,True,2025-04-03 12:09:12.806599,2025-04-03 12:09:12.806599
69d1a896-d1f4-4a1c-9c50-08d88730ef21,MLA35899098,MODEL,Modelo,10636178,no aplica,True,2025-04-03 12:09:12.806602,2025-04-03 12:09:12.806602
35ce1c0c-0746-4696-9d36-0629a87b6ca6,MLA35899098,COLOR,Color,52051,Gris oscuro,True,2025-04-03 12:09:12.806605,2025-04-03 12:09:12.806605
5a3f9b67-a0fa-4373-ae57-b2a807b3c1f4,MLA35899098,WITH_WI_FI,Con Wi-Fi,242085,Sí,True,2025-04-03 12:09:12.806608,2025-04-03 12:09:12.806608
07066f3c-a683-45fa-ac9a-398f353c17bc,MLA35899098,LENGTH,Largo,8101162,15.5 cm,True,2025-04-03 12:09:12.806611,2025-04-03 12:09:12.806612
8c15ec2c-0fd7-4fa1-947b-ce281d8a89dc,MLA35899098,WIDTH,Ancho,8012198,15.2 cm,True,2025-04-03 12:09:12.806614,2025-04-03 12:09:12.806615
54943884-47bc-4c6f-8dc8-517ae6ef2d75,MLA35899098,WEIGHT,Peso,40670021,453.592 g,True,2025-04-03 12:09:12.806618,2025-04-03 12:09:12.806618
d9455909-f141-42b2-a7c6-8f7f66b83810,MLA43320186,BRAND,Marca,11100257,Changhong,True,2025-04-03 12:09:12.806653,2025-04-03 12:09:12.806653
a6d7f946-b2a7-4100-a0de-efd51b2775b3,MLA43320186,LINE,Línea,11616396,Tv Box,True,2025-04-03 12:09:12.806656,2025-04-03 12:09:12.806656
a951a5b1-ca2e-4921-9d30-51e4b34174bb,MLA43320186,MODEL,Modelo,14883122,GIU6770,True,2025-04-03 12:09:12.806659,2025-04-03 12:09:12.806659
2678bdd8-f651-45ed-9d33-1975a069b221,MLA43320186,GENERATION,Generación,43028408,6ª generación,True,2025-04-03 12:09:12.806662,2025-04-03 12:09:12.806663
03340868-0e14-4954-85e4-7a6617fa7c54,MLA43320186,ALPHANUMERIC_MODEL,Modelo alfanumérico,14883121,GIU6770,True,2025-04-03 12:09:12.806665,2025-04-03 12:09:12.806666
e4f8e1ab-4ff0-4948-a7eb-1a3ccc31d210,MLA43320186,COLOR,Color,52049,Negro,True,2025-04-03 12:09:12.806669,2025-04-03 12:09:12.806669
5ea9a60e-41f9-421e-b6b9-522f515da5d9,MLA43320186,STORAGE_CAPACITY,Capacidad de almacenamiento,18646,8 GB,True,2025-04-03 12:09:12.806672,2025-04-03 12:09:12.806673
9d1000d6-e077-4ced-ab48-16599d81b8af,MLA43320186,RAM_MEMORY,Memoria RAM,445970,2 GB,True,2025-04-03 12:09:12.806676,2025-04-03 12:09:12.806676
cb91f875-36d1-4fe6-a776-2231de8c50dc,MLA43320186,REMOTE_CONTROL_TYPE,Tipo de control remoto,182134,Estándar,True,2025-04-03 12:09:12.806679,2025-04-03 12:09:12.806679
3e8d348a-9710-4f47-a51f-b657668a3023,MLA43320186,DEVICE_FORMAT,Formato del dispositivo,8616495,TV Box,True,2025-04-03 12:09:12.806682,2025-04-03 12:09:12.806682
ddb4b3a1-cb31-48ea-a0ad-71131b751a26,MLA43320186,MAX_VIDEO_RESOLUTION,Resolución máxima de video,169883,4K,True,2025-04-03 12:09:12.806685,2025-04-03 12:09:12.806686
fa7301ae-c8ea-4492-918a-e3bf04ce41f6,MLA43320186,AUDIO_AND_VIDEO_INTERFACES,Interfaces de audio y video,,HDMI,True,2025-04-03 12:09:12.806688,2025-04-03 12:09:12.806689
18e5d31e-deba-4e6a-ba91-e8e3344bbdcd,MLA43320186,PORTS_AND_CONNECTORS_TYPES,Tipos de puertos y conectores,,USB,True,2025-04-03 12:09:12.806692,2025-04-03 12:09:12.806692
e3d0310d-a36d-45d6-a389-fded1bff992c,MLA43320186,ANATEL_HOMOLOGATION_NUMBER,Homologación Anatel Nº,40365772,23291910648,True,2025-04-03 12:09:12.806695,2025-04-03 12:09:12.806695
0b2d035d-b7c4-45d8-bf65-e1f867d5e33f,MLA43320186,WITH_BLUETOOTH,Con Bluetooth,242085,Sí,True,2025-04-03 12:09:12.806698,2025-04-03 12:09:12.806698
d3e4403c-2417-4c44-bf7e-beb923565d07,MLA43320186,WITH_WI_FI,Con Wi-Fi,242085,Sí,True,2025-04-03 12:09:12.806701,2025-04-03 12:09:12.806701
092028aa-fc5b-4447-ab40-b42cdfcfb8cf,MLA43320186,WITH_INTEGRATED_VOICE_ASSISTANTS,Con asistentes de voz integrados,242085,Sí,True,2025-04-03 12:09:12.806704,2025-04-03 12:09:12.806704
a1d98916-ab7d-4e78-8f4b-301d7ce83285,MLA43320186,INCLUDES_HDMI_CABLE,Incluye cable HDMI,242085,Sí,True,2025-04-03 12:09:12.806707,2025-04-03 12:09:12.806707
862d43d9-754b-42d1-8094-529da64c2776,MLA43320186,INCLUDES_CELL_BATTERIES,Incluye pilas,242084,No,True,2025-04-03 12:09:12.806717,2025-04-03 12:09:12.806717
7e1fcc81-91a9-4809-9425-ad4723c80951,MLA43320186,LENGTH,Largo,7175979,15 cm,True,2025-04-03 12:09:12.806720,2025-04-03 12:09:12.806720
dce5796f-cd5a-42ed-8b20-b28f802a3db4,MLA43320186,WIDTH,Ancho,5795689,15 cm,True,2025-04-03 12:09:12.806723,2025-04-03 12:09:12.806723
08e366f7-1973-44ba-be6f-ba15fe7dd649,MLA43320186,HEIGHT,Altura,7891817,3 cm,True,2025-04-03 12:09:12.806726,2025-04-03 12:09:12.806726
e6dce62f-2719-4933-bdc9-8d65bc13316d,MLA43320186,WEIGHT,Peso,13822632,100 g,True,2025-04-03 12:09:12.806729,2025-04-03 12:09:12.806729
cad3243c-b611-452d-85af-a92cbcbe3d9f,MLA43320186,OS_NAME,Nombre del sistema operativo,296858,Android,True,2025-04-03 12:09:12.806732,2025-04-03 12:09:12.806732
0fe2fcce-c5b8-4619-9142-e9ec4c4e71a6,MLA41375746,BRAND,Marca,13375410,Red One,True,2025-04-03 12:09:12.806756,2025-04-03 12:09:12.806756
401d81d9-b0c1-45a6-b6b9-75a4cc4d22e3,MLA41375746,LINE,Línea,13332328,4k,True,2025-04-03 12:09:12.806759,2025-04-03 12:09:12.806759
ba3c9696-656c-4752-8491-c3b3166da282,MLA41375746,MODEL,Modelo,8894347,TV Box 4K,True,2025-04-03 12:09:12.806762,2025-04-03 12:09:12.806762
df4271dc-2c7a-46ca-8127-94349e8f85ad,MLA41375746,GENERATION,Generación,33089908,2ª generación,True,2025-04-03 12:09:12.806765,2025-04-03 12:09:12.806765
cb51fb67-7165-468d-9066-3cf292b31daf,MLA41375746,ALPHANUMERIC_MODEL,Modelo alfanumérico,40907127,L5B83G,True,2025-04-03 12:09:12.806768,2025-04-03 12:09:12.806768
13153b30-48bc-48cd-ba04-276a90ffb1a7,MLA41375746,COLOR,Color,52049,Negro,True,2025-04-03 12:09:12.806771,2025-04-03 12:09:12.806771
5727acba-dc87-4b3a-81f4-f72ffd00a979,MLA41375746,STORAGE_CAPACITY,Capacidad de almacenamiento,18646,8 GB,True,2025-04-03 12:09:12.806774,2025-04-03 12:09:12.806774
eafc810a-b976-45a9-8b8a-86707f594873,MLA41375746,RAM_MEMORY,Memoria RAM,445970,2 GB,True,2025-04-03 12:09:12.806777,2025-04-03 12:09:12.806777
f40b6726-c7ee-423c-8d6d-2d653b4c8811,MLA41375746,REMOTE_CONTROL_TYPE,Tipo de control remoto,182134,Estándar,True,2025-04-03 12:09:12.806780,2025-04-03 12:09:12.806780
bb8ef0c0-fa97-4608-a8f7-585bd153db88,MLA41375746,MAIN_COLOR,Color principal,2450295,Negro,True,2025-04-03 12:09:12.806783,2025-04-03 12:09:12.806783
8ee9d22d-42ee-45df-9e38-715f007e7a4b,MLA41375746,DEVICE_FORMAT,Formato del dispositivo,8616495,TV Box,True,2025-04-03 12:09:12.806786,2025-04-03 12:09:12.806787
786b489e-520a-4748-a76a-986c3f163229,MLA41375746,MAX_VIDEO_RESOLUTION,Resolución máxima de video,169883,4K,True,2025-04-03 12:09:12.806789,2025-04-03 12:09:12.806790
de21d664-b741-499b-b697-1dbad8021ad6,MLA41375746,COMPATIBLE_APPLICATIONS,Aplicaciones compatibles,,Televisores,True,2025-04-03 12:09:12.806792,2025-04-03 12:09:12.806793
e42e05e8-29b7-46c1-88ee-d74eea05529d,MLA41375746,RECOMMENDED_DEVICES,Dispositivos recomendados,,TVS,True,2025-04-03 12:09:12.806796,2025-04-03 12:09:12.806796
37edf06b-ae68-47a1-a5de-9f0375503774,MLA41375746,AUDIO_AND_VIDEO_INTERFACES,Interfaces de audio y video,,HDMI,True,2025-04-03 12:09:12.806799,2025-04-03 12:09:12.806799
7a5304e4-85a1-4d25-a0b9-5aeb92879d9b,MLA41375746,PORTS_AND_CONNECTORS_TYPES,Tipos de puertos y conectores,,"Internet, Micro-USB",True,2025-04-03 12:09:12.806802,2025-04-03 12:09:12.806802
0919a160-0c04-46b7-821e-4e7454911206,MLA41375746,WITH_BLUETOOTH,Con Bluetooth,242085,Sí,True,2025-04-03 12:09:12.806805,2025-04-03 12:09:12.806805
f08847ed-df9d-4854-82c6-022d7b4eff7a,MLA41375746,WITH_WI_FI,Con Wi-Fi,242085,Sí,True,2025-04-03 12:09:12.806809,2025-04-03 12:09:12.806809
daab5cae-15af-45be-87f3-a69ce307250f,MLA41375746,WITH_INTEGRATED_VOICE_ASSISTANTS,Con asistentes de voz integrados,242084,No,True,2025-04-03 12:09:12.806812,2025-04-03 12:09:12.806812
3f69c8c2-3df7-4abc-af27-60c956877efe,MLA41375746,INCLUDES_HDMI_CABLE,Incluye cable HDMI,242085,Sí,True,2025-04-03 12:09:12.806815,2025-04-03 12:09:12.806816
d9bc2e20-baa1-45ce-b720-dcbe64dc3030,MLA41375746,INCLUDES_CELL_BATTERIES,Incluye pilas,242084,No,True,2025-04-03 12:09:12.806819,2025-04-03 12:09:12.806819
6acd96f3-1f2a-4d12-9b22-3246f32f8d24,MLA41375746,LENGTH,Largo,7816454,10 cm,True,2025-04-03 12:09:12.806822,2025-04-03 12:09:12.806822
e950f1e8-82ef-402f-9259-53ab92538595,MLA41375746,WIDTH,Ancho,5795659,10 cm,True,2025-04-03 12:09:12.806825,2025-04-03 12:09:12.806825
33d38938-bd9e-4157-bcc4-359c3e34b06d,MLA41375746,HEIGHT,Altura,7891817,3 cm,True,2025-04-03 12:09:12.806832,2025-04-03 12:09:12.806832
c97ce1cb-cdc4-4831-85c8-7cd35b815d8e,MLA41375746,WEIGHT,Peso,13223770,300 g,True,2025-04-03 12:09:12.806835,2025-04-03 12:09:12.806835
eab4bd91-1932-48c1-a038-2b76002574bd,MLA41375746,OS_NAME,Nombre del sistema operativo,296858,Android,True,2025-04-03 12:09:12.806838,2025-04-03 12:09:12.806838
6108edc6-e502-4c12-a8b4-fb36d7f512fb,MLA42301552,BRAND,Marca,9788,Raymarine,True,2025-04-03 12:09:12.806864,2025-04-03 12:09:12.806865
16ac2863-b422-48e5-a94f-dfb950e329ef,MLA44238927,BRAND,Marca,45314587,DQ06 TV STICK,True,2025-04-03 12:09:12.806884,2025-04-03 12:09:12.806885
8711fa6f-db21-43db-ab44-428cb0dd14ff,MLA44238927,MODEL,Modelo,14267338,Smart TV,True,2025-04-03 12:09:12.806887,2025-04-03 12:09:12.806888
9964a34d-da1e-411f-b058-0a3b7e581b51,MLA44238927,GENERATION,Generación,45314588,GERAÇÃO 3,True,2025-04-03 12:09:12.806891,2025-04-03 12:09:12.806891
a4833f7a-d267-4e48-be88-26c5a2306ad9,MLA44238927,COLOR,Color,52049,Negro,True,2025-04-03 12:09:12.806894,2025-04-03 12:09:12.806894
64be30dc-dc03-4f48-af61-861c536badd2,MLA44238927,STORAGE_CAPACITY,Capacidad de almacenamiento,18614,16 GB,True,2025-04-03 12:09:12.806897,2025-04-03 12:09:12.806897
ff95382a-c536-44b9-bb01-c1fc28d6565d,MLA44238927,RAM_MEMORY,Memoria RAM,445970,2 GB,True,2025-04-03 12:09:12.806900,2025-04-03 12:09:12.806900
9f32a207-7361-4d81-a0ec-ba49d4ad67f6,MLA44238927,REMOTE_CONTROL_TYPE,Tipo de control remoto,17535337,De voz,True,2025-04-03 12:09:12.806903,2025-04-03 12:09:12.806903
f50cc17e-07ac-4efd-a2ba-a36f608d68e7,MLA44238927,MAIN_COLOR,Color principal,2450295,Negro,True,2025-04-03 12:09:12.806906,2025-04-03 12:09:12.806907
4d887ff0-7ffb-4728-910b-63a7791fa315,MLA44238927,DEVICE_FORMAT,Formato del dispositivo,8616496,Stick,True,2025-04-03 12:09:12.806909,2025-04-03 12:09:12.806910
3c14a2b1-b355-4c06-85fc-95e8288a40ec,MLA44238927,MAX_VIDEO_RESOLUTION,Resolución máxima de video,17863660,8K,True,2025-04-03 12:09:12.806912,2025-04-03 12:09:12.806913
f45d4c5a-4a98-4938-ab14-0ebe13ff636a,MLA44238927,AUDIO_AND_VIDEO_INTERFACES,Interfaces de audio y video,,1080P (Full-HD),True,2025-04-03 12:09:12.806917,2025-04-03 12:09:12.806917
dc49e3a3-8737-4c71-a7eb-719bec68b1d5,MLA44238927,WITH_BLUETOOTH,Con Bluetooth,242085,Sí,True,2025-04-03 12:09:12.806920,2025-04-03 12:09:12.806920
86cc3884-63c3-4f02-8ecc-6bab7301739d,MLA44238927,WITH_WI_FI,Con Wi-Fi,242085,Sí,True,2025-04-03 12:09:12.806923,2025-04-03 12:09:12.806923
9750670e-93f8-4ab1-b98c-7c5033df335a,MLA44238927,WEIGHT,Peso,18372933,32 g,True,2025-04-03 12:09:12.806926,2025-04-03 12:09:12.806926
3716e962-1ee5-4028-aeab-ac2f76fadd0b,MLA27269094,BRAND,Marca,17002234,Zimu,True,2025-04-03 12:09:12.806947,2025-04-03 12:09:12.806947
51b1b2ab-fa77-4ce7-b50b-f1adc8c6f5b1,MLA27269094,MODEL,Modelo,580589,Box,True,2025-04-03 12:09:12.806950,2025-04-03 12:09:12.806950
8c8feece-d66b-45f2-a4a5-f091d145f95e,MLA27269094,GENERATION,Generación,8246074,1.ª generación,True,2025-04-03 12:09:12.806953,2025-04-03 12:09:12.806953
4db52887-b112-4cdc-92b3-3ec471aa144f,MLA27269094,STORAGE_CAPACITY,Capacidad de almacenamiento,18621,32 GB,True,2025-04-03 12:09:12.806956,2025-04-03 12:09:12.806956
1e77ed2e-ecf2-4801-8964-48e854965dfb,MLA27269094,RAM_MEMORY,Memoria RAM,98852,4 GB,True,2025-04-03 12:09:12.806959,2025-04-03 12:09:12.806959
08f2ceeb-495e-4171-9e7e-4b8853055d31,MLA27269094,DEVICE_FORMAT,Formato del dispositivo,8616495,TV Box,True,2025-04-03 12:09:12.806962,2025-04-03 12:09:12.806962
e2b6843c-5fd1-4eec-945b-89d37efae707,MLA27269094,AUDIO_AND_VIDEO_INTERFACES,Interfaces de audio y video,,HDMI,True,2025-04-03 12:09:12.806965,2025-04-03 12:09:12.806965
5f1fbbc5-5a6c-4c9f-8f0a-d5422776c133,MLA42413856,BRAND,Marca,38483540,Lihuzmd,True,2025-04-03 12:09:12.806980,2025-04-03 12:09:12.806980
bc3cf3b1-3352-4ae5-ba69-b48df24845a0,MLA43268437,BRAND,Marca,260751,Inova,True,2025-04-03 12:09:12.806994,2025-04-03 12:09:12.806995
11b5d8cc-dee7-4b81-afb5-37974b38904c,MLA43268437,LINE,Línea,16105,Pro,True,2025-04-03 12:09:12.806998,2025-04-03 12:09:12.806998
3775c6f1-ea13-4f7c-be25-813193f03edd,MLA43268437,MODEL,Modelo,8894347,TV Box 4K,True,2025-04-03 12:09:12.807001,2025-04-03 12:09:12.807001
70a00ade-25ee-4939-a54b-26c4c45e3a72,MLA43268437,GENERATION,Generación,11322992,6.ª generación,True,2025-04-03 12:09:12.807004,2025-04-03 12:09:12.807004
63bd53f4-04ea-4a3c-998c-0417b1adf371,MLA43268437,ALPHANUMERIC_MODEL,Modelo alfanumérico,22248284,Tvbox,True,2025-04-03 12:09:12.807007,2025-04-03 12:09:12.807007
a8d000da-b58a-49d7-a685-7a7fe4bbbe43,MLA43268437,COLOR,Color,52049,Negro,True,2025-04-03 12:09:12.807010,2025-04-03 12:09:12.807010
623001df-54db-464b-b363-1dcdc2b3d710,MLA43268437,STORAGE_CAPACITY,Capacidad de almacenamiento,18621,32 GB,True,2025-04-03 12:09:12.807013,2025-04-03 12:09:12.807013
51a8c96a-4681-4311-a116-34de64c25927,MLA43268437,RAM_MEMORY,Memoria RAM,98852,4 GB,True,2025-04-03 12:09:12.807016,2025-04-03 12:09:12.807016
19a10f5e-b8cc-4c95-8478-f0480ffbcc80,MLA43268437,REMOTE_CONTROL_TYPE,Tipo de control remoto,17535337,De voz,True,2025-04-03 12:09:12.807020,2025-04-03 12:09:12.807021
14d044c8-def4-40dd-83fe-b2d68a0f2665,MLA43268437,MAIN_COLOR,Color principal,2450295,Negro,True,2025-04-03 12:09:12.807024,2025-04-03 12:09:12.807024
0cbc6a56-654d-42e8-9c9c-6fef2e810b47,MLA43268437,DEVICE_FORMAT,Formato del dispositivo,8616495,TV Box,True,2025-04-03 12:09:12.807027,2025-04-03 12:09:12.807027
241741f5-768b-4164-b9ec-0139e7221bde,MLA43268437,MAX_VIDEO_RESOLUTION,Resolución máxima de video,169883,4K,True,2025-04-03 12:09:12.807030,2025-04-03 12:09:12.807030
93a2b29e-7ac9-4fb0-8585-7067dad986f4,MLA43268437,AUDIO_AND_VIDEO_INTERFACES,Interfaces de audio y video,,HDMI,True,2025-04-03 12:09:12.807033,2025-04-03 12:09:12.807033
35c0cc09-3e81-400c-9e0f-0c62826d6962,MLA43268437,PORTS_AND_CONNECTORS_TYPES,Tipos de puertos y conectores,,Ethernet,True,2025-04-03 12:09:12.807036,2025-04-03 12:09:12.807036
f20ba26f-b854-4040-8877-59563c3918c1,MLA43268437,WITH_WI_FI,Con Wi-Fi,242085,Sí,True,2025-04-03 12:09:12.807039,2025-04-03 12:09:12.807040
c2de0d6f-d568-4e2f-adf9-1b51430cb1eb,MLA43268437,INCLUDES_HDMI_CABLE,Incluye cable HDMI,242085,Sí,True,2025-04-03 12:09:12.807042,2025-04-03 12:09:12.807043
60e1409e-0029-467e-b9bd-35781adbb5a3,MLA43268437,OS_NAME,Nombre del sistema operativo,296858,Android,True,2025-04-03 12:09:12.807045,2025-04-03 12:09:12.807046
7f43a032-232f-4359-85c5-c652788cc963,MLA43268437,CPU,CPU,,Cortex-A7 Quad-Core,True,2025-04-03 12:09:12.807049,2025-04-03 12:09:12.807049
bc093014-47e1-4387-8656-b563cb900c98,MLA43268437,GRAPHICS_PROCESSOR,Procesador gráfico,7738795,Mali-400 MP,True,2025-04-03 12:09:12.807052,2025-04-03 12:09:12.807052
39c0dbf2-0165-412a-bc42-f2d9a773bbcc,MLA43268437,WI_FI_STANDARDS,Estándares Wi-Fi,,2.4GHz,True,2025-04-03 12:09:12.807055,2025-04-03 12:09:12.807055
70a7a10c-b090-4fa1-bf0f-0e7e40c013d6,MLA42855293,BRAND,Marca,44166788,DQ08,True,2025-04-03 12:09:12.807079,2025-04-03 12:09:12.807079
c0d097f2-6b0f-4c05-9599-74fc4911c543,MLA42855293,MODEL,Modelo,44166799,Tv box 8k,True,2025-04-03 12:09:12.807082,2025-04-03 12:09:12.807082
56f30f1e-5532-4d17-ba80-420fe4100a72,MLA42855293,GENERATION,Generación,11322992,6.ª generación,True,2025-04-03 12:09:12.807085,2025-04-03 12:09:12.807086
8a2a75d5-fe15-48db-9298-818cb912bd48,MLA42855293,ALPHANUMERIC_MODEL,Modelo alfanumérico,44166787,Streaming,True,2025-04-03 12:09:12.807088,2025-04-03 12:09:12.807089
22f875c3-2f81-4c23-b463-3eff2d513f31,MLA42855293,COLOR,Color,52049,Negro,True,2025-04-03 12:09:12.807091,2025-04-03 12:09:12.807092
cab8cd8d-b3a6-4271-b01b-f470759f9359,MLA42855293,STORAGE_CAPACITY,Capacidad de almacenamiento,18621,32 GB,True,2025-04-03 12:09:12.807095,2025-04-03 12:09:12.807095
5674044c-83db-4ae9-a3d3-8a85d9e8bb3c,MLA42855293,RAM_MEMORY,Memoria RAM,98852,4 GB,True,2025-04-03 12:09:12.807098,2025-04-03 12:09:12.807098
4522e931-12d3-44f9-890b-8d2f4c66c2cc,MLA42855293,MAIN_COLOR,Color principal,2450295,Negro,True,2025-04-03 12:09:12.807101,2025-04-03 12:09:12.807101
bc846e92-fb54-4079-b8ff-9a51e48a11ea,MLA42855293,DEVICE_FORMAT,Formato del dispositivo,8616495,TV Box,True,2025-04-03 12:09:12.807104,2025-04-03 12:09:12.807104
f8f570fa-ff4e-469a-8759-036559b61e8b,MLA42855293,MANUFACTURER,Fabricante,2740010,HD,True,2025-04-03 12:09:12.807111,2025-04-03 12:09:12.807111
5d3e2331-5580-4351-8a3a-1a405b06d040,MLA42855293,WITH_BLUETOOTH,Con Bluetooth,242084,No,True,2025-04-03 12:09:12.807114,2025-04-03 12:09:12.807114
1835daee-2c70-4287-8aaf-43c592927507,MLA42855293,WITH_WI_FI,Con Wi-Fi,242085,Sí,True,2025-04-03 12:09:12.807117,2025-04-03 12:09:12.807117
d0267131-2591-40f0-a079-6b9ba3dd6378,MLA42855293,WITH_INTEGRATED_VOICE_ASSISTANTS,Con asistentes de voz integrados,242085,Sí,True,2025-04-03 12:09:12.807120,2025-04-03 12:09:12.807120
fc58b2b2-754f-496e-aa0f-bfca5b910dea,MLA42855293,INCLUDES_HDMI_CABLE,Incluye cable HDMI,242084,No,True,2025-04-03 12:09:12.807123,2025-04-03 12:09:12.807123
f5933f9e-8457-45f7-b726-8fb3b31c5e19,MLA42855293,INCLUDES_CELL_BATTERIES,Incluye pilas,242084,No,True,2025-04-03 12:09:12.807126,2025-04-03 12:09:12.807127
25a43a63-4f1c-4c57-9ae7-7a3afcb7d8cd,MLA42855293,OS_NAME,Nombre del sistema operativo,43761317,Android 13,True,2025-04-03 12:09:12.807130,2025-04-03 12:09:12.807130
589df068-907d-43fd-8fc3-c0a69c199c6a,MLA21891478,BRAND,Marca,763266,Copag,True,2025-04-03 12:09:12.807150,2025-04-03 12:09:12.807150
2d93d86d-2145-49e9-85fa-fb09a34a3dc4,MLA21891478,MODEL,Modelo,17007912,Box Tapukoko + 12 Booster Origem Perdida,True,2025-04-03 12:09:12.807153,2025-04-03 12:09:12.807154
3cf735e0-e6b6-42cf-b053-ce45c4d39479,MLA21891478,ALPHANUMERIC_MODEL,Modelo alfanumérico,48881038,Box Tapukoko + 12 Booster,True,2025-04-03 12:09:12.807156,2025-04-03 12:09:12.807157
b843b003-10d5-4790-8566-e377f3c9ebf0,MLA46629263,BRAND,Marca,19130830,x88,True,2025-04-03 12:09:12.807179,2025-04-03 12:09:12.807179
e7523421-820c-484b-a9e8-1ee41d5052f3,MLA46629263,COLOR,Color,52049,Negro,True,2025-04-03 12:09:12.807182,2025-04-03 12:09:12.807182
d4c07477-4b94-4bf7-bc5f-1ac1471bcee2,MLA46629263,REMOTE_CONTROL_TYPE,Tipo de control remoto,182134,Estándar,True,2025-04-03 12:09:12.807185,2025-04-03 12:09:12.807185
d1c7337b-f2d8-4ac5-9c89-a937ca4fc077,MLA46629263,DEVICE_FORMAT,Formato del dispositivo,8616495,TV Box,True,2025-04-03 12:09:12.807188,2025-04-03 12:09:12.807188
78aaed85-de8f-4e64-80c1-a0ec92e6547c,MLA16590847,BRAND,Marca,474046,Pendoo,True,2025-04-03 12:09:12.807208,2025-04-03 12:09:12.807208
04f0e28c-d525-4d2b-b619-9e3bd9ee8c5a,MLA16590847,MODEL,Modelo,9547374,X10 Plus,True,2025-04-03 12:09:12.807211,2025-04-03 12:09:12.807211
39725a64-e479-4da0-9a0d-6efc910f3a77,MLA16590847,ALPHANUMERIC_MODEL,Modelo alfanumérico,9547370,S905X2,True,2025-04-03 12:09:12.807214,2025-04-03 12:09:12.807214
f04d2d96-ce27-4876-ba38-216f4fa36114,MLA16590847,DEVICE_FORMAT,Formato del dispositivo,8616495,TV Box,True,2025-04-03 12:09:12.807217,2025-04-03 12:09:12.807217
23193a5f-9800-4ab2-a02a-3ea919e4169f,MLA16590847,MAX_VIDEO_RESOLUTION,Resolución máxima de video,169883,4K,True,2025-04-03 12:09:12.807220,2025-04-03 12:09:12.807220
9c569fae-5572-4f57-baa6-36014ff1e692,MLA16590847,COMPATIBLE_APPLICATIONS,Aplicaciones compatibles,,"Facebook, FOX Sports, Google Play, Hulu, Netflix, Twitter, YouTube, Google+, SportsDevil",True,2025-04-03 12:09:12.807223,2025-04-03 12:09:12.807224
79c798ac-4ccc-4d5a-8c49-4d9a6325da17,MLA16590847,RECOMMENDED_DEVICES,Dispositivos recomendados,,"Televisores, Celulares",True,2025-04-03 12:09:12.807227,2025-04-03 12:09:12.807227
70470237-96b6-4233-8dcb-17eb9f3a60cf,MLA16590847,AUDIO_AND_VIDEO_INTERFACES,Interfaces de audio y video,,"HDMI, AV, S/PDIF óptico",True,2025-04-03 12:09:12.807230,2025-04-03 12:09:12.807230
f83edf1e-af12-4bcd-9689-d7bbb8a43bc9,MLA16590847,PORTS_AND_CONNECTORS_TYPES,Tipos de puertos y conectores,,"Ethernet, SD, IR, USB 3.0, USB 2.0",True,2025-04-03 12:09:12.807233,2025-04-03 12:09:12.807233
69bbb5a8-a9fd-4d08-8487-f2e8124602a4,MLA16590847,WITH_BLUETOOTH,Con Bluetooth,242085,Sí,True,2025-04-03 12:09:12.807236,2025-04-03 12:09:12.807236
b0c2d5df-f7c8-473e-9b64-7dc60b350225,MLA16590847,WITH_WI_FI,Con Wi-Fi,242085,Sí,True,2025-04-03 12:09:12.807239,2025-04-03 12:09:12.807239
22ff86cb-c265-4be4-8b21-27ce0afaf2b1,MLA16590847,INCLUDES_HDMI_CABLE,Incluye cable HDMI,242085,Sí,True,2025-04-03 12:09:12.807242,2025-04-03 12:09:12.807242
e26d287a-f890-4b9b-99d0-ca051382ec6b,MLA16590847,LENGTH,Largo,7817120,10.5 cm,True,2025-04-03 12:09:12.807245,2025-04-03 12:09:12.807245
387b255e-65cf-4320-8b2e-ed58add7cb8b,MLA16590847,WIDTH,Ancho,7817121,10.5 cm,True,2025-04-03 12:09:12.807248,2025-04-03 12:09:12.807248
011321aa-0aaa-490f-a17b-61dc96e4a1e8,MLA16590847,HEIGHT,Altura,7891537,2 cm,True,2025-04-03 12:09:12.807251,2025-04-03 12:09:12.807251
06afbdad-0f95-4406-a9e7-888c40bc8734,MLA16590847,OS_NAME,Nombre del sistema operativo,7606162,Android 8.1,True,2025-04-03 12:09:12.807254,2025-04-03 12:09:12.807255
62998cd6-f670-4c03-b790-0c6fc2c42ca7,MLA16590847,STREAMING_TECHNOLOGIES,Tecnologías de streaming,,"Miracast, AirPlay, DLNA",True,2025-04-03 12:09:12.807258,2025-04-03 12:09:12.807258
7dcbab0f-5e1c-448c-a4ec-ef64ca931aac,MLA16590847,CPU,CPU,,Amlogic S905X2 Cortex-A53 Quad-Core,True,2025-04-03 12:09:12.807261,2025-04-03 12:09:12.807261
335bcb7e-2a92-43e6-beb5-488beca91f5e,MLA16590847,GRAPHICS_PROCESSOR,Procesador gráfico,7569896,Mali-G31 MP2,True,2025-04-03 12:09:12.807264,2025-04-03 12:09:12.807264
3ea1f1af-086e-488e-8131-f8c6ba795d50,MLA16590847,WI_FI_STANDARDS,Estándares Wi-Fi,,IEEE 802.11ac,True,2025-04-03 12:09:12.807267,2025-04-03 12:09:12.807267
86283324-8481-4bdd-8332-30f430eb39b7,MLA16590847,FREQUENCIES,Frecuencias,,"2.4 GHz, 5.8 GHz",True,2025-04-03 12:09:12.807270,2025-04-03 12:09:12.807270
7a7f0157-9222-41ce-be69-13e007e1fc62,MLA16590847,DEVICE_OPERATING_VOLTAGE,Voltaje de funcionamiento,8631470,5 V,True,2025-04-03 12:09:12.807273,2025-04-03 12:09:12.807273
d0b5a9e1-3f34-44a9-8af8-f40d28547b86,MLA43251460,BRAND,Marca,16271201,DQ,True,2025-04-03 12:09:12.807291,2025-04-03 12:09:12.807291
81a09d73-207c-4946-8ad4-9e1b55afa5a2,MLA43251460,MODEL,Modelo,44535845,DQ03,True,2025-04-03 12:09:12.807294,2025-04-03 12:09:12.807294
2c549b82-0dac-4661-9feb-d859ea2ad6af,MLA43251460,GENERATION,Generación,8246074,1.ª generación,True,2025-04-03 12:09:12.807297,2025-04-03 12:09:12.807297
156993b9-1d66-424a-b661-7d6b1b799b63,MLA43251460,ALPHANUMERIC_MODEL,Modelo alfanumérico,13838716,4K,True,2025-04-03 12:09:12.807301,2025-04-03 12:09:12.807301
2dd2f788-ec2e-4f97-aacf-406ecf0fdffd,MLA43251460,COLOR,Color,52049,Negro,True,2025-04-03 12:09:12.807304,2025-04-03 12:09:12.807304
d61a4b69-1025-4e3f-90b7-3f6d89f2c733,MLA43251460,STORAGE_CAPACITY,Capacidad de almacenamiento,18614,16 GB,True,2025-04-03 12:09:12.807307,2025-04-03 12:09:12.807308
2bff80ff-e2d1-4d38-bfaf-02c07c539b14,MLA43251460,RAM_MEMORY,Memoria RAM,445970,2 GB,True,2025-04-03 12:09:12.807310,2025-04-03 12:09:12.807311
d5f62b59-6c0e-4f85-acba-dc0faf6179f5,MLA43251460,REMOTE_CONTROL_TYPE,Tipo de control remoto,182134,Estándar,True,2025-04-03 12:09:12.807313,2025-04-03 12:09:12.807314
aab8040f-ace5-456e-a57f-41942efdb908,MLA43251460,DEVICE_FORMAT,Formato del dispositivo,8616496,Stick,True,2025-04-03 12:09:12.807317,2025-04-03 12:09:12.807317
d08e2295-e8d5-4e30-98e6-4636f65b5295,MLA43251460,MAX_VIDEO_RESOLUTION,Resolución máxima de video,169883,4K,True,2025-04-03 12:09:12.807320,2025-04-03 12:09:12.807320
ce272383-9e83-4e0a-b10c-4d28030c6a6f,MLA43251460,AUDIO_AND_VIDEO_INTERFACES,Interfaces de audio y video,,HDMI,True,2025-04-03 12:09:12.807323,2025-04-03 12:09:12.807323
8129b56a-0071-494d-9107-fdbabde7da7e,MLA43251460,WITH_WI_FI,Con Wi-Fi,242085,Sí,True,2025-04-03 12:09:12.807326,2025-04-03 12:09:12.807326
d4f51345-67a5-4c7a-814c-92db069018fd,MLA45653047,BRAND,Marca,105617,Tomate,True,2025-04-03 12:09:12.807346,2025-04-03 12:09:12.807346
3334af96-730f-4d5b-9ae0-2d073884bda6,MLA45653047,LINE,Línea,46894213,Sitick Android,True,2025-04-03 12:09:12.807349,2025-04-03 12:09:12.807350
8e0dd6fd-0d8f-42ca-9d77-4fb9ef89d287,MLA45653047,MODEL,Modelo,46894214,MCD-123,True,2025-04-03 12:09:12.807352,2025-04-03 12:09:12.807353
9ba1f903-6fab-44c4-9a57-f91e2454914a,MLA45653047,COLOR,Color,52049,Negro,True,2025-04-03 12:09:12.807356,2025-04-03 12:09:12.807356
e3916507-7b16-41e5-9b6d-10c571bbbf10,MLA45653047,STORAGE_CAPACITY,Capacidad de almacenamiento,18614,16 GB,True,2025-04-03 12:09:12.807359,2025-04-03 12:09:12.807359
2f67cd13-1bdb-4359-9916-191e7e216126,MLA45653047,RAM_MEMORY,Memoria RAM,445970,2 GB,True,2025-04-03 12:09:12.807362,2025-04-03 12:09:12.807362
20bbe01e-01cf-4048-9899-255cd9bcb777,MLA45653047,REMOTE_CONTROL_TYPE,Tipo de control remoto,46894216,REMOTO,True,2025-04-03 12:09:12.807365,2025-04-03 12:09:12.807365
6af3a2f0-f0a0-432b-835c-457ee7288da2,MLA45653047,MAIN_COLOR,Color principal,2450295,Negro,True,2025-04-03 12:09:12.807368,2025-04-03 12:09:12.807368
00f43191-6412-4566-9e92-ca4642184ce9,MLA45653047,DEVICE_FORMAT,Formato del dispositivo,8616496,Stick,True,2025-04-03 12:09:12.807371,2025-04-03 12:09:12.807371
e7cbf1a1-64c8-4f14-a624-92cf484f86a9,MLA45653047,MAX_VIDEO_RESOLUTION,Resolución máxima de video,169883,4K,True,2025-04-03 12:09:12.807374,2025-04-03 12:09:12.807374
754e1da4-8907-45c2-b93e-0458a92d96c6,MLA45653047,RECOMMENDED_DEVICES,Dispositivos recomendados,,"Celulares, Tablets, Computadoras portátiles, Proyectores",True,2025-04-03 12:09:12.807377,2025-04-03 12:09:12.807378
19f179fc-0afa-4f2a-bbf9-551efa277bf8,MLA45653047,PORTS_AND_CONNECTORS_TYPES,Tipos de puertos y conectores,,HDMI,True,2025-04-03 12:09:12.807381,2025-04-03 12:09:12.807381
21d8b131-8af8-49b2-a225-b8ab506b42ef,MLA45653047,MANUFACTURER,Fabricante,105617,Tomate,True,2025-04-03 12:09:12.807384,2025-04-03 12:09:12.807384
cac29ac8-8ae1-4f3a-ae3b-b27690197177,MLA45653047,ANATEL_HOMOLOGATION_NUMBER,Homologación Anatel Nº,46940350,42852411487,True,2025-04-03 12:09:12.807387,2025-04-03 12:09:12.807387
8bc48388-8e5f-46cf-9ff9-1710a243fb76,MLA45653047,WITH_BLUETOOTH,Con Bluetooth,242084,No,True,2025-04-03 12:09:12.807395,2025-04-03 12:09:12.807395
dbcd456e-364a-4827-8711-d7c5ebc86ecd,MLA45653047,WITH_WI_FI,Con Wi-Fi,242085,Sí,True,2025-04-03 12:09:12.807398,2025-04-03 12:09:12.807398
25d1d14c-6617-4eda-b8f6-7a6d63bf4924,MLA45653047,WITH_INTEGRATED_VOICE_ASSISTANTS,Con asistentes de voz integrados,242085,Sí,True,2025-04-03 12:09:12.807401,2025-04-03 12:09:12.807402
8e62450c-0f77-4dae-929f-f6d54bb2b565,MLA45653047,INTEGRATED_VOICE_ASSISTANTS,Asistentes de voz integrados,,Google Assistant,True,2025-04-03 12:09:12.807405,2025-04-03 12:09:12.807405
d7d4e33f-1dae-4b49-9ce3-218fd62dbe38,MLA45653047,INCLUDES_HDMI_CABLE,Incluye cable HDMI,242084,No,True,2025-04-03 12:09:12.807408,2025-04-03 12:09:12.807408
d231518d-cd36-4316-a288-5e75d2991ba1,MLA45653047,INCLUDES_CELL_BATTERIES,Incluye pilas,242084,No,True,2025-04-03 12:09:12.807411,2025-04-03 12:09:12.807411
ccfaf420-b03e-4ed3-a9e3-86d73ff71528,MLA45653047,OS_NAME,Nombre del sistema operativo,296858,Android,True,2025-04-03 12:09:12.807414,2025-04-03 12:09:12.807414
e4574596-6e9f-425f-9db2-9c37899946d2,MLA28307360,BRAND,Marca,122772,Blackmagic Design,True,2025-04-03 12:09:12.807445,2025-04-03 12:09:12.807445
e6823308-009a-4bca-9e8d-e62d70c039cb,MLA28307360,MODEL,Modelo,26429661,SDI para Audio,True,2025-04-03 12:09:12.807448,2025-04-03 12:09:12.807448
681db18f-e096-4252-a3d6-75c60cc96fa4,MLA28307360,AUDIO_AND_VIDEO_INTERFACES,Interfaces de audio y video,,SDI,True,2025-04-03 12:09:12.807451,2025-04-03 12:09:12.807451
60833ac4-482c-4273-997c-9a2f1db7e8fa,MLA42847946,BRAND,Marca,52701,Google,True,2025-04-03 12:09:12.807469,2025-04-03 12:09:12.807469
2db938b7-b224-4cc6-9275-b93f9c6c8b7c,MLA42847946,LINE,Línea,44161630,Google TV Streamer 4k,True,2025-04-03 12:09:12.807472,2025-04-03 12:09:12.807472
6f838de3-a25a-4530-ae42-1d9073cd3227,MLA42847946,MODEL,Modelo,44161636,Google Streamer 4K,True,2025-04-03 12:09:12.807475,2025-04-03 12:09:12.807475
5ce12b47-f813-4c64-bbe7-f326bf5c1487,MLA42847946,GENERATION,Generación,44154332,2024,True,2025-04-03 12:09:12.807478,2025-04-03 12:09:12.807479
42534a5e-ab20-4bd9-9bcd-001ef8d10e7c,MLA42847946,ALPHANUMERIC_MODEL,Modelo alfanumérico,44161621,GA-05662US,True,2025-04-03 12:09:12.807482,2025-04-03 12:09:12.807482
8181afc9-4ed0-46ce-b33c-c122b9d0c695,MLA42847946,COLOR,Color,52055,Blanco,True,2025-04-03 12:09:12.807485,2025-04-03 12:09:12.807485
d72f6fab-5265-4994-8e19-8692a96deb6e,MLA42847946,STORAGE_CAPACITY,Capacidad de almacenamiento,18621,32 GB,True,2025-04-03 12:09:12.807488,2025-04-03 12:09:12.807488
e1b1bef6-4826-41c1-a855-1e26eec2b320,MLA42847946,RAM_MEMORY,Memoria RAM,98852,4 GB,True,2025-04-03 12:09:12.807491,2025-04-03 12:09:12.807491
700fb25d-d253-4c37-9971-b78c20e986bf,MLA42847946,REMOTE_CONTROL_TYPE,Tipo de control remoto,17535337,De voz,True,2025-04-03 12:09:12.807494,2025-04-03 12:09:12.807494
6d6735aa-592c-4d68-821b-c260cd911f91,MLA42847946,DEVICE_FORMAT,Formato del dispositivo,8616495,TV Box,True,2025-04-03 12:09:12.807497,2025-04-03 12:09:12.807497
06b7cdd8-7cd8-4772-8431-16e1ec0d4108,MLA42847946,MAX_VIDEO_RESOLUTION,Resolución máxima de video,169883,4K,True,2025-04-03 12:09:12.807500,2025-04-03 12:09:12.807500
73ff78b6-5a31-40a1-b54d-012a53b80942,MLA42847946,COMPATIBLE_APPLICATIONS,Aplicaciones compatibles,,"Google TV, NetFliz, Prime Video, Spotfy, Interruptores electrónicos",True,2025-04-03 12:09:12.807503,2025-04-03 12:09:12.807504
7d0a5b8d-71a2-4b12-82c8-d8519dd91016,MLA42847946,AUDIO_AND_VIDEO_INTERFACES,Interfaces de audio y video,,"Doble Atmos, Doble Visión",True,2025-04-03 12:09:12.807506,2025-04-03 12:09:12.807507
f064c4e0-6c77-4848-aa69-43c557701f10,MLA42847946,PORTS_AND_CONNECTORS_TYPES,Tipos de puertos y conectores,,HDMI,True,2025-04-03 12:09:12.807511,2025-04-03 12:09:12.807511
d9bbdde6-255c-49ea-862e-02ea1924f19e,MLA42847946,MANUFACTURER,Fabricante,44161632,Gooble,True,2025-04-03 12:09:12.807514,2025-04-03 12:09:12.807514
3999a0f2-10df-4032-ba6d-91f7d98bc248,MLA42847946,WITH_BLUETOOTH,Con Bluetooth,242085,Sí,True,2025-04-03 12:09:12.807517,2025-04-03 12:09:12.807517
241f6e30-cb8c-4165-b329-1cd14fbdba99,MLA42847946,WITH_WI_FI,Con Wi-Fi,242085,Sí,True,2025-04-03 12:09:12.807520,2025-04-03 12:09:12.807520
14276c21-8b51-4906-a9ec-143a0e208363,MLA42847946,WITH_INTEGRATED_VOICE_ASSISTANTS,Con asistentes de voz integrados,242085,Sí,True,2025-04-03 12:09:12.807524,2025-04-03 12:09:12.807524
80fee34a-03d4-4055-aed3-bb2cf0623b41,MLA42847946,INTEGRATED_VOICE_ASSISTANTS,Asistentes de voz integrados,,Google Home,True,2025-04-03 12:09:12.807527,2025-04-03 12:09:12.807527
3be2015c-1c15-45fc-917b-25b78caf28aa,MLA42847946,INCLUDES_HDMI_CABLE,Incluye cable HDMI,242084,No,True,2025-04-03 12:09:12.807530,2025-04-03 12:09:12.807530
d70a884f-f6cc-4e6e-9cb3-35924009042c,MLA42847946,INCLUDES_CELL_BATTERIES,Incluye pilas,242085,Sí,True,2025-04-03 12:09:12.807533,2025-04-03 12:09:12.807533
6f22a56d-7766-4cfe-b206-beb34be4e2b4,MLA42847946,LENGTH,Largo,33334648,16.15 cm,True,2025-04-03 12:09:12.807536,2025-04-03 12:09:12.807536
59cfe97d-0f76-41b5-b85a-a5c1c7753aa2,MLA42847946,WIDTH,Ancho,44161643,7.56 cm,True,2025-04-03 12:09:12.807539,2025-04-03 12:09:12.807539
867550f9-7a8d-403f-912c-0dbaf4514d9c,MLA42847946,HEIGHT,Altura,7899641,2.7 cm,True,2025-04-03 12:09:12.807542,2025-04-03 12:09:12.807542
82f87b27-d224-4d57-926f-198d3ba52b60,MLA42847946,WEIGHT,Peso,16713816,163 g,True,2025-04-03 12:09:12.807545,2025-04-03 12:09:12.807545
23928523-4f13-47ee-907c-163ddb8bba21,MLA42847946,OS_NAME,Nombre del sistema operativo,13310224,Google TV,True,2025-04-03 12:09:12.807548,2025-04-03 12:09:12.807548
0050dd25-9056-446f-a023-d8591a85a89b,MLA45773538,BRAND,Marca,44142468,G96,True,2025-04-03 12:09:12.807569,2025-04-03 12:09:12.807569
dc32eb44-9768-4d52-8713-8177d0f397e6,MLA45773538,LINE,Línea,13461417,Android TV,True,2025-04-03 12:09:12.807572,2025-04-03 12:09:12.807572
16750951-f817-4509-948f-a11c80a007e9,MLA45773538,MODEL,Modelo,44142474,G96 TV Stick,True,2025-04-03 12:09:12.807575,2025-04-03 12:09:12.807575
31c6a1e6-8792-49af-ba3c-f7632ef1d9e2,MLA45773538,GENERATION,Generación,11101306,1°,True,2025-04-03 12:09:12.807578,2025-04-03 12:09:12.807578
f8fb692e-bd8a-4f49-9730-1068552333bd,MLA45773538,ALPHANUMERIC_MODEL,Modelo alfanumérico,44142467,G96 TV Stick,True,2025-04-03 12:09:12.807581,2025-04-03 12:09:12.807581
8e20c1f9-341a-430e-91e5-d58708b23cbf,MLA45773538,COLOR,Color,47045245,Negro tv stick,True,2025-04-03 12:09:12.807584,2025-04-03 12:09:12.807584
c6505b44-aa57-4abb-b8ed-eedbbcfe9c6e,MLA45773538,STORAGE_CAPACITY,Capacidad de almacenamiento,47780,512 GB,True,2025-04-03 12:09:12.807587,2025-04-03 12:09:12.807587
68dcd421-1f77-42d0-9749-11fd0c029c87,MLA45773538,RAM_MEMORY,Memoria RAM,455397,32 GB,True,2025-04-03 12:09:12.807591,2025-04-03 12:09:12.807592
d485f51f-0eba-422e-9363-3e2b0cf4acbc,MLA45773538,DEVICE_FORMAT,Formato del dispositivo,8616496,Stick,True,2025-04-03 12:09:12.807595,2025-04-03 12:09:12.807595
68ee257d-c987-4fdc-b91c-5f42488eb87e,MLA45773538,MAX_VIDEO_RESOLUTION,Resolución máxima de video,17863660,8K,True,2025-04-03 12:09:12.807598,2025-04-03 12:09:12.807598
65fbee61-a472-430a-8c78-893216509ae7,MLA45773538,COMPATIBLE_APPLICATIONS,Aplicaciones compatibles,,"Netflix, Vudu, Hulu, Spotify, ESPN",True,2025-04-03 12:09:12.807601,2025-04-03 12:09:12.807601
eeb9ac1f-0588-4b82-b056-5d1f781ca906,MLA45773538,PORTS_AND_CONNECTORS_TYPES,Tipos de puertos y conectores,,HDMI,True,2025-04-03 12:09:12.807604,2025-04-03 12:09:12.807604
78196e12-b058-4219-ad05-20aabc70cfbc,MLA45773538,WITH_WI_FI,Con Wi-Fi,242085,Sí,True,2025-04-03 12:09:12.807607,2025-04-03 12:09:12.807607
d70cc2b7-311f-413d-adcd-02799d08cda4,MLA45773538,WITH_INTEGRATED_VOICE_ASSISTANTS,Con asistentes de voz integrados,242085,Sí,True,2025-04-03 12:09:12.807610,2025-04-03 12:09:12.807610
969e74ad-149c-41de-947c-68ec602fa2d8,MLA45773538,INTEGRATED_VOICE_ASSISTANTS,Asistentes de voz integrados,,Google Assistant,True,2025-04-03 12:09:12.807613,2025-04-03 12:09:12.807613
5e509c20-085f-4a7a-9c38-372c51e1888e,MLA45773538,INCLUDES_HDMI_CABLE,Incluye cable HDMI,242085,Sí,True,2025-04-03 12:09:12.807616,2025-04-03 12:09:12.807616
d02d3a9a-37d4-4e3d-98e0-c1309ecc9d4e,MLA45773538,OS_NAME,Nombre del sistema operativo,17859603,Android 12.1,True,2025-04-03 12:09:12.807619,2025-04-03 12:09:12.807619
62a46c4c-4d4d-4370-8a72-4231d30436fe,MLA43320106,BRAND,Marca,260751,Inova,True,2025-04-03 12:09:12.807668,2025-04-03 12:09:12.807668
0695f315-cec9-4a65-8972-5d0d8d7cc037,MLA43320106,MODEL,Modelo,242473,Inova,True,2025-04-03 12:09:12.807671,2025-04-03 12:09:12.807671
99485ecd-3ab5-4283-a4ad-e7e78d2a7d56,MLA43320106,GENERATION,Generación,11281876,2.ª generación,True,2025-04-03 12:09:12.807674,2025-04-03 12:09:12.807674
7351ee46-8f34-495f-b471-c1d55320f93b,MLA43320106,ALPHANUMERIC_MODEL,Modelo alfanumérico,44546444,6200,True,2025-04-03 12:09:12.807677,2025-04-03 12:09:12.807677
da769cab-8534-4732-8847-638baed7da11,MLA43320106,COLOR,Color,52049,Negro,True,2025-04-03 12:09:12.807680,2025-04-03 12:09:12.807680
6f10ff81-77f4-43e3-b451-44da17a5e17b,MLA43320106,STORAGE_CAPACITY,Capacidad de almacenamiento,18614,16 GB,True,2025-04-03 12:09:12.807683,2025-04-03 12:09:12.807683
97276384-a5ab-42dc-ac06-5bcf41c75517,MLA43320106,RAM_MEMORY,Memoria RAM,445970,2 GB,True,2025-04-03 12:09:12.807686,2025-04-03 12:09:12.807686
02f63d62-58cf-46d1-992f-5abb1465af31,MLA43320106,REMOTE_CONTROL_TYPE,Tipo de control remoto,182134,Estándar,True,2025-04-03 12:09:12.807691,2025-04-03 12:09:12.807691
2322eac1-3ea7-4af5-b1e0-782c2c7887cf,MLA43320106,DEVICE_FORMAT,Formato del dispositivo,8616495,TV Box,True,2025-04-03 12:09:12.807694,2025-04-03 12:09:12.807694
ed527f2b-256c-4c09-aed5-6a95bd28ba51,MLA43320106,MAX_VIDEO_RESOLUTION,Resolución máxima de video,169883,4K,True,2025-04-03 12:09:12.807697,2025-04-03 12:09:12.807697
288a5a47-218a-45e1-a634-4335aeb5865e,MLA43320106,AUDIO_AND_VIDEO_INTERFACES,Interfaces de audio y video,,"AV, HDMI, USB",True,2025-04-03 12:09:12.807700,2025-04-03 12:09:12.807700
c728d9e0-7881-4e40-83de-521c4934f8e1,MLA43320106,ANATEL_HOMOLOGATION_NUMBER,Homologación Anatel Nº,40572329,132302012654,True,2025-04-03 12:09:12.807703,2025-04-03 12:09:12.807703
2989220e-0ade-4e1c-8b46-95807e8b6e0e,MLA43320106,WITH_INTEGRATED_VOICE_ASSISTANTS,Con asistentes de voz integrados,242084,No,True,2025-04-03 12:09:12.807706,2025-04-03 12:09:12.807706
d364b823-0089-464b-bf9c-866866986d40,MLA41829760,BRAND,Marca,37630623,Yitre,True,2025-04-03 12:09:12.807731,2025-04-03 12:09:12.807731
ead948ac-ffa0-4072-a82d-d919b1a38425,MLA41829760,MODEL,Modelo,18080,RX,True,2025-04-03 12:09:12.807734,2025-04-03 12:09:12.807734
505993b4-b27b-4274-98be-fdb25174317b,MLA41829760,COLOR,Color,52049,Negro,True,2025-04-03 12:09:12.807737,2025-04-03 12:09:12.807737
b0ebe6f9-0770-48ab-9fbf-56b7b7e95d0f,MLA41829760,DEVICE_FORMAT,Formato del dispositivo,9234856,Pendant Box,True,2025-04-03 12:09:12.807741,2025-04-03 12:09:12.807741
848341ae-49c4-4f39-aadb-8ece3138eeca,MLA41829760,AUDIO_AND_VIDEO_INTERFACES,Interfaces de audio y video,,HDMI,True,2025-04-03 12:09:12.807744,2025-04-03 12:09:12.807744
19541e87-80d9-4daf-8ab9-4da187c28c54,MLA41829760,WITH_BLUETOOTH,Con Bluetooth,242084,No,True,2025-04-03 12:09:12.807748,2025-04-03 12:09:12.807748
08cb6710-a7f1-4f4b-b836-a66904f78e59,MLA41829760,WITH_WI_FI,Con Wi-Fi,242085,Sí,True,2025-04-03 12:09:12.807751,2025-04-03 12:09:12.807751
710f3f72-09d2-489d-a8a3-cde0d8e2082c,MLA45571780,BRAND,Marca,9095985,Blue Sound,True,2025-04-03 12:09:12.807790,2025-04-03 12:09:12.807790
bf37e399-5bc0-46fd-823c-7327df0ae21e,MLA45571780,MODEL,Modelo,46796208,Power Node 2,True,2025-04-03 12:09:12.807793,2025-04-03 12:09:12.807793
4cbdc8f7-b789-4333-b860-81260bcde8aa,MLA45571780,GENERATION,Generación,11281876,2.ª generación,True,2025-04-03 12:09:12.807797,2025-04-03 12:09:12.807797
a62e71d6-0597-4d10-9ce5-c630070dd54a,MLA45571780,COLOR,Color,52055,Blanco,True,2025-04-03 12:09:12.807800,2025-04-03 12:09:12.807800
49c03feb-2d3a-4416-beae-5e2cf30a0b6b,MLA45571780,REMOTE_CONTROL_TYPE,Tipo de control remoto,46796210,App,True,2025-04-03 12:09:12.807803,2025-04-03 12:09:12.807803
755655e6-0450-4608-aeda-8354710e244f,MLA45571780,MAIN_COLOR,Color principal,2450308,Blanco,True,2025-04-03 12:09:12.807806,2025-04-03 12:09:12.807806
c678a89e-758e-4a24-8e09-b8041bd72450,MLA45571780,DEVICE_FORMAT,Formato del dispositivo,8616495,TV Box,True,2025-04-03 12:09:12.807809,2025-04-03 12:09:12.807809
41881b43-00fd-48ce-9d2e-975cecab36f9,MLA45571780,COMPATIBLE_APPLICATIONS,Aplicaciones compatibles,,Spotify,True,2025-04-03 12:09:12.807812,2025-04-03 12:09:12.807812
99463328-8e24-4600-b817-018aefd65426,MLA45571780,RECOMMENDED_DEVICES,Dispositivos recomendados,,Celulares,True,2025-04-03 12:09:12.807815,2025-04-03 12:09:12.807815
8cc4697e-2495-411e-9f7e-cf3203d60059,MLA45571780,AUDIO_AND_VIDEO_INTERFACES,Interfaces de audio y video,,"Toslink/3,5 mm",True,2025-04-03 12:09:12.807818,2025-04-03 12:09:12.807818
d9bde195-ae3c-44d9-b659-b3685dba345e,MLA45571780,MANUFACTURER,Fabricante,2198473,NAD,True,2025-04-03 12:09:12.807821,2025-04-03 12:09:12.807821
1502becb-ffba-4fa2-910c-b62b8c28629e,MLA45571780,WITH_BLUETOOTH,Con Bluetooth,242085,Sí,True,2025-04-03 12:09:12.807824,2025-04-03 12:09:12.807825
ac7afb83-80d7-4d63-8214-05b3c89d4ddb,MLA45571780,WITH_WI_FI,Con Wi-Fi,242085,Sí,True,2025-04-03 12:09:12.807827,2025-04-03 12:09:12.807828
e20d5d71-4bac-4d48-9d9c-c9ba74a6d495,MLA45571780,WITH_INTEGRATED_VOICE_ASSISTANTS,Con asistentes de voz integrados,242084,No,True,2025-04-03 12:09:12.807830,2025-04-03 12:09:12.807831
37c7fe59-9cdc-4115-8a0e-cb69f7d859eb,MLA45571780,LENGTH,Largo,7175979,15 cm,True,2025-04-03 12:09:12.807833,2025-04-03 12:09:12.807834
684a7a05-93d2-4581-ba7f-de89fc91cadb,MLA45571780,WIDTH,Ancho,7966600,7 cm,True,2025-04-03 12:09:12.807836,2025-04-03 12:09:12.807837
44db8d34-b524-41fd-b28d-613a4af5b7fb,MLA45571780,HEIGHT,Altura,7891817,3 cm,True,2025-04-03 12:09:12.807839,2025-04-03 12:09:12.807840
861cbf65-64a4-4977-8c1d-27dc1f214410,MLA45571780,WEIGHT,Peso,7115581,700 g,True,2025-04-03 12:09:12.807842,2025-04-03 12:09:12.807843
ddfc02a8-a2a8-41bb-9746-b41f1444a938,MLA46469654,BRAND,Marca,43842277,DuckCompany,True,2025-04-03 12:09:12.807869,2025-04-03 12:09:12.807869
4b096332-5dd3-4a2c-b003-2c12320b16c7,MLA46469654,LINE,Línea,2078162,Home,True,2025-04-03 12:09:12.807872,2025-04-03 12:09:12.807872
dc18afd9-a927-4dbc-8c5f-7b071ac865e5,MLA46469654,MODEL,Modelo,22622821,TV Stick,True,2025-04-03 12:09:12.807875,2025-04-03 12:09:12.807875
00e5f32e-3f29-4f58-a3d3-b349941c28fb,MLA46469654,ALPHANUMERIC_MODEL,Modelo alfanumérico,8863908,MDZ-24-AA,True,2025-04-03 12:09:12.807882,2025-04-03 12:09:12.807883
9cd1bb26-c295-4d26-a2ee-9fe12b3fa013,MLA46469654,COLOR,Color,52049,Negro,True,2025-04-03 12:09:12.807885,2025-04-03 12:09:12.807886
06036467-2123-4c03-b2fa-a8478ab9fb46,MLA46469654,STORAGE_CAPACITY,Capacidad de almacenamiento,18614,16 GB,True,2025-04-03 12:09:12.807889,2025-04-03 12:09:12.807889
5a250fb2-da03-4bc8-b4a0-a5fcc2eb9a98,MLA46469654,RAM_MEMORY,Memoria RAM,445970,2 GB,True,2025-04-03 12:09:12.807892,2025-04-03 12:09:12.807892
629cedd9-d3c4-4f55-aa28-f4c6d3e3fc4e,MLA46469654,REMOTE_CONTROL_TYPE,Tipo de control remoto,182134,Estándar,True,2025-04-03 12:09:12.807895,2025-04-03 12:09:12.807895
fe529537-55d6-4109-91a3-73edb11b9b3c,MLA46469654,MAIN_COLOR,Color principal,2450295,Negro,True,2025-04-03 12:09:12.807898,2025-04-03 12:09:12.807898
edcf04ae-75df-49c5-81ee-2dfd5c5cfba7,MLA46469654,DEVICE_FORMAT,Formato del dispositivo,8616496,Stick,True,2025-04-03 12:09:12.807901,2025-04-03 12:09:12.807901
18dfc5a3-7335-448a-86d3-59ba13149104,MLA46469654,MAX_VIDEO_RESOLUTION,Resolución máxima de video,168332,Full HD,True,2025-04-03 12:09:12.807904,2025-04-03 12:09:12.807904
99b92ec0-da26-4b7f-bb88-61430cb3a139,MLA46469654,AUDIO_AND_VIDEO_INTERFACES,Interfaces de audio y video,,HDMI 2.0,True,2025-04-03 12:09:12.807907,2025-04-03 12:09:12.807907
b4ed4e21-5ed4-4e45-af34-e2fa322794a4,MLA46469654,PORTS_AND_CONNECTORS_TYPES,Tipos de puertos y conectores,,Micro-USB,True,2025-04-03 12:09:12.807910,2025-04-03 12:09:12.807910
a3041f24-cb75-4815-8ee1-0bc99fc35d73,MLA46469654,INCLUDES_HDMI_CABLE,Incluye cable HDMI,242085,Sí,True,2025-04-03 12:09:12.807913,2025-04-03 12:09:12.807913
5986e401-e5ae-400a-bafc-f4b5a880053b,MLA46469654,INCLUDES_CELL_BATTERIES,Incluye pilas,242084,No,True,2025-04-03 12:09:12.807916,2025-04-03 12:09:12.807916
cdea122b-a670-444a-92f1-66e47b0f4de7,MLA46469654,OS_NAME,Nombre del sistema operativo,8794132,Android TV 9.0,True,2025-04-03 12:09:12.807919,2025-04-03 12:09:12.807919
337e531c-ccd1-49f0-a25e-c4284332498b,MLA20333246,BRAND,Marca,9344,Apple,True,2025-04-03 12:09:12.807943,2025-04-03 12:09:12.807943
aeb5839c-2816-41cc-b686-ddb8619d40ad,MLA20333246,MODEL,Modelo,37558514,Air Tag mx542am,True,2025-04-03 12:09:12.807946,2025-04-03 12:09:12.807946
42083bdd-f14f-468c-87c0-2a6872fa5949,MLA20333246,ALPHANUMERIC_MODEL,Modelo alfanumérico,37558515,A2187,True,2025-04-03 12:09:12.807949,2025-04-03 12:09:12.807949
f667dea6-6764-4f34-9af3-8a2b8c58f57c,MLA20333246,COLOR,Color,12289995,Awesome white,True,2025-04-03 12:09:12.807952,2025-04-03 12:09:12.807952
c2e60107-159d-4579-b3f5-35ab3eb57f8f,MLA20333246,ANATEL_HOMOLOGATION_NUMBER,Homologación Anatel Nº,40365721,35172101993,True,2025-04-03 12:09:12.807955,2025-04-03 12:09:12.807955
322c03e6-fc3d-4d60-aa70-b2b7ab4e94af,MLA43265433,BRAND,Marca,1175465,Proeletronic,True,2025-04-03 12:09:12.807989,2025-04-03 12:09:12.807989
266b1eb8-2da8-4b2c-85bb-69865ae5854c,MLA43265433,LINE,Línea,16105,Pro,True,2025-04-03 12:09:12.807992,2025-04-03 12:09:12.807992
a2188d45-6647-4c30-b091-1ffedc3fd91d,MLA43265433,MODEL,Modelo,9775706,SmartPRO,True,2025-04-03 12:09:12.807995,2025-04-03 12:09:12.807995
622c418d-9ebd-41d7-9da8-459e7255f288,MLA43265433,GENERATION,Generación,8246074,1.ª generación,True,2025-04-03 12:09:12.807998,2025-04-03 12:09:12.807999
9b5b577a-17ef-400a-9095-34ef0d0b141c,MLA43265433,ALPHANUMERIC_MODEL,Modelo alfanumérico,9775702,PROSB-2000/2GB,True,2025-04-03 12:09:12.808002,2025-04-03 12:09:12.808002
dd64d749-466c-491a-a077-20413b9ea2f7,MLA43265433,COLOR,Color,52049,Negro,True,2025-04-03 12:09:12.808005,2025-04-03 12:09:12.808005
68df4e5a-93d8-490f-9a7f-1baeb5851689,MLA43265433,STORAGE_CAPACITY,Capacidad de almacenamiento,18646,8 GB,True,2025-04-03 12:09:12.808008,2025-04-03 12:09:12.808008
3f438847-6bff-4873-b325-33dad99705fd,MLA43265433,RAM_MEMORY,Memoria RAM,98978,1 GB,True,2025-04-03 12:09:12.808011,2025-04-03 12:09:12.808011
3a122dd8-0be8-46a6-819d-b2e449a4b3e2,MLA43265433,REMOTE_CONTROL_TYPE,Tipo de control remoto,182134,Estándar,True,2025-04-03 12:09:12.808014,2025-04-03 12:09:12.808014
2a95c3f7-8769-4cf9-a30a-560ba3213f71,MLA43265433,DEVICE_FORMAT,Formato del dispositivo,8616495,TV Box,True,2025-04-03 12:09:12.808017,2025-04-03 12:09:12.808017
6d778eec-64eb-46dc-8472-75b0f07a0831,MLA43265433,MAX_VIDEO_RESOLUTION,Resolución máxima de video,169883,4K,True,2025-04-03 12:09:12.808021,2025-04-03 12:09:12.808021
4a766f2b-57a1-42de-a244-840b48c36edb,MLA43265433,COMPATIBLE_APPLICATIONS,Aplicaciones compatibles,,"Facebook, Globoplay, Google Play, Netflix, Spotify, Telecine, YouTube",True,2025-04-03 12:09:12.808024,2025-04-03 12:09:12.808024
a3abd516-ac53-4040-a0f6-7c519c906d65,MLA43265433,RECOMMENDED_DEVICES,Dispositivos recomendados,,Televisores,True,2025-04-03 12:09:12.808027,2025-04-03 12:09:12.808027
677c34f9-69ed-43fd-aea4-1714a9055ed4,MLA43265433,AUDIO_AND_VIDEO_INTERFACES,Interfaces de audio y video,,"HDMI, AV, S/PDIF óptico",True,2025-04-03 12:09:12.808030,2025-04-03 12:09:12.808030
a0ba3aec-9d7c-4874-a14e-7192cf17d521,MLA43265433,PORTS_AND_CONNECTORS_TYPES,Tipos de puertos y conectores,,"DC jack, Ethernet, Micro-SD, USB-A",True,2025-04-03 12:09:12.808033,2025-04-03 12:09:12.808033
32e7a5ba-d8a3-44f8-8a7c-458a28979e38,MLA43265433,WITH_BLUETOOTH,Con Bluetooth,242084,No,True,2025-04-03 12:09:12.808036,2025-04-03 12:09:12.808036
1e61bd36-1949-405b-a907-058c2ef5e116,MLA43265433,WITH_WI_FI,Con Wi-Fi,242085,Sí,True,2025-04-03 12:09:12.808039,2025-04-03 12:09:12.808039
f1406cf0-8246-4ccc-a7dc-67ce373fe373,MLA43265433,WITH_INTEGRATED_VOICE_ASSISTANTS,Con asistentes de voz integrados,242084,No,True,2025-04-03 12:09:12.808042,2025-04-03 12:09:12.808042
6bbade2b-00da-4f90-9843-56789f252bd8,MLA43265433,INCLUDES_HDMI_CABLE,Incluye cable HDMI,242085,Sí,True,2025-04-03 12:09:12.808045,2025-04-03 12:09:12.808045
d6b5c85e-d8bc-4c79-a21a-5bdd64554289,MLA43265433,LENGTH,Largo,22113538,10.1 cm,True,2025-04-03 12:09:12.808048,2025-04-03 12:09:12.808048
ca3c2221-6814-4fc5-8999-e6c2bd0e0960,MLA43265433,WIDTH,Ancho,8912595,10.1 cm,True,2025-04-03 12:09:12.808051,2025-04-03 12:09:12.808051
b8c8948b-647b-4016-aa8f-949e4faa3f4e,MLA43265433,HEIGHT,Altura,23864669,1.76 cm,True,2025-04-03 12:09:12.808054,2025-04-03 12:09:12.808054
3648b395-2bdc-4ff6-b6c0-2898626314a9,MLA43265433,WEIGHT,Peso,19152449,285 g,True,2025-04-03 12:09:12.808057,2025-04-03 12:09:12.808057
65c3c65f-8e8a-48b0-a374-6645e2d6ac25,MLA43265433,OS_NAME,Nombre del sistema operativo,7601527,Android 7.1,True,2025-04-03 12:09:12.808060,2025-04-03 12:09:12.808060
ce4da1e1-0fab-4dd3-8f74-c7930480d8d3,MLA43265433,STREAMING_TECHNOLOGIES,Tecnologías de streaming,,Miracast,True,2025-04-03 12:09:12.808063,2025-04-03 12:09:12.808064
801fd296-d773-48d5-964b-8c6e5e65f367,MLA43265433,LANGUAGE_OPTIONS,Opciones de idioma,,"Español, Inglés, Portugués",True,2025-04-03 12:09:12.808066,2025-04-03 12:09:12.808067
0cade0bb-04f1-481b-9cbc-dcd9e2426619,MLA43265433,MIN_OPERATING_SYSTEMS_REQUIRED,Sistemas operativos mínimos requeridos,,iOS:Android,True,2025-04-03 12:09:12.808070,2025-04-03 12:09:12.808070
0b131abf-9683-4459-ad81-7571232303a5,MLA43265433,CPU,CPU,,Rockchip RK3229 Cortex-A7 Quad-Core,True,2025-04-03 12:09:12.808073,2025-04-03 12:09:12.808073
f85c15ae-6be8-4098-ae9b-1d5b31e5b72e,MLA43265433,GRAPHICS_PROCESSOR,Procesador gráfico,7738795,Mali-400 MP,True,2025-04-03 12:09:12.808076,2025-04-03 12:09:12.808076
7a94e874-2ec7-4098-9691-9ad4548c32fb,MLA43265433,WI_FI_STANDARDS,Estándares Wi-Fi,,IEEE 802.11b/g/n,True,2025-04-03 12:09:12.808079,2025-04-03 12:09:12.808079
229b02d6-fc35-479b-aa70-7d62c4b10e18,MLA43265433,FREQUENCIES,Frecuencias,,2.4 GHz,True,2025-04-03 12:09:12.808082,2025-04-03 12:09:12.808082
d8828335-c7fb-4921-8ed5-a52c652cf59f,MLA43265433,DEVICE_OPERATING_VOLTAGE,Voltaje de funcionamiento,8631470,5 V,True,2025-04-03 12:09:12.808085,2025-04-03 12:09:12.808085
5de4f183-1375-4dfc-a7d0-90176aa9fca2,MLA15989655,BRAND,Marca,451088,Necnon,True,2025-04-03 12:09:12.808116,2025-04-03 12:09:12.808116
3520cd25-1679-4070-9d12-3dad7acaad1b,MLA15989655,MODEL,Modelo,8844341,3M-2,True,2025-04-03 12:09:12.808119,2025-04-03 12:09:12.808119
40145b0d-56f5-46b5-b54e-896827e867a1,MLA15989655,COLOR,Color,52049,Negro,True,2025-04-03 12:09:12.808122,2025-04-03 12:09:12.808123
80aebd3f-e927-4098-a416-ff7738fda2cf,MLA15989655,STORAGE_CAPACITY,Capacidad de almacenamiento,18614,16 GB,True,2025-04-03 12:09:12.808125,2025-04-03 12:09:12.808126
bcf77cb3-067d-4a34-8a14-3ebf773b66a7,MLA15989655,RAM_MEMORY,Memoria RAM,445970,2 GB,True,2025-04-03 12:09:12.808128,2025-04-03 12:09:12.808129
54db2953-36e1-4bd0-9537-d5b54fe12459,MLA15989655,REMOTE_CONTROL_TYPE,Tipo de control remoto,182134,Estándar,True,2025-04-03 12:09:12.808132,2025-04-03 12:09:12.808132
f4f8f774-3c0e-48d1-b50c-d27e0395e85c,MLA15989655,DEVICE_FORMAT,Formato del dispositivo,8616495,TV Box,True,2025-04-03 12:09:12.808135,2025-04-03 12:09:12.808135
9bbe2f29-1582-4397-b889-47e066232c41,MLA15989655,MAX_VIDEO_RESOLUTION,Resolución máxima de video,169883,4K,True,2025-04-03 12:09:12.808138,2025-04-03 12:09:12.808138
4a680bc1-9001-4c06-883e-c9aaab1f7a18,MLA15989655,COMPATIBLE_APPLICATIONS,Aplicaciones compatibles,,"Google Play Movies & TV, NBC, Netflix, YouTube, YouTube Kids",True,2025-04-03 12:09:12.808141,2025-04-03 12:09:12.808141
300d06ab-783b-49aa-b290-08272273b2c6,MLA15989655,RECOMMENDED_DEVICES,Dispositivos recomendados,,"Televisores, Gamepads",True,2025-04-03 12:09:12.808144,2025-04-03 12:09:12.808144
bd298d1d-e091-4834-ab0a-3a3a29e987d5,MLA15989655,AUDIO_AND_VIDEO_INTERFACES,Interfaces de audio y video,,"HDMI, S/PDIF óptico, AV",True,2025-04-03 12:09:12.808147,2025-04-03 12:09:12.808147
73c47827-4f30-490e-9a0a-a7273d1b2695,MLA15989655,PORTS_AND_CONNECTORS_TYPES,Tipos de puertos y conectores,,"DC jack, Ethernet, USB-A, Micro-SD",True,2025-04-03 12:09:12.808150,2025-04-03 12:09:12.808150
e2b4f281-60fc-474f-b834-98c370f93a76,MLA15989655,WITH_BLUETOOTH,Con Bluetooth,242085,Sí,True,2025-04-03 12:09:12.808154,2025-04-03 12:09:12.808155
5f56b484-2143-491b-9bdf-ce6a631e8bb1,MLA15989655,WITH_WI_FI,Con Wi-Fi,242085,Sí,True,2025-04-03 12:09:12.808157,2025-04-03 12:09:12.808158
ba6f519c-0e90-4a42-91d6-22fa399d9296,MLA15989655,OS_NAME,Nombre del sistema operativo,7601527,Android 7.1,True,2025-04-03 12:09:12.808161,2025-04-03 12:09:12.808161
0717e034-f67f-43f2-876a-b2fc554dd9fb,MLA15989655,CPU,CPU,,Amlogic S905W Cortex-A53 Quad-Core,True,2025-04-03 12:09:12.808164,2025-04-03 12:09:12.808164
b6e0215f-a0ae-474c-b7fc-59757ee2dc6c,MLA15989655,GRAPHICS_PROCESSOR,Procesador gráfico,11771858,Mali-450 Penta-Core,True,2025-04-03 12:09:12.808167,2025-04-03 12:09:12.808167
a267a9b5-484d-48ec-a15a-ac8092d2d40d,MLA38660485,BRAND,Marca,33429667,Transpeed,True,2025-04-03 12:09:12.808200,2025-04-03 12:09:12.808200
0d05cd76-0581-4245-8aba-9dcd376d691e,MLA38660485,LINE,Línea,11616396,Tv Box,True,2025-04-03 12:09:12.808203,2025-04-03 12:09:12.808203
539f9891-7b26-4eb8-bd42-00c52a282ac3,MLA38660485,MODEL,Modelo,39868431,Ultra HD MX10,True,2025-04-03 12:09:12.808206,2025-04-03 12:09:12.808206
9e03665f-4335-4caf-918e-b47d73e8a441,MLA38660485,GENERATION,Generación,10910111,4.ª generación,True,2025-04-03 12:09:12.808209,2025-04-03 12:09:12.808209
b656ef0a-4d15-44e8-a9b3-cf8d5203e445,MLA38660485,ALPHANUMERIC_MODEL,Modelo alfanumérico,17038790,MX10,True,2025-04-03 12:09:12.808212,2025-04-03 12:09:12.808212
dbe096f5-33e8-41c7-9e84-676a71b7e6eb,MLA38660485,COLOR,Color,52049,Negro,True,2025-04-03 12:09:12.808215,2025-04-03 12:09:12.808215
31402a94-3af6-4cbe-b053-a5f9f74b067f,MLA38660485,RAM_MEMORY,Memoria RAM,445970,2 GB,True,2025-04-03 12:09:12.808218,2025-04-03 12:09:12.808218
c76d3bfd-2cff-4569-be4c-99dd1713dfa2,MLA38660485,REMOTE_CONTROL_TYPE,Tipo de control remoto,182134,Estándar,True,2025-04-03 12:09:12.808221,2025-04-03 12:09:12.808222
df6d141b-c55d-43fa-8dd8-2c9129f94912,MLA38660485,MAIN_COLOR,Color principal,2450295,Negro,True,2025-04-03 12:09:12.808224,2025-04-03 12:09:12.808225
f4096828-8cd4-498e-ba4e-a86ffbd06cda,MLA38660485,DEVICE_FORMAT,Formato del dispositivo,8616495,TV Box,True,2025-04-03 12:09:12.808228,2025-04-03 12:09:12.808228
419b6095-db9f-4928-91e5-1780a5d886cf,MLA38660485,MAX_VIDEO_RESOLUTION,Resolución máxima de video,17863660,8K,True,2025-04-03 12:09:12.808231,2025-04-03 12:09:12.808231
31e64733-ce8f-4cfe-bf42-85beb615020e,MLA38660485,AUDIO_AND_VIDEO_INTERFACES,Interfaces de audio y video,,HDMI,True,2025-04-03 12:09:12.808234,2025-04-03 12:09:12.808234
2e05e5ed-4cdf-4505-b4fb-b4a3c90f7b78,MLA38660485,WITH_WI_FI,Con Wi-Fi,242085,Sí,True,2025-04-03 12:09:12.808237,2025-04-03 12:09:12.808237
e7a4f8c0-4ec5-436b-a96e-6728fb1f5825,MLA34504409,BRAND,Marca,11381079,Nyrius,True,2025-04-03 12:09:12.808257,2025-04-03 12:09:12.808257
4bff4c12-21b0-49a9-91c8-a684800c50f7,MLA34504409,INCLUDES_HDMI_CABLE,Incluye cable HDMI,242085,Sí,True,2025-04-03 12:09:12.808260,2025-04-03 12:09:12.808260
2cc47212-4972-4809-9c22-964fc1cc514b,MLA34311773,BRAND,Marca,26647790,J5create,True,2025-04-03 12:09:12.808282,2025-04-03 12:09:12.808282
62064acc-6ba3-4c11-98c3-3719cf4eca56,MLA21015912,BRAND,Marca,14797512,TX6,True,2025-04-03 12:09:12.808302,2025-04-03 12:09:12.808303
ad41486e-a6c2-48b0-b6c5-afda2a4283ff,MLA21015912,MODEL,Modelo,2579727,Unico,True,2025-04-03 12:09:12.808305,2025-04-03 12:09:12.808306
936dfe2e-5e89-4e77-b12e-417b6b034da5,MLA21015912,COLOR,Color,52049,Negro,True,2025-04-03 12:09:12.808309,2025-04-03 12:09:12.808309
a0ceb63e-a4c7-48d5-98a6-29f2178ded18,MLA21015912,DEVICE_FORMAT,Formato del dispositivo,8616495,TV Box,True,2025-04-03 12:09:12.808312,2025-04-03 12:09:12.808312
58b8cca1-0fe9-47de-824e-8bd2455d3e80,MLA21015912,WITH_WI_FI,Con Wi-Fi,242085,Sí,True,2025-04-03 12:09:12.808315,2025-04-03 12:09:12.808315
ce82f011-d56d-4d23-9bc9-7c30e7009145,MLA21015912,MIN_OPERATING_SYSTEMS_REQUIRED,Sistemas operativos mínimos requeridos,,Android,True,2025-04-03 12:09:12.808318,2025-04-03 12:09:12.808318
21caa6c2-964a-44c2-bfe3-c2bf4ad86276,MLA46031077,BRAND,Marca,32172391,Cerevo,True,2025-04-03 12:09:12.808338,2025-04-03 12:09:12.808338
38cb5b8d-7d2e-4e74-80c8-e48202f036f5,MLA46031077,MODEL,Modelo,47433186,LiveShell X,True,2025-04-03 12:09:12.808341,2025-04-03 12:09:12.808341
a864079c-a49a-4322-8ac6-a0aaf51d42c4,MLA46031077,COLOR,Color,52049,Negro,True,2025-04-03 12:09:12.808344,2025-04-03 12:09:12.808344
d1b76924-4018-466a-8805-9124e9624163,MLA46031077,DEVICE_FORMAT,Formato del dispositivo,8616495,TV Box,True,2025-04-03 12:09:12.808347,2025-04-03 12:09:12.808347
0bf483a5-127c-4d85-beba-e8750eb6e0a5,MLA46031077,MAX_VIDEO_RESOLUTION,Resolución máxima de video,5516041,1080p,True,2025-04-03 12:09:12.808350,2025-04-03 12:09:12.808350
e2ba5403-dd49-4df5-bc99-0fcf76afdadd,MLA46031077,AUDIO_AND_VIDEO_INTERFACES,Interfaces de audio y video,,3,True,2025-04-03 12:09:12.808353,2025-04-03 12:09:12.808354
051f9332-39b3-4a75-a63f-3c8e545fe25c,MLA45478109,BRAND,Marca,24832742,Zhuhao,True,2025-04-03 12:09:12.808381,2025-04-03 12:09:12.808381
56b65c11-dd77-4a64-8e5e-53e436fe5e61,MLA45478109,MODEL,Modelo,26271514,co-screen device,True,2025-04-03 12:09:12.808384,2025-04-03 12:09:12.808384
b634443c-d227-481c-b74c-ea466142e5f7,MLA45478109,GENERATION,Generación,9215423,3°,True,2025-04-03 12:09:12.808387,2025-04-03 12:09:12.808387
3815f252-965f-40bc-94d7-e5ac9d2b2700,MLA45478109,ALPHANUMERIC_MODEL,Modelo alfanumérico,14342600,Chromecast 3,True,2025-04-03 12:09:12.808391,2025-04-03 12:09:12.808391
d4b6afde-c06a-4105-b9e8-2f02406b1f66,MLA45478109,COLOR,Color,46294215,Compatible con Apple/Android/tableta,True,2025-04-03 12:09:12.808394,2025-04-03 12:09:12.808394
e63b3211-e33d-4119-a7c1-d31463942d0b,MLA45478109,STORAGE_CAPACITY,Capacidad de almacenamiento,122667,128 MB,True,2025-04-03 12:09:12.808397,2025-04-03 12:09:12.808397
b3c223fe-5cb6-4c1e-a638-7f6767b93ade,MLA45478109,RAM_MEMORY,Memoria RAM,579543,128 MB,True,2025-04-03 12:09:12.808400,2025-04-03 12:09:12.808401
8e5e04cc-bbe8-4f09-988f-8d545d5e6a4c,MLA45478109,DEVICE_FORMAT,Formato del dispositivo,8616496,Stick,True,2025-04-03 12:09:12.808403,2025-04-03 12:09:12.808404
98a9dfb6-754d-45bf-a79f-f690390c4581,MLA45478109,MAX_VIDEO_RESOLUTION,Resolución máxima de video,23590885,1920*1080p,True,2025-04-03 12:09:12.808407,2025-04-03 12:09:12.808407
6e0cca78-cd5a-438d-bc12-8d306718f654,MLA42856754,BRAND,Marca,31822699,H20,True,2025-04-03 12:09:12.808428,2025-04-03 12:09:12.808428
54b43ce3-9d25-4faa-95b7-6952d1d38a3e,MLA42856754,MODEL,Modelo,38130774,Pro 5G,True,2025-04-03 12:09:12.808431,2025-04-03 12:09:12.808431
d06ab595-cc3c-4b7c-83b8-367fff0bd3cc,MLA42856754,GENERATION,Generación,24617428,ANDROID 10,True,2025-04-03 12:09:12.808434,2025-04-03 12:09:12.808434
0441dd0a-6bc3-444f-b1e1-6eb1387e5b4f,MLA42856754,COLOR,Color,52049,Negro,True,2025-04-03 12:09:12.808437,2025-04-03 12:09:12.808438
609d4969-254d-4525-a7de-aa9f1a35e68d,MLA42856754,STORAGE_CAPACITY,Capacidad de almacenamiento,18614,16 GB,True,2025-04-03 12:09:12.808441,2025-04-03 12:09:12.808441
d181454b-d203-4b37-9199-5a7395ea2416,MLA42856754,RAM_MEMORY,Memoria RAM,445970,2 GB,True,2025-04-03 12:09:12.808444,2025-04-03 12:09:12.808444
88189c11-7291-410b-b1ea-33d4bd10529e,MLA42856754,REMOTE_CONTROL_TYPE,Tipo de control remoto,182134,Estándar,True,2025-04-03 12:09:12.808447,2025-04-03 12:09:12.808447
9c32d0e0-89a6-4e39-885d-57b559656185,MLA42856754,DEVICE_FORMAT,Formato del dispositivo,8616495,TV Box,True,2025-04-03 12:09:12.808450,2025-04-03 12:09:12.808450
66afe1c3-fdb1-4620-8633-562e93084319,MLA42856754,MAX_VIDEO_RESOLUTION,Resolución máxima de video,169883,4K,True,2025-04-03 12:09:12.808453,2025-04-03 12:09:12.808453
bdfbce7b-3f36-4549-b27d-0dd980351f5f,MLA42856754,MANUFACTURER,Fabricante,31822699,H20,True,2025-04-03 12:09:12.808456,2025-04-03 12:09:12.808456
1fa1d823-4784-45ea-8aa8-cfa34e068f51,MLA42856754,WITH_INTEGRATED_VOICE_ASSISTANTS,Con asistentes de voz integrados,242084,No,True,2025-04-03 12:09:12.808459,2025-04-03 12:09:12.808459
5543c653-3498-4263-b0d3-e208cce97a9a,MLA37006144,BRAND,Marca,522103,QFX,True,2025-04-03 12:09:12.808474,2025-04-03 12:09:12.808474
6cdb2bd3-8bd9-4b73-9914-317d3b8adee2,MLA6345542,BRAND,Marca,94681,X-View,True,2025-04-03 12:09:12.808502,2025-04-03 12:09:12.808502
d9356a38-1d0c-4394-8ca6-5ab0bab3d009,MLA6345542,MODEL,Modelo,438220,ViewCast,True,2025-04-03 12:09:12.808505,2025-04-03 12:09:12.808505
7efc5fec-93f1-4092-978a-6da6c849ff69,MLA6345542,COLOR,Color,59649,Negro/Amarillo,True,2025-04-03 12:09:12.808508,2025-04-03 12:09:12.808508
7daf2748-42d9-4446-841c-092892862d72,MLA6345542,DEVICE_FORMAT,Formato del dispositivo,8616496,Stick,True,2025-04-03 12:09:12.808511,2025-04-03 12:09:12.808512
6c7e6e84-feb4-49b7-b9b1-6d88c6d1996a,MLA6345542,MAX_VIDEO_RESOLUTION,Resolución máxima de video,168332,Full HD,True,2025-04-03 12:09:12.808515,2025-04-03 12:09:12.808515
d065b4e3-f36b-453d-a10f-d364d20bade0,MLA6345542,RECOMMENDED_DEVICES,Dispositivos recomendados,,"Televisores, Computadoras, Tablets, Celulares, Proyectores, Monitores",True,2025-04-03 12:09:12.808518,2025-04-03 12:09:12.808518
8ae67e49-2f7a-44f7-9c9e-dc69c0a51f9c,MLA6345542,AUDIO_AND_VIDEO_INTERFACES,Interfaces de audio y video,,HDMI,True,2025-04-03 12:09:12.808521,2025-04-03 12:09:12.808521
f5736a85-71d2-4add-b035-154e6a7b97ad,MLA6345542,PORTS_AND_CONNECTORS_TYPES,Tipos de puertos y conectores,,USB,True,2025-04-03 12:09:12.808524,2025-04-03 12:09:12.808524
b415bd77-881c-42cb-bdb8-be5554d26a19,MLA6345542,WITH_WI_FI,Con Wi-Fi,242085,Sí,True,2025-04-03 12:09:12.808527,2025-04-03 12:09:12.808527
2fbab08e-2a3b-4211-bb9d-3c814a4fc015,MLA6345542,INCLUDES_HDMI_CABLE,Incluye cable HDMI,242085,Sí,True,2025-04-03 12:09:12.808530,2025-04-03 12:09:12.808530
cee39060-e2bc-4c4d-b345-97595947804e,MLA6345542,STREAMING_TECHNOLOGIES,Tecnologías de streaming,,"EZCast, DLNA",True,2025-04-03 12:09:12.808533,2025-04-03 12:09:12.808534
946e78b0-934b-415a-ae67-900e287105fe,MLA6345542,MIN_OPERATING_SYSTEMS_REQUIRED,Sistemas operativos mínimos requeridos,,"macOS 10.7, Android 4.0, Windows XP, Windows Vista, Windows 7, Windows 8, iOS 5.0",True,2025-04-03 12:09:12.808536,2025-04-03 12:09:12.808537
f00516a0-3fec-4630-9be5-60ade2ae6142,MLA21930293,BRAND,Marca,17056719,F Fenvi,True,2025-04-03 12:09:12.808562,2025-04-03 12:09:12.808563
544427b1-666b-4d1a-b435-bac5923456f8,MLA21930293,MODEL,Modelo,17056722,ax200ngw ax wifi,True,2025-04-03 12:09:12.808566,2025-04-03 12:09:12.808566
4dc750b7-d2e7-4ee2-9c7e-91a37ee2f896,MLA21930293,COLOR,Color,4649242,Fjord,True,2025-04-03 12:09:12.808569,2025-04-03 12:09:12.808569
04a8bb72-03ed-44e8-88c7-a68458cd6e7e,MLA21930293,WITH_BLUETOOTH,Con Bluetooth,242085,Sí,True,2025-04-03 12:09:12.808575,2025-04-03 12:09:12.808575
976d53f4-16a1-47f5-9fb0-8b07173b1151,MLA21930293,WITH_WI_FI,Con Wi-Fi,242085,Sí,True,2025-04-03 12:09:12.808579,2025-04-03 12:09:12.808580
93eff25a-e14e-4215-a543-36091e552b67,MLA47246152,BRAND,Marca,28033489,Xreal,True,2025-04-03 12:09:12.808607,2025-04-03 12:09:12.808608
13ad750a-bd51-485e-b7d7-bdd7f08ec554,MLA47246152,LINE,Línea,126366,Gamer,True,2025-04-03 12:09:12.808612,2025-04-03 12:09:12.808612
bb7ef376-58d5-4303-badb-7e5ce2b1ae7d,MLA47246152,MODEL,Modelo,49400597,Xreal Beam Pro,True,2025-04-03 12:09:12.808616,2025-04-03 12:09:12.808617
e6857d35-3732-4539-9c65-e7d878a551ac,MLA47246152,GENERATION,Generación,14366917,1ra Generación,True,2025-04-03 12:09:12.808621,2025-04-03 12:09:12.808621
9f691535-6f78-4651-8243-178acfb843ef,MLA47246152,COLOR,Color,52055,Blanco,True,2025-04-03 12:09:12.808625,2025-04-03 12:09:12.808625
cbf7cdf0-24c6-4387-aafb-2c23840cf806,MLA47246152,STORAGE_CAPACITY,Capacidad de almacenamiento,99784,256 GB,True,2025-04-03 12:09:12.808629,2025-04-03 12:09:12.808629
effec1c4-9176-40e0-b5af-25aee0b183bd,MLA47246152,RAM_MEMORY,Memoria RAM,579564,8 GB,True,2025-04-03 12:09:12.808632,2025-04-03 12:09:12.808632
228aa935-ff37-4140-8429-fc29544af9de,MLA47246152,REMOTE_CONTROL_TYPE,Tipo de control remoto,17535337,De voz,True,2025-04-03 12:09:12.808635,2025-04-03 12:09:12.808635
03319f13-acce-41ef-8452-e3a6761f04c6,MLA47246152,DEVICE_FORMAT,Formato del dispositivo,8616496,Stick,True,2025-04-03 12:09:12.808638,2025-04-03 12:09:12.808638
578dc59f-c761-48b1-8a9f-103657304fbb,MLA47246152,MAX_VIDEO_RESOLUTION,Resolución máxima de video,168332,Full HD,True,2025-04-03 12:09:12.808641,2025-04-03 12:09:12.808641
9c8dc65c-1d52-4af7-9887-183baeba50e5,MLA47246152,RECOMMENDED_DEVICES,Dispositivos recomendados,,Proyectores,True,2025-04-03 12:09:12.808644,2025-04-03 12:09:12.808644
b75727d4-c54a-4e4f-91cf-80e55e2aa776,MLA47246152,AUDIO_AND_VIDEO_INTERFACES,Interfaces de audio y video,,Video por componentes,True,2025-04-03 12:09:12.808647,2025-04-03 12:09:12.808648
8b5a5b99-93de-4e7f-8361-2a836d7d6106,MLA47246152,PORTS_AND_CONNECTORS_TYPES,Tipos de puertos y conectores,,USB-C,True,2025-04-03 12:09:12.808650,2025-04-03 12:09:12.808651
fd8265dd-2f14-47f1-8bd9-3ad8551f960d,MLA47246152,MANUFACTURER,Fabricante,28033489,Xreal,True,2025-04-03 12:09:12.808653,2025-04-03 12:09:12.808654
e8c9d151-adf8-4d1f-ba3f-b285e051a7f8,MLA47246152,WITH_BLUETOOTH,Con Bluetooth,242085,Sí,True,2025-04-03 12:09:12.808656,2025-04-03 12:09:12.808657
5deb3711-dea0-4708-9300-feec620aa860,MLA47246152,WITH_WI_FI,Con Wi-Fi,242085,Sí,True,2025-04-03 12:09:12.808660,2025-04-03 12:09:12.808660
414b6f41-cbf1-4509-bde6-7247be3e3fd4,MLA47246152,WITH_INTEGRATED_VOICE_ASSISTANTS,Con asistentes de voz integrados,242084,No,True,2025-04-03 12:09:12.808663,2025-04-03 12:09:12.808663
3a3e4ba0-25db-4781-a25f-a50eb011fc95,MLA47246152,INCLUDES_HDMI_CABLE,Incluye cable HDMI,242084,No,True,2025-04-03 12:09:12.808666,2025-04-03 12:09:12.808666
cdcb8b9c-f545-44d7-aea0-fd6e9ef8632d,MLA47246152,INCLUDES_CELL_BATTERIES,Incluye pilas,242084,No,True,2025-04-03 12:09:12.808669,2025-04-03 12:09:12.808669
a5c293ae-1681-4a95-a7c6-26c59543cf91,MLA47246152,LENGTH,Largo,7816454,10 cm,True,2025-04-03 12:09:12.808677,2025-04-03 12:09:12.808677
ffd6b15d-3a5a-4e49-b257-6ee957e25e1c,MLA47246152,WIDTH,Ancho,8053397,5 cm,True,2025-04-03 12:09:12.808681,2025-04-03 12:09:12.808682
7ea1cc4c-a5f7-41a9-bb3c-5c55eb1ef45b,MLA47246152,HEIGHT,Altura,7891817,3 cm,True,2025-04-03 12:09:12.808686,2025-04-03 12:09:12.808692
a0b5c929-d3a2-4654-ba43-65c075a28135,MLA47246152,WEIGHT,Peso,14410270,200 g,True,2025-04-03 12:09:12.808703,2025-04-03 12:09:12.808704
88ab980a-dba8-40f1-90f9-3e9961cbf7d2,MLA47246152,OS_NAME,Nombre del sistema operativo,296858,Android,True,2025-04-03 12:09:12.808708,2025-04-03 12:09:12.808709
6df1daec-d97a-4daa-b0f3-ab219cf90ae3,MLA47246152,OS_VERSION,Versión del sistema operativo,9094175,14,True,2025-04-03 12:09:12.808712,2025-04-03 12:09:12.808712
df49ceb0-ecf8-466d-83ff-299cd977393b,MLA47246152,OS_EDITION,Edición del sistema operativo,6127364,Pro,True,2025-04-03 12:09:12.808716,2025-04-03 12:09:12.808716
1b0761bb-0b7a-4f24-975a-03a1357bc360,MLA6386869,BRAND,Marca,452299,H.TV,True,2025-04-03 12:09:12.808754,2025-04-03 12:09:12.808754
990bb3af-e3f3-4be5-b932-8fc86bb1793e,MLA6386869,MODEL,Modelo,1057844,H.TV5 Chinese Version,True,2025-04-03 12:09:12.808758,2025-04-03 12:09:12.808758
ec91cc20-e704-4e00-a0b2-174f72e61ca1,MLA6386869,DEVICE_FORMAT,Formato del dispositivo,8616495,TV Box,True,2025-04-03 12:09:12.808762,2025-04-03 12:09:12.808762
2fd0f46b-642d-4182-84b8-39f6abe7b024,MLA6386869,MAX_VIDEO_RESOLUTION,Resolución máxima de video,169883,4K,True,2025-04-03 12:09:12.808765,2025-04-03 12:09:12.808765
b427066c-c3f1-447f-a183-4a61873c40f3,MLA6386869,AUDIO_AND_VIDEO_INTERFACES,Interfaces de audio y video,,"HDMI, AV",True,2025-04-03 12:09:12.808769,2025-04-03 12:09:12.808769
8dc615ce-04c9-4caf-93f5-045f78246d36,MLA35714572,BRAND,Marca,27675948,SmartSee,True,2025-04-03 12:09:12.808789,2025-04-03 12:09:12.808789
7037d0ef-5ec3-4e01-82f4-4fbe3304421e,MLA35714572,WITH_WI_FI,Con Wi-Fi,242085,Sí,True,2025-04-03 12:09:12.808792,2025-04-03 12:09:12.808792
9282be9e-8b10-4771-a849-2951b9e0fdbc,MLA22641206,BRAND,Marca,168521,Roku,True,2025-04-03 12:09:12.808814,2025-04-03 12:09:12.808815
6c5d078b-8734-4b95-8ace-9c740b2d9085,MLA22641206,LINE,Línea,2436747,LE,True,2025-04-03 12:09:12.808818,2025-04-03 12:09:12.808818
adbff9d7-8802-44b3-a19f-e4a2615a3912,MLA22641206,MODEL,Modelo,9996,LE,True,2025-04-03 12:09:12.808821,2025-04-03 12:09:12.808821
2a4fdbd1-e717-456a-b5e9-c2fb740f3f6e,MLA22641206,ALPHANUMERIC_MODEL,Modelo alfanumérico,18278086,3930S4,True,2025-04-03 12:09:12.808824,2025-04-03 12:09:12.808824
68cb99d6-7457-4d83-bace-7c0ba3ce167f,MLA22641206,COLOR,Color,59784,Negro/Blanco,True,2025-04-03 12:09:12.808827,2025-04-03 12:09:12.808827
723c7bea-9d7d-4214-a8db-ed360e125f4e,MLA22641206,STORAGE_CAPACITY,Capacidad de almacenamiento,49708,32 MB,True,2025-04-03 12:09:12.808830,2025-04-03 12:09:12.808830
a17551f7-9dcd-4829-8b1f-eee12cfafce7,MLA22641206,REMOTE_CONTROL_TYPE,Tipo de control remoto,182134,Estándar,True,2025-04-03 12:09:12.808833,2025-04-03 12:09:12.808833
6d2e7009-4ecf-4108-a81e-bf4cddde4782,MLA22641206,MAIN_COLOR,Color principal,2450295,Negro,True,2025-04-03 12:09:12.808836,2025-04-03 12:09:12.808836
a7fb5a90-5ea0-47e5-a3e3-6ef7ef932d8c,MLA22641206,DEVICE_FORMAT,Formato del dispositivo,8616495,TV Box,True,2025-04-03 12:09:12.808839,2025-04-03 12:09:12.808839
07ec6c83-c67b-4a09-84f0-80f4a7d19c28,MLA22641206,MAX_VIDEO_RESOLUTION,Resolución máxima de video,168332,Full HD,True,2025-04-03 12:09:12.808842,2025-04-03 12:09:12.808843
59c73956-f1df-4b2d-9306-546607409eef,MLA22641206,COMPATIBLE_APPLICATIONS,Aplicaciones compatibles,,"Roku Channel, Disney+, Apple TV, HBO Max, Peacock, Telemundo, Hulu, Netflix, CBS, Spotify, ESPN, Discovery+, Paramount+, News, Redbox, iHeartRadio",True,2025-04-03 12:09:12.808846,2025-04-03 12:09:12.808846
8cc37094-c6f5-44b9-94ee-4830b736a3cc,MLA22641206,RECOMMENDED_DEVICES,Dispositivos recomendados,,"Televisores, Proyectores",True,2025-04-03 12:09:12.808849,2025-04-03 12:09:12.808849
0df59460-0ae1-4d63-9eb9-63610e594469,MLA22641206,AUDIO_AND_VIDEO_INTERFACES,Interfaces de audio y video,,HDMI,True,2025-04-03 12:09:12.808852,2025-04-03 12:09:12.808852
dff5630c-6cba-4695-8013-095a65c4367c,MLA22641206,PORTS_AND_CONNECTORS_TYPES,Tipos de puertos y conectores,,Micro-USB,True,2025-04-03 12:09:12.808855,2025-04-03 12:09:12.808855
3eb3286b-c898-4ba6-8310-078e97468d77,MLA22641206,WITH_BLUETOOTH,Con Bluetooth,242084,No,True,2025-04-03 12:09:12.808858,2025-04-03 12:09:12.808858
725f753e-fcfc-4fc5-ab75-59220391d674,MLA22641206,WITH_WI_FI,Con Wi-Fi,242085,Sí,True,2025-04-03 12:09:12.808861,2025-04-03 12:09:12.808862
3a841a6b-24df-4996-b17c-65f1414976a7,MLA22641206,WITH_INTEGRATED_VOICE_ASSISTANTS,Con asistentes de voz integrados,242084,No,True,2025-04-03 12:09:12.808865,2025-04-03 12:09:12.808865
24144845-5a5c-4a88-85f7-1aca80747760,MLA22641206,INCLUDES_HDMI_CABLE,Incluye cable HDMI,242085,Sí,True,2025-04-03 12:09:12.808868,2025-04-03 12:09:12.808868
56f253a6-7f48-4eba-8fe3-7d0a9af70bb3,MLA22641206,INCLUDES_CELL_BATTERIES,Incluye pilas,242084,No,True,2025-04-03 12:09:12.808871,2025-04-03 12:09:12.808871
f62dbeba-b5bb-401c-a2f5-a7e212070232,MLA22641206,LENGTH,Largo,20017141,7.62 cm,True,2025-04-03 12:09:12.808874,2025-04-03 12:09:12.808874
3374d3f0-dcbc-47b3-85e9-5d7427d9cfda,MLA22641206,WIDTH,Ancho,13762690,3.81 cm,True,2025-04-03 12:09:12.808877,2025-04-03 12:09:12.808877
8542a4c8-8349-444c-a4d6-e996f1ee7916,MLA22641206,HEIGHT,Altura,48688831,1.905 cm,True,2025-04-03 12:09:12.808882,2025-04-03 12:09:12.808882
c189be97-4628-44b8-bc75-c923f9a2e42a,MLA22641206,OS_NAME,Nombre del sistema operativo,7601514,Roku OS,True,2025-04-03 12:09:12.808885,2025-04-03 12:09:12.808885
13b7f95c-8981-496e-b318-7fc67a71f290,MLA22641206,STREAMING_TECHNOLOGIES,Tecnologías de streaming,,AirPlay,True,2025-04-03 12:09:12.808888,2025-04-03 12:09:12.808888
d70a5449-38fe-4d08-b82b-6d748dedb6a8,MLA22641206,AUDIO_QUALITY,Calidad de audio,,"Dolby Audio, DTS",True,2025-04-03 12:09:12.808891,2025-04-03 12:09:12.808892
fec43698-4689-4881-a5f1-affd212ad1a7,MLA22641206,WI_FI_STANDARDS,Estándares Wi-Fi,,IEEE 802.11b/g/n,True,2025-04-03 12:09:12.808894,2025-04-03 12:09:12.808895
4efcf1e6-8dc2-49c7-a197-2c758b753ae9,MLA22641206,FREQUENCIES,Frecuencias,,2.4 GHz,True,2025-04-03 12:09:12.808898,2025-04-03 12:09:12.808898
5440452d-6c62-408c-8ea9-b3fcb507bbee,MLA22641206,DEVICE_OPERATING_VOLTAGE,Voltaje de funcionamiento,8631470,5 V,True,2025-04-03 12:09:12.808901,2025-04-03 12:09:12.808901
02317c36-b888-41c2-ab8d-7cae0455bd54,MLA44894386,BRAND,Marca,9593,Western Digital,True,2025-04-03 12:09:12.808933,2025-04-03 12:09:12.808933
c225a043-bd40-4717-a132-f51a7fb107c0,MLA44894386,LINE,Línea,46075275,WD TV Live Plus,True,2025-04-03 12:09:12.808936,2025-04-03 12:09:12.808936
5ddba0b2-f915-4eaf-9926-d1fa1ddd6790,MLA44894386,MODEL,Modelo,46075281,WD TV Live Plus,True,2025-04-03 12:09:12.808939,2025-04-03 12:09:12.808939
952fcb8a-3aab-4742-a3c2-d76313e1551e,MLA44894386,GENERATION,Generación,46075273,Reproductor de Medios HD,True,2025-04-03 12:09:12.808942,2025-04-03 12:09:12.808942
80a7c58c-3fcf-48bd-812f-fc0b36bbd411,MLA44894386,ALPHANUMERIC_MODEL,Modelo alfanumérico,46075272,WDBABX0000NBK-00,True,2025-04-03 12:09:12.808947,2025-04-03 12:09:12.808947
defe7be5-6c91-4765-8002-e00be253e9bd,MLA44894386,COLOR,Color,52051,Gris oscuro,True,2025-04-03 12:09:12.808950,2025-04-03 12:09:12.808950
2a183a4f-d267-4714-b15f-140e42aaa2eb,MLA44894386,MAIN_COLOR,Color principal,2450299,Gris oscuro,True,2025-04-03 12:09:12.808953,2025-04-03 12:09:12.808954
ce6b7012-2ed9-422b-b914-a02ccca7c8e5,MLA44894386,DEVICE_FORMAT,Formato del dispositivo,8616495,TV Box,True,2025-04-03 12:09:12.808956,2025-04-03 12:09:12.808957
8a1ec42d-7082-4d15-84e8-54cab5b731bb,MLA44894386,MAX_VIDEO_RESOLUTION,Resolución máxima de video,168332,Full HD,True,2025-04-03 12:09:12.808960,2025-04-03 12:09:12.808960
d9460085-c1fe-4d1e-90a8-832de1333098,MLA44894386,MANUFACTURER,Fabricante,9593,Western Digital,True,2025-04-03 12:09:12.808963,2025-04-03 12:09:12.808963
48c8f7b9-6bc0-4548-959f-665abaa51a98,MLA44894386,WITH_BLUETOOTH,Con Bluetooth,242084,No,True,2025-04-03 12:09:12.808966,2025-04-03 12:09:12.808966
d601c5e8-6948-4539-8400-17d961aa098e,MLA44894386,WITH_WI_FI,Con Wi-Fi,242085,Sí,True,2025-04-03 12:09:12.808969,2025-04-03 12:09:12.808969
d7352343-d2f9-437f-85b0-7f16006ba617,MLA44894386,WITH_INTEGRATED_VOICE_ASSISTANTS,Con asistentes de voz integrados,242084,No,True,2025-04-03 12:09:12.808972,2025-04-03 12:09:12.808972
3597fe12-060f-4f1d-af6c-77ba573c821f,MLA44894386,INCLUDES_HDMI_CABLE,Incluye cable HDMI,242084,No,True,2025-04-03 12:09:12.808975,2025-04-03 12:09:12.808975
8c548257-6d13-49ef-8ebb-2ebb1e1b63ad,MLA44894386,INCLUDES_CELL_BATTERIES,Incluye pilas,242084,No,True,2025-04-03 12:09:12.808978,2025-04-03 12:09:12.808978
9dbfe722-48d3-40a8-8a09-9eb3a1c32be5,MLA44894386,LENGTH,Largo,7816567,12 cm,True,2025-04-03 12:09:12.808981,2025-04-03 12:09:12.808981
bee4bc7e-50bf-4f69-9eab-d8e0a9d2312d,MLA44894386,WIDTH,Ancho,7842444,4 cm,True,2025-04-03 12:09:12.808984,2025-04-03 12:09:12.808985
e7e9cf35-42b9-4ee6-b6b8-f9e8e6de5b60,MLA44894386,HEIGHT,Altura,7600402,10 cm,True,2025-04-03 12:09:12.808987,2025-04-03 12:09:12.808988
2e0f74ef-6325-4089-a2a2-0ae6cfd64ee2,MLA39136311,BRAND,Marca,36754121,SHYSKY,True,2025-04-03 12:09:12.809009,2025-04-03 12:09:12.809009
95f38890-566f-4f11-8b21-44c4dcc947f1,MLA39136311,MODEL,Modelo,40485564,H96 Max,True,2025-04-03 12:09:12.809012,2025-04-03 12:09:12.809012
aa06eccb-4da0-4895-9c80-0855507a2576,MLA39136311,ALPHANUMERIC_MODEL,Modelo alfanumérico,40485563,H96 Max,True,2025-04-03 12:09:12.809015,2025-04-03 12:09:12.809015
ad45b10c-80ec-4cfa-af14-df62bc1b7dac,MLA39136311,COLOR,Color,52049,Negro,True,2025-04-03 12:09:12.809018,2025-04-03 12:09:12.809018
3583648d-0f18-464e-be25-9b6bcfcad58c,MLA39136311,REMOTE_CONTROL_TYPE,Tipo de control remoto,182134,Estándar,True,2025-04-03 12:09:12.809021,2025-04-03 12:09:12.809021
696998b7-e7ba-4729-b4de-fccc7f21af12,MLA39136311,MAIN_COLOR,Color principal,2450295,Negro,True,2025-04-03 12:09:12.809024,2025-04-03 12:09:12.809024
3e2694a9-f710-4b64-a193-8fdf1fe3e4a9,MLA39136311,DEVICE_FORMAT,Formato del dispositivo,8616495,TV Box,True,2025-04-03 12:09:12.809027,2025-04-03 12:09:12.809027
694129ac-a2cf-41a3-bac4-debc3bba297d,MLA39136311,MAX_VIDEO_RESOLUTION,Resolución máxima de video,169883,4K,True,2025-04-03 12:09:12.809030,2025-04-03 12:09:12.809031
bfd3ff72-d3cb-4bc3-b982-515d1c3fd3fc,MLA39136311,RECOMMENDED_DEVICES,Dispositivos recomendados,,Televisores con HDMI,True,2025-04-03 12:09:12.809034,2025-04-03 12:09:12.809034
61711e2d-518c-4b80-b2ea-f45b3019565f,MLA39136311,AUDIO_AND_VIDEO_INTERFACES,Interfaces de audio y video,,HDMI,True,2025-04-03 12:09:12.809037,2025-04-03 12:09:12.809037
6230ea78-0fce-411e-9cf8-6a0ecfd6319f,MLA39136311,PORTS_AND_CONNECTORS_TYPES,Tipos de puertos y conectores,,HDMI,True,2025-04-03 12:09:12.809040,2025-04-03 12:09:12.809040
2b0c9595-30ac-4efc-ac8b-72467e7f2109,MLA39136311,WITH_INTEGRATED_VOICE_ASSISTANTS,Con asistentes de voz integrados,242084,No,True,2025-04-03 12:09:12.809043,2025-04-03 12:09:12.809043
b0c2f981-30be-4bb3-93ec-f267bf58a996,MLA27753970,BRAND,Marca,25389177,Dune HD,True,2025-04-03 12:09:12.809091,2025-04-03 12:09:12.809091
44d81d56-8a51-486f-9a4c-8eae9f22ee5d,MLA27753970,MODEL,Modelo,25389179,TV-175R,True,2025-04-03 12:09:12.809094,2025-04-03 12:09:12.809094
3b54b43e-e986-4a12-bd9f-17d4970284ed,MLA27753970,WITH_BLUETOOTH,Con Bluetooth,242085,Sí,True,2025-04-03 12:09:12.809097,2025-04-03 12:09:12.809097
a1599a2d-5195-4635-8389-895003693c78,MLA27753970,WITH_WI_FI,Con Wi-Fi,242085,Sí,True,2025-04-03 12:09:12.809100,2025-04-03 12:09:12.809100
f07081f4-f0f4-4861-bc28-34ef7f2336b2,MLA27753970,WEIGHT,Peso,47680452,907.184 g,True,2025-04-03 12:09:12.809103,2025-04-03 12:09:12.809103
a7c71864-1a6e-472e-9ef1-2005a5aa2f5c,MLA29637610,BRAND,Marca,4091225,MyGica,True,2025-04-03 12:09:12.809127,2025-04-03 12:09:12.809127
19e4e2f1-090a-4be7-a29b-9222c36bd4b5,MLA29637610,LINE,Línea,28494254,Atv329x,True,2025-04-03 12:09:12.809130,2025-04-03 12:09:12.809131
2c7c5cdf-b548-42db-b340-30ed2dc7e43e,MLA29637610,MODEL,Modelo,2805114,ATV495X,True,2025-04-03 12:09:12.809133,2025-04-03 12:09:12.809134
c362747f-7542-48a1-a67b-3998ca8fa43b,MLA29637610,COLOR,Color,52049,Negro,True,2025-04-03 12:09:12.809136,2025-04-03 12:09:12.809137
0ac04358-a005-4626-8d92-baa552b385e4,MLA29637610,STORAGE_CAPACITY,Capacidad de almacenamiento,18646,8 GB,True,2025-04-03 12:09:12.809140,2025-04-03 12:09:12.809140
e8fd5921-9afc-442f-8d13-45c557fa1570,MLA29637610,RAM_MEMORY,Memoria RAM,445970,2 GB,True,2025-04-03 12:09:12.809143,2025-04-03 12:09:12.809143
cc55c2b0-eaa5-492c-9bdf-663c8a1f1286,MLA29637610,REMOTE_CONTROL_TYPE,Tipo de control remoto,182134,Estándar,True,2025-04-03 12:09:12.809146,2025-04-03 12:09:12.809146
fb02ba93-48d3-4b3c-a2bd-916d0a0dc0df,MLA29637610,DEVICE_FORMAT,Formato del dispositivo,8616495,TV Box,True,2025-04-03 12:09:12.809149,2025-04-03 12:09:12.809149
5dd54d20-ad0f-4d30-8fd8-3ad73892e844,MLA29637610,MAX_VIDEO_RESOLUTION,Resolución máxima de video,13113890,4K UHD,True,2025-04-03 12:09:12.809152,2025-04-03 12:09:12.809152
121ac45c-ede8-4630-8f67-a2dabdbd35be,MLA29637610,RECOMMENDED_DEVICES,Dispositivos recomendados,,PC,True,2025-04-03 12:09:12.809155,2025-04-03 12:09:12.809155
3090c7e5-eeb4-411f-b99a-bd3a6097bd9c,MLA29637610,AUDIO_AND_VIDEO_INTERFACES,Interfaces de audio y video,,Usb2.0,True,2025-04-03 12:09:12.809158,2025-04-03 12:09:12.809158
7203ca52-f80b-41de-bc38-12cee0ac093b,MLA29637610,PORTS_AND_CONNECTORS_TYPES,Tipos de puertos y conectores,,USB,True,2025-04-03 12:09:12.809161,2025-04-03 12:09:12.809161
f916c613-3200-4b9e-b6a5-0d1bd7b03a1a,MLA29637610,WITH_WI_FI,Con Wi-Fi,242085,Sí,True,2025-04-03 12:09:12.809164,2025-04-03 12:09:12.809165
73f1a729-5924-4784-bc91-29a371696884,MLA29637610,INCLUDES_HDMI_CABLE,Incluye cable HDMI,242085,Sí,True,2025-04-03 12:09:12.809168,2025-04-03 12:09:12.809168
5bf461fc-4fb2-4bab-bfe7-ea023e06bdaf,MLA29637610,WEIGHT,Peso,16547099,147 g,True,2025-04-03 12:09:12.809171,2025-04-03 12:09:12.809171
79b75b97-5435-481d-b99b-2c4073af9dd7,MLA29637610,OS_NAME,Nombre del sistema operativo,7601511,Android TV 6.0,True,2025-04-03 12:09:12.809175,2025-04-03 12:09:12.809175
d369bed6-2281-4d10-91d4-4a5cd10ff76a,MLA29637610,MIN_OPERATING_SYSTEMS_REQUIRED,Sistemas operativos mínimos requeridos,,Android,True,2025-04-03 12:09:12.809178,2025-04-03 12:09:12.809178
6ce3991a-835a-4227-bcf9-95a83f90717d,MLA35734835,BRAND,Marca,3708333,ZKTeco,True,2025-04-03 12:09:12.809217,2025-04-03 12:09:12.809218
52544a92-8a2e-4b80-af22-f6d8383aa9ea,MLA35734835,MODEL,Modelo,503710,ML,True,2025-04-03 12:09:12.809221,2025-04-03 12:09:12.809221
be360b0a-0747-4162-aa71-383b3e84d4be,MLA35734835,ALPHANUMERIC_MODEL,Modelo alfanumérico,36417550,ML100,True,2025-04-03 12:09:12.809224,2025-04-03 12:09:12.809224
58ec72d1-f859-418c-b0ea-3dcd0ddea865,MLA35734835,COLOR,Color,52049,Negro,True,2025-04-03 12:09:12.809227,2025-04-03 12:09:12.809227
a1d35270-f937-4e4a-9db5-a28272ce1a32,MLA35734835,WITH_WI_FI,Con Wi-Fi,242085,Sí,True,2025-04-03 12:09:12.809230,2025-04-03 12:09:12.809230
a7d60476-d854-41ff-bbaf-b754a6af1231,MLA28929968,BRAND,Marca,27356909,Click 360 Shop,True,2025-04-03 12:09:12.809245,2025-04-03 12:09:12.809245
e4cbf11e-7fb5-4907-aea9-6038a03a3767,MLA28929968,LINE,Línea,11616396,Tv Box,True,2025-04-03 12:09:12.809248,2025-04-03 12:09:12.809248
ad90d7ec-4170-4e33-a07f-fd770ad0295a,MLA28929968,MODEL,Modelo,27383188,2gb ram 16gb rom,True,2025-04-03 12:09:12.809251,2025-04-03 12:09:12.809251
62f411ee-6c4c-46ac-9d97-b3750fce73b7,MLA28929968,ALPHANUMERIC_MODEL,Modelo alfanumérico,27383186,905w,True,2025-04-03 12:09:12.809254,2025-04-03 12:09:12.809254
79993042-2265-4061-bc51-1b19f02447a7,MLA28929968,STORAGE_CAPACITY,Capacidad de almacenamiento,18614,16 GB,True,2025-04-03 12:09:12.809257,2025-04-03 12:09:12.809257
b8fea993-fe65-4bb2-9332-16db63f23c32,MLA28929968,RAM_MEMORY,Memoria RAM,445970,2 GB,True,2025-04-03 12:09:12.809260,2025-04-03 12:09:12.809260
0f00cc3d-ebca-497a-88eb-fed354ee2f2d,MLA28929968,REMOTE_CONTROL_TYPE,Tipo de control remoto,27383198,de fabrica infrarojo,True,2025-04-03 12:09:12.809263,2025-04-03 12:09:12.809263
0b197833-348f-4f5c-8a74-d596f2917d19,MLA28929968,DEVICE_FORMAT,Formato del dispositivo,8616495,TV Box,True,2025-04-03 12:09:12.809266,2025-04-03 12:09:12.809266
d5590d64-4f2f-4dd8-9e4f-569b84f36513,MLA28929968,MAX_VIDEO_RESOLUTION,Resolución máxima de video,13113890,4K UHD,True,2025-04-03 12:09:12.809269,2025-04-03 12:09:12.809269
27b9cebb-8c4a-4a7f-8e00-1f4cf6378d99,MLA28929968,COMPATIBLE_APPLICATIONS,Aplicaciones compatibles,,Android,True,2025-04-03 12:09:12.809273,2025-04-03 12:09:12.809274
7fb25c32-cef5-40cd-af15-219b6f0da365,MLA28929968,AUDIO_AND_VIDEO_INTERFACES,Interfaces de audio y video,,optico digital,True,2025-04-03 12:09:12.809277,2025-04-03 12:09:12.809277
68ab9d58-a42e-4d33-858a-b418789e32a5,MLA28929968,WITH_WI_FI,Con Wi-Fi,242085,Sí,True,2025-04-03 12:09:12.809280,2025-04-03 12:09:12.809280
ae2c1376-6531-4538-aafe-87d07060716a,MLA28929968,INCLUDES_HDMI_CABLE,Incluye cable HDMI,242085,Sí,True,2025-04-03 12:09:12.809283,2025-04-03 12:09:12.809283
b9476f9e-c844-4c63-b4fb-a8afcc6f698e,MLA28929968,OS_NAME,Nombre del sistema operativo,7601527,Android 7.1,True,2025-04-03 12:09:12.809286,2025-04-03 12:09:12.809286
a86c083e-e105-4cf9-ba68-c4410126a65e,MLA28929968,CPU,CPU,,Amlogic S905W Quad-Core,True,2025-04-03 12:09:12.809289,2025-04-03 12:09:12.809289
5d1dbb5b-f90a-4b66-ba77-95d8b631b128,MLA28929968,GRAPHICS_PROCESSOR,Procesador gráfico,20107157,Penta-Core,True,2025-04-03 12:09:12.809292,2025-04-03 12:09:12.809292
28909176-bbf1-441c-94b4-426a4cd44ad2,MLA46977442,BRAND,Marca,168521,Roku,True,2025-04-03 12:09:12.809324,2025-04-03 12:09:12.809325
7522675e-c3a7-4326-b7cf-637fd41c893b,MLA46977442,MODEL,Modelo,165838,SE,True,2025-04-03 12:09:12.809329,2025-04-03 12:09:12.809329
402f007c-b288-40db-b745-7cb4b7ba8963,MLA46977442,GENERATION,Generación,8246074,1.ª generación,True,2025-04-03 12:09:12.809332,2025-04-03 12:09:12.809332
d27db263-e33c-44bd-90ef-8a2d53f5172d,MLA46977442,COLOR,Color,52051,Gris oscuro,True,2025-04-03 12:09:12.809335,2025-04-03 12:09:12.809335
b0ae8315-aad9-42a6-ae7d-67d3a447177d,MLA46977442,MAIN_COLOR,Color principal,2450299,Gris oscuro,True,2025-04-03 12:09:12.809338,2025-04-03 12:09:12.809338
c2d6e7ca-103f-4a3a-ba9a-5d5cb4017472,MLA46977442,DEVICE_FORMAT,Formato del dispositivo,8616496,Stick,True,2025-04-03 12:09:12.809342,2025-04-03 12:09:12.809343
8c4d5e76-dfe7-4e96-94a7-a75a566aae69,MLA46977442,MAX_VIDEO_RESOLUTION,Resolución máxima de video,168331,HD,True,2025-04-03 12:09:12.809346,2025-04-03 12:09:12.809346
cd37e391-43d6-41c1-b04e-5403bc7481f0,MLA46977442,COMPATIBLE_APPLICATIONS,Aplicaciones compatibles,,"ABC, Apple TV, CBS, HBO Max, Hulu, NBC, Netflix, Redbox, Roku, Showtime",True,2025-04-03 12:09:12.809349,2025-04-03 12:09:12.809349
fb0aaa1e-af64-4de6-8d60-5bac58eb3373,MLA46977442,AUDIO_AND_VIDEO_INTERFACES,Interfaces de audio y video,,HDMI,True,2025-04-03 12:09:12.809352,2025-04-03 12:09:12.809352
d541da7b-499f-4d84-afc3-a17a450bbdcf,MLA46977442,WITH_WI_FI,Con Wi-Fi,242085,Sí,True,2025-04-03 12:09:12.809355,2025-04-03 12:09:12.809355
207a537a-ed16-401a-b20b-d34367fce697,MLA46977442,INCLUDES_HDMI_CABLE,Incluye cable HDMI,242085,Sí,True,2025-04-03 12:09:12.809358,2025-04-03 12:09:12.809358
fc501ce9-e1af-4752-9ff6-b3f27c5f0e99,MLA43012589,BRAND,Marca,42183231,UniTV,True,2025-04-03 12:09:12.809381,2025-04-03 12:09:12.809382
3cb4e564-bba9-4de4-baff-25488a619e20,MLA43012589,LINE,Línea,232871,V10,True,2025-04-03 12:09:12.809385,2025-04-03 12:09:12.809385
6073f533-df25-47c7-b51b-fb1281016f5d,MLA43012589,MODEL,Modelo,44154337,UNI TV V10,True,2025-04-03 12:09:12.809388,2025-04-03 12:09:12.809388
d1060549-dc68-47de-af8a-05316d6382ce,MLA43012589,GENERATION,Generación,44284314,4ª generación,True,2025-04-03 12:09:12.809391,2025-04-03 12:09:12.809391
2df24cd7-8466-4c1a-ba00-af297236f658,MLA43012589,ALPHANUMERIC_MODEL,Modelo alfanumérico,44284311,GA04141-US,True,2025-04-03 12:09:12.809394,2025-04-03 12:09:12.809394
c2cf7877-a3a1-4c92-bfcd-b4e1c81f7b7d,MLA43012589,COLOR,Color,52055,Blanco,True,2025-04-03 12:09:12.809397,2025-04-03 12:09:12.809397
eb9b9d74-feb7-4e38-828b-a3e562b62803,MLA43012589,STORAGE_CAPACITY,Capacidad de almacenamiento,18646,8 GB,True,2025-04-03 12:09:12.809400,2025-04-03 12:09:12.809400
4a8c6b22-921d-455e-a93e-47b64ba3a43b,MLA43012589,RAM_MEMORY,Memoria RAM,445970,2 GB,True,2025-04-03 12:09:12.809403,2025-04-03 12:09:12.809403
385757c6-d1e6-46ae-929c-899c9fe149fc,MLA43012589,REMOTE_CONTROL_TYPE,Tipo de control remoto,182134,Estándar,True,2025-04-03 12:09:12.809406,2025-04-03 12:09:12.809406
74d0311e-4989-4237-8cef-80053cd7fcea,MLA43012589,DEVICE_FORMAT,Formato del dispositivo,8616495,TV Box,True,2025-04-03 12:09:12.809409,2025-04-03 12:09:12.809409
135a49d2-756c-45ae-88d1-98114f42f0ed,MLA43012589,MAX_VIDEO_RESOLUTION,Resolución máxima de video,169883,4K,True,2025-04-03 12:09:12.809412,2025-04-03 12:09:12.809412
717670dd-8b79-4788-a2d3-b1bdf7d025a7,MLA43012589,PORTS_AND_CONNECTORS_TYPES,Tipos de puertos y conectores,,"HDMI, USB-B",True,2025-04-03 12:09:12.809415,2025-04-03 12:09:12.809415
d7e6a8e2-8515-47f0-85d5-d58ea518e020,MLA43012589,MANUFACTURER,Fabricante,42183231,UniTV,True,2025-04-03 12:09:12.809418,2025-04-03 12:09:12.809418
48441801-e205-4163-9167-4b4e0fc830be,MLA43012589,WITH_BLUETOOTH,Con Bluetooth,242085,Sí,True,2025-04-03 12:09:12.809421,2025-04-03 12:09:12.809421
1b7f5f0c-46f9-44c5-9e72-c343a273ebe4,MLA43012589,WITH_WI_FI,Con Wi-Fi,242085,Sí,True,2025-04-03 12:09:12.809424,2025-04-03 12:09:12.809424
91ecc35f-7e2f-40b6-bc51-35c921664fb7,MLA43012589,WITH_INTEGRATED_VOICE_ASSISTANTS,Con asistentes de voz integrados,242084,No,True,2025-04-03 12:09:12.809427,2025-04-03 12:09:12.809427
6fd89383-c333-47d5-9b3c-caa73cd2d2b7,MLA43012589,INCLUDES_HDMI_CABLE,Incluye cable HDMI,242085,Sí,True,2025-04-03 12:09:12.809430,2025-04-03 12:09:12.809430
5242d38a-ee0c-4255-be69-5683e402ab21,MLA43012589,INCLUDES_CELL_BATTERIES,Incluye pilas,242084,No,True,2025-04-03 12:09:12.809433,2025-04-03 12:09:12.809433
cfa3ea78-125f-482a-87f8-e32d21be0b87,MLA43012589,OS_NAME,Nombre del sistema operativo,296858,Android,True,2025-04-03 12:09:12.809436,2025-04-03 12:09:12.809437
e07a18c6-d5b2-4b15-9294-fa7c551c0307,MLA42963033,BRAND,Marca,168521,Roku,True,2025-04-03 12:09:12.809451,2025-04-03 12:09:12.809451
fdd8f3dd-ed48-437e-b45c-53185b25878a,MLA42963033,MODEL,Modelo,44244920,2 XS,True,2025-04-03 12:09:12.809454,2025-04-03 12:09:12.809455
6a282812-fff7-440a-aa02-62d06af2b5ec,MLA42963033,COLOR,Color,52049,Negro,True,2025-04-03 12:09:12.809457,2025-04-03 12:09:12.809458
11b1d1ae-239b-461d-a62a-e7e1316437c3,MLA42963033,DEVICE_FORMAT,Formato del dispositivo,8616495,TV Box,True,2025-04-03 12:09:12.809461,2025-04-03 12:09:12.809461
d587db75-1981-44e6-bab6-04fa09638c5a,MLA22209479,BRAND,Marca,50584,Netmak,True,2025-04-03 12:09:12.809477,2025-04-03 12:09:12.809477
92bb7b51-3eab-401d-956e-509c9a8182cb,MLA22209479,LINE,Línea,17447610,NETCAST,True,2025-04-03 12:09:12.809480,2025-04-03 12:09:12.809480
739dbf4a-4d91-4698-a5a8-d706ed5c13e2,MLA22209479,MODEL,Modelo,17447611,SCREENCAST,True,2025-04-03 12:09:12.809483,2025-04-03 12:09:12.809483
eb72f479-f06b-4ebd-a2b5-00176a348789,MLA22209479,ALPHANUMERIC_MODEL,Modelo alfanumérico,16585601,cast,True,2025-04-03 12:09:12.809487,2025-04-03 12:09:12.809487
a7885337-9174-494a-b7f9-0f08546c12e1,MLA22209479,COLOR,Color,52049,Negro,True,2025-04-03 12:09:12.809490,2025-04-03 12:09:12.809490
3c7c9dd1-7480-48fa-8f6b-83d4d710e8b5,MLA22209479,STORAGE_CAPACITY,Capacidad de almacenamiento,98765,1 GB,True,2025-04-03 12:09:12.809493,2025-04-03 12:09:12.809493
1220b50b-594d-4468-88cb-4869aaa8c68c,MLA22209479,RAM_MEMORY,Memoria RAM,98978,1 GB,True,2025-04-03 12:09:12.809496,2025-04-03 12:09:12.809496
900c1868-af2e-4635-b6f7-14d2eca4d01d,MLA22209479,REMOTE_CONTROL_TYPE,Tipo de control remoto,182134,Estándar,True,2025-04-03 12:09:12.809499,2025-04-03 12:09:12.809499
f2d90f6b-9a7c-456f-ac4b-fdf0c0986618,MLA22209479,DEVICE_FORMAT,Formato del dispositivo,8616496,Stick,True,2025-04-03 12:09:12.809502,2025-04-03 12:09:12.809502
fe82ea00-da82-4354-8c9f-b6491d391e00,MLA22209479,MAX_VIDEO_RESOLUTION,Resolución máxima de video,13356127,Full HD 1080p,True,2025-04-03 12:09:12.809505,2025-04-03 12:09:12.809505
e059aff7-2d54-4717-a6e9-2badcb40acbc,MLA22209479,AUDIO_AND_VIDEO_INTERFACES,Interfaces de audio y video,,HDMI,True,2025-04-03 12:09:12.809508,2025-04-03 12:09:12.809508
1337b006-e36b-41b4-8a66-6d70b6f1aae0,MLA22209479,WITH_WI_FI,Con Wi-Fi,242085,Sí,True,2025-04-03 12:09:12.809511,2025-04-03 12:09:12.809511
6b89a1b8-506e-4c68-8bff-6284ca070e90,MLA22209479,INCLUDES_HDMI_CABLE,Incluye cable HDMI,242085,Sí,True,2025-04-03 12:09:12.809514,2025-04-03 12:09:12.809514
be944233-cc01-464e-a8d1-a2804f86639a,MLA43273427,BRAND,Marca,44142760,Transped,True,2025-04-03 12:09:12.809529,2025-04-03 12:09:12.809529
2f0872a1-7deb-40eb-b09f-bdd2b2fcf32d,MLA43273427,MODEL,Modelo,2403641,8K,True,2025-04-03 12:09:12.809532,2025-04-03 12:09:12.809532
522332b1-29fe-4987-b8b1-a584f3beec0c,MLA43273427,GENERATION,Generación,11011815,5°,True,2025-04-03 12:09:12.809535,2025-04-03 12:09:12.809535
007612a8-0f53-4b0e-a283-79b17fe5420e,MLA43273427,ALPHANUMERIC_MODEL,Modelo alfanumérico,8711320,001,True,2025-04-03 12:09:12.809539,2025-04-03 12:09:12.809539
225a91f1-c89c-4be5-abe6-d600b24e1bbb,MLA43273427,COLOR,Color,52049,Negro,True,2025-04-03 12:09:12.809542,2025-04-03 12:09:12.809542
911b8b6d-476b-441a-b154-f854a3418009,MLA43273427,STORAGE_CAPACITY,Capacidad de almacenamiento,18621,32 GB,True,2025-04-03 12:09:12.809545,2025-04-03 12:09:12.809545
b8930c2b-304c-4dbe-8182-af9c181dcbb8,MLA43273427,RAM_MEMORY,Memoria RAM,98852,4 GB,True,2025-04-03 12:09:12.809548,2025-04-03 12:09:12.809548
f77eaf14-4485-497f-b189-d1bebd4b3086,MLA43273427,REMOTE_CONTROL_TYPE,Tipo de control remoto,182134,Estándar,True,2025-04-03 12:09:12.809551,2025-04-03 12:09:12.809551
72e08d76-72c5-4b5f-b0a9-d5bb283fe9ff,MLA43273427,DEVICE_FORMAT,Formato del dispositivo,8616495,TV Box,True,2025-04-03 12:09:12.809554,2025-04-03 12:09:12.809554
7124c768-e99a-4a76-8e4d-86787fe29c10,MLA43273427,MAX_VIDEO_RESOLUTION,Resolución máxima de video,169883,4K,True,2025-04-03 12:09:12.809558,2025-04-03 12:09:12.809559
6b353575-84a9-4c01-b41f-62c635ebd1eb,MLA43273427,AUDIO_AND_VIDEO_INTERFACES,Interfaces de audio y video,,HDMI,True,2025-04-03 12:09:12.809562,2025-04-03 12:09:12.809562
c5252b6e-0333-45c4-9a60-3a9061901f5f,MLA14141502,BRAND,Marca,168521,Roku,True,2025-04-03 12:09:12.809585,2025-04-03 12:09:12.809585
af684e30-5337-4f48-a14f-e2f593dfa036,MLA14141502,MODEL,Modelo,11447,Express,True,2025-04-03 12:09:12.809588,2025-04-03 12:09:12.809588
28ab5c3d-1505-4bec-a4b8-73e6f5c23594,MLA14141502,ALPHANUMERIC_MODEL,Modelo alfanumérico,6616651,3700XB,True,2025-04-03 12:09:12.809591,2025-04-03 12:09:12.809591
be1e30db-5fb9-4f2a-a20e-140e8672e0fd,MLA14141502,COLOR,Color,52049,Negro,True,2025-04-03 12:09:12.809594,2025-04-03 12:09:12.809595
1c187c76-f13f-4432-8c5a-e67ea1f6618f,MLA14141502,REMOTE_CONTROL_TYPE,Tipo de control remoto,182134,Estándar,True,2025-04-03 12:09:12.809598,2025-04-03 12:09:12.809598
b6128ebc-1c02-4247-8917-35d6d1449c22,MLA14141502,DEVICE_FORMAT,Formato del dispositivo,8616495,TV Box,True,2025-04-03 12:09:12.809601,2025-04-03 12:09:12.809601
a6bd3319-8560-4a2a-8253-1513ebd2965c,MLA14141502,MAX_VIDEO_RESOLUTION,Resolución máxima de video,168332,Full HD,True,2025-04-03 12:09:12.809604,2025-04-03 12:09:12.809604
2ebf1e47-7bde-417a-bf7d-b8a49e55c6fb,MLA14141502,COMPATIBLE_APPLICATIONS,Aplicaciones compatibles,,"Netflix, Google Play, YouTube, Hulu, Sling TV, HBO Now, Crackle, Showtime",True,2025-04-03 12:09:12.809607,2025-04-03 12:09:12.809607
c2219544-20f3-42e3-b9d9-1612ce6ae599,MLA14141502,RECOMMENDED_DEVICES,Dispositivos recomendados,,Televisores,True,2025-04-03 12:09:12.809610,2025-04-03 12:09:12.809610
8e0fd132-78e0-42e3-9c96-ff3b329b4019,MLA14141502,AUDIO_AND_VIDEO_INTERFACES,Interfaces de audio y video,,HDMI,True,2025-04-03 12:09:12.809613,2025-04-03 12:09:12.809613
7dee3f58-6c91-4e2c-87ea-6979821cc249,MLA14141502,PORTS_AND_CONNECTORS_TYPES,Tipos de puertos y conectores,,Micro-USB,True,2025-04-03 12:09:12.809616,2025-04-03 12:09:12.809616
d6b35fc3-81a1-45ae-8459-c94675308f89,MLA14141502,WITH_WI_FI,Con Wi-Fi,242085,Sí,True,2025-04-03 12:09:12.809619,2025-04-03 12:09:12.809619
f3ccc9e2-dd50-44c4-8700-f39e1dc806ea,MLA14141502,INCLUDES_HDMI_CABLE,Incluye cable HDMI,242085,Sí,True,2025-04-03 12:09:12.809622,2025-04-03 12:09:12.809623
5a553d4b-1ecd-45c7-825f-1a55cc5e6ddb,MLA14141502,AUDIO_QUALITY,Calidad de audio,,"Dolby Audio 7.1, Dolby Audio 5.1",True,2025-04-03 12:09:12.809626,2025-04-03 12:09:12.809626
f66d8386-f2fb-48c4-bc8c-3d71e32a3931,MLA36775989,BRAND,Marca,169874,EZCast,True,2025-04-03 12:09:12.809649,2025-04-03 12:09:12.809649
d17f31de-ebde-490d-9860-e992b5080829,MLA36775989,AUDIO_AND_VIDEO_INTERFACES,Interfaces de audio y video,,HDMI,True,2025-04-03 12:09:12.809652,2025-04-03 12:09:12.809652
7caf53ea-7f1d-4522-97d0-b7174bf80108,MLA39064534,BRAND,Marca,410979,Noga,True,2025-04-03 12:09:12.809674,2025-04-03 12:09:12.809674
0b98b3f0-1366-494c-8a5e-adfd31626038,MLA39064534,LINE,Línea,11957041,Noga PC,True,2025-04-03 12:09:12.809677,2025-04-03 12:09:12.809677
9a6e1a40-5959-41a9-bcfb-e3c140592add,MLA39064534,MODEL,Modelo,39518931,Ultra 10,True,2025-04-03 12:09:12.809680,2025-04-03 12:09:12.809680
5120eb3d-fbe5-472f-a3cf-e7bb24aad012,MLA39064534,COLOR,Color,52049,Negro,True,2025-04-03 12:09:12.809683,2025-04-03 12:09:12.809683
3df7f31c-6052-429b-9188-5ab2ea790720,MLA39064534,STORAGE_CAPACITY,Capacidad de almacenamiento,18646,8 GB,True,2025-04-03 12:09:12.809686,2025-04-03 12:09:12.809686
751c1d7f-e3bb-4833-b33b-aded380f2ff3,MLA39064534,RAM_MEMORY,Memoria RAM,98978,1 GB,True,2025-04-03 12:09:12.809689,2025-04-03 12:09:12.809689
fed3472d-8f18-45ef-9454-a0a31995ac83,MLA39064534,REMOTE_CONTROL_TYPE,Tipo de control remoto,182134,Estándar,True,2025-04-03 12:09:12.809692,2025-04-03 12:09:12.809693
fc16fcf6-0d1d-43f1-b8cc-a931407fdfa9,MLA39064534,MAIN_COLOR,Color principal,2450295,Negro,True,2025-04-03 12:09:12.809695,2025-04-03 12:09:12.809696
eeda20e7-ddf3-492c-8c74-cca2ff09f411,MLA39064534,DEVICE_FORMAT,Formato del dispositivo,8616495,TV Box,True,2025-04-03 12:09:12.809699,2025-04-03 12:09:12.809699
aac7d618-ed77-495b-ae5d-8aae9a1dfa84,MLA39064534,MAX_VIDEO_RESOLUTION,Resolución máxima de video,169883,4K,True,2025-04-03 12:09:12.809702,2025-04-03 12:09:12.809702
e3df00d5-d860-434c-898e-5aed41fd1849,MLA39064534,COMPATIBLE_APPLICATIONS,Aplicaciones compatibles,,Skype,True,2025-04-03 12:09:12.809705,2025-04-03 12:09:12.809705
dfb8d941-3d6d-4488-95b9-27f3924c1464,MLA39064534,WITH_WI_FI,Con Wi-Fi,242085,Sí,True,2025-04-03 12:09:12.809708,2025-04-03 12:09:12.809708
c48f25e3-779e-4638-8496-2dee9a67f634,MLA39064534,INCLUDES_HDMI_CABLE,Incluye cable HDMI,242085,Sí,True,2025-04-03 12:09:12.809711,2025-04-03 12:09:12.809711
111e7f4f-de4b-4fcd-b857-a0e79940febd,MLA21494611,BRAND,Marca,206,Samsung,True,2025-04-03 12:09:12.809726,2025-04-03 12:09:12.809726
4e3372e2-6f2f-4d04-8172-485ed3fce68f,MLA21494611,MODEL,Modelo,33292,S1000,True,2025-04-03 12:09:12.809729,2025-04-03 12:09:12.809729
e911b705-f901-401c-b282-841bec0c26d5,MLA21494611,ALPHANUMERIC_MODEL,Modelo alfanumérico,16324477,S1000,True,2025-04-03 12:09:12.809732,2025-04-03 12:09:12.809732
60fa4ebc-7aa0-4bfc-9917-0c3670903fb8,MLA21494611,COLOR,Color,52049,Negro,True,2025-04-03 12:09:12.809735,2025-04-03 12:09:12.809735
a0f075be-e09a-4ca2-8ed0-b5992dbb7c1e,MLA21494611,STORAGE_CAPACITY,Capacidad de almacenamiento,18621,32 GB,True,2025-04-03 12:09:12.809738,2025-04-03 12:09:12.809738
3ced99f8-d8d5-44fb-887d-a70e8093a6f2,MLA21494611,RAM_MEMORY,Memoria RAM,98852,4 GB,True,2025-04-03 12:09:12.809741,2025-04-03 12:09:12.809741
4fe66fee-f06f-4863-86d6-1d22e6d9a13d,MLA21494611,REMOTE_CONTROL_TYPE,Tipo de control remoto,182134,Estándar,True,2025-04-03 12:09:12.809744,2025-04-03 12:09:12.809744
306b2892-e328-42d8-ab6f-9f1814e6e6fe,MLA21494611,DEVICE_FORMAT,Formato del dispositivo,8616495,TV Box,True,2025-04-03 12:09:12.809747,2025-04-03 12:09:12.809748
cea132a5-59bf-4655-9268-ec190ccd35a0,MLA21494611,AUDIO_AND_VIDEO_INTERFACES,Interfaces de audio y video,,HDMI,True,2025-04-03 12:09:12.809750,2025-04-03 12:09:12.809751
0ce901e0-799e-4d65-aadb-2495b103dd2d,MLA21494611,WITH_WI_FI,Con Wi-Fi,242085,Sí,True,2025-04-03 12:09:12.809754,2025-04-03 12:09:12.809754
957e65ec-1bfc-411c-9820-d0eab31ef527,MLA21494611,INCLUDES_HDMI_CABLE,Incluye cable HDMI,242085,Sí,True,2025-04-03 12:09:12.809758,2025-04-03 12:09:12.809758
83b0095d-c5dd-4d70-9783-28f67b95cb36,MLA21494611,OS_NAME,Nombre del sistema operativo,296858,Android,True,2025-04-03 12:09:12.809761,2025-04-03 12:09:12.809761
cd2a379b-0e7d-459d-bec6-77ff6df9b10c,MLA21494611,MPN,MPN,,31s1000,True,2025-04-03 12:09:12.809764,2025-04-03 12:09:12.809764
e399488e-c2e6-4106-a573-83c30d1db438,MLA36873001,BRAND,Marca,27559016,Corel,True,2025-04-03 12:09:12.809786,2025-04-03 12:09:12.809786
9ab42293-5ff2-48a6-a269-73c53755c28c,MLA22102557,BRAND,Marca,122772,Blackmagic Design,True,2025-04-03 12:09:12.809812,2025-04-03 12:09:12.809812
39a85d8a-2d23-4eb3-935a-3ebf1e4e5d83,MLA22102557,MODEL,Modelo,17291093,Atem Mini,True,2025-04-03 12:09:12.809815,2025-04-03 12:09:12.809816
663b5e9e-2cf1-411b-995d-0669e5a17710,MLA22102557,COLOR,Color,52049,Negro,True,2025-04-03 12:09:12.809818,2025-04-03 12:09:12.809819
a45d0a3a-9f00-46b4-b22c-c2a4c6555d7a,MLA22102557,DEVICE_FORMAT,Formato del dispositivo,8616495,TV Box,True,2025-04-03 12:09:12.809821,2025-04-03 12:09:12.809822
c5b9b512-a6d7-4c22-886b-ac43f80f4f3e,MLA22102557,AUDIO_AND_VIDEO_INTERFACES,Interfaces de audio y video,,HDMI,True,2025-04-03 12:09:12.809824,2025-04-03 12:09:12.809825
8b9e2788-065e-4ad6-85ed-c847822759ed,MLA22102557,MANUFACTURER,Fabricante,122772,Blackmagic Design,True,2025-04-03 12:09:12.809828,2025-04-03 12:09:12.809828
6d4f168a-29fe-43b2-92d9-b53613b9a640,MLA21319245,BRAND,Marca,9323268,Tecnolab,True,2025-04-03 12:09:12.809845,2025-04-03 12:09:12.809846
f835e49c-7b74-4b0c-aea4-3cb20751c70f,MLA21319245,MODEL,Modelo,49488070,Android TV BOX 4K,True,2025-04-03 12:09:12.809848,2025-04-03 12:09:12.809849
300529ab-332e-4e77-9568-159a85cec53d,MLA21319245,COLOR,Color,52049,Negro,True,2025-04-03 12:09:12.809852,2025-04-03 12:09:12.809852
e6827151-f28f-4685-8ddd-bb50f131c409,MLA21319245,REMOTE_CONTROL_TYPE,Tipo de control remoto,182134,Estándar,True,2025-04-03 12:09:12.809855,2025-04-03 12:09:12.809855
303b280c-0e1f-477c-b1f4-e3c2b6d6eebf,MLA21319245,DEVICE_FORMAT,Formato del dispositivo,8616495,TV Box,True,2025-04-03 12:09:12.809858,2025-04-03 12:09:12.809858
0f840da0-b7fd-4a75-8cb4-cab02c7c3958,MLA21319245,OS_NAME,Nombre del sistema operativo,296858,Android,True,2025-04-03 12:09:12.809861,2025-04-03 12:09:12.809861
3b01b5a2-65d5-42eb-a0b3-c69bf110a00f,MLA38218444,BRAND,Marca,5270608,Directv,True,2025-04-03 12:09:12.809881,2025-04-03 12:09:12.809881
f2c1135b-499b-4099-8fd4-8bb0c86c0249,MLA38218444,MODEL,Modelo,2345724,Stick,True,2025-04-03 12:09:12.809884,2025-04-03 12:09:12.809884
6e6f2931-1580-4e7d-8714-e0b299f87b37,MLA38218444,ALPHANUMERIC_MODEL,Modelo alfanumérico,39365116,Vgk-02,True,2025-04-03 12:09:12.809887,2025-04-03 12:09:12.809887
06925f61-ac59-4122-8a78-83dce2fd9d4b,MLA38218444,COLOR,Color,52049,Negro,True,2025-04-03 12:09:12.809890,2025-04-03 12:09:12.809890
adafa385-8c3b-48e3-9910-ce5b05e92c48,MLA38218444,RAM_MEMORY,Memoria RAM,579564,8 GB,True,2025-04-03 12:09:12.809893,2025-04-03 12:09:12.809893
75e108fa-2924-4378-8596-c6c80e28d308,MLA38218444,REMOTE_CONTROL_TYPE,Tipo de control remoto,182134,Estándar,True,2025-04-03 12:09:12.809900,2025-04-03 12:09:12.809901
aec3bcb5-4802-4898-999c-7904311fd925,MLA38218444,DEVICE_FORMAT,Formato del dispositivo,8616496,Stick,True,2025-04-03 12:09:12.809904,2025-04-03 12:09:12.809904
aa17aa6d-9b61-456f-ac5c-d61d7037b86d,MLA38218444,MAX_VIDEO_RESOLUTION,Resolución máxima de video,169883,4K,True,2025-04-03 12:09:12.809907,2025-04-03 12:09:12.809907
7c575512-d746-4543-8077-8618a8f0a051,MLA38218444,AUDIO_AND_VIDEO_INTERFACES,Interfaces de audio y video,,HDMI,True,2025-04-03 12:09:12.809910,2025-04-03 12:09:12.809910
446d895a-32e7-4b35-89c8-8cdea4b1cb4d,MLA38218444,WITH_WI_FI,Con Wi-Fi,242085,Sí,True,2025-04-03 12:09:12.809913,2025-04-03 12:09:12.809913
a65cef8f-7600-4d4e-9a3d-179435b85824,MLA38218444,WITH_INTEGRATED_VOICE_ASSISTANTS,Con asistentes de voz integrados,242085,Sí,True,2025-04-03 12:09:12.809916,2025-04-03 12:09:12.809916
2e12f491-84aa-4cdf-98f3-524dac33afcf,MLA42907196,BRAND,Marca,59387,Xiaomi,True,2025-04-03 12:09:12.809940,2025-04-03 12:09:12.809940
d49d691c-5cd1-4345-b41f-fbc1ead63250,MLA42907196,MODEL,Modelo,8840953,Mi TV Stick,True,2025-04-03 12:09:12.809943,2025-04-03 12:09:12.809943
136e00dc-2f20-4789-9e58-2d4aa0cd330d,MLA42907196,COLOR,Color,52049,Negro,True,2025-04-03 12:09:12.809946,2025-04-03 12:09:12.809946
6dd97325-ba26-4542-a735-4ee0e8f22084,MLA42907196,REMOTE_CONTROL_TYPE,Tipo de control remoto,17535337,De voz,True,2025-04-03 12:09:12.809949,2025-04-03 12:09:12.809949
a94f3c70-846a-44d0-ae23-29a8f1c46720,MLA42907196,DEVICE_FORMAT,Formato del dispositivo,8616496,Stick,True,2025-04-03 12:09:12.809952,2025-04-03 12:09:12.809952
f64ef7ae-59ff-4eef-99e0-5f6f37e4ee7d,MLA42907196,MAX_VIDEO_RESOLUTION,Resolución máxima de video,168332,Full HD,True,2025-04-03 12:09:12.809955,2025-04-03 12:09:12.809955
83ee66cf-d644-4720-948d-4c68dfe01c00,MLA42907196,COMPATIBLE_APPLICATIONS,Aplicaciones compatibles,,"Netflix, YouTube, Amazon Prime Video",True,2025-04-03 12:09:12.809958,2025-04-03 12:09:12.809959
6ebc74ef-96fc-4700-89eb-e1d0583838f8,MLA42907196,AUDIO_AND_VIDEO_INTERFACES,Interfaces de audio y video,,HDMI,True,2025-04-03 12:09:12.809961,2025-04-03 12:09:12.809962
44d63f9a-bb4a-4ebb-913b-bb54bd60faee,MLA42907196,PORTS_AND_CONNECTORS_TYPES,Tipos de puertos y conectores,,Micro-USB,True,2025-04-03 12:09:12.809965,2025-04-03 12:09:12.809965
f39cdeb9-8e98-4beb-bea1-480cbeb83e35,MLA42907196,MANUFACTURER,Fabricante,40085829,"Xiaomi Communications Co., Ltd.",True,2025-04-03 12:09:12.809968,2025-04-03 12:09:12.809968
a161d6e4-0f50-42ea-a4de-658a6361811c,MLA42907196,WITH_BLUETOOTH,Con Bluetooth,242085,Sí,True,2025-04-03 12:09:12.809971,2025-04-03 12:09:12.809971
d557e24c-1fd3-49b5-920a-a42790304f9d,MLA42907196,WITH_WI_FI,Con Wi-Fi,242085,Sí,True,2025-04-03 12:09:12.809974,2025-04-03 12:09:12.809974
19dbf271-c4ec-4fbe-a3be-af8454e0b2be,MLA42907196,WITH_INTEGRATED_VOICE_ASSISTANTS,Con asistentes de voz integrados,242085,Sí,True,2025-04-03 12:09:12.809978,2025-04-03 12:09:12.809978
82cc7830-c837-4c5f-bc3e-ad46855a8b45,MLA42907196,INTEGRATED_VOICE_ASSISTANTS,Asistentes de voz integrados,,Google Assistant,True,2025-04-03 12:09:12.809981,2025-04-03 12:09:12.809981
c60a7bfe-3051-4c17-a7ef-db9ccbaff927,MLA42907196,INCLUDES_HDMI_CABLE,Incluye cable HDMI,242085,Sí,True,2025-04-03 12:09:12.809984,2025-04-03 12:09:12.809984
734b2e41-ac14-4d2e-bdbd-ad0b9717c427,MLA42907196,INCLUDES_CELL_BATTERIES,Incluye pilas,242085,Sí,True,2025-04-03 12:09:12.809987,2025-04-03 12:09:12.809987
90d84388-588b-4098-9feb-8f5f56231a2d,MLA42907196,OS_NAME,Nombre del sistema operativo,296858,Android,True,2025-04-03 12:09:12.809990,2025-04-03 12:09:12.809991
3fae2ab6-8de5-4681-bbe5-66655d15c674,MLA42907196,STREAMING_TECHNOLOGIES,Tecnologías de streaming,,Google Cast,True,2025-04-03 12:09:12.809994,2025-04-03 12:09:12.809994
a123613f-054d-4558-9d40-b1d0dbac84d2,MLA42907196,AUDIO_QUALITY,Calidad de audio,,Dolby Audio,True,2025-04-03 12:09:12.809997,2025-04-03 12:09:12.809997
0e40b627-ff04-460a-9b58-1deeca2d4170,MLA42907196,LANGUAGE_OPTIONS,Opciones de idioma,,"Inglés, Español",True,2025-04-03 12:09:12.810000,2025-04-03 12:09:12.810000
a1650d27-b7ff-4f77-a40b-38f8a37a997c,MLA37034302,BRAND,Marca,37874313,YY YITIKA,True,2025-04-03 12:09:12.810027,2025-04-03 12:09:12.810027
af599bb7-049d-456a-b7d0-cf2b1910bdcf,MLA24801177,BRAND,Marca,50584,Netmak,True,2025-04-03 12:09:12.810070,2025-04-03 12:09:12.810070
6266401b-67bf-47db-8f25-87c579bf3329,MLA24801177,MODEL,Modelo,10911509,NM-TV Box 1,True,2025-04-03 12:09:12.810074,2025-04-03 12:09:12.810074
7aad215d-3a07-4197-a403-3c09e6ed3f7e,MLA24801177,ALPHANUMERIC_MODEL,Modelo alfanumérico,21284175,Nm-TV Box 1,True,2025-04-03 12:09:12.810079,2025-04-03 12:09:12.810079
5fd86245-072b-4fb7-b052-5b5144d59b24,MLA24801177,COLOR,Color,52049,Negro,True,2025-04-03 12:09:12.810083,2025-04-03 12:09:12.810083
715dc2a4-b4c6-450e-90bc-99a1c6e2fdfe,MLA24801177,STORAGE_CAPACITY,Capacidad de almacenamiento,18646,8 GB,True,2025-04-03 12:09:12.810087,2025-04-03 12:09:12.810087
84c12e96-c6de-44e4-ad07-e76ca7262e17,MLA24801177,RAM_MEMORY,Memoria RAM,98978,1 GB,True,2025-04-03 12:09:12.810091,2025-04-03 12:09:12.810091
e62a69b9-7dec-4a12-b205-e78bef8313ae,MLA24801177,REMOTE_CONTROL_TYPE,Tipo de control remoto,182134,Estándar,True,2025-04-03 12:09:12.810094,2025-04-03 12:09:12.810095
c19f70dc-623a-4c41-ac6e-111030da93b6,MLA24801177,DEVICE_FORMAT,Formato del dispositivo,8616495,TV Box,True,2025-04-03 12:09:12.810098,2025-04-03 12:09:12.810098
c13a5056-ca57-4746-99e9-d429c48a447a,MLA24801177,MAX_VIDEO_RESOLUTION,Resolución máxima de video,169883,4K,True,2025-04-03 12:09:12.810101,2025-04-03 12:09:12.810101
2c1d96f5-9db6-44cf-aeb6-1dbe4ba26ac9,MLA24801177,RECOMMENDED_DEVICES,Dispositivos recomendados,,Televisores,True,2025-04-03 12:09:12.810105,2025-04-03 12:09:12.810105
cf9abf99-51e8-4e0c-9715-963ad975f6da,MLA24801177,AUDIO_AND_VIDEO_INTERFACES,Interfaces de audio y video,,HDMI,True,2025-04-03 12:09:12.810108,2025-04-03 12:09:12.810108
d92444e0-14b6-4f4c-92e7-263f636c07ca,MLA24801177,WITH_WI_FI,Con Wi-Fi,242085,Sí,True,2025-04-03 12:09:12.810111,2025-04-03 12:09:12.810112
937330a7-f57c-4f74-870a-8df2650d2206,MLA24801177,INCLUDES_HDMI_CABLE,Incluye cable HDMI,242085,Sí,True,2025-04-03 12:09:12.810115,2025-04-03 12:09:12.810115
073f7c03-5842-4535-9526-73d4178c7daa,MLA24801177,OS_NAME,Nombre del sistema operativo,20532264,Android 9,True,2025-04-03 12:09:12.810118,2025-04-03 12:09:12.810119
db8459ab-4a9f-4798-9e13-ea6007daaa1f,MLA24801177,CPU,CPU,,Amlogic s905w arm quad-core,True,2025-04-03 12:09:12.810122,2025-04-03 12:09:12.810122
76be0b67-facc-45d0-bee5-f21ccfda5cf1,MLA24801177,DEVICE_OPERATING_VOLTAGE,Voltaje de funcionamiento,8631470,5 V,True,2025-04-03 12:09:12.810125,2025-04-03 12:09:12.810126
c53618f7-d49e-4e53-8d07-9247e9a3bdba,MLA41826511,BRAND,Marca,43503727,MXIII,True,2025-04-03 12:09:12.810146,2025-04-03 12:09:12.810146
f0e382ec-31ca-4fcc-babd-a185eb444873,MLA41826511,MODEL,Modelo,43503728,OTT TV BOX,True,2025-04-03 12:09:12.810149,2025-04-03 12:09:12.810149
e1603599-f630-47ce-b912-63532010a117,MLA41826511,COLOR,Color,52049,Negro,True,2025-04-03 12:09:12.810153,2025-04-03 12:09:12.810153
2ac08fba-f5af-498f-bc2b-f6dab2edeaa6,MLA41826511,REMOTE_CONTROL_TYPE,Tipo de control remoto,182134,Estándar,True,2025-04-03 12:09:12.810156,2025-04-03 12:09:12.810156
049a93f6-f477-4af2-bd21-3472ac348050,MLA41826511,DEVICE_FORMAT,Formato del dispositivo,8616495,TV Box,True,2025-04-03 12:09:12.810159,2025-04-03 12:09:12.810160
ff7353b2-edb4-41f6-890c-78095f489db9,MLA6134629,BRAND,Marca,185319,Rikomagic,True,2025-04-03 12:09:12.810186,2025-04-03 12:09:12.810186
b963990f-4724-4c6c-b26a-d07f688a6ec8,MLA6134629,LINE,Línea,7549647,Android MINI PC,True,2025-04-03 12:09:12.810189,2025-04-03 12:09:12.810189
c85d2e5d-cdea-4b61-b52d-45312eed055f,MLA6134629,MODEL,Modelo,33878,V5,True,2025-04-03 12:09:12.810193,2025-04-03 12:09:12.810193
fca64cc6-7672-473c-b0a5-cc0a6d0ed067,MLA6134629,DEVICE_FORMAT,Formato del dispositivo,8616496,Stick,True,2025-04-03 12:09:12.810196,2025-04-03 12:09:12.810196
d8a7f535-c97e-477a-af22-bc23174b8bde,MLA6134629,MAX_VIDEO_RESOLUTION,Resolución máxima de video,168332,Full HD,True,2025-04-03 12:09:12.810201,2025-04-03 12:09:12.810201
eac174bb-fb53-4408-9f91-f856862c6358,MLA6134629,AUDIO_AND_VIDEO_INTERFACES,Interfaces de audio y video,,HDMI,True,2025-04-03 12:09:12.810205,2025-04-03 12:09:12.810205
8b90d5ea-9855-40ae-bf96-dffc161a3c03,MLA41763612,BRAND,Marca,37818808,Ginyia,True,2025-04-03 12:09:12.810222,2025-04-03 12:09:12.810222
af41544f-6708-4e88-9cf6-733aaf616d22,MLA14540830,BRAND,Marca,45099,Aquário,True,2025-04-03 12:09:12.810272,2025-04-03 12:09:12.810272
294dece4-a23e-4fbe-b402-f285f8e824b3,MLA14540830,MODEL,Modelo,2703694,STV-2000,True,2025-04-03 12:09:12.810275,2025-04-03 12:09:12.810275
8526fb53-c495-4414-8776-5c9f9d3c51f4,MLA14540830,COLOR,Color,52049,Negro,True,2025-04-03 12:09:12.810278,2025-04-03 12:09:12.810279
6d0ca0d8-a92c-4b26-a71b-ad87d5686adb,MLA14540830,STORAGE_CAPACITY,Capacidad de almacenamiento,18646,8 GB,True,2025-04-03 12:09:12.810282,2025-04-03 12:09:12.810282
9cc39c1d-1f81-4950-bd95-eb1c816d6c3a,MLA14540830,RAM_MEMORY,Memoria RAM,98978,1 GB,True,2025-04-03 12:09:12.810285,2025-04-03 12:09:12.810285
63c1f101-d69b-4099-8942-b6401d39605c,MLA14540830,REMOTE_CONTROL_TYPE,Tipo de control remoto,182134,Estándar,True,2025-04-03 12:09:12.810289,2025-04-03 12:09:12.810289
eb392173-027b-4d35-9df2-ecf9573e6a6b,MLA14540830,DEVICE_FORMAT,Formato del dispositivo,8616495,TV Box,True,2025-04-03 12:09:12.810292,2025-04-03 12:09:12.810292
e4669b19-7462-420e-9138-5ffa2838ffee,MLA14540830,MAX_VIDEO_RESOLUTION,Resolución máxima de video,169883,4K,True,2025-04-03 12:09:12.810295,2025-04-03 12:09:12.810296
49215ffa-4ca7-4fb9-b552-fc881824739f,MLA14540830,COMPATIBLE_APPLICATIONS,Aplicaciones compatibles,,"Amazon Prime Video, Deezer, Disney+, Google Chrome, Google Play, Netflix, Spotify, YouTube",True,2025-04-03 12:09:12.810299,2025-04-03 12:09:12.810299
85fea2d8-4339-4cb7-b983-8d4347927c0e,MLA14540830,RECOMMENDED_DEVICES,Dispositivos recomendados,,Televisores,True,2025-04-03 12:09:12.810302,2025-04-03 12:09:12.810302
db96d5ea-438b-4120-a21a-c85b5347653d,MLA14540830,AUDIO_AND_VIDEO_INTERFACES,Interfaces de audio y video,,"HDMI, S/PDIF coaxial, AV",True,2025-04-03 12:09:12.810306,2025-04-03 12:09:12.810306
5bf60512-0ec1-4287-ab78-3ad535ca2075,MLA14540830,PORTS_AND_CONNECTORS_TYPES,Tipos de puertos y conectores,,"DC jack, Ethernet, SD, 4 USB-A",True,2025-04-03 12:09:12.810309,2025-04-03 12:09:12.810309
a2f4e4cf-2f39-4c3c-8393-1ef5ceb75d88,MLA14540830,ANATEL_HOMOLOGATION_NUMBER,Homologación Anatel Nº,40785498,17731802250,True,2025-04-03 12:09:12.810314,2025-04-03 12:09:12.810314
1b4dcb7c-7fb9-4115-b8cb-e5ad143349c9,MLA14540830,WITH_BLUETOOTH,Con Bluetooth,242085,Sí,True,2025-04-03 12:09:12.810317,2025-04-03 12:09:12.810318
065ac04b-0d89-4f8f-9542-88b161ebf77a,MLA14540830,WITH_WI_FI,Con Wi-Fi,242085,Sí,True,2025-04-03 12:09:12.810321,2025-04-03 12:09:12.810321
00fadf91-aff8-4efd-a923-9198e0cd8c99,MLA14540830,INCLUDES_HDMI_CABLE,Incluye cable HDMI,242085,Sí,True,2025-04-03 12:09:12.810325,2025-04-03 12:09:12.810325
605f25a1-eefa-4434-b6c0-af8929817953,MLA14540830,LENGTH,Largo,9777056,11.8 cm,True,2025-04-03 12:09:12.810328,2025-04-03 12:09:12.810328
bf1895c9-95aa-4351-81d7-29c3e9568af8,MLA14540830,WIDTH,Ancho,9777055,11.8 cm,True,2025-04-03 12:09:12.810332,2025-04-03 12:09:12.810332
6c5c4c51-0006-4856-95e8-7d231644b54e,MLA14540830,HEIGHT,Altura,7891817,3 cm,True,2025-04-03 12:09:12.810335,2025-04-03 12:09:12.810335
ab0fa61e-3eb0-47d1-953e-ecaaf9ffa530,MLA14540830,WEIGHT,Peso,16023936,350 g,True,2025-04-03 12:09:12.810339,2025-04-03 12:09:12.810339
1e5482c0-a145-4dc5-93e5-9cef15584cb5,MLA14540830,OS_NAME,Nombre del sistema operativo,3026577,Android 7.1.2 Nougat,True,2025-04-03 12:09:12.810342,2025-04-03 12:09:12.810342
6d293f3a-a237-4393-91c2-67754133992e,MLA14540830,STREAMING_TECHNOLOGIES,Tecnologías de streaming,,Miracast,True,2025-04-03 12:09:12.810346,2025-04-03 12:09:12.810346
4879522b-80cb-4003-b8d8-ed7539147827,MLA14540830,LANGUAGE_OPTIONS,Opciones de idioma,,"Portugués, Español, Inglés",True,2025-04-03 12:09:12.810349,2025-04-03 12:09:12.810349
a9fcf9e8-0e92-44a7-9afc-7bc920e39adb,MLA14540830,MIN_OPERATING_SYSTEMS_REQUIRED,Sistemas operativos mínimos requeridos,,"iOS, Android",True,2025-04-03 12:09:12.810352,2025-04-03 12:09:12.810353
58e857b6-cc4a-4000-ba52-960e5ddca7d9,MLA14540830,CPU,CPU,,Amlogic S905W Quad-Core,True,2025-04-03 12:09:12.810356,2025-04-03 12:09:12.810356
c89ed290-3ae1-4dfc-80ec-c59bab415f7a,MLA14540830,WI_FI_STANDARDS,Estándares Wi-Fi,,IEEE 802.11b/g/n,True,2025-04-03 12:09:12.810360,2025-04-03 12:09:12.810360
e895b15c-571b-4f9c-a06e-bfe12d8a576b,MLA14540830,FREQUENCIES,Frecuencias,,2.4 GHz,True,2025-04-03 12:09:12.810363,2025-04-03 12:09:12.810363
c288c3aa-e8cc-4cfc-8142-1f6909f59097,MLA14540830,DEVICE_OPERATING_VOLTAGE,Voltaje de funcionamiento,8631470,5 V,True,2025-04-03 12:09:12.810366,2025-04-03 12:09:12.810367
35e5769e-046d-42d5-aabe-9ebf8a5e9166,MLA41081314,BRAND,Marca,38483540,Lihuzmd,True,2025-04-03 12:09:12.810388,2025-04-03 12:09:12.810388
99da7e4a-5eb9-4b3f-8942-e55544b331fb,MLA41081314,MODEL,Modelo,440158,Ultra HD,True,2025-04-03 12:09:12.810391,2025-04-03 12:09:12.810392
f62ed946-14b4-40c3-babb-fdc29d264d5d,MLA41081314,COLOR,Color,52049,Negro,True,2025-04-03 12:09:12.810395,2025-04-03 12:09:12.810395
d4ff69ce-8a4d-45b0-8d46-23840f1827e1,MLA41081314,REMOTE_CONTROL_TYPE,Tipo de control remoto,182134,Estándar,True,2025-04-03 12:09:12.810398,2025-04-03 12:09:12.810399
c32eb80a-6f57-4808-b711-fec275073754,MLA41081314,DEVICE_FORMAT,Formato del dispositivo,8616495,TV Box,True,2025-04-03 12:09:12.810402,2025-04-03 12:09:12.810402
cd1ac1d7-c469-4eab-9f9f-4980bef2fa8a,MLA41081314,MAX_VIDEO_RESOLUTION,Resolución máxima de video,169883,4K,True,2025-04-03 12:09:12.810405,2025-04-03 12:09:12.810405
5f0aa7af-cb50-4bba-a70a-be2752307bb8,MLA41081314,WITH_WI_FI,Con Wi-Fi,242085,Sí,True,2025-04-03 12:09:12.810409,2025-04-03 12:09:12.810409
cbfd31f0-166e-4fde-8cc3-99660de1b871,MLA37220358,BRAND,Marca,9504,Native Instruments,True,2025-04-03 12:09:12.810449,2025-04-03 12:09:12.810449
4f78b263-052b-4e95-8a70-911c0979845f,MLA42707732,BRAND,Marca,19130830,x88,True,2025-04-03 12:09:12.810473,2025-04-03 12:09:12.810473
7ee691ef-f01c-422c-9eb4-36e4e0b83cd5,MLA42707090,BRAND,Marca,36754121,SHYSKY,True,2025-04-03 12:09:12.810489,2025-04-03 12:09:12.810489
9fcd3019-9f14-4c7f-942b-b1f6780eceb2,MLA42857385,BRAND,Marca,44168178,Innuos,True,2025-04-03 12:09:12.810516,2025-04-03 12:09:12.810516
e10c44dc-7bbf-48ad-b380-ac88283394dc,MLA42857385,MODEL,Modelo,44168182,Zen Mini Mk2,True,2025-04-03 12:09:12.810520,2025-04-03 12:09:12.810520
497b5cb8-b2e8-4bd8-93bf-bb02cc6867ec,MLA42857385,GENERATION,Generación,43859176,MK2,True,2025-04-03 12:09:12.810523,2025-04-03 12:09:12.810523
5bf8e8cf-0422-407c-9aad-01c3aff10fcd,MLA42857385,ALPHANUMERIC_MODEL,Modelo alfanumérico,44168175,1802000001600,True,2025-04-03 12:09:12.810527,2025-04-03 12:09:12.810527
56da9e6a-82b5-4938-970c-541d6af8ec21,MLA42857385,COLOR,Color,52049,Negro,True,2025-04-03 12:09:12.810531,2025-04-03 12:09:12.810532
b668e24d-a7d8-4d53-9abe-31cad4deb92d,MLA42857385,STORAGE_CAPACITY,Capacidad de almacenamiento,9588,1 TB,True,2025-04-03 12:09:12.810535,2025-04-03 12:09:12.810535
639d2877-0d5f-4547-9a95-fa9469e9c1cb,MLA42857385,RAM_MEMORY,Memoria RAM,445970,2 GB,True,2025-04-03 12:09:12.810538,2025-04-03 12:09:12.810538
031355f6-0d10-4e9b-8a7e-af3dc190adf5,MLA42857385,REMOTE_CONTROL_TYPE,Tipo de control remoto,44168185,Tableta / Celular o Computadora,True,2025-04-03 12:09:12.810542,2025-04-03 12:09:12.810542
8b702ebd-2bbd-42d0-b7ae-a3be7975e5cb,MLA42857385,AUDIO_AND_VIDEO_INTERFACES,Interfaces de audio y video,,2x USB 2.0 + 2x USB 3.0,True,2025-04-03 12:09:12.810545,2025-04-03 12:09:12.810545
297064d9-f709-4ace-9a46-6c024dc77267,MLA42857385,WEIGHT,Peso,6938818,4 kg,True,2025-04-03 12:09:12.810549,2025-04-03 12:09:12.810549
ca3bcf50-9793-4b58-9de6-48e39a23616d,MLA42427194,BRAND,Marca,43503401,OTFHSPPMAWT,True,2025-04-03 12:09:12.810586,2025-04-03 12:09:12.810586
ad609c06-2ae4-4753-a9e2-835322e898b1,MLA22870933,BRAND,Marca,18603305,Crazy Box,True,2025-04-03 12:09:12.810619,2025-04-03 12:09:12.810619
b293b581-6a37-4013-ac96-98ca9a9e27b0,MLA22870933,LINE,Línea,2343724,Box,True,2025-04-03 12:09:12.810623,2025-04-03 12:09:12.810623
0042e287-ea79-4440-a179-66db84557fb8,MLA22870933,MODEL,Modelo,9001256,MX9,True,2025-04-03 12:09:12.810626,2025-04-03 12:09:12.810627
6cae1420-628f-4771-b36a-a1b7479e1f00,MLA22870933,ALPHANUMERIC_MODEL,Modelo alfanumérico,16677071,Android,True,2025-04-03 12:09:12.810630,2025-04-03 12:09:12.810630
380f62d9-d849-4a9e-b21b-b0450780c0fa,MLA22870933,COLOR,Color,52049,Negro,True,2025-04-03 12:09:12.810633,2025-04-03 12:09:12.810633
d5552cb6-6ed8-4cf4-a1cb-cfdf8d6a09cc,MLA22870933,STORAGE_CAPACITY,Capacidad de almacenamiento,18614,16 GB,True,2025-04-03 12:09:12.810638,2025-04-03 12:09:12.810638
26d9225c-86ab-4023-8167-911b47c84fba,MLA22870933,RAM_MEMORY,Memoria RAM,98970,3 GB,True,2025-04-03 12:09:12.810641,2025-04-03 12:09:12.810642
0d05ee98-9d13-43b8-bb73-f4238f25bfbe,MLA22870933,REMOTE_CONTROL_TYPE,Tipo de control remoto,182134,Estándar,True,2025-04-03 12:09:12.810645,2025-04-03 12:09:12.810645
e32fb94f-fbee-46ee-91ed-57577552c608,MLA22870933,RECOMMENDED_DEVICES,Dispositivos recomendados,,Televisores con HDMI,True,2025-04-03 12:09:12.810648,2025-04-03 12:09:12.810649
e0f5f203-8cb5-4195-acb3-f08e3d9c97ca,MLA22870933,AUDIO_AND_VIDEO_INTERFACES,Interfaces de audio y video,,HDMI,True,2025-04-03 12:09:12.810652,2025-04-03 12:09:12.810652
d29299fe-1450-487d-94a3-8f7da7715783,MLA22870933,PORTS_AND_CONNECTORS_TYPES,Tipos de puertos y conectores,,Usb tipo-a,True,2025-04-03 12:09:12.810655,2025-04-03 12:09:12.810655
b83c922f-cb3f-4437-a504-d0db93c85a62,MLA22870933,ANATEL_HOMOLOGATION_NUMBER,Homologación Anatel Nº,41678189,462111567,True,2025-04-03 12:09:12.810659,2025-04-03 12:09:12.810659
998ca0e1-7d6d-462a-a90d-f5a8195d2732,MLA22870933,WITH_WI_FI,Con Wi-Fi,242085,Sí,True,2025-04-03 12:09:12.810662,2025-04-03 12:09:12.810662
8d1b4498-58b3-406c-90a8-98e2edc5a50b,MLA22870933,OS_NAME,Nombre del sistema operativo,296858,Android,True,2025-04-03 12:09:12.810666,2025-04-03 12:09:12.810666
394c4018-c23d-4218-bbf7-02f2293231ef,MLA22870933,MIN_OPERATING_SYSTEMS_REQUIRED,Sistemas operativos mínimos requeridos,,Android,True,2025-04-03 12:09:12.810669,2025-04-03 12:09:12.810669
edf5576d-e25f-4fcc-b38b-65d271103abd,MLA22870933,CPU,CPU,,Core quad core gpu mali-400,True,2025-04-03 12:09:12.810672,2025-04-03 12:09:12.810673
5c39b54d-7039-4a8d-aef7-01e929d41141,MLA19756737,BRAND,Marca,13414042,E-Max,True,2025-04-03 12:09:12.810713,2025-04-03 12:09:12.810713
c0c3d9b2-ab10-4743-8687-5bdce914bd41,MLA19756737,LINE,Línea,13427201,Media Streaming,True,2025-04-03 12:09:12.810716,2025-04-03 12:09:12.810716
81da4dc2-548c-41e3-8df6-6b0819935db9,MLA19756737,MODEL,Modelo,13427202,PC Ultra 2,True,2025-04-03 12:09:12.810720,2025-04-03 12:09:12.810720
c8ddc39e-4a7d-4354-a865-4c18948f9843,MLA19756737,GENERATION,Generación,11281876,2.ª generación,True,2025-04-03 12:09:12.810723,2025-04-03 12:09:12.810723
73cbb86f-1813-4bbe-a101-39b42074fa6f,MLA19756737,COLOR,Color,52049,Negro,True,2025-04-03 12:09:12.810726,2025-04-03 12:09:12.810727
9e7161b6-dd94-4ec7-ac81-83c8e73ef9a5,MLA19756737,STORAGE_CAPACITY,Capacidad de almacenamiento,18646,8 GB,True,2025-04-03 12:09:12.810730,2025-04-03 12:09:12.810730
2245e92d-cfe0-4fdb-9133-b08d54019496,MLA19756737,RAM_MEMORY,Memoria RAM,98978,1 GB,True,2025-04-03 12:09:12.810733,2025-04-03 12:09:12.810733
03d30fae-f60a-4ff6-8be7-67a4e4b4250c,MLA19756737,REMOTE_CONTROL_TYPE,Tipo de control remoto,182134,Estándar,True,2025-04-03 12:09:12.810737,2025-04-03 12:09:12.810737
44f9ba19-924a-4ae4-a77b-25fea397d84a,MLA19756737,DEVICE_FORMAT,Formato del dispositivo,8616495,TV Box,True,2025-04-03 12:09:12.810746,2025-04-03 12:09:12.810746
891ebf73-d1c6-4085-8179-c818bb59ae47,MLA19756737,MAX_VIDEO_RESOLUTION,Resolución máxima de video,169883,4K,True,2025-04-03 12:09:12.810749,2025-04-03 12:09:12.810750
1e9bd883-5497-4e3b-b324-74026af3d9e0,MLA19756737,COMPATIBLE_APPLICATIONS,Aplicaciones compatibles,,"Netflix, YouTube",True,2025-04-03 12:09:12.810753,2025-04-03 12:09:12.810753
a83d23d7-5e29-4753-b650-c37b0ca5df72,MLA19756737,RECOMMENDED_DEVICES,Dispositivos recomendados,,Televisores con HDMI,True,2025-04-03 12:09:12.810756,2025-04-03 12:09:12.810757
9bb5f05f-12b8-4c82-a57e-72468268486f,MLA19756737,AUDIO_AND_VIDEO_INTERFACES,Interfaces de audio y video,,HDMI,True,2025-04-03 12:09:12.810760,2025-04-03 12:09:12.810760
02e60034-e092-4276-8799-bed5bcd4132e,MLA19756737,PORTS_AND_CONNECTORS_TYPES,Tipos de puertos y conectores,,"USB-A, Ethernet, DC jack, Tarjeta micro-SD",True,2025-04-03 12:09:12.810763,2025-04-03 12:09:12.810763
afffc80e-f862-4d13-85d9-d6d365c669ac,MLA19756737,WITH_BLUETOOTH,Con Bluetooth,242085,Sí,True,2025-04-03 12:09:12.810767,2025-04-03 12:09:12.810767
94005324-e594-4486-9fd2-50879d351384,MLA19756737,WITH_WI_FI,Con Wi-Fi,242085,Sí,True,2025-04-03 12:09:12.810770,2025-04-03 12:09:12.810770
8abea706-b548-4ec9-a039-4026d4cf55e4,MLA19756737,INCLUDES_HDMI_CABLE,Incluye cable HDMI,242085,Sí,True,2025-04-03 12:09:12.810774,2025-04-03 12:09:12.810774
7986b495-ce23-4a5c-96e0-fe7fee6d460e,MLA19756737,OS_NAME,Nombre del sistema operativo,296858,Android,True,2025-04-03 12:09:12.810777,2025-04-03 12:09:12.810777
412fec05-cb25-4c12-b176-ebcafcc26e48,MLA19756737,STREAMING_TECHNOLOGIES,Tecnologías de streaming,,Miracast,True,2025-04-03 12:09:12.810780,2025-04-03 12:09:12.810781
3806a55e-334a-4bed-a622-addedcc10a0e,MLA19756737,AUDIO_QUALITY,Calidad de audio,,Hd,True,2025-04-03 12:09:12.810784,2025-04-03 12:09:12.810784
25dd504c-1b12-40db-b2fc-4f0446200597,MLA19756737,LANGUAGE_OPTIONS,Opciones de idioma,,Multilenguaje,True,2025-04-03 12:09:12.810787,2025-04-03 12:09:12.810787
2a91a2a9-2071-4640-93b2-710f2bbf680f,MLA19756737,CPU,CPU,,H313 quad core arm cortexextm-a53,True,2025-04-03 12:09:12.810791,2025-04-03 12:09:12.810791
f567973d-452d-4e70-82f8-e46db0336005,MLA19756737,GRAPHICS_PROCESSOR,Procesador gráfico,13427205,Mali G31,True,2025-04-03 12:09:12.810794,2025-04-03 12:09:12.810794
68998e94-d023-491f-a94b-a3ce12115426,MLA42864777,BRAND,Marca,59387,Xiaomi,True,2025-04-03 12:09:12.810835,2025-04-03 12:09:12.810835
6df562b1-0b40-45b9-a04c-089dc3996d73,MLA42864777,MODEL,Modelo,44171660,Mi stick,True,2025-04-03 12:09:12.810838,2025-04-03 12:09:12.810839
9155c8b5-f9f6-4314-911c-f807b305811d,MLA42864777,GENERATION,Generación,8246074,1.ª generación,True,2025-04-03 12:09:12.810843,2025-04-03 12:09:12.810843
f6963131-0f17-424b-8933-aa6e4bc890a0,MLA42864777,COLOR,Color,52049,Negro,True,2025-04-03 12:09:12.810847,2025-04-03 12:09:12.810847
ac95b03c-3f08-4966-b2f1-a795695c8221,MLA42864777,STORAGE_CAPACITY,Capacidad de almacenamiento,18646,8 GB,True,2025-04-03 12:09:12.810850,2025-04-03 12:09:12.810851
4cb7b504-ca27-4ccb-bc20-bc4500fb38f0,MLA42864777,REMOTE_CONTROL_TYPE,Tipo de control remoto,17535337,De voz,True,2025-04-03 12:09:12.810854,2025-04-03 12:09:12.810854
a7571e0c-8bf2-47cf-8d73-a76d2385c93b,MLA42864777,DEVICE_FORMAT,Formato del dispositivo,8616495,TV Box,True,2025-04-03 12:09:12.810857,2025-04-03 12:09:12.810857
c8db0d16-8e33-45a6-a532-01cd2ed29df9,MLA42864777,ANATEL_HOMOLOGATION_NUMBER,Homologación Anatel Nº,40365890,103022009185,True,2025-04-03 12:09:12.810861,2025-04-03 12:09:12.810861
c7adc3c0-221d-4495-b0d3-7b0e5cd07b31,MLA37170466,BRAND,Marca,168521,Roku,True,2025-04-03 12:09:12.810877,2025-04-03 12:09:12.810878
63b2fdd4-d288-4cc4-a77c-9049c28e3141,MLA44999334,BRAND,Marca,25976703,Aquario Box,True,2025-04-03 12:09:12.810915,2025-04-03 12:09:12.810915
8d286bb3-e4c7-48ec-8d26-1f690526da73,MLA44999334,MODEL,Modelo,25976705,Smart Android Box,True,2025-04-03 12:09:12.810918,2025-04-03 12:09:12.810919
23c4987d-cc5f-4bb2-9c94-7a03fb10e295,MLA44999334,GENERATION,Generación,11281876,2.ª generación,True,2025-04-03 12:09:12.810922,2025-04-03 12:09:12.810922
6b64f133-1599-44cf-9bae-e2deb4a80cf9,MLA44999334,ALPHANUMERIC_MODEL,Modelo alfanumérico,25976702,Android Box,True,2025-04-03 12:09:12.810925,2025-04-03 12:09:12.810926
53163dcf-2efd-47b0-9523-011b38587846,MLA44999334,COLOR,Color,52049,Negro,True,2025-04-03 12:09:12.810929,2025-04-03 12:09:12.810929
d56eb7ba-5190-4f9e-85bd-c1163a1f8408,MLA44999334,STORAGE_CAPACITY,Capacidad de almacenamiento,18621,32 GB,True,2025-04-03 12:09:12.810932,2025-04-03 12:09:12.810932
0d7ee9a6-780c-4665-afbd-2abc4be899ad,MLA44999334,RAM_MEMORY,Memoria RAM,445970,2 GB,True,2025-04-03 12:09:12.810936,2025-04-03 12:09:12.810936
15b3fe43-ccc6-44a0-82dc-60552c378834,MLA44999334,REMOTE_CONTROL_TYPE,Tipo de control remoto,182134,Estándar,True,2025-04-03 12:09:12.810939,2025-04-03 12:09:12.810939
fef2b9a9-eff4-47a8-9e3d-15e7511aa365,MLA44999334,DEVICE_FORMAT,Formato del dispositivo,8616495,TV Box,True,2025-04-03 12:09:12.810943,2025-04-03 12:09:12.810943
f1d07dc2-f3fa-4820-9e67-a65d7f493d85,MLA44999334,MAX_VIDEO_RESOLUTION,Resolución máxima de video,20917610,4K Ultra HD,True,2025-04-03 12:09:12.810946,2025-04-03 12:09:12.810946
d263c3d3-9952-4f32-bb7a-9774001eccfa,MLA44999334,AUDIO_AND_VIDEO_INTERFACES,Interfaces de audio y video,,"4k, AV, FHD, HDMI, S/PDIF",True,2025-04-03 12:09:12.810949,2025-04-03 12:09:12.810950
cfbbf5cc-8969-4105-9177-ec8dd3a02783,MLA44999334,WITH_INTEGRATED_VOICE_ASSISTANTS,Con asistentes de voz integrados,242084,No,True,2025-04-03 12:09:12.810953,2025-04-03 12:09:12.810953
9074a4c3-cb19-4a13-8e9a-e330b2e700bf,MLA16033188,BRAND,Marca,438839,Youit,True,2025-04-03 12:09:12.810979,2025-04-03 12:09:12.810979
970cbaf0-1695-4975-ac32-d366f42a0864,MLA16033188,MODEL,Modelo,8900323,UT9 Pro,True,2025-04-03 12:09:12.810982,2025-04-03 12:09:12.810983
bf908b4b-3084-40ff-84ab-f62eeabb9196,MLA16033188,COLOR,Color,52049,Negro,True,2025-04-03 12:09:12.810986,2025-04-03 12:09:12.810986
c98db382-f89a-4a79-99ea-326df89b1587,MLA16033188,STORAGE_CAPACITY,Capacidad de almacenamiento,18621,32 GB,True,2025-04-03 12:09:12.810989,2025-04-03 12:09:12.810990
93dac062-b03f-4c85-bb2d-705b5e73814b,MLA16033188,RAM_MEMORY,Memoria RAM,98970,3 GB,True,2025-04-03 12:09:12.810993,2025-04-03 12:09:12.810993
526cb329-36a4-44f2-96ee-e39c17065e6a,MLA16033188,DEVICE_FORMAT,Formato del dispositivo,8616495,TV Box,True,2025-04-03 12:09:12.810996,2025-04-03 12:09:12.810996
f9b79945-a333-4799-ba39-cc950e666447,MLA16033188,MAX_VIDEO_RESOLUTION,Resolución máxima de video,169883,4K,True,2025-04-03 12:09:12.811001,2025-04-03 12:09:12.811001
a4a6ddcb-7f74-4cfd-a424-592d30ca20c4,MLA16033188,COMPATIBLE_APPLICATIONS,Aplicaciones compatibles,,"Facebook, Google Chrome, Netflix, YouTube",True,2025-04-03 12:09:12.811005,2025-04-03 12:09:12.811005
580e2b77-61bb-4c3d-bdae-9f7dba8df97d,MLA16033188,RECOMMENDED_DEVICES,Dispositivos recomendados,,Televisores,True,2025-04-03 12:09:12.811008,2025-04-03 12:09:12.811008
8d76361c-e2e0-4613-9d2e-25a2ee294d4d,MLA16033188,AUDIO_AND_VIDEO_INTERFACES,Interfaces de audio y video,,"HDMI, S/PDIF",True,2025-04-03 12:09:12.811011,2025-04-03 12:09:12.811012
7089d17c-d7b6-4b2e-b5d3-1da593a1597e,MLA16033188,PORTS_AND_CONNECTORS_TYPES,Tipos de puertos y conectores,,"Ethernet, USB, Micro-SD, DC jack",True,2025-04-03 12:09:12.811015,2025-04-03 12:09:12.811015
9dc3a13b-15b2-41af-a70c-0d2bbd8c89b5,MLA16033188,WITH_BLUETOOTH,Con Bluetooth,242085,Sí,True,2025-04-03 12:09:12.811018,2025-04-03 12:09:12.811019
9b07c577-00d3-45ee-9b87-6f51e01014b0,MLA16033188,WITH_WI_FI,Con Wi-Fi,242085,Sí,True,2025-04-03 12:09:12.811022,2025-04-03 12:09:12.811022
b18d6dfa-51ca-4ccb-89f5-74d2e9bfbda6,MLA16033188,INCLUDES_HDMI_CABLE,Incluye cable HDMI,242085,Sí,True,2025-04-03 12:09:12.811025,2025-04-03 12:09:12.811026
ea00125e-924a-40ad-8fb8-64c17228f056,MLA16033188,OS_NAME,Nombre del sistema operativo,7601527,Android 7.1,True,2025-04-03 12:09:12.811029,2025-04-03 12:09:12.811029
5d966d2a-3bf0-41f7-8477-1ac292174ee0,MLA16033188,STREAMING_TECHNOLOGIES,Tecnologías de streaming,,"Miracast, AirPlay",True,2025-04-03 12:09:12.811032,2025-04-03 12:09:12.811033
61bf846f-2e21-4f1f-a307-c888b4ad6309,MLA16033188,LANGUAGE_OPTIONS,Opciones de idioma,,Multilenguaje,True,2025-04-03 12:09:12.811036,2025-04-03 12:09:12.811036
45bfadbc-2e97-4d90-9d8d-8c212aa9bfe1,MLA16033188,CPU,CPU,,Amlogic S912 Cortex-A53 Octa-Core,True,2025-04-03 12:09:12.811039,2025-04-03 12:09:12.811039
5b2e1c80-6848-4985-ba8c-2d0ae92f2061,MLA16033188,GRAPHICS_PROCESSOR,Procesador gráfico,9603033,Mali-T820,True,2025-04-03 12:09:12.811043,2025-04-03 12:09:12.811043
a0b702cd-0278-4aaf-92f5-da5b8e10cc01,MLA16033188,FREQUENCIES,Frecuencias,,"2.4 GHz, 5.8 GHz",True,2025-04-03 12:09:12.811046,2025-04-03 12:09:12.811046
58cb90d9-e0b0-4b1e-bcdb-2c8b948f2e40,MLA29066258,BRAND,Marca,16998337,GOMITA,True,2025-04-03 12:09:12.811073,2025-04-03 12:09:12.811073
a1430205-9eb7-483d-858e-0ed4319395d1,MLA29066258,MODEL,Modelo,27595778,DN343,True,2025-04-03 12:09:12.811077,2025-04-03 12:09:12.811077
533aa14e-c7a4-4eda-9436-8bb612e047ae,MLA29066258,GENERATION,Generación,14756425,3ra Generación,True,2025-04-03 12:09:12.811080,2025-04-03 12:09:12.811080
3c49aca0-33cd-4185-90fb-0964c3bc5277,MLA29066258,ALPHANUMERIC_MODEL,Modelo alfanumérico,19000169,W13,True,2025-04-03 12:09:12.811084,2025-04-03 12:09:12.811084
5275f6dc-1852-4dcc-8768-c69d012a1228,MLA29066258,COLOR,Color,52049,Negro,True,2025-04-03 12:09:12.811087,2025-04-03 12:09:12.811087
21797127-6dd9-4177-a602-3e5f7cbf15f6,MLA29066258,STORAGE_CAPACITY,Capacidad de almacenamiento,18646,8 GB,True,2025-04-03 12:09:12.811090,2025-04-03 12:09:12.811091
b04588a1-401f-43b8-873f-a6065b8512df,MLA29066258,RAM_MEMORY,Memoria RAM,13089420,0 MB,True,2025-04-03 12:09:12.811094,2025-04-03 12:09:12.811094
20d51c10-86bc-4f2d-9bef-38963d27285c,MLA29066258,REMOTE_CONTROL_TYPE,Tipo de control remoto,182134,Estándar,True,2025-04-03 12:09:12.811097,2025-04-03 12:09:12.811097
70868adb-723c-4f25-bfb7-1698fa1f086d,MLA29066258,MAIN_COLOR,Color principal,2450295,Negro,True,2025-04-03 12:09:12.811101,2025-04-03 12:09:12.811101
e54bad1a-7bba-4511-9b5b-83421269f8ea,MLA29066258,DEVICE_FORMAT,Formato del dispositivo,8616496,Stick,True,2025-04-03 12:09:12.811104,2025-04-03 12:09:12.811104
08ba05ad-aa9e-4e74-80d9-7415191bb05d,MLA29066258,MAX_VIDEO_RESOLUTION,Resolución máxima de video,169883,4K,True,2025-04-03 12:09:12.811108,2025-04-03 12:09:12.811108
d95df840-7422-45d4-b691-d9a997147958,MLA29066258,COMPATIBLE_APPLICATIONS,Aplicaciones compatibles,,"YouTube, Netflix",True,2025-04-03 12:09:12.811111,2025-04-03 12:09:12.811111
51ae0bf8-1891-4cde-a7f7-4a960d5a9c85,MLA29066258,RECOMMENDED_DEVICES,Dispositivos recomendados,,Televisores con HDMI,True,2025-04-03 12:09:12.811115,2025-04-03 12:09:12.811115
47d0275a-68ca-411e-aaf3-13d83c4e452e,MLA29066258,AUDIO_AND_VIDEO_INTERFACES,Interfaces de audio y video,,HDMI,True,2025-04-03 12:09:12.811118,2025-04-03 12:09:12.811118
0ff17af0-2b74-4163-b91c-66083818d5cd,MLA29066258,WITH_BLUETOOTH,Con Bluetooth,242084,No,True,2025-04-03 12:09:12.811122,2025-04-03 12:09:12.811122
0dc4fe1e-3529-4a30-9fc7-c977b8458581,MLA29066258,WITH_WI_FI,Con Wi-Fi,242085,Sí,True,2025-04-03 12:09:12.811125,2025-04-03 12:09:12.811125
01c7613f-62f0-459e-b22d-5ab600699f1a,MLA29066258,INCLUDES_HDMI_CABLE,Incluye cable HDMI,242084,No,True,2025-04-03 12:09:12.811129,2025-04-03 12:09:12.811129
77aa1485-36bf-41e9-b58c-3906620125f5,MLA29066258,OS_NAME,Nombre del sistema operativo,355777,Linux,True,2025-04-03 12:09:12.811132,2025-04-03 12:09:12.811132
91c938ce-9461-437c-a326-1771759d2f50,MLA29066258,STREAMING_TECHNOLOGIES,Tecnologías de streaming,,Miracast,True,2025-04-03 12:09:12.811136,2025-04-03 12:09:12.811136
25b049cb-387f-4a23-a2ca-8f8dd7de6f5d,MLA29066258,LANGUAGE_OPTIONS,Opciones de idioma,,"Español, Inglés",True,2025-04-03 12:09:12.811139,2025-04-03 12:09:12.811139
4a4dc0bf-8c32-4df8-bb6f-ba4f4e91bb7e,MLA29066258,MIN_OPERATING_SYSTEMS_REQUIRED,Sistemas operativos mínimos requeridos,,"iOS, Android, Windows",True,2025-04-03 12:09:12.811142,2025-04-03 12:09:12.811143
e4607a23-b0e4-4741-9c13-a4906614ef61,MLA43918831,BRAND,Marca,45099,Aquário,True,2025-04-03 12:09:12.811197,2025-04-03 12:09:12.811197
0c08789a-a8b3-4b55-80af-20665d9218b5,MLA43918831,LINE,Línea,44668209,Tudo Liberado Vitalicio,True,2025-04-03 12:09:12.811200,2025-04-03 12:09:12.811201
6f2f3f96-24ac-46e8-9a3e-7e1f393ea8d5,MLA43918831,MODEL,Modelo,37186,Smart,True,2025-04-03 12:09:12.811204,2025-04-03 12:09:12.811204
899d5364-cf31-4be6-a92e-cc07ee808f7f,MLA43918831,GENERATION,Generación,45017754,4ª generación 2024,True,2025-04-03 12:09:12.811207,2025-04-03 12:09:12.811208
ba034de5-c5d5-45c6-88eb-7fb7340fe6c1,MLA43918831,ALPHANUMERIC_MODEL,Modelo alfanumérico,44668207,UniTV Xplus S1 V3 V10,True,2025-04-03 12:09:12.811211,2025-04-03 12:09:12.811211
233d4797-52af-4372-a7af-985c92c40416,MLA43918831,COLOR,Color,52049,Negro,True,2025-04-03 12:09:12.811214,2025-04-03 12:09:12.811214
dfc7c017-a830-428a-8c79-c2b1701eb5a8,MLA43918831,STORAGE_CAPACITY,Capacidad de almacenamiento,18621,32 GB,True,2025-04-03 12:09:12.811218,2025-04-03 12:09:12.811218
d7f6fc02-d2d0-46e3-9a0c-056c195c0bfe,MLA43918831,RAM_MEMORY,Memoria RAM,98852,4 GB,True,2025-04-03 12:09:12.811222,2025-04-03 12:09:12.811222
9e72210c-20aa-4084-9972-df05450f0a02,MLA43918831,REMOTE_CONTROL_TYPE,Tipo de control remoto,182134,Estándar,True,2025-04-03 12:09:12.811225,2025-04-03 12:09:12.811225
577e1bc7-12da-41c7-bc24-62612bf2254c,MLA43918831,DEVICE_FORMAT,Formato del dispositivo,8616495,TV Box,True,2025-04-03 12:09:12.811228,2025-04-03 12:09:12.811229
6cc96c20-a4b4-4066-baac-81cdad3dd3fc,MLA43918831,MAX_VIDEO_RESOLUTION,Resolución máxima de video,169883,4K,True,2025-04-03 12:09:12.811232,2025-04-03 12:09:12.811232
2505e0aa-a6db-4e47-98ed-3a4edf6886ee,MLA43918831,COMPATIBLE_APPLICATIONS,Aplicaciones compatibles,,YouTube,True,2025-04-03 12:09:12.811235,2025-04-03 12:09:12.811236
a3993249-b13e-4241-a5fa-89d695922e2a,MLA43918831,RECOMMENDED_DEVICES,Dispositivos recomendados,,TV,True,2025-04-03 12:09:12.811239,2025-04-03 12:09:12.811239
5ce5a93c-fd5e-49b1-904d-c22e0347f6b3,MLA43918831,AUDIO_AND_VIDEO_INTERFACES,Interfaces de audio y video,,HDMI,True,2025-04-03 12:09:12.811242,2025-04-03 12:09:12.811242
95d96e24-ccca-41e7-9472-cf1ef2f91642,MLA43918831,PORTS_AND_CONNECTORS_TYPES,Tipos de puertos y conectores,,USB-C,True,2025-04-03 12:09:12.811246,2025-04-03 12:09:12.811246
828d1bc7-fc8e-4312-b64c-96687f8057fa,MLA43918831,MANUFACTURER,Fabricante,2786862,Gold,True,2025-04-03 12:09:12.811249,2025-04-03 12:09:12.811249
91b6416f-3fa4-43e7-9b1b-3989d5f2efff,MLA43918831,WITH_BLUETOOTH,Con Bluetooth,242084,No,True,2025-04-03 12:09:12.811253,2025-04-03 12:09:12.811253
ab1aad53-bd66-46c7-86e9-88ceeed1d223,MLA43918831,WITH_WI_FI,Con Wi-Fi,242085,Sí,True,2025-04-03 12:09:12.811256,2025-04-03 12:09:12.811256
20401b38-b7ea-4b27-8a64-6cf966539270,MLA43918831,WITH_INTEGRATED_VOICE_ASSISTANTS,Con asistentes de voz integrados,242084,No,True,2025-04-03 12:09:12.811259,2025-04-03 12:09:12.811260
0d6640b7-d231-4050-b5a2-3eff4d8a5fde,MLA43918831,INCLUDES_HDMI_CABLE,Incluye cable HDMI,242085,Sí,True,2025-04-03 12:09:12.811263,2025-04-03 12:09:12.811263
4c9489f8-ad33-467a-8697-37162eb06c20,MLA43918831,INCLUDES_CELL_BATTERIES,Incluye pilas,242085,Sí,True,2025-04-03 12:09:12.811266,2025-04-03 12:09:12.811266
a0c5f8bf-9510-47cb-9d78-8a99b130f393,MLA43918831,LENGTH,Largo,7816567,12 cm,True,2025-04-03 12:09:12.811270,2025-04-03 12:09:12.811270
ce7acd3d-9a36-4775-9c67-46066e0a518d,MLA43918831,WIDTH,Ancho,7784596,12 cm,True,2025-04-03 12:09:12.811273,2025-04-03 12:09:12.811273
fa655806-babc-4dd8-9f29-8eb587e333cf,MLA43918831,HEIGHT,Altura,7891817,3 cm,True,2025-04-03 12:09:12.811276,2025-04-03 12:09:12.811277
4d0ed075-7507-4334-ae7f-d521a9ef57bd,MLA43918831,WEIGHT,Peso,14410270,200 g,True,2025-04-03 12:09:12.811280,2025-04-03 12:09:12.811280
ba6d6b85-f2b4-4309-adba-8052f852001e,MLA43918831,OS_NAME,Nombre del sistema operativo,45017756,Android 14,True,2025-04-03 12:09:12.811283,2025-04-03 12:09:12.811283
663049c7-e726-4f9a-85df-528fb267d1a9,MLA41083730,BRAND,Marca,206,Samsung,True,2025-04-03 12:09:12.811304,2025-04-03 12:09:12.811305
fd108204-e6a2-4cc9-be90-9182d9ec1875,MLA41083730,MODEL,Modelo,49839,Gemini,True,2025-04-03 12:09:12.811308,2025-04-03 12:09:12.811308
d4c16506-b108-4b16-b95f-dbaadb3966ee,MLA41083730,COLOR,Color,52049,Negro,True,2025-04-03 12:09:12.811311,2025-04-03 12:09:12.811312
e71dcbac-ea63-458a-8e80-b8827de41833,MLA41083730,REMOTE_CONTROL_TYPE,Tipo de control remoto,182134,Estándar,True,2025-04-03 12:09:12.811315,2025-04-03 12:09:12.811315
74b84bdb-f1eb-4873-a5f8-1a660bd26ddf,MLA41083730,DEVICE_FORMAT,Formato del dispositivo,8616496,Stick,True,2025-04-03 12:09:12.811318,2025-04-03 12:09:12.811318
f0f71d76-701d-4880-a4db-7aecd01c6d1a,MLA41083730,MAX_VIDEO_RESOLUTION,Resolución máxima de video,169883,4K,True,2025-04-03 12:09:12.811322,2025-04-03 12:09:12.811322
b087de65-309d-4d97-ad87-95495fae62e0,MLA41083730,COMPATIBLE_APPLICATIONS,Aplicaciones compatibles,,"Netflix, YouTube, Amazon Prime Video",True,2025-04-03 12:09:12.811325,2025-04-03 12:09:12.811325
8699a1c1-5041-42f2-bf94-0fe180014829,MLA41083730,RECOMMENDED_DEVICES,Dispositivos recomendados,,Televisores,True,2025-04-03 12:09:12.811329,2025-04-03 12:09:12.811329
da56b148-e82d-4b60-8806-a884a555b12f,MLA41083730,AUDIO_AND_VIDEO_INTERFACES,Interfaces de audio y video,,HDMI,True,2025-04-03 12:09:12.811332,2025-04-03 12:09:12.811332
fae5d129-6b37-4eca-ad94-a589f83805a6,MLA41083730,PORTS_AND_CONNECTORS_TYPES,Tipos de puertos y conectores,,Micro-USB,True,2025-04-03 12:09:12.811335,2025-04-03 12:09:12.811336
22c17b5a-5fd5-43da-a34a-d4bf1064032c,MLA41083730,WITH_BLUETOOTH,Con Bluetooth,242085,Sí,True,2025-04-03 12:09:12.811339,2025-04-03 12:09:12.811339
a5874e33-c458-4423-a02d-c4e2d0ff5db8,MLA41083730,WITH_WI_FI,Con Wi-Fi,242085,Sí,True,2025-04-03 12:09:12.811342,2025-04-03 12:09:12.811342
c61dc818-35b4-42e8-a54d-267bf2d8c223,MLA41083730,WITH_INTEGRATED_VOICE_ASSISTANTS,Con asistentes de voz integrados,242085,Sí,True,2025-04-03 12:09:12.811346,2025-04-03 12:09:12.811346
c83d1bff-cf1e-451a-9dc8-5c2477d714e2,MLA41083730,INTEGRATED_VOICE_ASSISTANTS,Asistentes de voz integrados,,"Alexa, Google Assistant",True,2025-04-03 12:09:12.811349,2025-04-03 12:09:12.811349
f9dc27c7-50fb-46eb-8f61-b9530bec666a,MLA41083730,INCLUDES_HDMI_CABLE,Incluye cable HDMI,242085,Sí,True,2025-04-03 12:09:12.811353,2025-04-03 12:09:12.811353
9d73186c-0d07-4824-a602-0c6a6cd2bb56,MLA41083730,INCLUDES_CELL_BATTERIES,Incluye pilas,242085,Sí,True,2025-04-03 12:09:12.811356,2025-04-03 12:09:12.811356
1ee3da17-baca-4fcd-b031-e473b1c2a649,MLA41083730,OS_NAME,Nombre del sistema operativo,296858,Android,True,2025-04-03 12:09:12.811360,2025-04-03 12:09:12.811360
3431a40f-df34-4fa5-ae09-5d1f4acb7732,MLA42411374,BRAND,Marca,11608014,Lirom,True,2025-04-03 12:09:12.811400,2025-04-03 12:09:12.811400
1ab33785-ade8-4335-91bb-06b789145e07,MLA42411374,DEVICE_FORMAT,Formato del dispositivo,8616495,TV Box,True,2025-04-03 12:09:12.811404,2025-04-03 12:09:12.811404
706d2d19-1b26-4767-81c9-5b83a84d8cbf,MLA42411374,WITH_WI_FI,Con Wi-Fi,242085,Sí,True,2025-04-03 12:09:12.811407,2025-04-03 12:09:12.811407
b8363f9a-0a67-4160-b379-f9800fd0477a,MLA42411374,INCLUDES_HDMI_CABLE,Incluye cable HDMI,242085,Sí,True,2025-04-03 12:09:12.811412,2025-04-03 12:09:12.811412
8c7c9080-b4a8-4581-83bd-0d0b975978b4,MLA44429515,BRAND,Marca,26352356,AutoSky,True,2025-04-03 12:09:12.811438,2025-04-03 12:09:12.811438
a8567628-2d33-4a36-a66f-6493f7f4617c,MLA44429515,LINE,Línea,115074,Lite,True,2025-04-03 12:09:12.811441,2025-04-03 12:09:12.811442
43ef7be3-30f6-4851-8dd8-487a6d65ee71,MLA44429515,MODEL,Modelo,45537855,WCPAA-1T,True,2025-04-03 12:09:12.811445,2025-04-03 12:09:12.811445
f2ac525d-3d28-44be-9d54-52843841784c,MLA44429515,GENERATION,Generación,11281876,2.ª generación,True,2025-04-03 12:09:12.811448,2025-04-03 12:09:12.811448
b158f882-e521-4701-ab76-95e556338035,MLA44429515,COLOR,Color,52049,Negro,True,2025-04-03 12:09:12.811452,2025-04-03 12:09:12.811452
8d7e15d2-88df-4eb2-a2c1-fd5777b6112b,MLA44429515,STORAGE_CAPACITY,Capacidad de almacenamiento,14727375,10 GB,True,2025-04-03 12:09:12.811455,2025-04-03 12:09:12.811456
2482638f-5a60-4a16-8505-fa12a9a63d87,MLA44429515,RAM_MEMORY,Memoria RAM,3502627,10 GB,True,2025-04-03 12:09:12.811459,2025-04-03 12:09:12.811459
be61c290-2731-419d-9a23-78bc384f2b55,MLA44429515,REMOTE_CONTROL_TYPE,Tipo de control remoto,17535337,De voz,True,2025-04-03 12:09:12.811462,2025-04-03 12:09:12.811462
c2e4e7e0-e906-4b9e-8667-f5f53061cc46,MLA44429515,MAIN_COLOR,Color principal,2450295,Negro,True,2025-04-03 12:09:12.811466,2025-04-03 12:09:12.811466
e476b48e-9601-4f26-a689-edddad79b1ea,MLA44429515,DEVICE_FORMAT,Formato del dispositivo,8616496,Stick,True,2025-04-03 12:09:12.811469,2025-04-03 12:09:12.811469
b6bc3767-16aa-4008-baef-448361ead030,MLA44429515,MAX_VIDEO_RESOLUTION,Resolución máxima de video,168332,Full HD,True,2025-04-03 12:09:12.811473,2025-04-03 12:09:12.811473
4d1247e3-a6e2-4121-933b-d70be2ecd3cb,MLA44429515,COMPATIBLE_APPLICATIONS,Aplicaciones compatibles,,"Netflix, YouTube",True,2025-04-03 12:09:12.811478,2025-04-03 12:09:12.811478
15c04bfb-92ac-4750-ab0a-81a7b982d36f,MLA44429515,RECOMMENDED_DEVICES,Dispositivos recomendados,,Celulares,True,2025-04-03 12:09:12.811481,2025-04-03 12:09:12.811481
1fa49743-5b60-4bff-840c-64396a3d99ef,MLA44429515,WITH_BLUETOOTH,Con Bluetooth,242085,Sí,True,2025-04-03 12:09:12.811485,2025-04-03 12:09:12.811485
f59843db-107f-46d6-bae0-97b8e91c205b,MLA44429515,WITH_WI_FI,Con Wi-Fi,242085,Sí,True,2025-04-03 12:09:12.811488,2025-04-03 12:09:12.811488
2937999c-2dba-4e37-9885-2c377a83125b,MLA44429515,WITH_INTEGRATED_VOICE_ASSISTANTS,Con asistentes de voz integrados,242085,Sí,True,2025-04-03 12:09:12.811492,2025-04-03 12:09:12.811492
80fa506a-0076-430e-9aab-3446d4a2815a,MLA44429515,INTEGRATED_VOICE_ASSISTANTS,Asistentes de voz integrados,,"Siri, Google Assistant",True,2025-04-03 12:09:12.811495,2025-04-03 12:09:12.811495
37d1c646-cbcf-44e0-a923-d93a60f72713,MLA44429515,LENGTH,Largo,45537857,9.08 cm,True,2025-04-03 12:09:12.811499,2025-04-03 12:09:12.811499
2f982630-cdf1-4a8b-a0eb-a96ec22e37a8,MLA44429515,WIDTH,Ancho,7624902,11 cm,True,2025-04-03 12:09:12.811502,2025-04-03 12:09:12.811502
b85695db-ca17-4716-a1df-4cb7e63c9ac2,MLA44429515,HEIGHT,Altura,7788007,1.5 cm,True,2025-04-03 12:09:12.811505,2025-04-03 12:09:12.811506
6bfa6686-df85-4eaf-b649-5769b6eb2f8d,MLA44429515,WEIGHT,Peso,17660737,76 g,True,2025-04-03 12:09:12.811509,2025-04-03 12:09:12.811509
285e0a6f-dbe0-4eb9-9b41-07435038a1af,MLA25362243,BRAND,Marca,13151918,Toptecnouy,True,2025-04-03 12:09:12.811532,2025-04-03 12:09:12.811532
5dea867e-24c3-4194-9b34-b749575d22ce,MLA25362243,MODEL,Modelo,22005461,X96Q,True,2025-04-03 12:09:12.811535,2025-04-03 12:09:12.811535
5971ec0d-a5b1-4963-87e9-ea06e83e7a13,MLA25362243,GENERATION,Generación,22005457,10ma Generación,True,2025-04-03 12:09:12.811539,2025-04-03 12:09:12.811539
799bf7ae-6da6-4144-a79a-b72d6de91fde,MLA25362243,COLOR,Color,52049,Negro,True,2025-04-03 12:09:12.811542,2025-04-03 12:09:12.811542
6156f0f8-28d0-48e1-bcfa-012806826289,MLA25362243,STORAGE_CAPACITY,Capacidad de almacenamiento,18614,16 GB,True,2025-04-03 12:09:12.811546,2025-04-03 12:09:12.811546
09d3718d-7eeb-4017-ab9b-35c9edfb252a,MLA25362243,RAM_MEMORY,Memoria RAM,445970,2 GB,True,2025-04-03 12:09:12.811549,2025-04-03 12:09:12.811549
69e41239-0ff6-4cb6-a36e-7d961262ad95,MLA25362243,DEVICE_FORMAT,Formato del dispositivo,8616495,TV Box,True,2025-04-03 12:09:12.811553,2025-04-03 12:09:12.811553
cea76451-5602-4913-94e3-a10cdefd4554,MLA25362243,MAX_VIDEO_RESOLUTION,Resolución máxima de video,169883,4K,True,2025-04-03 12:09:12.811556,2025-04-03 12:09:12.811556
3f4776f1-6a0f-456c-87dd-b7104f23c529,MLA25362243,AUDIO_AND_VIDEO_INTERFACES,Interfaces de audio y video,,HDMI,True,2025-04-03 12:09:12.811559,2025-04-03 12:09:12.811559
e2c2fd16-e65c-4eb8-b91f-c2518dc093ae,MLA25362243,WITH_WI_FI,Con Wi-Fi,242085,Sí,True,2025-04-03 12:09:12.811563,2025-04-03 12:09:12.811563
4121b689-7ed8-4354-83c9-ef17005e64f7,MLA25362243,INCLUDES_HDMI_CABLE,Incluye cable HDMI,242085,Sí,True,2025-04-03 12:09:12.811566,2025-04-03 12:09:12.811567
9ca28c46-9c22-4240-8f92-5330914fa354,MLA25362243,OS_NAME,Nombre del sistema operativo,9777312,Android 10.0,True,2025-04-03 12:09:12.811570,2025-04-03 12:09:12.811570
262f293c-19f3-41ed-b3f7-6ddba2176499,MLA45646033,BRAND,Marca,45921,Sagemcom,True,2025-04-03 12:09:12.811587,2025-04-03 12:09:12.811587
13e6229e-ce64-4e1f-84dd-910163b274e7,MLA45646033,LINE,Línea,37729601,DIW,True,2025-04-03 12:09:12.811590,2025-04-03 12:09:12.811590
7a3248a6-a73d-4de3-9678-f2f2d27e045d,MLA45646033,MODEL,Modelo,46885556,DIW586,True,2025-04-03 12:09:12.811593,2025-04-03 12:09:12.811594
6a30ac4b-011a-4211-8257-8dc505f21ec3,MLA45646033,GENERATION,Generación,11322992,6.ª generación,True,2025-04-03 12:09:12.811597,2025-04-03 12:09:12.811597
264dcd2e-2173-4698-a5c3-ab37036a1f82,MLA45646033,ALPHANUMERIC_MODEL,Modelo alfanumérico,46885555,#586,True,2025-04-03 12:09:12.811600,2025-04-03 12:09:12.811600
835d1788-8584-4291-ae23-bc0d08cea865,MLA45646033,COLOR,Color,52049,Negro,True,2025-04-03 12:09:12.811604,2025-04-03 12:09:12.811604
fcfca084-a543-416d-827a-cb3bdb92f3d1,MLA45646033,STORAGE_CAPACITY,Capacidad de almacenamiento,18646,8 GB,True,2025-04-03 12:09:12.811607,2025-04-03 12:09:12.811607
7bb290a5-6db1-4dc0-8bfb-ff26b481b169,MLA45646033,RAM_MEMORY,Memoria RAM,445970,2 GB,True,2025-04-03 12:09:12.811611,2025-04-03 12:09:12.811611
41e242eb-c43d-4dac-b7a7-e231788fa14a,MLA45646033,REMOTE_CONTROL_TYPE,Tipo de control remoto,17535337,De voz,True,2025-04-03 12:09:12.811614,2025-04-03 12:09:12.811614
840a50cc-98c9-4f8b-93ae-fdff864ae704,MLA45646033,MAIN_COLOR,Color principal,2450295,Negro,True,2025-04-03 12:09:12.811619,2025-04-03 12:09:12.811619
10f68654-b0fa-4c90-9b6f-88d00b441cbc,MLA45646033,DEVICE_FORMAT,Formato del dispositivo,8616495,TV Box,True,2025-04-03 12:09:12.811622,2025-04-03 12:09:12.811622
343a737d-aa07-41fc-a92a-6613d1f35d7c,MLA45646033,MAX_VIDEO_RESOLUTION,Resolución máxima de video,169883,4K,True,2025-04-03 12:09:12.811626,2025-04-03 12:09:12.811626
f41515ef-dfbd-4186-84d5-ddf61c1a2fe5,MLA45646033,COMPATIBLE_APPLICATIONS,Aplicaciones compatibles,,"Netflix, Amazon Prime Video, Spotify, YouTube, Kodi",True,2025-04-03 12:09:12.811629,2025-04-03 12:09:12.811629
7f2109bf-49de-45da-95c6-521fa7b7f83e,MLA45646033,AUDIO_AND_VIDEO_INTERFACES,Interfaces de audio y video,,Netflix,True,2025-04-03 12:09:12.811633,2025-04-03 12:09:12.811633
8f803463-da60-4632-a54c-c40011c5266b,MLA45646033,PORTS_AND_CONNECTORS_TYPES,Tipos de puertos y conectores,,"Ethernet, Tarjeta micro-SD, USB-A",True,2025-04-03 12:09:12.811636,2025-04-03 12:09:12.811636
bb77bd31-9bec-4b8e-af68-01e3fa80771a,MLA45646033,MANUFACTURER,Fabricante,45921,Sagemcom,True,2025-04-03 12:09:12.811640,2025-04-03 12:09:12.811640
21d044d7-7a55-4fd3-ab1c-506db81d604e,MLA45646033,WITH_BLUETOOTH,Con Bluetooth,242085,Sí,True,2025-04-03 12:09:12.811643,2025-04-03 12:09:12.811643
d12826ab-1463-40d1-9e59-b43afd900143,MLA45646033,WITH_WI_FI,Con Wi-Fi,242085,Sí,True,2025-04-03 12:09:12.811646,2025-04-03 12:09:12.811647
0a4ef6af-9f20-4a33-b4b4-c628942e1454,MLA45646033,WITH_INTEGRATED_VOICE_ASSISTANTS,Con asistentes de voz integrados,242085,Sí,True,2025-04-03 12:09:12.811650,2025-04-03 12:09:12.811650
38de658d-0084-4ff1-93a1-aa006bf4ad87,MLA45646033,INTEGRATED_VOICE_ASSISTANTS,Asistentes de voz integrados,,Google Assistant,True,2025-04-03 12:09:12.811653,2025-04-03 12:09:12.811653
b1ab4cc9-6815-478f-beed-e9968db67aa1,MLA45646033,INCLUDES_HDMI_CABLE,Incluye cable HDMI,242085,Sí,True,2025-04-03 12:09:12.811657,2025-04-03 12:09:12.811657
5785cb12-775b-4151-9fc2-3312798ae209,MLA45646033,INCLUDES_CELL_BATTERIES,Incluye pilas,242085,Sí,True,2025-04-03 12:09:12.811660,2025-04-03 12:09:12.811660
75bf229c-a8cd-4041-b0e0-8c71019f5149,MLA45646033,LENGTH,Largo,7175734,20 cm,True,2025-04-03 12:09:12.811663,2025-04-03 12:09:12.811664
7872c4f3-3bdc-4aa8-b144-10e0f1e68181,MLA45646033,WIDTH,Ancho,5662660,20 cm,True,2025-04-03 12:09:12.811667,2025-04-03 12:09:12.811667
db77de08-5e0d-455c-abcd-3e68af94560e,MLA45646033,HEIGHT,Altura,7891817,3 cm,True,2025-04-03 12:09:12.811670,2025-04-03 12:09:12.811671
7815698e-a11f-44cf-928e-d956859b0cd9,MLA45646033,WEIGHT,Peso,13223770,300 g,True,2025-04-03 12:09:12.811675,2025-04-03 12:09:12.811675
546e1f57-c927-4be8-a810-2df0202f5631,MLA45646033,OS_NAME,Nombre del sistema operativo,296858,Android,True,2025-04-03 12:09:12.811679,2025-04-03 12:09:12.811679
b9030a3d-8a78-4f01-ad67-28eacc59e0ae,MLA45646033,STREAMING_TECHNOLOGIES,Tecnologías de streaming,,"Google Cast, Miracast",True,2025-04-03 12:09:12.811682,2025-04-03 12:09:12.811682
48445ffd-4187-4bbe-b358-6def2848651b,MLA45646033,AUDIO_QUALITY,Calidad de audio,,"Dolby Audio, Dolby Atmos",True,2025-04-03 12:09:12.811685,2025-04-03 12:09:12.811686
dda75356-6ea9-42f0-af41-f1ade5383c92,MLA45646033,LANGUAGE_OPTIONS,Opciones de idioma,,"Español, Inglés",True,2025-04-03 12:09:12.811689,2025-04-03 12:09:12.811689
b9844c11-f3d9-46c2-9e81-556029c706e0,MLA45646033,MIN_OPERATING_SYSTEMS_REQUIRED,Sistemas operativos mínimos requeridos,,Android,True,2025-04-03 12:09:12.811692,2025-04-03 12:09:12.811692
f1d92687-8817-47c2-a2b3-7b4e2762ada3,MLA45646033,CPU,CPU,,Amlogic S905x4,True,2025-04-03 12:09:12.811696,2025-04-03 12:09:12.811696
5d048bb9-0506-445f-8ee2-05de5ecb4e09,MLA45646033,GRAPHICS_PROCESSOR,Procesador gráfico,34722080,ARM Mali-G31 MP2,True,2025-04-03 12:09:12.811699,2025-04-03 12:09:12.811699
e5c02e06-5890-4d15-9839-c340f50b87c2,MLA45646033,WI_FI_STANDARDS,Estándares Wi-Fi,,"5.8GHz, 2.4GHz",True,2025-04-03 12:09:12.811703,2025-04-03 12:09:12.811703
162e3947-571e-4cca-a0c0-1996f701ebe9,MLA45646033,FREQUENCIES,Frecuencias,,"5 GHz, 2.5 GHz",True,2025-04-03 12:09:12.811706,2025-04-03 12:09:12.811706
9739912d-369c-42ed-9319-45da704c7d98,MLA45646033,DEVICE_OPERATING_VOLTAGE,Voltaje de funcionamiento,8631470,5 V,True,2025-04-03 12:09:12.811710,2025-04-03 12:09:12.811710
f2d9b7c7-2229-4260-8f3f-330718547395,MLA29223144,BRAND,Marca,24,Taurus,True,2025-04-03 12:09:12.811733,2025-04-03 12:09:12.811733
00c29340-7573-488f-b9e7-d5c3ac829ca1,MLA29223144,LINE,Línea,27844262,Streaming,True,2025-04-03 12:09:12.811736,2025-04-03 12:09:12.811736
2b6c0c29-b4f5-4250-abb8-4190ce4dc297,MLA29223144,MODEL,Modelo,19942817,Streaming Box Carplay,True,2025-04-03 12:09:12.811740,2025-04-03 12:09:12.811740
8e5afcfc-7fc4-4b6b-9804-46d9bb879ec3,MLA29223144,GENERATION,Generación,8246074,1.ª generación,True,2025-04-03 12:09:12.811743,2025-04-03 12:09:12.811743
45997fcf-38c1-4517-90c0-df04b08f55d5,MLA29223144,ALPHANUMERIC_MODEL,Modelo alfanumérico,27814536,5366,True,2025-04-03 12:09:12.811747,2025-04-03 12:09:12.811747
a75924d2-cf4f-4e07-9131-4d546dd51c22,MLA29223144,COLOR,Color,52049,Negro,True,2025-04-03 12:09:12.811750,2025-04-03 12:09:12.811750
2c22dd1a-46ff-48c9-8a3d-879a56ad17d2,MLA29223144,STORAGE_CAPACITY,Capacidad de almacenamiento,18656,64 GB,True,2025-04-03 12:09:12.811754,2025-04-03 12:09:12.811754
b1dd3eca-2a87-4c6d-8856-4cc4e5ed470b,MLA29223144,RAM_MEMORY,Memoria RAM,98852,4 GB,True,2025-04-03 12:09:12.811757,2025-04-03 12:09:12.811757
971f80ae-ca21-4d75-ac28-d90b3d4962be,MLA29223144,MAIN_COLOR,Color principal,2450295,Negro,True,2025-04-03 12:09:12.811761,2025-04-03 12:09:12.811761
2f6a6d24-3ee6-4af8-bba7-c301e1ae3029,MLA29223144,DEVICE_FORMAT,Formato del dispositivo,8616495,TV Box,True,2025-04-03 12:09:12.811764,2025-04-03 12:09:12.811764
fa6cac5c-d349-47a8-ab8a-a89c0a16b2e9,MLA29223144,MAX_VIDEO_RESOLUTION,Resolución máxima de video,168332,Full HD,True,2025-04-03 12:09:12.811767,2025-04-03 12:09:12.811768
9ddd6782-0af4-48bb-b2e1-0b422b44319f,MLA29223144,COMPATIBLE_APPLICATIONS,Aplicaciones compatibles,,"Amazon Prime, Globoplay, Netflix, YouTube",True,2025-04-03 12:09:12.811771,2025-04-03 12:09:12.811771
2f985018-083e-48a6-bde7-e04d16bc54a1,MLA29223144,AUDIO_AND_VIDEO_INTERFACES,Interfaces de audio y video,,USB-C,True,2025-04-03 12:09:12.811774,2025-04-03 12:09:12.811774
8f2b826c-c988-42d4-a153-16829359f478,MLA29223144,PORTS_AND_CONNECTORS_TYPES,Tipos de puertos y conectores,,USB,True,2025-04-03 12:09:12.811778,2025-04-03 12:09:12.811778
2525cee2-12f9-493f-a142-c13a0e59933d,MLA29223144,WITH_BLUETOOTH,Con Bluetooth,242085,Sí,True,2025-04-03 12:09:12.811781,2025-04-03 12:09:12.811781
b45324cf-f82d-4500-94be-a7a1be778beb,MLA29223144,WITH_WI_FI,Con Wi-Fi,242085,Sí,True,2025-04-03 12:09:12.811786,2025-04-03 12:09:12.811786
c394eccf-88d5-471f-95bd-c7aa996de128,MLA29223144,INCLUDES_HDMI_CABLE,Incluye cable HDMI,242084,No,True,2025-04-03 12:09:12.811789,2025-04-03 12:09:12.811790
b227a548-6ea3-4df0-9ef1-d77f9a6f12ad,MLA29223144,LENGTH,Largo,42629123,8.05 cm,True,2025-04-03 12:09:12.811793,2025-04-03 12:09:12.811793
ae58c536-d780-45fa-988a-9ce3e9995406,MLA29223144,WIDTH,Ancho,49531888,8.17 cm,True,2025-04-03 12:09:12.811796,2025-04-03 12:09:12.811796
c6beb4aa-a6ac-43ad-b82e-6b2358c0d62f,MLA29223144,HEIGHT,Altura,22153721,1.45 cm,True,2025-04-03 12:09:12.811800,2025-04-03 12:09:12.811800
caac28eb-61d5-4d9a-a924-f1e715488f2f,MLA29223144,WEIGHT,Peso,16091282,75 g,True,2025-04-03 12:09:12.811803,2025-04-03 12:09:12.811803
85cba5b8-c0ea-4206-b0c9-468638781763,MLA29223144,OS_NAME,Nombre del sistema operativo,13289967,Android 11.0,True,2025-04-03 12:09:12.811807,2025-04-03 12:09:12.811807
e72d789b-c288-4765-878e-64602b96798a,MLA29223144,WI_FI_STANDARDS,Estándares Wi-Fi,,IEEE 802.11a/b/g/n/ac,True,2025-04-03 12:09:12.811810,2025-04-03 12:09:12.811810
5eeb0307-44ea-4170-be9a-b03160146d24,MLA29223144,FREQUENCIES,Frecuencias,,"2.4 GHz, 5 GHz",True,2025-04-03 12:09:12.811813,2025-04-03 12:09:12.811814
b31e2b46-7c12-4118-b8a7-894db4bcdccd,MLA23906562,BRAND,Marca,10366,Intelbras,True,2025-04-03 12:09:12.811850,2025-04-03 12:09:12.811850
4158db40-8772-40d2-8ccb-7fe2bd41064c,MLA23906562,LINE,Línea,19977212,8k,True,2025-04-03 12:09:12.811853,2025-04-03 12:09:12.811853
dd393035-158c-4ba2-92d6-3dcaf83a97ed,MLA23906562,MODEL,Modelo,8794133,IZY Play,True,2025-04-03 12:09:12.811857,2025-04-03 12:09:12.811857
aac2cbe3-eeb8-48e4-ade8-0fbf84c119f8,MLA23906562,ALPHANUMERIC_MODEL,Modelo alfanumérico,19977211,IBXP8K,True,2025-04-03 12:09:12.811860,2025-04-03 12:09:12.811861
680e3450-d6b0-419b-8a0f-7e27623219c9,MLA23906562,COLOR,Color,12289995,Awesome white,True,2025-04-03 12:09:12.811864,2025-04-03 12:09:12.811864
146c5d4c-aed0-49e8-81cd-0276fde40f72,MLA23906562,STORAGE_CAPACITY,Capacidad de almacenamiento,18646,8 GB,True,2025-04-03 12:09:12.811867,2025-04-03 12:09:12.811867
e1300d32-94f2-40b3-b09a-9ef21d86d07a,MLA23906562,RAM_MEMORY,Memoria RAM,98978,1 GB,True,2025-04-03 12:09:12.811871,2025-04-03 12:09:12.811871
939f0d50-e8f0-43a7-8a10-cb8ee9899e38,MLA23906562,REMOTE_CONTROL_TYPE,Tipo de control remoto,182134,Estándar,True,2025-04-03 12:09:12.811874,2025-04-03 12:09:12.811874
ba313506-6011-473e-a6e7-4262cdba8741,MLA23906562,DEVICE_FORMAT,Formato del dispositivo,8616495,TV Box,True,2025-04-03 12:09:12.811877,2025-04-03 12:09:12.811878
dcb901fd-8aa9-4ef1-8baf-cb14e51a1df1,MLA23906562,COMPATIBLE_APPLICATIONS,Aplicaciones compatibles,,"Google Play, Netflix, YouTube",True,2025-04-03 12:09:12.811881,2025-04-03 12:09:12.811881
a35eda07-1afa-4d36-b1e9-98d2d237db34,MLA23906562,RECOMMENDED_DEVICES,Dispositivos recomendados,,"Celulares, Computadoras, Monitores, Televisores",True,2025-04-03 12:09:12.811884,2025-04-03 12:09:12.811885
ae7e86bf-d995-4736-a1b9-f4a2111fdc1b,MLA23906562,AUDIO_AND_VIDEO_INTERFACES,Interfaces de audio y video,,"HDMI, AV",True,2025-04-03 12:09:12.811888,2025-04-03 12:09:12.811888
56009961-5e7f-4220-bb40-e2d43927a610,MLA23906562,PORTS_AND_CONNECTORS_TYPES,Tipos de puertos y conectores,,"DC jack, Ethernet, USB",True,2025-04-03 12:09:12.811891,2025-04-03 12:09:12.811891
e8d5cae1-6eab-4fef-8a28-cc1ff8677228,MLA23906562,ANATEL_HOMOLOGATION_NUMBER,Homologación Anatel Nº,40364874,65071900160,True,2025-04-03 12:09:12.811895,2025-04-03 12:09:12.811895
bce6eadb-7db4-45b4-ae82-e33844aafbd9,MLA23906562,WITH_BLUETOOTH,Con Bluetooth,242085,Sí,True,2025-04-03 12:09:12.811898,2025-04-03 12:09:12.811898
b8645f28-4766-4794-92b2-653c3eb9b98b,MLA23906562,WITH_WI_FI,Con Wi-Fi,242085,Sí,True,2025-04-03 12:09:12.811902,2025-04-03 12:09:12.811902
3eb37f84-451b-42cb-b6cc-c860e2be359e,MLA23906562,INCLUDES_HDMI_CABLE,Incluye cable HDMI,242085,Sí,True,2025-04-03 12:09:12.811905,2025-04-03 12:09:12.811905
6fa79a4c-28e0-407d-a917-de9efe2ac102,MLA23906562,LENGTH,Largo,7816454,10 cm,True,2025-04-03 12:09:12.811909,2025-04-03 12:09:12.811909
463d9917-b363-4bde-87ac-989e74084224,MLA23906562,WIDTH,Ancho,5795659,10 cm,True,2025-04-03 12:09:12.811913,2025-04-03 12:09:12.811913
ced11fc2-de71-46fc-b3a1-fc9d85d95530,MLA23906562,HEIGHT,Altura,7902552,2.1 cm,True,2025-04-03 12:09:12.811916,2025-04-03 12:09:12.811916
a8c1dcbb-e85a-4de3-ba8b-a1e0ee837caf,MLA23906562,OS_NAME,Nombre del sistema operativo,8794132,Android TV 9.0,True,2025-04-03 12:09:12.811920,2025-04-03 12:09:12.811920
77a287d5-331f-4242-850a-58cbe3e0ea3c,MLA23906562,MIN_OPERATING_SYSTEMS_REQUIRED,Sistemas operativos mínimos requeridos,,"Android, iOS",True,2025-04-03 12:09:12.811925,2025-04-03 12:09:12.811925
da062a39-503c-4f86-b5c4-081f512d0d11,MLA23906562,CPU,CPU,,ARM Cortex-A53 Quad-Core,True,2025-04-03 12:09:12.811929,2025-04-03 12:09:12.811929
530bd96c-9eba-4961-b68d-317cb519cdd3,MLA23906562,WI_FI_STANDARDS,Estándares Wi-Fi,,2.4GHz,True,2025-04-03 12:09:12.811932,2025-04-03 12:09:12.811932
ffce9796-c2fd-4575-b840-acc8acc39874,MLA23906562,DEVICE_OPERATING_VOLTAGE,Voltaje de funcionamiento,8631470,5 V,True,2025-04-03 12:09:12.811935,2025-04-03 12:09:12.811936
e8527b54-b6d6-45be-b6ec-d19047e0bdc1,MLA41630493,BRAND,Marca,260751,Inova,True,2025-04-03 12:09:12.811962,2025-04-03 12:09:12.811962
5060fd55-67fa-4fce-b27b-3964cab6ba7b,MLA41630493,LINE,Línea,17082004,tv box 4k,True,2025-04-03 12:09:12.811965,2025-04-03 12:09:12.811965
0f0db06e-891e-4186-89d5-be531bf47047,MLA41630493,MODEL,Modelo,8894347,TV Box 4K,True,2025-04-03 12:09:12.811969,2025-04-03 12:09:12.811969
9c6cc8f0-f43c-4e9a-94b1-f972c2940d65,MLA41630493,GENERATION,Generación,43028408,6ª generación,True,2025-04-03 12:09:12.811972,2025-04-03 12:09:12.811972
073e3e44-dc15-4fd7-bdac-b75a7b3f4e90,MLA41630493,ALPHANUMERIC_MODEL,Modelo alfanumérico,8856873,DIG-7021,True,2025-04-03 12:09:12.811975,2025-04-03 12:09:12.811976
c4da76a7-679f-4d27-805a-7a9f8e8d227d,MLA41630493,COLOR,Color,52049,Negro,True,2025-04-03 12:09:12.811979,2025-04-03 12:09:12.811979
9bf41343-e6c9-4673-a8a4-d7ef50d50615,MLA41630493,STORAGE_CAPACITY,Capacidad de almacenamiento,49456,128 GB,True,2025-04-03 12:09:12.811982,2025-04-03 12:09:12.811982
b128a930-a5c1-4f6b-81b3-73f220f193fd,MLA41630493,RAM_MEMORY,Memoria RAM,1090007,64 GB,True,2025-04-03 12:09:12.811986,2025-04-03 12:09:12.811986
9c81c926-453d-4d17-8141-fad41ed192a6,MLA41630493,REMOTE_CONTROL_TYPE,Tipo de control remoto,182134,Estándar,True,2025-04-03 12:09:12.811989,2025-04-03 12:09:12.811989
3b2ee700-e27a-469e-973b-4e15f8289038,MLA41630493,MAIN_COLOR,Color principal,2450295,Negro,True,2025-04-03 12:09:12.811992,2025-04-03 12:09:12.811993
961c62b1-585e-4b72-aeaf-022f63e2f3cb,MLA41630493,DEVICE_FORMAT,Formato del dispositivo,8616495,TV Box,True,2025-04-03 12:09:12.811996,2025-04-03 12:09:12.811996
4ee77603-f6f7-4b77-b256-11ed41355b3d,MLA41630493,MAX_VIDEO_RESOLUTION,Resolución máxima de video,169883,4K,True,2025-04-03 12:09:12.811999,2025-04-03 12:09:12.811999
6751a221-fd84-4ca9-a417-9bba8d18bd4b,MLA41630493,MANUFACTURER,Fabricante,260751,Inova,True,2025-04-03 12:09:12.812003,2025-04-03 12:09:12.812003
30f69e34-a70e-44c5-8b0f-777ec1c602fb,MLA41630493,ANATEL_HOMOLOGATION_NUMBER,Homologación Anatel Nº,40572329,132302012654,True,2025-04-03 12:09:12.812006,2025-04-03 12:09:12.812006
2013199e-e2a0-4897-96a4-7ae033cc94ef,MLA41630493,WITH_WI_FI,Con Wi-Fi,242085,Sí,True,2025-04-03 12:09:12.812009,2025-04-03 12:09:12.812009
82705d54-b918-4964-a720-29d77539d94a,MLA41630493,INCLUDES_HDMI_CABLE,Incluye cable HDMI,242085,Sí,True,2025-04-03 12:09:12.812013,2025-04-03 12:09:12.812013
2c38fa00-07da-4d8b-929e-90a12c08ec28,MLA41630493,OS_NAME,Nombre del sistema operativo,20036599,Android 12.0,True,2025-04-03 12:09:12.812016,2025-04-03 12:09:12.812016
cae22b4a-45e7-460a-b4a6-4b0f81023f1a,MLA41630493,CPU,CPU,,Cortex-A7 Quad-Core,True,2025-04-03 12:09:12.812019,2025-04-03 12:09:12.812020
e086d07d-83be-47bc-b191-d28d293ff705,MLA41630493,GRAPHICS_PROCESSOR,Procesador gráfico,7738795,Mali-400 MP,True,2025-04-03 12:09:12.812023,2025-04-03 12:09:12.812023
9d83a148-f547-4cc6-a4fd-26d602de6ed9,MLA41630493,WI_FI_STANDARDS,Estándares Wi-Fi,,2.4GHz,True,2025-04-03 12:09:12.812028,2025-04-03 12:09:12.812028
2d35ec95-2a28-4a3a-a4ee-94c7910b6353,MLA41630493,FREQUENCIES,Frecuencias,,2.4 GHz,True,2025-04-03 12:09:12.812031,2025-04-03 12:09:12.812031
9931f723-e248-4597-a972-48529fd5fc3f,MLA41630493,DEVICE_OPERATING_VOLTAGE,Voltaje de funcionamiento,8631470,5 V,True,2025-04-03 12:09:12.812034,2025-04-03 12:09:12.812035
9be24e7c-9f45-4434-84aa-ee6dc4c27b7e,MLA23876507,BRAND,Marca,168521,Roku,True,2025-04-03 12:09:12.812057,2025-04-03 12:09:12.812058
0cd409f2-bea8-4466-9877-557a8c8f4e98,MLA23876507,LINE,Línea,18221,Express,True,2025-04-03 12:09:12.812061,2025-04-03 12:09:12.812061
8148a1b8-b60a-47e8-a412-7295b6b4ba06,MLA23876507,MODEL,Modelo,19926599,3930S2,True,2025-04-03 12:09:12.812064,2025-04-03 12:09:12.812065
c40f6634-41cc-4b2e-969c-96b22dff689e,MLA23876507,ALPHANUMERIC_MODEL,Modelo alfanumérico,19926598,SE 3930S2,True,2025-04-03 12:09:12.812068,2025-04-03 12:09:12.812068
4543de45-0238-4c96-96ac-951948886d6c,MLA23876507,COLOR,Color,52035,Violeta,True,2025-04-03 12:09:12.812071,2025-04-03 12:09:12.812071
ff5862a9-6d8b-4e41-bf5e-0c562b0a268c,MLA23876507,MAIN_COLOR,Color principal,2450311,Violeta,True,2025-04-03 12:09:12.812075,2025-04-03 12:09:12.812075
2be80a1c-9258-4118-9b52-eb8dc9bd522f,MLA23876507,MAX_VIDEO_RESOLUTION,Resolución máxima de video,168332,Full HD,True,2025-04-03 12:09:12.812078,2025-04-03 12:09:12.812078
f1595fef-3e2b-45f6-8db2-65cadbf29d8e,MLA23876507,AUDIO_AND_VIDEO_INTERFACES,Interfaces de audio y video,,HDMI,True,2025-04-03 12:09:12.812082,2025-04-03 12:09:12.812082
59b28f46-3b67-4ca3-babd-9fbc4037d54f,MLA23876507,PORTS_AND_CONNECTORS_TYPES,Tipos de puertos y conectores,,Micro-USB,True,2025-04-03 12:09:12.812086,2025-04-03 12:09:12.812086
863c6c3c-159b-4fc8-a958-d4ca8b5d053e,MLA23876507,WITH_WI_FI,Con Wi-Fi,242085,Sí,True,2025-04-03 12:09:12.812089,2025-04-03 12:09:12.812089
290b35bc-81f4-41b8-944e-41f906eac991,MLA23876507,INCLUDES_HDMI_CABLE,Incluye cable HDMI,242085,Sí,True,2025-04-03 12:09:12.812093,2025-04-03 12:09:12.812093
3dadad6f-6a12-439f-82e4-aba03c99c421,MLA23876507,LENGTH,Largo,14725044,3.81 cm,True,2025-04-03 12:09:12.812097,2025-04-03 12:09:12.812097
d6134754-1e81-4c7e-804a-191a45ef01ee,MLA23876507,WIDTH,Ancho,11941948,7.62 cm,True,2025-04-03 12:09:12.812100,2025-04-03 12:09:12.812100
e95026d7-d2c4-4d50-98cf-774267e09f74,MLA23876507,HEIGHT,Altura,7893549,1.9 cm,True,2025-04-03 12:09:12.812104,2025-04-03 12:09:12.812104
be77a4f2-f036-4490-bdc1-60f46f850c00,MLA23876507,OS_NAME,Nombre del sistema operativo,7601514,Roku OS,True,2025-04-03 12:09:12.812107,2025-04-03 12:09:12.812107
194ea12f-0beb-4847-a5c3-925816e06467,MLA23876507,CPU,CPU,,Cortex-A53,True,2025-04-03 12:09:12.812111,2025-04-03 12:09:12.812111
a1b9d68c-b26b-4328-9771-b13c59fcce5c,MLA23876507,WI_FI_STANDARDS,Estándares Wi-Fi,,IEEE 802.11b/g/n,True,2025-04-03 12:09:12.812114,2025-04-03 12:09:12.812114
d75a97c2-82fa-4bbb-8df4-71225aa3650f,MLA23876507,DEVICE_OPERATING_VOLTAGE,Voltaje de funcionamiento,8631470,5 V,True,2025-04-03 12:09:12.812119,2025-04-03 12:09:12.812119
9ff4fca3-a284-4efa-8a6a-b7080b457766,MLA28370643,BRAND,Marca,26515223,ReliaMount,True,2025-04-03 12:09:12.812144,2025-04-03 12:09:12.812144
440f48e2-6357-48c8-b281-7d17c1be2c63,MLA28370643,LINE,Línea,20261149,Reproductor syreaming,True,2025-04-03 12:09:12.812148,2025-04-03 12:09:12.812148
4187acae-44d7-4004-a4dc-46544a301cce,MLA28370643,MODEL,Modelo,26515225,ReliaMount,True,2025-04-03 12:09:12.812151,2025-04-03 12:09:12.812151
cdbde8e8-5d73-4b11-acd1-c15f5afaad19,MLA41826045,BRAND,Marca,38483540,Lihuzmd,True,2025-04-03 12:09:12.812178,2025-04-03 12:09:12.812178
dbba82b2-6509-4859-bc5b-143c1160de7c,MLA41826045,MODEL,Modelo,42887163,6K Ultra HD,True,2025-04-03 12:09:12.812181,2025-04-03 12:09:12.812181
f75bac89-6a56-4ef6-9b6f-5f666e0c8b0c,MLA41826045,REMOTE_CONTROL_TYPE,Tipo de control remoto,182134,Estándar,True,2025-04-03 12:09:12.812185,2025-04-03 12:09:12.812185
e5b87d62-ead3-41c6-8321-973f8cf1af9b,MLA41826045,DEVICE_FORMAT,Formato del dispositivo,8616495,TV Box,True,2025-04-03 12:09:12.812188,2025-04-03 12:09:12.812188
e20df146-b1a2-422d-9ec5-7babfafcdc70,MLA41826045,MAX_VIDEO_RESOLUTION,Resolución máxima de video,23838568,6K,True,2025-04-03 12:09:12.812191,2025-04-03 12:09:12.812192
66d3155e-0c21-40ab-bcb7-a487cd929268,MLA20561974,BRAND,Marca,260751,Inova,True,2025-04-03 12:09:12.812208,2025-04-03 12:09:12.812208
69ccad1e-9a0a-40a8-9bbc-0bf8e20ee68b,MLA20561974,MODEL,Modelo,2579727,Unico,True,2025-04-03 12:09:12.812212,2025-04-03 12:09:12.812212
4ddca567-5548-47a8-9cef-20770802c407,MLA20561974,COLOR,Color,10787548,Azul cielo,True,2025-04-03 12:09:12.812215,2025-04-03 12:09:12.812215
f7cafa9d-6ed6-4e4e-8813-c71ca9d7d377,MLA20561974,STORAGE_CAPACITY,Capacidad de almacenamiento,18614,16 GB,True,2025-04-03 12:09:12.812218,2025-04-03 12:09:12.812219
b8d5467a-bbd4-48bd-85f0-227ae80656f2,MLA20561974,RAM_MEMORY,Memoria RAM,445970,2 GB,True,2025-04-03 12:09:12.812222,2025-04-03 12:09:12.812222
68ee41d8-6ebb-42ef-8015-dfc375d74d05,MLA20561974,DEVICE_FORMAT,Formato del dispositivo,8616495,TV Box,True,2025-04-03 12:09:12.812225,2025-04-03 12:09:12.812225
636b048c-5258-4d02-ba43-7d6209e0527a,MLA20561974,AUDIO_AND_VIDEO_INTERFACES,Interfaces de audio y video,,HDMI,True,2025-04-03 12:09:12.812229,2025-04-03 12:09:12.812229
653e4537-10e5-46b6-8b8d-01444090cbbf,MLA20561974,WITH_WI_FI,Con Wi-Fi,242085,Sí,True,2025-04-03 12:09:12.812232,2025-04-03 12:09:12.812232
46cab0e4-3464-4092-a83e-ef1b063e06dc,MLA45377763,BRAND,Marca,44007254,Tivo Stream,True,2025-04-03 12:09:12.812263,2025-04-03 12:09:12.812263
737627a1-164b-4e8f-b7dd-5048dfc83cae,MLA45377763,LINE,Línea,46461181,EvoFuse,True,2025-04-03 12:09:12.812266,2025-04-03 12:09:12.812266
4ebc0ca5-c01d-4ebc-9750-6190a2c7c9ca,MLA45377763,MODEL,Modelo,46461182,EvoFuse 4K,True,2025-04-03 12:09:12.812270,2025-04-03 12:09:12.812270
7e8dbcf5-01b6-402b-b71f-05ff64fafa58,MLA45377763,GENERATION,Generación,10910111,4.ª generación,True,2025-04-03 12:09:12.812273,2025-04-03 12:09:12.812273
3d385d62-86be-4535-a14b-aa58deca8388,MLA45377763,ALPHANUMERIC_MODEL,Modelo alfanumérico,13838716,4K,True,2025-04-03 12:09:12.812277,2025-04-03 12:09:12.812277
ccf54244-e322-43c8-b42c-0c7c72e7e3f3,MLA45377763,COLOR,Color,52049,Negro,True,2025-04-03 12:09:12.812280,2025-04-03 12:09:12.812280
37eb01fd-1531-41ce-aa31-bb8121ed5622,MLA45377763,STORAGE_CAPACITY,Capacidad de almacenamiento,18621,32 GB,True,2025-04-03 12:09:12.812283,2025-04-03 12:09:12.812284
11c88f3e-b2c7-4b25-a78b-0ba41abde399,MLA45377763,RAM_MEMORY,Memoria RAM,445970,2 GB,True,2025-04-03 12:09:12.812287,2025-04-03 12:09:12.812287
18908ec3-a5a8-4a03-add2-787dbab235f9,MLA45377763,REMOTE_CONTROL_TYPE,Tipo de control remoto,17535337,De voz,True,2025-04-03 12:09:12.812290,2025-04-03 12:09:12.812290
ec43210a-b148-48a7-9d2a-c75a0b39bdd2,MLA45377763,MAIN_COLOR,Color principal,2450295,Negro,True,2025-04-03 12:09:12.812294,2025-04-03 12:09:12.812294
a25dc5bf-a852-4aab-af35-88af0262fc3c,MLA45377763,DEVICE_FORMAT,Formato del dispositivo,8616496,Stick,True,2025-04-03 12:09:12.812297,2025-04-03 12:09:12.812297
64f22dff-2615-4aaf-aed9-29a04d924f50,MLA45377763,MAX_VIDEO_RESOLUTION,Resolución máxima de video,169883,4K,True,2025-04-03 12:09:12.812301,2025-04-03 12:09:12.812301
f01d38e4-d190-4885-b85e-b9696b9c2054,MLA45377763,AUDIO_AND_VIDEO_INTERFACES,Interfaces de audio y video,,HDMI,True,2025-04-03 12:09:12.812304,2025-04-03 12:09:12.812304
c4ac2099-5e18-44b3-8d3e-aad2dddff3c3,MLA45377763,MANUFACTURER,Fabricante,44007254,Tivo Stream,True,2025-04-03 12:09:12.812307,2025-04-03 12:09:12.812308
964e517f-5803-4f99-b3fa-40ce3b964605,MLA45377763,WITH_BLUETOOTH,Con Bluetooth,242085,Sí,True,2025-04-03 12:09:12.812311,2025-04-03 12:09:12.812311
f407965f-3635-473d-b57f-e94fb12c8a02,MLA45377763,WITH_WI_FI,Con Wi-Fi,242085,Sí,True,2025-04-03 12:09:12.812314,2025-04-03 12:09:12.812315
d24d2d9f-5104-4015-98ef-e0da791e4c4f,MLA45377763,WITH_INTEGRATED_VOICE_ASSISTANTS,Con asistentes de voz integrados,242085,Sí,True,2025-04-03 12:09:12.812318,2025-04-03 12:09:12.812318
6872480c-43c8-4254-b8e2-3c251a5cd0e0,MLA45377763,INTEGRATED_VOICE_ASSISTANTS,Asistentes de voz integrados,,Google Assistant,True,2025-04-03 12:09:12.812321,2025-04-03 12:09:12.812321
fbad3865-308d-4960-9e60-00cce6147630,MLA45377763,INCLUDES_HDMI_CABLE,Incluye cable HDMI,242085,Sí,True,2025-04-03 12:09:12.812325,2025-04-03 12:09:12.812325
9329b500-5550-4757-bb30-d8047b3aeba4,MLA45377763,INCLUDES_CELL_BATTERIES,Incluye pilas,242085,Sí,True,2025-04-03 12:09:12.812328,2025-04-03 12:09:12.812328
4a7a266c-bfb6-40e5-90f8-65d281f537ab,MLA45377763,OS_NAME,Nombre del sistema operativo,296858,Android,True,2025-04-03 12:09:12.812332,2025-04-03 12:09:12.812332
430d608f-7ada-4a32-b221-b9ff9fb11e6e,MLA28479770,BRAND,Marca,26664687,Bafx Products,True,2025-04-03 12:09:12.812355,2025-04-03 12:09:12.812355
afbf918c-ad22-4368-b002-17f57bc3cdfc,MLA28479770,MODEL,Modelo,26664689,BAFX0004,True,2025-04-03 12:09:12.812360,2025-04-03 12:09:12.812360
a532ed1f-784d-49d3-ae11-28a872f953aa,MLA28479770,WIDTH,Ancho,8060909,17.7 cm,True,2025-04-03 12:09:12.812363,2025-04-03 12:09:12.812364
98224b33-c762-44ce-b124-a0373a48252f,MLA28479770,HEIGHT,Altura,7912727,4.3 cm,True,2025-04-03 12:09:12.812367,2025-04-03 12:09:12.812367
8e594ce7-e0d8-4c27-96e6-b1cc2cb7a434,MLA28479770,WEIGHT,Peso,40670021,453.592 g,True,2025-04-03 12:09:12.812370,2025-04-03 12:09:12.812370
f4dae925-1497-4c27-9865-93cfd0ccf99c,MLA43274418,BRAND,Marca,44142760,Transped,True,2025-04-03 12:09:12.812404,2025-04-03 12:09:12.812404
fbb3742c-9432-496f-a470-0c42175cbde9,MLA43274418,MODEL,Modelo,2403641,8K,True,2025-04-03 12:09:12.812407,2025-04-03 12:09:12.812407
68d90bdc-262b-46b7-8b7c-d679cd3ab9c1,MLA43274418,GENERATION,Generación,11011815,5°,True,2025-04-03 12:09:12.812410,2025-04-03 12:09:12.812411
77593c62-c037-49ef-a172-9a7353384189,MLA43274418,ALPHANUMERIC_MODEL,Modelo alfanumérico,8711320,001,True,2025-04-03 12:09:12.812414,2025-04-03 12:09:12.812414
894a1485-9699-40be-b038-53a3dcd2cad3,MLA43274418,COLOR,Color,52049,Negro,True,2025-04-03 12:09:12.812417,2025-04-03 12:09:12.812418
5e312a65-1086-4ff5-ac2e-bfe69c331bd9,MLA43274418,STORAGE_CAPACITY,Capacidad de almacenamiento,18621,32 GB,True,2025-04-03 12:09:12.812421,2025-04-03 12:09:12.812421
9da10159-55fe-45df-a038-e96acec7fd52,MLA43274418,RAM_MEMORY,Memoria RAM,98852,4 GB,True,2025-04-03 12:09:12.812424,2025-04-03 12:09:12.812424
0e0dfd5f-47b1-4413-952a-ea8961a7ee06,MLA43274418,REMOTE_CONTROL_TYPE,Tipo de control remoto,182134,Estándar,True,2025-04-03 12:09:12.812428,2025-04-03 12:09:12.812428
bedcf65d-c3eb-453c-86ad-6b45d312b324,MLA43274418,DEVICE_FORMAT,Formato del dispositivo,8616495,TV Box,True,2025-04-03 12:09:12.812431,2025-04-03 12:09:12.812431
6abb34fa-3ca0-420e-a8b4-c5dfaf96b08d,MLA43274418,MAX_VIDEO_RESOLUTION,Resolución máxima de video,17863660,8K,True,2025-04-03 12:09:12.812434,2025-04-03 12:09:12.812435
29dd81af-29ca-4fec-b562-5191d4324c23,MLA43274418,MANUFACTURER,Fabricante,33429667,Transpeed,True,2025-04-03 12:09:12.812438,2025-04-03 12:09:12.812438
5f3a063c-62ee-493d-ba08-88d71e5bb509,MLA43274418,WITH_BLUETOOTH,Con Bluetooth,242084,No,True,2025-04-03 12:09:12.812441,2025-04-03 12:09:12.812442
686f44f7-13ea-4a1e-b52d-3141f11b43cb,MLA43274418,WITH_WI_FI,Con Wi-Fi,242085,Sí,True,2025-04-03 12:09:12.812445,2025-04-03 12:09:12.812445
2795dc3a-a6db-4c1f-850a-fb3a3ec815ce,MLA43274418,WITH_INTEGRATED_VOICE_ASSISTANTS,Con asistentes de voz integrados,242085,Sí,True,2025-04-03 12:09:12.812448,2025-04-03 12:09:12.812448
a5267ae7-84c7-4f49-83e4-7d0377587944,MLA43274418,INCLUDES_HDMI_CABLE,Incluye cable HDMI,242084,No,True,2025-04-03 12:09:12.812452,2025-04-03 12:09:12.812452
197196ce-1e4b-40db-95b3-bb7e2baa8683,MLA43274418,INCLUDES_CELL_BATTERIES,Incluye pilas,242084,No,True,2025-04-03 12:09:12.812460,2025-04-03 12:09:12.812461
192c97bb-3dc3-4ca7-a32e-1ff50f2fcb14,MLA43274418,OS_NAME,Nombre del sistema operativo,7601503,Android TV,True,2025-04-03 12:09:12.812464,2025-04-03 12:09:12.812464
aff5feba-812f-44a1-9119-e8e949215ea1,MLA39014899,BRAND,Marca,36496787,felenny,True,2025-04-03 12:09:12.812481,2025-04-03 12:09:12.812481
211ac28c-72da-495d-997a-dd01bfee0718,MLA39014899,COLOR,Color,52049,Negro,True,2025-04-03 12:09:12.812484,2025-04-03 12:09:12.812485
3fd20aa2-8b36-4848-b4f3-49e7cd64e1a2,MLA39014899,MAIN_COLOR,Color principal,2450295,Negro,True,2025-04-03 12:09:12.812488,2025-04-03 12:09:12.812488
7b369851-09af-4be8-abb7-402aa76d8985,MLA39014899,DEVICE_FORMAT,Formato del dispositivo,8616496,Stick,True,2025-04-03 12:09:12.812491,2025-04-03 12:09:12.812492
a087c4ab-4bbc-44d0-a70a-f71c5707b297,MLA39014899,RECOMMENDED_DEVICES,Dispositivos recomendados,,Televisores con HDMI,True,2025-04-03 12:09:12.812495,2025-04-03 12:09:12.812495
892cda66-1a9b-49f5-b740-b5c0b369b670,MLA39014899,AUDIO_AND_VIDEO_INTERFACES,Interfaces de audio y video,,HDMI,True,2025-04-03 12:09:12.812498,2025-04-03 12:09:12.812499
a7114e99-83bb-47cd-8965-9c388a6330ea,MLA39014899,PORTS_AND_CONNECTORS_TYPES,Tipos de puertos y conectores,,HDMI,True,2025-04-03 12:09:12.812502,2025-04-03 12:09:12.812502
d9c2b6b7-6a43-484c-a7af-00832f0a8b2f,MLA41834937,BRAND,Marca,38483540,Lihuzmd,True,2025-04-03 12:09:12.812532,2025-04-03 12:09:12.812532
61ff982f-dd94-4d1c-9f19-082ee168bced,MLA41834937,MODEL,Modelo,26123246,Q Plus,True,2025-04-03 12:09:12.812536,2025-04-03 12:09:12.812536
cdc8c239-147b-4caa-bbb2-921784276a17,MLA41834937,COLOR,Color,52049,Negro,True,2025-04-03 12:09:12.812539,2025-04-03 12:09:12.812539
d5e49528-8f12-4132-bd18-0f4aa47b0690,MLA41834937,REMOTE_CONTROL_TYPE,Tipo de control remoto,182134,Estándar,True,2025-04-03 12:09:12.812543,2025-04-03 12:09:12.812543
29a23c9e-cc96-4def-99c1-57acd79d28e9,MLA41834937,DEVICE_FORMAT,Formato del dispositivo,8616495,TV Box,True,2025-04-03 12:09:12.812546,2025-04-03 12:09:12.812546
4686d9bd-6566-4296-9e66-4dc3c7300aa4,MLA41834937,MAX_VIDEO_RESOLUTION,Resolución máxima de video,169883,4K,True,2025-04-03 12:09:12.812550,2025-04-03 12:09:12.812550
f0661459-1bba-46c4-8435-d70878832bc5,MLA41834937,AUDIO_AND_VIDEO_INTERFACES,Interfaces de audio y video,,HDMI,True,2025-04-03 12:09:12.812553,2025-04-03 12:09:12.812553
8c637f5a-6f07-4638-9728-fb16345b8a56,MLA41834937,PORTS_AND_CONNECTORS_TYPES,Tipos de puertos y conectores,,"USB-A, Ethernet",True,2025-04-03 12:09:12.812556,2025-04-03 12:09:12.812557
915cc140-9d6e-4b96-a851-46c2e5ea36d1,MLA41834937,WITH_BLUETOOTH,Con Bluetooth,242085,Sí,True,2025-04-03 12:09:12.812560,2025-04-03 12:09:12.812560
3ccd501c-f930-460d-a7d2-04619cb289da,MLA41834937,WITH_WI_FI,Con Wi-Fi,242085,Sí,True,2025-04-03 12:09:12.812563,2025-04-03 12:09:12.812563
1f92ea48-df64-412e-8e78-749ad9cc9358,MLA41834937,WITH_INTEGRATED_VOICE_ASSISTANTS,Con asistentes de voz integrados,242084,No,True,2025-04-03 12:09:12.812567,2025-04-03 12:09:12.812567
074dcf0e-99ee-49aa-932d-c4f0d976852d,MLA41834937,INCLUDES_HDMI_CABLE,Incluye cable HDMI,242084,No,True,2025-04-03 12:09:12.812570,2025-04-03 12:09:12.812570
66fd22cc-ac7e-485d-8713-8952db896454,MLA41834937,INCLUDES_CELL_BATTERIES,Incluye pilas,242084,No,True,2025-04-03 12:09:12.812578,2025-04-03 12:09:12.812578
8584baff-c8bc-42c2-868a-4b9bece46578,MLA42857060,BRAND,Marca,15145616,TV Box Fire Stick,True,2025-04-03 12:09:12.812598,2025-04-03 12:09:12.812598
0d977b59-452f-4644-bc47-beeb368c3409,MLA42857060,LINE,Línea,196,Smart,True,2025-04-03 12:09:12.812601,2025-04-03 12:09:12.812601
e9a362f5-2e70-449e-9afa-f89fd4256136,MLA42857060,MODEL,Modelo,44154692,Fire Stick TV,True,2025-04-03 12:09:12.812605,2025-04-03 12:09:12.812605
ca884399-dc94-4d96-bd80-eeb9b879ee7e,MLA42857060,GENERATION,Generación,18802042,Tvbox,True,2025-04-03 12:09:12.812608,2025-04-03 12:09:12.812608
e7f44a78-f575-477b-9d69-838416027ae0,MLA42857060,ALPHANUMERIC_MODEL,Modelo alfanumérico,44154691,Mi Tv Stick,True,2025-04-03 12:09:12.812612,2025-04-03 12:09:12.812612
3c6981a2-d781-401e-b254-34089e200cf5,MLA42857060,COLOR,Color,52049,Negro,True,2025-04-03 12:09:12.812615,2025-04-03 12:09:12.812615
914d1425-d352-44ca-a5fe-648472331a6b,MLA42857060,STORAGE_CAPACITY,Capacidad de almacenamiento,18646,8 GB,True,2025-04-03 12:09:12.812618,2025-04-03 12:09:12.812619
46266986-cda9-45be-8d7e-3501f88dffa6,MLA42857060,RAM_MEMORY,Memoria RAM,98978,1 GB,True,2025-04-03 12:09:12.812622,2025-04-03 12:09:12.812622
f34cf6e7-4d4e-470d-8270-2d592c88a6e3,MLA42857060,REMOTE_CONTROL_TYPE,Tipo de control remoto,17535337,De voz,True,2025-04-03 12:09:12.812625,2025-04-03 12:09:12.812625
fbff0d36-5315-48c4-b956-3dc734b5240e,MLA42857060,DEVICE_FORMAT,Formato del dispositivo,8616496,Stick,True,2025-04-03 12:09:12.812629,2025-04-03 12:09:12.812629
7cd1a4ea-84cc-4430-bd18-00b89298f6d5,MLA42857060,MAX_VIDEO_RESOLUTION,Resolución máxima de video,168332,Full HD,True,2025-04-03 12:09:12.812632,2025-04-03 12:09:12.812632
2682c9c0-d6cc-4413-a71e-655514eb4ccc,MLA42857060,COMPATIBLE_APPLICATIONS,Aplicaciones compatibles,,"Amazon Prime Video, Disney+, Google Play, Google TV, HBO, Netflix, Red Bull TV, Spotify, Twitch, YouTube",True,2025-04-03 12:09:12.812635,2025-04-03 12:09:12.812636
d3e0afe1-3aa5-449e-a1e2-78f332be4a9b,MLA42857060,RECOMMENDED_DEVICES,Dispositivos recomendados,,"Televisores, Televisores con HDMI",True,2025-04-03 12:09:12.812639,2025-04-03 12:09:12.812639
2c1d68a9-377b-489f-9adf-e7cf3228e4fe,MLA42857060,AUDIO_AND_VIDEO_INTERFACES,Interfaces de audio y video,,HDMI,True,2025-04-03 12:09:12.812642,2025-04-03 12:09:12.812642
c54295d2-850e-4f48-a09e-35a4a31ef881,MLA42857060,PORTS_AND_CONNECTORS_TYPES,Tipos de puertos y conectores,,Micro-USB,True,2025-04-03 12:09:12.812646,2025-04-03 12:09:12.812646
0647125f-660a-4b3f-a81a-5b60fc6eba89,MLA42857060,WITH_BLUETOOTH,Con Bluetooth,242085,Sí,True,2025-04-03 12:09:12.812649,2025-04-03 12:09:12.812649
5d5353b5-8320-4949-b338-8c16bf172db7,MLA42857060,WITH_WI_FI,Con Wi-Fi,242085,Sí,True,2025-04-03 12:09:12.812653,2025-04-03 12:09:12.812653
f19d6393-8375-44b0-bdfb-bd106bc50602,MLA42857060,WITH_INTEGRATED_VOICE_ASSISTANTS,Con asistentes de voz integrados,242085,Sí,True,2025-04-03 12:09:12.812656,2025-04-03 12:09:12.812656
19fd3599-6015-4eb1-9af5-592fa47136e5,MLA42857060,INTEGRATED_VOICE_ASSISTANTS,Asistentes de voz integrados,,Google Assistant,True,2025-04-03 12:09:12.812659,2025-04-03 12:09:12.812660
7d971672-ed27-4529-ae0a-9fc6b1ef1486,MLA42857060,INCLUDES_CELL_BATTERIES,Incluye pilas,242085,Sí,True,2025-04-03 12:09:12.812663,2025-04-03 12:09:12.812663
2bb9874e-87f3-4488-82e6-8e8c352bae84,MLA42857060,LENGTH,Largo,48543305,9.24 cm,True,2025-04-03 12:09:12.812666,2025-04-03 12:09:12.812666
2bf3d389-3daf-46d5-91b5-5663d809abe5,MLA42857060,WIDTH,Ancho,47792288,3.02 cm,True,2025-04-03 12:09:12.812670,2025-04-03 12:09:12.812670
bcb0e0e7-b15c-43fd-832e-9ad96449dc26,MLA42857060,HEIGHT,Altura,7817391,16 cm,True,2025-04-03 12:09:12.812673,2025-04-03 12:09:12.812673
6511a24b-aca8-4bec-9c8e-f98e704a9178,MLA42857060,WEIGHT,Peso,18956461,28.5 g,True,2025-04-03 12:09:12.812677,2025-04-03 12:09:12.812677
7cd046cc-9458-4372-a5fd-2f957a49001f,MLA42857060,OS_NAME,Nombre del sistema operativo,296858,Android,True,2025-04-03 12:09:12.812680,2025-04-03 12:09:12.812680
9f6d212b-1b19-4921-b765-02405351d431,MLA42857060,STREAMING_TECHNOLOGIES,Tecnologías de streaming,,Chromecast,True,2025-04-03 12:09:12.812683,2025-04-03 12:09:12.812684
d331ff7e-b563-4304-8004-a1e4140086ef,MLA42857060,AUDIO_QUALITY,Calidad de audio,,"DTS, Dolby Audio",True,2025-04-03 12:09:12.812687,2025-04-03 12:09:12.812687
dcff517b-55bc-4c4a-8a75-e30e2fddc71a,MLA42857060,LANGUAGE_OPTIONS,Opciones de idioma,,Español,True,2025-04-03 12:09:12.812690,2025-04-03 12:09:12.812690
a2fda76e-aa55-4a56-8120-bad2380d86a5,MLA42857060,MIN_OPERATING_SYSTEMS_REQUIRED,Sistemas operativos mínimos requeridos,,Android,True,2025-04-03 12:09:12.812693,2025-04-03 12:09:12.812694
5cb9a361-74d9-42d8-a96d-e1178b6b762e,MLA42857060,CPU,CPU,,Cortex-A53 Quad-Core,True,2025-04-03 12:09:12.812697,2025-04-03 12:09:12.812697
2a52fc8f-934e-446b-b0c6-679df80bab63,MLA42857060,GRAPHICS_PROCESSOR,Procesador gráfico,11771858,Mali-450 Penta-Core,True,2025-04-03 12:09:12.812700,2025-04-03 12:09:12.812700
a3ddf6c1-08f7-4761-b3dc-97190bb17d11,MLA42857060,WI_FI_STANDARDS,Estándares Wi-Fi,,IEEE 802.11a/b/g/n/ac,True,2025-04-03 12:09:12.812705,2025-04-03 12:09:12.812705
c09acf01-b27b-4c3a-bec0-6c1527485afe,MLA42857060,FREQUENCIES,Frecuencias,,"2.4 GHz, 5 GHz",True,2025-04-03 12:09:12.812708,2025-04-03 12:09:12.812709
79f92b5c-b007-4c85-b8fa-a3c5970570e3,MLA34219547,BRAND,Marca,27753328,WiiM,True,2025-04-03 12:09:12.812731,2025-04-03 12:09:12.812732
ebb010ff-b5be-4397-aff4-b089603de0ed,MLA34219547,MODEL,Modelo,34510142,Wiim Mini,True,2025-04-03 12:09:12.812735,2025-04-03 12:09:12.812735
5ce879db-d2f2-4fe3-8817-5c46d391f190,MLA34219547,GENERATION,Generación,34510141,1era,True,2025-04-03 12:09:12.812738,2025-04-03 12:09:12.812739
76ecbb21-3e2b-4617-883a-2848a7743688,MLA34219547,ALPHANUMERIC_MODEL,Modelo alfanumérico,34510140,ASR001,True,2025-04-03 12:09:12.812742,2025-04-03 12:09:12.812742
ebabf882-deb2-4d45-9ba2-667b101e3649,MLA34219547,COLOR,Color,52049,Negro,True,2025-04-03 12:09:12.812745,2025-04-03 12:09:12.812745
45621b8f-a036-4279-a190-bba31a6adb56,MLA34219547,REMOTE_CONTROL_TYPE,Tipo de control remoto,17535337,De voz,True,2025-04-03 12:09:12.812749,2025-04-03 12:09:12.812749
46ce4ab9-04a1-47c6-9782-627a03184af7,MLA34219547,DEVICE_FORMAT,Formato del dispositivo,8616496,Stick,True,2025-04-03 12:09:12.812752,2025-04-03 12:09:12.812752
b8a3a9e9-aa50-48f5-a390-8526f702b3d8,MLA34219547,AUDIO_AND_VIDEO_INTERFACES,Interfaces de audio y video,,S/PDIF óptico,True,2025-04-03 12:09:12.812755,2025-04-03 12:09:12.812756
5ca3ebd5-ad8e-4265-8b17-f84ebb97000d,MLA36100882,BRAND,Marca,27216,Amazon,True,2025-04-03 12:09:12.812778,2025-04-03 12:09:12.812778
be9c41ea-73b2-4f1b-bd0e-8a09527702ba,MLA36100882,MODEL,Modelo,9385552,Fire TV Stick Lite,True,2025-04-03 12:09:12.812782,2025-04-03 12:09:12.812782
1303b2af-6606-49cd-a367-05518f931059,MLA36100882,GENERATION,Generación,11281876,2.ª generación,True,2025-04-03 12:09:12.812786,2025-04-03 12:09:12.812786
c2ffaced-3a48-400d-9a1f-c7183ca5726a,MLA36100882,COLOR,Color,52049,Negro,True,2025-04-03 12:09:12.812789,2025-04-03 12:09:12.812789
4b60a75d-ba93-4061-a115-eb948e0795f3,MLA36100882,STORAGE_CAPACITY,Capacidad de almacenamiento,18646,8 GB,True,2025-04-03 12:09:12.812794,2025-04-03 12:09:12.812794
d16bbfa0-a0d7-4b68-8279-01d1c811b253,MLA36100882,RAM_MEMORY,Memoria RAM,98978,1 GB,True,2025-04-03 12:09:12.812797,2025-04-03 12:09:12.812798
e287cc4e-228d-465c-86c6-712ae21f4f0b,MLA36100882,REMOTE_CONTROL_TYPE,Tipo de control remoto,17535337,De voz,True,2025-04-03 12:09:12.812801,2025-04-03 12:09:12.812801
9358d0e6-ffe2-402a-adae-7063142a793f,MLA36100882,DEVICE_FORMAT,Formato del dispositivo,8616496,Stick,True,2025-04-03 12:09:12.812804,2025-04-03 12:09:12.812805
4891c3e1-64ac-417c-b0b5-4009d72bb1a9,MLA36100882,MAX_VIDEO_RESOLUTION,Resolución máxima de video,43959095,Full HD,True,2025-04-03 12:09:12.812808,2025-04-03 12:09:12.812808
297ae802-bb3f-4f02-be76-cf0aa619b37a,MLA36100882,COMPATIBLE_APPLICATIONS,Aplicaciones compatibles,,"Amazon Prime Video, Disney+, Netflix, YouTube, ESPN, Hulu, Tubi, Sling, Peacock, Starz, Amazon Music",True,2025-04-03 12:09:12.812811,2025-04-03 12:09:12.812811
5dc649d6-cf58-4391-8b7c-f8304d8faa6a,MLA36100882,RECOMMENDED_DEVICES,Dispositivos recomendados,,"Celulares, Tablets, Computadoras portátiles, Proyectores",True,2025-04-03 12:09:12.812815,2025-04-03 12:09:12.812815
4b044db9-509d-4ee9-9395-d3ddccdb6701,MLA36100882,AUDIO_AND_VIDEO_INTERFACES,Interfaces de audio y video,,HDMI,True,2025-04-03 12:09:12.812818,2025-04-03 12:09:12.812818
c7caee38-bade-47e2-a2b5-f9a82deee94d,MLA36100882,PORTS_AND_CONNECTORS_TYPES,Tipos de puertos y conectores,,Micro-USB,True,2025-04-03 12:09:12.812822,2025-04-03 12:09:12.812822
dbe72822-9d87-4664-8572-47dcef0e9e88,MLA36100882,MANUFACTURER,Fabricante,46881956,Amazon Services LLC,True,2025-04-03 12:09:12.812825,2025-04-03 12:09:12.812825
d8e70231-4740-4355-8f6c-6fbaddb89bb7,MLA36100882,ANATEL_HOMOLOGATION_NUMBER,Homologación Anatel Nº,40365684,92532001698,True,2025-04-03 12:09:12.812829,2025-04-03 12:09:12.812829
dd0339f8-cd58-453f-b5e0-08c509fd908e,MLA36100882,WITH_BLUETOOTH,Con Bluetooth,242085,Sí,True,2025-04-03 12:09:12.812832,2025-04-03 12:09:12.812832
43249cc7-3440-4792-bb27-65b9473712bd,MLA36100882,WITH_WI_FI,Con Wi-Fi,242085,Sí,True,2025-04-03 12:09:12.812835,2025-04-03 12:09:12.812836
3f7a0892-f9a7-4cc5-9b9f-21cc6d107825,MLA36100882,WITH_INTEGRATED_VOICE_ASSISTANTS,Con asistentes de voz integrados,242085,Sí,True,2025-04-03 12:09:12.812839,2025-04-03 12:09:12.812839
1e866a95-cff8-4737-aa2a-44ca0393fe6f,MLA36100882,INTEGRATED_VOICE_ASSISTANTS,Asistentes de voz integrados,,Alexa,True,2025-04-03 12:09:12.812842,2025-04-03 12:09:12.812842
9876c6f6-2ef3-4901-b960-95fc4a31c878,MLA36100882,INCLUDES_HDMI_CABLE,Incluye cable HDMI,242085,Sí,True,2025-04-03 12:09:12.812846,2025-04-03 12:09:12.812846
74aa959f-bf2d-44a3-a570-560ab2de7603,MLA36100882,INCLUDES_CELL_BATTERIES,Incluye pilas,242085,Sí,True,2025-04-03 12:09:12.812849,2025-04-03 12:09:12.812849
f7f82052-8c37-4a30-9922-5c105dbd399e,MLA36100882,LENGTH,Largo,7897766,8.6 cm,True,2025-04-03 12:09:12.812853,2025-04-03 12:09:12.812853
a88c5771-481c-4286-b3e2-dcada59f9a0b,MLA36100882,WIDTH,Ancho,8183459,3 cm,True,2025-04-03 12:09:12.812856,2025-04-03 12:09:12.812856
6db613ef-494e-4753-b7bd-660853244b77,MLA36100882,HEIGHT,Altura,7857377,13 cm,True,2025-04-03 12:09:12.812860,2025-04-03 12:09:12.812860
bfc94c9a-5e5f-4153-8f97-1e3893ec737d,MLA36100882,WEIGHT,Peso,18372933,32 g,True,2025-04-03 12:09:12.812863,2025-04-03 12:09:12.812863
f72d1c67-999b-40cc-b40a-a35999a4d50a,MLA36100882,OS_NAME,Nombre del sistema operativo,8838356,Fire OS 7,True,2025-04-03 12:09:12.812866,2025-04-03 12:09:12.812867
00747cfe-ab76-4079-9553-e2b8f94e2168,MLA36100882,STREAMING_TECHNOLOGIES,Tecnologías de streaming,,Fire OS 7,True,2025-04-03 12:09:12.812870,2025-04-03 12:09:12.812870
f080eeff-fe16-4e6f-80c4-e72a02288d71,MLA36100882,AUDIO_QUALITY,Calidad de audio,,"Dolby Digital, Dolby Digital+",True,2025-04-03 12:09:12.812873,2025-04-03 12:09:12.812874
07ce27a0-4cd9-4ff5-93e1-3d8fe346ef57,MLA36100882,MIN_OPERATING_SYSTEMS_REQUIRED,Sistemas operativos mínimos requeridos,,"Android, iOS, Fire OS",True,2025-04-03 12:09:12.812877,2025-04-03 12:09:12.812877
93535278-7dba-46ed-b5e4-f8e40f6df669,MLA36100882,CPU,CPU,,Quad-Core,True,2025-04-03 12:09:12.812880,2025-04-03 12:09:12.812880
c5baaa1a-7f3b-465b-ab35-360e14c4dd90,MLA36100882,GRAPHICS_PROCESSOR,Procesador gráfico,9129451,IMG GE8300,True,2025-04-03 12:09:12.812885,2025-04-03 12:09:12.812885
52b98586-93a4-4681-b3ab-ed420141980b,MLA36100882,WI_FI_STANDARDS,Estándares Wi-Fi,,IEEE 802.11a/b/g/n/ac,True,2025-04-03 12:09:12.812888,2025-04-03 12:09:12.812889
f709511b-8e51-47c2-9e77-207ddedd83aa,MLA36100882,FREQUENCIES,Frecuencias,,"2.4 GHz, 5 GHz",True,2025-04-03 12:09:12.812892,2025-04-03 12:09:12.812892
fdb1f967-3066-43ee-8f3c-57c709913b4f,MLA34350481,BRAND,Marca,32214925,Moesgo,True,2025-04-03 12:09:12.812912,2025-04-03 12:09:12.812912
80981104-967f-4205-b67a-59fbad9df84e,MLA34350481,WITH_WI_FI,Con Wi-Fi,242085,Sí,True,2025-04-03 12:09:12.812915,2025-04-03 12:09:12.812915
0a88ec2e-918e-475f-9c73-ba2182b71bc6,MLA46424691,BRAND,Marca,105617,Tomate,True,2025-04-03 12:09:12.812940,2025-04-03 12:09:12.812940
36364fe1-0434-4eea-872f-a9683585f773,MLA46424691,LINE,Línea,47928992,Dongle,True,2025-04-03 12:09:12.812943,2025-04-03 12:09:12.812943
b0c8669e-3edb-4eec-9439-4f1cd1d17acd,MLA46424691,MODEL,Modelo,47928993,MPD-G02,True,2025-04-03 12:09:12.812947,2025-04-03 12:09:12.812947
0e25296d-657a-4aeb-ba1a-a5ea4abca19d,MLA46424691,GENERATION,Generación,42813492,1a generación,True,2025-04-03 12:09:12.812950,2025-04-03 12:09:12.812950
371444bd-9761-4d68-b2d1-ad3d86be6cd2,MLA46424691,ALPHANUMERIC_MODEL,Modelo alfanumérico,47928991,MPD-G02,True,2025-04-03 12:09:12.812953,2025-04-03 12:09:12.812954
dd683e2f-32ba-4c82-b74d-784e817b40c9,MLA46424691,COLOR,Color,52049,Negro,True,2025-04-03 12:09:12.812957,2025-04-03 12:09:12.812957
a3c78c22-4087-408d-a09d-8fc36887262f,MLA46424691,REMOTE_CONTROL_TYPE,Tipo de control remoto,182134,Estándar,True,2025-04-03 12:09:12.812960,2025-04-03 12:09:12.812960
25483ce6-8341-4c14-bdca-29d4d959cd72,MLA46424691,MAIN_COLOR,Color principal,2450295,Negro,True,2025-04-03 12:09:12.812964,2025-04-03 12:09:12.812964
0c6d3dc4-82d6-4650-9948-0c207e63b440,MLA46424691,DEVICE_FORMAT,Formato del dispositivo,9234856,Pendant Box,True,2025-04-03 12:09:12.812967,2025-04-03 12:09:12.812967
b1f48511-29e8-486a-8936-7de84ccd7aed,MLA46424691,MAX_VIDEO_RESOLUTION,Resolución máxima de video,168332,Full HD,True,2025-04-03 12:09:12.812971,2025-04-03 12:09:12.812971
cb8abf0b-9674-47cd-bd89-7cfb584acab1,MLA46424691,MANUFACTURER,Fabricante,105617,Tomate,True,2025-04-03 12:09:12.812974,2025-04-03 12:09:12.812974
70bf457f-8b9c-4bd9-84f2-2d2e4882595d,MLA46424691,WITH_BLUETOOTH,Con Bluetooth,242084,No,True,2025-04-03 12:09:12.812977,2025-04-03 12:09:12.812978
7cb281ec-4159-4a3f-b785-0830b4f5c1bc,MLA46424691,WITH_WI_FI,Con Wi-Fi,242085,Sí,True,2025-04-03 12:09:12.812981,2025-04-03 12:09:12.812981
49cfb708-3d3d-4922-b09d-bb651b95d230,MLA46424691,WITH_INTEGRATED_VOICE_ASSISTANTS,Con asistentes de voz integrados,242084,No,True,2025-04-03 12:09:12.812984,2025-04-03 12:09:12.812984
a7b581c4-126a-4a26-a233-7c7d995f0e44,MLA46424691,INCLUDES_HDMI_CABLE,Incluye cable HDMI,242084,No,True,2025-04-03 12:09:12.812988,2025-04-03 12:09:12.812988
2c8b7ebc-9ccc-4668-8fb3-44f3a91f00fb,MLA46424691,INCLUDES_CELL_BATTERIES,Incluye pilas,242084,No,True,2025-04-03 12:09:12.812991,2025-04-03 12:09:12.812991
4755db26-81cd-4531-bdd7-54f123fcf402,MLA46424691,LENGTH,Largo,7175979,15 cm,True,2025-04-03 12:09:12.812995,2025-04-03 12:09:12.812995
e5f992c9-10cc-4c32-9869-c40e02e32ebb,MLA46424691,WIDTH,Ancho,7828417,6 cm,True,2025-04-03 12:09:12.812998,2025-04-03 12:09:12.812998
9551c57a-549f-4cd3-b605-4f015212017d,MLA46424691,HEIGHT,Altura,7891817,3 cm,True,2025-04-03 12:09:12.813001,2025-04-03 12:09:12.813002
9f7c3223-b2da-47d7-8e65-efeccd1cc9d9,MLA46424691,WEIGHT,Peso,18372933,32 g,True,2025-04-03 12:09:12.813005,2025-04-03 12:09:12.813005
2fd96aa7-1f81-49ad-903d-07085040f88d,MLA46424691,OS_NAME,Nombre del sistema operativo,296858,Android,True,2025-04-03 12:09:12.813008,2025-04-03 12:09:12.813008
01439304-92cd-4b24-a6c9-6451cdf6b832,MLA41915257,BRAND,Marca,38483540,Lihuzmd,True,2025-04-03 12:09:12.813043,2025-04-03 12:09:12.813043
6c44e0b0-1e08-4290-ac2a-7ddab26bcea2,MLA41915257,COLOR,Color,52049,Negro,True,2025-04-03 12:09:12.813047,2025-04-03 12:09:12.813047
a48d7463-d8b0-42dd-892d-3f33cc99e5ca,MLA41915257,DEVICE_FORMAT,Formato del dispositivo,8616495,TV Box,True,2025-04-03 12:09:12.813050,2025-04-03 12:09:12.813050
68d2664b-0a83-431a-a583-19fe09d6e917,MLA41915257,AUDIO_AND_VIDEO_INTERFACES,Interfaces de audio y video,,HDMI,True,2025-04-03 12:09:12.813054,2025-04-03 12:09:12.813054
e2a6f89b-2301-46bf-b126-f1cf9b703271,MLA41915257,PORTS_AND_CONNECTORS_TYPES,Tipos de puertos y conectores,,"USB-A, Ethernet, Micro-USB",True,2025-04-03 12:09:12.813057,2025-04-03 12:09:12.813057
1348146b-37b2-41fe-839d-b0ef5d441bf3,MLA41915257,WITH_WI_FI,Con Wi-Fi,242085,Sí,True,2025-04-03 12:09:12.813060,2025-04-03 12:09:12.813061
8cd07fcb-e60f-4b45-a56e-b9705b455389,MLA37501143,BRAND,Marca,22404,AOpen,True,2025-04-03 12:09:12.813077,2025-04-03 12:09:12.813077
3fee2810-bf65-4f31-8c07-a5930657101d,MLA46615984,BRAND,Marca,5582293,Ncomputing,True,2025-04-03 12:09:12.813093,2025-04-03 12:09:12.813093
b6c9b114-b86e-4d0c-abed-e733d4717c3b,MLA41101465,BRAND,Marca,28202297,Formuler,True,2025-04-03 12:09:12.813123,2025-04-03 12:09:12.813123
cb6416f9-ffca-47b2-9993-242f7720a8d0,MLA41101465,MODEL,Modelo,10287805,Z10 Pro,True,2025-04-03 12:09:12.813126,2025-04-03 12:09:12.813126
aaac6d10-8eb7-449f-a61f-b55cc4fc965f,MLA41101465,COLOR,Color,52049,Negro,True,2025-04-03 12:09:12.813129,2025-04-03 12:09:12.813130
83f0d8bf-82f8-42cf-9288-ba7436f1cda8,MLA41101465,REMOTE_CONTROL_TYPE,Tipo de control remoto,182134,Estándar,True,2025-04-03 12:09:12.813133,2025-04-03 12:09:12.813133
fad24897-13db-43dc-a98e-1933b1c45868,MLA41101465,DEVICE_FORMAT,Formato del dispositivo,8616495,TV Box,True,2025-04-03 12:09:12.813136,2025-04-03 12:09:12.813136
bddcb289-1ce9-4c46-a119-4f51b7997a55,MLA34337474,BRAND,Marca,17512641,DBA,True,2025-04-03 12:09:12.813167,2025-04-03 12:09:12.813168
a98ebe9e-9929-4532-8c18-c29a932f6b70,MLA27803562,BRAND,Marca,27216,Amazon,True,2025-04-03 12:09:12.813190,2025-04-03 12:09:12.813190
bd1dc184-3793-4575-8018-53a1c672eb18,MLA27803562,LINE,Línea,25410030,Fire tv Stick,True,2025-04-03 12:09:12.813193,2025-04-03 12:09:12.813193
4b13d7dc-02c9-4125-97bb-52b8e1f071d5,MLA27803562,MODEL,Modelo,11158915,Fire TV Stick,True,2025-04-03 12:09:12.813197,2025-04-03 12:09:12.813197
8786aae4-a912-46b1-9f08-4dbf97c911fd,MLA27803562,GENERATION,Generación,8248559,3.ª generación,True,2025-04-03 12:09:12.813200,2025-04-03 12:09:12.813200
750dce3a-29ae-4d76-8714-ec0fb3bd2190,MLA27803562,ALPHANUMERIC_MODEL,Modelo alfanumérico,39185578,Fire TV Stick 3° Geração,True,2025-04-03 12:09:12.813204,2025-04-03 12:09:12.813204
03317ffa-fc8c-40cb-90cb-789e8d528b0d,MLA27803562,COLOR,Color,52049,Negro,True,2025-04-03 12:09:12.813207,2025-04-03 12:09:12.813207
c49c430d-a2c5-4d7b-a2d8-50735ce5bc06,MLA27803562,STORAGE_CAPACITY,Capacidad de almacenamiento,18646,8 GB,True,2025-04-03 12:09:12.813211,2025-04-03 12:09:12.813211
57851049-3eb1-4acc-a346-ec3f3ca9dfb6,MLA27803562,RAM_MEMORY,Memoria RAM,445970,2 GB,True,2025-04-03 12:09:12.813214,2025-04-03 12:09:12.813214
b482f288-8e07-44d4-9cc4-ceb11ccb428a,MLA27803562,REMOTE_CONTROL_TYPE,Tipo de control remoto,17535337,De voz,True,2025-04-03 12:09:12.813218,2025-04-03 12:09:12.813218
47f1402e-3738-4f93-b380-3eb9587ecb65,MLA27803562,MAIN_COLOR,Color principal,2450295,Negro,True,2025-04-03 12:09:12.813221,2025-04-03 12:09:12.813221
643d711b-c304-4dcc-b47e-2c9ba670daf9,MLA27803562,DEVICE_FORMAT,Formato del dispositivo,8616496,Stick,True,2025-04-03 12:09:12.813226,2025-04-03 12:09:12.813226
3f3e61cb-9a51-42f0-9f2c-0ec04fda6f50,MLA27803562,MAX_VIDEO_RESOLUTION,Resolución máxima de video,168331,HD,True,2025-04-03 12:09:12.813229,2025-04-03 12:09:12.813229
831c73be-b8e6-41a9-946b-d75dc118f2ef,MLA27803562,RECOMMENDED_DEVICES,Dispositivos recomendados,,Televisores con HDMI,True,2025-04-03 12:09:12.813233,2025-04-03 12:09:12.813233
d8451f2f-c8d8-4575-b451-4e6b70b41193,MLA27803562,AUDIO_AND_VIDEO_INTERFACES,Interfaces de audio y video,,HDMI,True,2025-04-03 12:09:12.813236,2025-04-03 12:09:12.813236
10bc004b-9353-413f-93be-534ac259fd50,MLA27803562,WITH_BLUETOOTH,Con Bluetooth,242085,Sí,True,2025-04-03 12:09:12.813240,2025-04-03 12:09:12.813240
681e1682-b263-4561-b79c-87a3819e4a92,MLA27803562,WITH_WI_FI,Con Wi-Fi,242085,Sí,True,2025-04-03 12:09:12.813243,2025-04-03 12:09:12.813243
6eafd558-aa47-4d65-9d45-e6ad3ddf7b86,MLA27803562,WITH_INTEGRATED_VOICE_ASSISTANTS,Con asistentes de voz integrados,242085,Sí,True,2025-04-03 12:09:12.813246,2025-04-03 12:09:12.813247
56b8dd9e-74d0-41d5-b9b6-6b9df017f146,MLA27803562,INTEGRATED_VOICE_ASSISTANTS,Asistentes de voz integrados,,Alexa,True,2025-04-03 12:09:12.813250,2025-04-03 12:09:12.813250
452e86ce-3e20-45c1-b949-4dcae7f2f26d,MLA27803562,INCLUDES_HDMI_CABLE,Incluye cable HDMI,242085,Sí,True,2025-04-03 12:09:12.813253,2025-04-03 12:09:12.813254
2d3700d1-da50-494d-9303-5cdd1fc5f4c3,MLA27803562,OS_NAME,Nombre del sistema operativo,296858,Android,True,2025-04-03 12:09:12.813257,2025-04-03 12:09:12.813257
936dc0b9-3931-4ba4-8378-7f5bd41585eb,MLA27803562,AUDIO_QUALITY,Calidad de audio,,Dolby Audio,True,2025-04-03 12:09:12.813260,2025-04-03 12:09:12.813260
fa293a54-a230-438e-b1b6-d11477e256e6,MLA27803562,MIN_OPERATING_SYSTEMS_REQUIRED,Sistemas operativos mínimos requeridos,,Android,True,2025-04-03 12:09:12.813264,2025-04-03 12:09:12.813264
1f801d3e-acd5-423e-94e2-1543b1f1d376,MLA27803562,GRAPHICS_PROCESSOR,Procesador gráfico,8249292,Mali-450,True,2025-04-03 12:09:12.813267,2025-04-03 12:09:12.813267
13b9bbaa-e779-4b7f-9bcb-c7b02e7dac98,MLA25208882,BRAND,Marca,14890066,Outro,True,2025-04-03 12:09:12.813318,2025-04-03 12:09:12.813318
529438b9-4d77-4169-abf4-e2e6b9a9a876,MLA25208882,LINE,Línea,340816,Chromecast,True,2025-04-03 12:09:12.813322,2025-04-03 12:09:12.813322
2fb86e8a-9ccd-40aa-94ac-06bef9033162,MLA25208882,MODEL,Modelo,21801061,Google Chromecast 3 Hdmi Hd,True,2025-04-03 12:09:12.813325,2025-04-03 12:09:12.813326
0ed1dc8b-093d-486f-ad1a-4f4c4cf5d62d,MLA25208882,ALPHANUMERIC_MODEL,Modelo alfanumérico,14342600,Chromecast 3,True,2025-04-03 12:09:12.813329,2025-04-03 12:09:12.813329
0058d734-9000-4749-b945-1dd13255e0c7,MLA32379038,BRAND,Marca,52701,Google,True,2025-04-03 12:09:12.813343,2025-04-03 12:09:12.813343
211b9c50-ffb1-4864-b76f-98ddfc3062ec,MLA32379038,LINE,Línea,340816,Chromecast,True,2025-04-03 12:09:12.813346,2025-04-03 12:09:12.813346
0dc25169-610b-4884-9432-2ceb80eb6446,MLA32379038,MODEL,Modelo,49385964,Google Home Mini & Chromecast,True,2025-04-03 12:09:12.813350,2025-04-03 12:09:12.813350
c0448f51-9332-4ad5-b7a2-e89b3453ba17,MLA32379038,GENERATION,Generación,11281876,2.ª generación,True,2025-04-03 12:09:12.813353,2025-04-03 12:09:12.813354
5c0238ce-c27b-463a-b8fb-4b1a2737af64,MLA32379038,ALPHANUMERIC_MODEL,Modelo alfanumérico,49385965,Google Home Mini & Chromecast,True,2025-04-03 12:09:12.813357,2025-04-03 12:09:12.813357
c7829907-8b7a-42ea-bff5-c08548b236c0,MLA40203816,BRAND,Marca,15071817,Fi,True,2025-04-03 12:09:12.813373,2025-04-03 12:09:12.813373
ef0600b1-5dad-4f1c-a9ec-1358fd9df43f,MLA40203816,LINE,Línea,340816,Chromecast,True,2025-04-03 12:09:12.813376,2025-04-03 12:09:12.813377
8d3e7c3d-4965-45da-bb30-539a00a90e1d,MLA40203816,MODEL,Modelo,11281877,Chromecast,True,2025-04-03 12:09:12.813380,2025-04-03 12:09:12.813380
3b5f286c-ffd0-4c8e-9775-934fcb47c511,MLA40203816,ALPHANUMERIC_MODEL,Modelo alfanumérico,27175890,Google Chromecast Hdmi 1080P,True,2025-04-03 12:09:12.813383,2025-04-03 12:09:12.813384
771cb66a-cd28-47b9-ad39-c767da0cb0c4,MLA40203816,DEVICE_FORMAT,Formato del dispositivo,9234856,Pendant Box,True,2025-04-03 12:09:12.813387,2025-04-03 12:09:12.813387
04268fff-8c70-49eb-b494-32c144696453,MLA29652225,BRAND,Marca,52701,Google,True,2025-04-03 12:09:12.813401,2025-04-03 12:09:12.813401
84544bfe-e76b-4f01-a088-7b6d2006c1b8,MLA29652225,MODEL,Modelo,11281877,Chromecast,True,2025-04-03 12:09:12.813404,2025-04-03 12:09:12.813404
4104a97b-9315-451c-9d55-305e2dccef21,MLA29652225,GENERATION,Generación,8248559,3.ª generación,True,2025-04-03 12:09:12.813408,2025-04-03 12:09:12.813408
082907cc-d5c7-44f8-9a76-24551c732f8c,MLA29652225,ALPHANUMERIC_MODEL,Modelo alfanumérico,14342600,Chromecast 3,True,2025-04-03 12:09:12.813411,2025-04-03 12:09:12.813411
c2d4b8bc-3be9-4dbb-a296-f2377855e1ad,MLA29652225,MANUFACTURER,Fabricante,52701,Google,True,2025-04-03 12:09:12.813414,2025-04-03 12:09:12.813415
c9604236-7e01-448d-a477-a21a5491a2cc,MLA29652225,WITH_INTEGRATED_VOICE_ASSISTANTS,Con asistentes de voz integrados,242084,No,True,2025-04-03 12:09:12.813418,2025-04-03 12:09:12.813418
2e82c033-593e-4d25-9f5b-5c4906f644f6,MLA29652225,INCLUDES_CELL_BATTERIES,Incluye pilas,242084,No,True,2025-04-03 12:09:12.813421,2025-04-03 12:09:12.813421
8f49393c-55a3-4907-b870-334a491cf685,MLA29652225,WEIGHT,Peso,19174041,39.1 g,True,2025-04-03 12:09:12.813425,2025-04-03 12:09:12.813425
d5831675-0f8b-4bfd-bda1-b94f8969e418,MLA29652225,LANGUAGE_OPTIONS,Opciones de idioma,,"Español, Inglés",True,2025-04-03 12:09:12.813428,2025-04-03 12:09:12.813428
7180ab94-e463-45de-8478-4704e8c97406,MLA29652225,CPU,CPU,,Cortex-A7 Dual-Core,True,2025-04-03 12:09:12.813431,2025-04-03 12:09:12.813432
73b5847b-8d99-4ac1-a789-5f05ae08dfaf,MLA36344212,BRAND,Marca,9701064,BR,True,2025-04-03 12:09:12.813445,2025-04-03 12:09:12.813445
de3ec171-9622-419b-a2e4-aae0513dc50e,MLA36344212,LINE,Línea,340816,Chromecast,True,2025-04-03 12:09:12.813448,2025-04-03 12:09:12.813448
173ef004-47e8-4d3d-9b08-6fb0fb76250e,MLA36344212,MODEL,Modelo,11281877,Chromecast,True,2025-04-03 12:09:12.813452,2025-04-03 12:09:12.813452
8c7fb086-50d0-4324-baa3-dc098000ab32,MLA36344212,GENERATION,Generación,8248559,3.ª generación,True,2025-04-03 12:09:12.813459,2025-04-03 12:09:12.813459
4f37b420-71fe-4227-aa49-f47ee9de19d2,MLA36344212,ALPHANUMERIC_MODEL,Modelo alfanumérico,14342600,Chromecast 3,True,2025-04-03 12:09:12.813463,2025-04-03 12:09:12.813463
2f7cfbc2-7d88-418d-97ef-151e48b4026e,MLA43953849,BRAND,Marca,52701,Google,True,2025-04-03 12:09:12.813476,2025-04-03 12:09:12.813476
2dbf3f51-bfe0-42d1-8b3f-3c38f0d9fb60,MLA43953849,LINE,Línea,44160816,Adaptador Chromecast 2015,True,2025-04-03 12:09:12.813479,2025-04-03 12:09:12.813480
6f8866af-6efc-4ea6-99f6-1b50c2466ed9,MLA43953849,MODEL,Modelo,44160819,Adaptador Chromecast,True,2025-04-03 12:09:12.813483,2025-04-03 12:09:12.813483
482c8493-c1fd-4a39-9582-2482801e8bb8,MLA43953849,GENERATION,Generación,33089908,2ª generación,True,2025-04-03 12:09:12.813486,2025-04-03 12:09:12.813486
09d8c63a-b7dd-41d4-a522-07c2903e9e67,MLA43953849,DEVICE_FORMAT,Formato del dispositivo,8616496,Stick,True,2025-04-03 12:09:12.813490,2025-04-03 12:09:12.813490
b61b03a1-6b46-4aec-af45-28f815bf8a8f,MLA43953849,PORTS_AND_CONNECTORS_TYPES,Tipos de puertos y conectores,,HDMI USB,True,2025-04-03 12:09:12.813493,2025-04-03 12:09:12.813493
08dabd07-8d1b-4781-b408-559a1ac211f4,MLA43953849,WITH_BLUETOOTH,Con Bluetooth,242085,Sí,True,2025-04-03 12:09:12.813497,2025-04-03 12:09:12.813497
17023fd4-e3d6-4266-9fb4-15b73659f56d,MLA43953849,WITH_WI_FI,Con Wi-Fi,242085,Sí,True,2025-04-03 12:09:12.813500,2025-04-03 12:09:12.813500
66921aae-59fd-4950-8911-69cf89b071af,MLA43953849,WITH_INTEGRATED_VOICE_ASSISTANTS,Con asistentes de voz integrados,242084,No,True,2025-04-03 12:09:12.813504,2025-04-03 12:09:12.813504
112b84f3-85f4-4a6e-b395-3e52d3f58ea5,MLA43953849,INCLUDES_HDMI_CABLE,Incluye cable HDMI,242085,Sí,True,2025-04-03 12:09:12.813507,2025-04-03 12:09:12.813507
56021334-215c-4268-98be-ce03408fe4be,MLA43953849,INCLUDES_CELL_BATTERIES,Incluye pilas,242084,No,True,2025-04-03 12:09:12.813510,2025-04-03 12:09:12.813511
3316b4d5-67d7-448b-b7f8-a1af3ca79803,MLA34185744,BRAND,Marca,52701,Google,True,2025-04-03 12:09:12.813527,2025-04-03 12:09:12.813527
87b72d76-aa31-4f65-b16b-2313f9e8aa37,MLA34185744,LINE,Línea,340816,Chromecast,True,2025-04-03 12:09:12.813530,2025-04-03 12:09:12.813530
dba8cde8-ca63-4d42-83fb-e6cdf82a0a27,MLA34185744,MODEL,Modelo,48553282,Chromecast 3,True,2025-04-03 12:09:12.813534,2025-04-03 12:09:12.813534
1bd57247-cf61-4ad5-ae52-fd8f6282b828,MLA34185744,GENERATION,Generación,10910111,4.ª generación,True,2025-04-03 12:09:12.813537,2025-04-03 12:09:12.813537
742e0290-dbd3-4485-b4c2-6499235091ab,MLA34185744,ALPHANUMERIC_MODEL,Modelo alfanumérico,14342600,Chromecast 3,True,2025-04-03 12:09:12.813541,2025-04-03 12:09:12.813541
611caa4f-05fc-4efa-8e48-79cd94ee13d4,MLA25444469,BRAND,Marca,276243,Genérica,True,2025-04-03 12:09:12.813561,2025-04-03 12:09:12.813561
7eb0efb8-b0a5-4dac-b838-61966cbc52d2,MLA25444469,LINE,Línea,340816,Chromecast,True,2025-04-03 12:09:12.813565,2025-04-03 12:09:12.813565
c74d1c70-0c42-47ec-89b4-2e68713faeb7,MLA25444469,MODEL,Modelo,48553282,Chromecast 3,True,2025-04-03 12:09:12.813568,2025-04-03 12:09:12.813568
fe165735-2406-4b8e-9cc4-bd7da15c69f8,MLA25444469,GENERATION,Generación,8248559,3.ª generación,True,2025-04-03 12:09:12.813572,2025-04-03 12:09:12.813572
efcf10be-98cd-4a2c-8b76-742c4c5e4c88,MLA25444469,ALPHANUMERIC_MODEL,Modelo alfanumérico,14342600,Chromecast 3,True,2025-04-03 12:09:12.813575,2025-04-03 12:09:12.813575
b44ba7ba-3a58-46f0-a778-884c5b9c3443,MLA25444469,INCLUDES_HDMI_CABLE,Incluye cable HDMI,242085,Sí,True,2025-04-03 12:09:12.813578,2025-04-03 12:09:12.813579
5ef4b0eb-97ed-4a7d-8d0d-c59c57db2030,MLA21622180,BRAND,Marca,52701,Google,True,2025-04-03 12:09:12.813602,2025-04-03 12:09:12.813602
f3ba5b36-f10d-466a-b56e-03dc9e00adcd,MLA21622180,MODEL,Modelo,16599919,Chromecast 4 2015,True,2025-04-03 12:09:12.813605,2025-04-03 12:09:12.813605
b593b9cb-6fdf-401c-a706-a96292c3faab,MLA21622180,GENERATION,Generación,10910111,4.ª generación,True,2025-04-03 12:09:12.813609,2025-04-03 12:09:12.813609
9c5d6d3e-bde3-4bec-b62a-6529910159f7,MLA21622180,ALPHANUMERIC_MODEL,Modelo alfanumérico,16511572,Chromecast 4,True,2025-04-03 12:09:12.813612,2025-04-03 12:09:12.813612
46a83c01-c5a7-4fea-a1a7-238292b0b7d1,MLA21622180,DEVICE_FORMAT,Formato del dispositivo,9234856,Pendant Box,True,2025-04-03 12:09:12.813615,2025-04-03 12:09:12.813616
5e4bfb74-933b-4e82-a21b-a2d763d561ae,MLA21622180,MAX_VIDEO_RESOLUTION,Resolución máxima de video,169883,4K,True,2025-04-03 12:09:12.813619,2025-04-03 12:09:12.813619
148e6bed-01ed-4907-a042-4e6a9dcf7169,MLA21622180,COMPATIBLE_APPLICATIONS,Aplicaciones compatibles,,"Amazon Prime Video, Disney+, Google TV, HBO Go, Hulu, Netflix, Spotify, Starz, Tubi, Vudu, YouTube",True,2025-04-03 12:09:12.813622,2025-04-03 12:09:12.813622
d752c916-2a8d-45ab-a03f-359012bb8516,MLA21622180,AUDIO_AND_VIDEO_INTERFACES,Interfaces de audio y video,,HDMI,True,2025-04-03 12:09:12.813626,2025-04-03 12:09:12.813626
b4247b79-fb5d-4b0d-87de-8f2d92ebb255,MLA21622180,PORTS_AND_CONNECTORS_TYPES,Tipos de puertos y conectores,,USB-C,True,2025-04-03 12:09:12.813629,2025-04-03 12:09:12.813629
d8cd2a74-7ed1-4741-ae0a-89f99102e005,MLA21622180,MANUFACTURER,Fabricante,40905235,Google Llc,True,2025-04-03 12:09:12.813632,2025-04-03 12:09:12.813632
b31dbc36-90ea-4e83-8bad-ad181aad1a33,MLA21622180,WITH_WI_FI,Con Wi-Fi,242085,Sí,True,2025-04-03 12:09:12.813636,2025-04-03 12:09:12.813636
9000b293-1e7e-48a2-86f9-c01ff0831bb4,MLA21622180,WITH_INTEGRATED_VOICE_ASSISTANTS,Con asistentes de voz integrados,242085,Sí,True,2025-04-03 12:09:12.813639,2025-04-03 12:09:12.813639
ac2e9fa1-ee92-48b6-b05d-36e228b711e8,MLA21622180,INTEGRATED_VOICE_ASSISTANTS,Asistentes de voz integrados,,Google Assistant,True,2025-04-03 12:09:12.813643,2025-04-03 12:09:12.813643
eda485e9-f6a6-463c-a6b9-1a5242060b99,MLA21622180,OS_NAME,Nombre del sistema operativo,7601503,Android TV,True,2025-04-03 12:09:12.813646,2025-04-03 12:09:12.813646
9bbeb9f3-71df-4152-b5d3-96908c535d75,MLA21622180,STREAMING_TECHNOLOGIES,Tecnologías de streaming,,Google Cast,True,2025-04-03 12:09:12.813649,2025-04-03 12:09:12.813650
24f33a5a-0dc8-42cb-a8bf-8a02b855801d,MLA21622180,AUDIO_QUALITY,Calidad de audio,,Dolby Audio,True,2025-04-03 12:09:12.813653,2025-04-03 12:09:12.813653
89423933-9f9d-4e7a-a367-3aa8a6497346,MLA21622180,WI_FI_STANDARDS,Estándares Wi-Fi,,"2.4GHz, 5.8GHz",True,2025-04-03 12:09:12.813656,2025-04-03 12:09:12.813656
e658608b-03b1-44db-8740-150a9bcca3ae,MLA28801483,BRAND,Marca,52701,Google,True,2025-04-03 12:09:12.813670,2025-04-03 12:09:12.813670
52c55009-5908-4a50-becf-3487f55f297a,MLA28801483,LINE,Línea,18125895,"notebook, macbook",True,2025-04-03 12:09:12.813673,2025-04-03 12:09:12.813674
bae345ec-b83a-4e13-9b60-c1704f9e7563,MLA28801483,MODEL,Modelo,11281877,Chromecast,True,2025-04-03 12:09:12.813677,2025-04-03 12:09:12.813677
d56c7d79-9d7d-467c-8320-6a1bfd265e33,MLA28801483,GENERATION,Generación,8248559,3.ª generación,True,2025-04-03 12:09:12.813680,2025-04-03 12:09:12.813680
9cd0f8d5-2127-4f90-83ee-c7bd81a7abf4,MLA28801483,ALPHANUMERIC_MODEL,Modelo alfanumérico,14342600,Chromecast 3,True,2025-04-03 12:09:12.813684,2025-04-03 12:09:12.813684
79046034-b805-4acb-8143-fe6385368ca1,MLA37201576,BRAND,Marca,52701,Google,True,2025-04-03 12:09:12.813699,2025-04-03 12:09:12.813699
67f165d6-61b6-4908-b0dd-69fe84ac28bf,MLA37201576,LINE,Línea,340816,Chromecast,True,2025-04-03 12:09:12.813702,2025-04-03 12:09:12.813702
9d7937f9-5e90-4e14-869f-d4216b836c08,MLA37201576,MODEL,Modelo,38085681,Ga00439-2 Pack,True,2025-04-03 12:09:12.813706,2025-04-03 12:09:12.813706
a1574af0-f8ba-4581-91f5-5cf45bbc1d05,MLA37201576,GENERATION,Generación,10910111,4.ª generación,True,2025-04-03 12:09:12.813709,2025-04-03 12:09:12.813709
e1d563dc-767e-4574-a60e-c8d3152fc65a,MLA37201576,ALPHANUMERIC_MODEL,Modelo alfanumérico,14342600,Chromecast 3,True,2025-04-03 12:09:12.813713,2025-04-03 12:09:12.813713
5446c7bc-bdb7-4229-a521-417931de805d,MLA24434192,BRAND,Marca,52701,Google,True,2025-04-03 12:09:12.813726,2025-04-03 12:09:12.813726
6b3b24db-a805-4d76-9bea-c04e7c13c3ae,MLA24434192,LINE,Línea,340816,Chromecast,True,2025-04-03 12:09:12.813730,2025-04-03 12:09:12.813730
53b96352-165d-4b94-96cd-a66e87810e51,MLA24434192,MODEL,Modelo,20759282,Google Chromecast 2,True,2025-04-03 12:09:12.813733,2025-04-03 12:09:12.813733
adf5e339-ef3e-4261-85eb-bddff87fe78b,MLA24434192,GENERATION,Generación,11281876,2.ª generación,True,2025-04-03 12:09:12.813736,2025-04-03 12:09:12.813737
a47dc731-894e-44d7-9466-9264e651fd44,MLA24434192,ALPHANUMERIC_MODEL,Modelo alfanumérico,17636390,NC2-6A5,True,2025-04-03 12:09:12.813740,2025-04-03 12:09:12.813740
d8031214-1b74-4012-aafc-fb41eeeb985c,MLA24434192,COMPATIBLE_APPLICATIONS,Aplicaciones compatibles,,"ESPN, Google Play, HBO Go, Hulu, Netflix, Peacock, YouTube",True,2025-04-03 12:09:12.813743,2025-04-03 12:09:12.813743
640d07a9-998c-49a8-b0ee-9ebb8bbf692c,MLA24434192,RECOMMENDED_DEVICES,Dispositivos recomendados,,"Celulares, Computadoras, Tablets, Televisores",True,2025-04-03 12:09:12.813747,2025-04-03 12:09:12.813747
1f4109fe-0b3f-4633-9ebd-227fdc13b3c6,MLA24434192,MANUFACTURER,Fabricante,52701,Google,True,2025-04-03 12:09:12.813750,2025-04-03 12:09:12.813750
0c8374dc-2844-4c06-8460-b654d233df2a,MLA24434192,ANATEL_HOMOLOGATION_NUMBER,Homologación Anatel Nº,41557501,47151504818,True,2025-04-03 12:09:12.813754,2025-04-03 12:09:12.813754
67d5cc89-0467-4a73-81e5-3dfe5c46d242,MLA24434192,WITH_BLUETOOTH,Con Bluetooth,242084,No,True,2025-04-03 12:09:12.813757,2025-04-03 12:09:12.813758
4f81d798-0a90-4ec5-a9cc-5b69c851ca99,MLA24434192,WITH_INTEGRATED_VOICE_ASSISTANTS,Con asistentes de voz integrados,242084,No,True,2025-04-03 12:09:12.813761,2025-04-03 12:09:12.813761
89579a22-98b2-4b1b-b198-26c48766f1f1,MLA24434192,INTEGRATED_VOICE_ASSISTANTS,Asistentes de voz integrados,,Google Assistant,True,2025-04-03 12:09:12.813764,2025-04-03 12:09:12.813765
618720df-c679-48ff-87ab-bfc2f2f97f2c,MLA24434192,INCLUDES_HDMI_CABLE,Incluye cable HDMI,242084,No,True,2025-04-03 12:09:12.813768,2025-04-03 12:09:12.813768
64ee2817-f467-407e-88fb-3df01dd66262,MLA24434192,INCLUDES_CELL_BATTERIES,Incluye pilas,242084,No,True,2025-04-03 12:09:12.813771,2025-04-03 12:09:12.813772
c0f3a87c-a68a-441b-b9fe-4dccecd59d41,MLA24434192,WEIGHT,Peso,47688346,58.967 g,True,2025-04-03 12:09:12.813775,2025-04-03 12:09:12.813775
b85ed8af-0678-4ea1-ab38-47c9c37e2a68,MLA24434192,AUDIO_QUALITY,Calidad de audio,,DTS Digital Surround,True,2025-04-03 12:09:12.813778,2025-04-03 12:09:12.813779
c7edf730-5dd4-4e5b-853c-a1c2704a34f8,MLA24434192,LANGUAGE_OPTIONS,Opciones de idioma,,Español,True,2025-04-03 12:09:12.813782,2025-04-03 12:09:12.813782
4556c5bc-826a-4ff0-b623-67a0ea59f635,MLA24434192,MIN_OPERATING_SYSTEMS_REQUIRED,Sistemas operativos mínimos requeridos,,"Android 4.2, iOS 9.1, macOS X 10.9, Windows 7",True,2025-04-03 12:09:12.813785,2025-04-03 12:09:12.813786
49fd9d33-540a-471b-b882-aa523135e9e8,MLA24434192,GRAPHICS_PROCESSOR,Procesador gráfico,8249292,Mali-450,True,2025-04-03 12:09:12.813789,2025-04-03 12:09:12.813789
703807f1-7a51-43fc-9cc6-309fd0449358,MLA24434192,FREQUENCIES,Frecuencias,,"2.4 GHz, 5 GHz",True,2025-04-03 12:09:12.813792,2025-04-03 12:09:12.813792
b1c14fe6-d69e-4e59-8641-b431f036cb13,MLA42141452,BRAND,Marca,43425074,Kecung,True,2025-04-03 12:09:12.813811,2025-04-03 12:09:12.813812
d0abb1cc-371c-4a81-bea8-43bf65f54041,MLA42141452,MODEL,Modelo,11281877,Chromecast,True,2025-04-03 12:09:12.813815,2025-04-03 12:09:12.813815
98e04272-d766-4db9-b294-255622d5d6b6,MLA42141452,DEVICE_FORMAT,Formato del dispositivo,9234856,Pendant Box,True,2025-04-03 12:09:12.813818,2025-04-03 12:09:12.813818
9251e3d6-1d54-4e53-9dd0-328d225d2050,MLA42144900,BRAND,Marca,42835156,wemee,True,2025-04-03 12:09:12.813833,2025-04-03 12:09:12.813834
143804d8-7675-4ab5-a53d-dc0c09628fc4,MLA42144900,MODEL,Modelo,11281877,Chromecast,True,2025-04-03 12:09:12.813837,2025-04-03 12:09:12.813837
ecff2b88-899c-4b61-a52f-9dbe4010a59a,MLA42144900,DEVICE_FORMAT,Formato del dispositivo,9234856,Pendant Box,True,2025-04-03 12:09:12.813840,2025-04-03 12:09:12.813841
a0570e44-76a7-41b9-91a1-acd0ea46e4b2,MLA46599046,BRAND,Marca,52701,Google,True,2025-04-03 12:09:12.813854,2025-04-03 12:09:12.813854
f9f77a64-11ef-426b-b435-259212c70c08,MLA46599046,MODEL,Modelo,11281877,Chromecast,True,2025-04-03 12:09:12.813857,2025-04-03 12:09:12.813857
20bdbb9e-7102-41f7-8993-a354037b5a2c,MLA46599046,DEVICE_FORMAT,Formato del dispositivo,8616496,Stick,True,2025-04-03 12:09:12.813861,2025-04-03 12:09:12.813861
fb74ef94-0c66-48f1-abad-06d2ff217b16,MLA41071492,BRAND,Marca,42883433,hwqsad,True,2025-04-03 12:09:12.813874,2025-04-03 12:09:12.813874
8c4266f6-33bc-46e3-ae03-28ec41d511c4,MLA41071492,MODEL,Modelo,11281877,Chromecast,True,2025-04-03 12:09:12.813878,2025-04-03 12:09:12.813878
9785a277-a5b0-4c47-927b-245f6745cd51,MLA41071492,DEVICE_FORMAT,Formato del dispositivo,9234856,Pendant Box,True,2025-04-03 12:09:12.813881,2025-04-03 12:09:12.813881
3a6f3a66-5626-4b4d-b5e8-b10cbc8d6fd8,MLA45360496,BRAND,Marca,276243,Genérica,True,2025-04-03 12:09:12.813902,2025-04-03 12:09:12.813902
e921bfff-f57a-4e7a-896d-d2a3a09d9893,MLA45360496,MODEL,Modelo,11281877,Chromecast,True,2025-04-03 12:09:12.813905,2025-04-03 12:09:12.813905
63e8ca80-25e5-4848-8858-c2ee5d40f35f,MLA45360496,DEVICE_FORMAT,Formato del dispositivo,8616496,Stick,True,2025-04-03 12:09:12.813909,2025-04-03 12:09:12.813909
487f5b1e-f0f2-4115-902a-bc22ad095975,MLA16233184,BRAND,Marca,52701,Google,True,2025-04-03 12:09:12.813923,2025-04-03 12:09:12.813924
999927fd-5740-46c2-b11d-30a7af17ccf3,MLA16233184,LINE,Línea,42943778,Chromecast 4k,True,2025-04-03 12:09:12.813927,2025-04-03 12:09:12.813927
b27b5675-6591-447e-a89c-c2ffaa35b45f,MLA16233184,MODEL,Modelo,9169579,Chromecast with Google TV,True,2025-04-03 12:09:12.813930,2025-04-03 12:09:12.813931
b7e42a2b-3cef-409d-be9e-964a5fc763ce,MLA16233184,GENERATION,Generación,10910111,4.ª generación,True,2025-04-03 12:09:12.813934,2025-04-03 12:09:12.813934
2355b5fd-cd19-44b7-a181-e56e5c4408e8,MLA16233184,ALPHANUMERIC_MODEL,Modelo alfanumérico,25655036,GA01919-US,True,2025-04-03 12:09:12.813937,2025-04-03 12:09:12.813938
a39723be-03ac-489c-b3b6-a09f14f704cd,MLA16233184,DEVICE_FORMAT,Formato del dispositivo,9234856,Pendant Box,True,2025-04-03 12:09:12.813941,2025-04-03 12:09:12.813941
5ca3a0ab-89d3-4c62-9147-34621801c37a,MLA16233184,MAX_VIDEO_RESOLUTION,Resolución máxima de video,169883,4K,True,2025-04-03 12:09:12.813944,2025-04-03 12:09:12.813945
520b5931-66d1-45b0-b15f-278e3e58c139,MLA16233184,COMPATIBLE_APPLICATIONS,Aplicaciones compatibles,,"Amazon Prime Video, CBS All Access, Disney+, ESPN, HBO Max, Hulu, Netflix, Sling TV, Spotify, Starz, YouTube TV, YouTube, Peacock, Apple TV, Epix, Rakuten Viki, Tubi, PBS, Showtime, Pluto TV, Crackle, Crunchyroll, BET",True,2025-04-03 12:09:12.813948,2025-04-03 12:09:12.813951
a98c4de7-b15f-476b-b8e4-a8fa2bff619e,MLA16233184,RECOMMENDED_DEVICES,Dispositivos recomendados,,"Televisores, Tablets, Celulares, Computadoras",True,2025-04-03 12:09:12.813954,2025-04-03 12:09:12.813955
d428b103-e9ea-43c8-8ccf-2502a251a23c,MLA16233184,AUDIO_AND_VIDEO_INTERFACES,Interfaces de audio y video,,HDMI,True,2025-04-03 12:09:12.813958,2025-04-03 12:09:12.813958
0d250872-5333-4394-b965-4f8959f0c64e,MLA16233184,PORTS_AND_CONNECTORS_TYPES,Tipos de puertos y conectores,,USB-C,True,2025-04-03 12:09:12.813961,2025-04-03 12:09:12.813962
6428c477-87a1-4f3c-9762-a47cd9a830b1,MLA16233184,MANUFACTURER,Fabricante,52701,Google,True,2025-04-03 12:09:12.813965,2025-04-03 12:09:12.813965
c479b9c3-eb23-4ec1-964d-b418a4ca8830,MLA16233184,WITH_BLUETOOTH,Con Bluetooth,242085,Sí,True,2025-04-03 12:09:12.813968,2025-04-03 12:09:12.813969
0064c57f-5886-4f4b-8b96-8d317f73ce30,MLA16233184,WITH_WI_FI,Con Wi-Fi,242085,Sí,True,2025-04-03 12:09:12.813972,2025-04-03 12:09:12.813972
19b5ca86-13b1-4537-a122-00a495eea95e,MLA16233184,WITH_INTEGRATED_VOICE_ASSISTANTS,Con asistentes de voz integrados,242085,Sí,True,2025-04-03 12:09:12.813975,2025-04-03 12:09:12.813975
b56e4f84-9ade-4e87-8a73-73666bcf4e9d,MLA16233184,INTEGRATED_VOICE_ASSISTANTS,Asistentes de voz integrados,,Google Assistant,True,2025-04-03 12:09:12.813979,2025-04-03 12:09:12.813979
19fb33eb-f327-4743-887b-f1d3d62e3c67,MLA16233184,INCLUDES_CELL_BATTERIES,Incluye pilas,242085,Sí,True,2025-04-03 12:09:12.813982,2025-04-03 12:09:12.813982
8f485312-5459-4afa-bdcb-117b79c32713,MLA16233184,LENGTH,Largo,7175979,15 cm,True,2025-04-03 12:09:12.813985,2025-04-03 12:09:12.813986
703695ac-2698-4e73-a202-20bfae7c1cdc,MLA16233184,WIDTH,Ancho,7784596,12 cm,True,2025-04-03 12:09:12.813989,2025-04-03 12:09:12.813989
d51afb4c-7fd3-403b-b8c1-3454c2752046,MLA16233184,HEIGHT,Altura,7604889,6 cm,True,2025-04-03 12:09:12.813992,2025-04-03 12:09:12.813993
b00bb184-37ba-4a9a-a5c7-191574952dd9,MLA16233184,WEIGHT,Peso,16344619,0.3 g,True,2025-04-03 12:09:12.813996,2025-04-03 12:09:12.813996
c4e04006-742a-402a-a6d7-cf0e7618ce59,MLA16233184,OS_NAME,Nombre del sistema operativo,7601503,Android TV,True,2025-04-03 12:09:12.813999,2025-04-03 12:09:12.814000
8e1700e6-268f-4b01-93eb-8e3b82c5695c,MLA16233184,STREAMING_TECHNOLOGIES,Tecnologías de streaming,,Chromecast,True,2025-04-03 12:09:12.814003,2025-04-03 12:09:12.814003
79570276-142d-4872-a846-26cac1e0eead,MLA16233184,AUDIO_QUALITY,Calidad de audio,,"Dolby Digital, Dolby Digital Plus, Dolby Atmos",True,2025-04-03 12:09:12.814006,2025-04-03 12:09:12.814006
b2935b77-0cc6-4c84-b5b2-f1bbda28cfed,MLA16233184,LANGUAGE_OPTIONS,Opciones de idioma,,"Alemán, Español, Francés, Inglés, Italiano, Portugués",True,2025-04-03 12:09:12.814010,2025-04-03 12:09:12.814010
dd064b40-4f6e-432c-b135-3c9ae1fac3be,MLA16233184,MIN_OPERATING_SYSTEMS_REQUIRED,Sistemas operativos mínimos requeridos,,"Android, iOS",True,2025-04-03 12:09:12.814013,2025-04-03 12:09:12.814013
b402a565-8b29-43a3-bb1f-3980f0e30a85,MLA16233184,CPU,CPU,,Amlogic S905X3 Cortex-A55 Quad-Core,True,2025-04-03 12:09:12.814017,2025-04-03 12:09:12.814017
9c34087b-f723-4ac2-a5dd-79589d5569f1,MLA16233184,GRAPHICS_PROCESSOR,Procesador gráfico,7569896,Mali-G31 MP2,True,2025-04-03 12:09:12.814020,2025-04-03 12:09:12.814020
d98deb08-684e-4597-a539-0635b8266106,MLA16233184,WI_FI_STANDARDS,Estándares Wi-Fi,,IEEE 802.11ac,True,2025-04-03 12:09:12.814024,2025-04-03 12:09:12.814024
9cb6a096-4a5a-4c51-ba84-3965e6a35d00,MLA16233184,FREQUENCIES,Frecuencias,,"2.4 GHz, 5 GHz",True,2025-04-03 12:09:12.814028,2025-04-03 12:09:12.814029
5f8e811b-6677-4c01-b918-5cbd96772a9b,MLA16233184,DEVICE_OPERATING_VOLTAGE,Voltaje de funcionamiento,8631470,5 V,True,2025-04-03 12:09:12.814032,2025-04-03 12:09:12.814032
43ccdba2-0ea5-4647-84c2-171433e4c07a,MLA45968958,BRAND,Marca,52701,Google,True,2025-04-03 12:09:12.814045,2025-04-03 12:09:12.814045
56255b54-54ad-41e5-9c08-088bf94f7add,MLA45968958,LINE,Línea,42943778,Chromecast 4k,True,2025-04-03 12:09:12.814049,2025-04-03 12:09:12.814049
838e7b83-290f-44b7-8632-cfb21f95e3f1,MLA45968958,MODEL,Modelo,9169579,Chromecast with Google TV,True,2025-04-03 12:09:12.814052,2025-04-03 12:09:12.814052
bab7e5df-5bc7-4527-b2cc-93e1b9bf7f2a,MLA45968958,GENERATION,Generación,47358391,4.ª generación,True,2025-04-03 12:09:12.814056,2025-04-03 12:09:12.814056
95f7f4b9-4f96-458a-b45d-6a6d6f0762d6,MLA45968958,ALPHANUMERIC_MODEL,Modelo alfanumérico,47358392,GA01923-US,True,2025-04-03 12:09:12.814059,2025-04-03 12:09:12.814059
9353d0c0-8f78-41b7-8a5a-8d537e164b03,MLA45968958,DEVICE_FORMAT,Formato del dispositivo,9234856,Pendant Box,True,2025-04-03 12:09:12.814062,2025-04-03 12:09:12.814063
96fd1e01-2a3e-4909-8bfa-d47c628d9bd3,MLA45968958,MAX_VIDEO_RESOLUTION,Resolución máxima de video,169883,4K,True,2025-04-03 12:09:12.814066,2025-04-03 12:09:12.814066
d567dbd4-f81e-4fb8-ab61-250b022b3f3b,MLA45968958,COMPATIBLE_APPLICATIONS,Aplicaciones compatibles,,"Netflix, YouTube, Spotify, Amazon Prime Video, Flow, Paramount+",True,2025-04-03 12:09:12.814069,2025-04-03 12:09:12.814069
3b951634-e81d-4188-b80d-2216c2011c88,MLA45968958,RECOMMENDED_DEVICES,Dispositivos recomendados,,"Celulares, Tablets, Computadoras portátiles, TV, Monitor",True,2025-04-03 12:09:12.814073,2025-04-03 12:09:12.814073
aa071cea-7d5e-45bb-a7c0-02b50d2933ea,MLA45968958,AUDIO_AND_VIDEO_INTERFACES,Interfaces de audio y video,,HDMI,True,2025-04-03 12:09:12.814076,2025-04-03 12:09:12.814076
83bb60c5-a20a-4546-a243-4f1f7c79ae9b,MLA45968958,PORTS_AND_CONNECTORS_TYPES,Tipos de puertos y conectores,,"USB-C, HDMI",True,2025-04-03 12:09:12.814080,2025-04-03 12:09:12.814080
2522fd58-2a0f-4924-ac0c-323fc1502b1e,MLA45968958,MANUFACTURER,Fabricante,52701,Google,True,2025-04-03 12:09:12.814083,2025-04-03 12:09:12.814083
ff297ffa-b73a-45f0-9fbc-78e3f469a954,MLA45968958,WITH_BLUETOOTH,Con Bluetooth,242085,Sí,True,2025-04-03 12:09:12.814086,2025-04-03 12:09:12.814087
73fe5193-f654-466b-8adc-f6afe979a982,MLA45968958,WITH_WI_FI,Con Wi-Fi,242085,Sí,True,2025-04-03 12:09:12.814090,2025-04-03 12:09:12.814090
cc0a52ee-333b-4667-89b0-0a81b25d3845,MLA45968958,WITH_INTEGRATED_VOICE_ASSISTANTS,Con asistentes de voz integrados,242085,Sí,True,2025-04-03 12:09:12.814093,2025-04-03 12:09:12.814094
68966dec-50ec-41a6-a00f-714856de87a2,MLA45968958,INTEGRATED_VOICE_ASSISTANTS,Asistentes de voz integrados,,Google Assistant,True,2025-04-03 12:09:12.814097,2025-04-03 12:09:12.814097
54854d0f-ac26-450d-b941-1d4464b6af49,MLA45968958,INCLUDES_HDMI_CABLE,Incluye cable HDMI,242085,Sí,True,2025-04-03 12:09:12.814100,2025-04-03 12:09:12.814100
c3476579-4aa8-410a-a9cd-580ab27ac9fa,MLA45968958,INCLUDES_CELL_BATTERIES,Incluye pilas,242085,Sí,True,2025-04-03 12:09:12.814104,2025-04-03 12:09:12.814104
5cd06ad8-052e-4e5c-a3b7-19af67486c53,MLA45968958,LENGTH,Largo,7175979,15 cm,True,2025-04-03 12:09:12.814107,2025-04-03 12:09:12.814107
5b7c5a6d-4869-45e0-86f4-50239f691001,MLA45968958,WIDTH,Ancho,7784596,12 cm,True,2025-04-03 12:09:12.814111,2025-04-03 12:09:12.814111
c5186639-116e-42f2-a727-32334a8b710b,MLA45968958,HEIGHT,Altura,7604889,6 cm,True,2025-04-03 12:09:12.814114,2025-04-03 12:09:12.814114
7559d981-f634-4f9e-a580-b10eb7777bd0,MLA45968958,WEIGHT,Peso,16344619,0.3 g,True,2025-04-03 12:09:12.814117,2025-04-03 12:09:12.814118
92684895-5c68-44d5-a5a7-f399b9109bd9,MLA45968958,OS_NAME,Nombre del sistema operativo,296858,Android,True,2025-04-03 12:09:12.814121,2025-04-03 12:09:12.814121
8f75aa5f-dab3-4349-96f8-f2d7eddc417e,MLA45968958,STREAMING_TECHNOLOGIES,Tecnologías de streaming,,Chromecast,True,2025-04-03 12:09:12.814124,2025-04-03 12:09:12.814124
5daadf01-87f7-4a8f-a7c8-c4c34446340c,MLA45968958,AUDIO_QUALITY,Calidad de audio,,"Dolby Digital, Dolby Digital Plus, Dolby Atmos",True,2025-04-03 12:09:12.814128,2025-04-03 12:09:12.814128
bb1efbab-e7b2-479d-b660-917d289f89d9,MLA45968958,LANGUAGE_OPTIONS,Opciones de idioma,,"Alemán, Español, Francés, Inglés, Italiano, Portugués",True,2025-04-03 12:09:12.814131,2025-04-03 12:09:12.814131
8b4b17d3-83c2-46b5-b631-2b162f16edc5,MLA45968958,CPU,CPU,,Amlogic S905X3 Cortex-A55 Quad-Core,True,2025-04-03 12:09:12.814135,2025-04-03 12:09:12.814135
6973b284-187f-47bc-bd31-cea3a66c427d,MLA45968958,GRAPHICS_PROCESSOR,Procesador gráfico,7569896,Mali-G31 MP2,True,2025-04-03 12:09:12.814138,2025-04-03 12:09:12.814138
a75c01a6-36ce-4971-ba2d-4f8a8ed4ce60,MLA45968958,WI_FI_STANDARDS,Estándares Wi-Fi,,IEEE 802.11ac,True,2025-04-03 12:09:12.814141,2025-04-03 12:09:12.814142
71bcfe45-61dd-4729-a771-3df71544a5df,MLA45968958,FREQUENCIES,Frecuencias,,"2.4 GHz, 5 GHz",True,2025-04-03 12:09:12.814145,2025-04-03 12:09:12.814145
1b1d17cc-780b-49fc-8ea0-61b1039bfa34,MLA45968958,DEVICE_OPERATING_VOLTAGE,Voltaje de funcionamiento,8631470,5 V,True,2025-04-03 12:09:12.814149,2025-04-03 12:09:12.814150
a4fde909-db41-4f12-a16b-c47a8321e1f0,MLA22964861,BRAND,Marca,52701,Google,True,2025-04-03 12:09:12.814166,2025-04-03 12:09:12.814166
8f4f741f-8e2c-4460-80bf-503e6de8e515,MLA22964861,LINE,Línea,340816,Chromecast,True,2025-04-03 12:09:12.814169,2025-04-03 12:09:12.814169
5f2ea228-376d-4505-a99d-7cef15923d0d,MLA22964861,MODEL,Modelo,48553282,Chromecast 3,True,2025-04-03 12:09:12.814173,2025-04-03 12:09:12.814173
098b79aa-1377-4387-bf53-28380b0e9a9c,MLA22964861,DEVICE_FORMAT,Formato del dispositivo,9234856,Pendant Box,True,2025-04-03 12:09:12.814176,2025-04-03 12:09:12.814176
546cadd1-c239-4986-aa14-5a8dc2c66d88,MLA20255928,BRAND,Marca,52701,Google,True,2025-04-03 12:09:12.814190,2025-04-03 12:09:12.814190
65e4c3d0-0090-4f78-bcc5-695db3f9c749,MLA20255928,MODEL,Modelo,48553282,Chromecast 3,True,2025-04-03 12:09:12.814193,2025-04-03 12:09:12.814193
004684db-a296-4156-aa1f-e70ca1a3a5ce,MLA20255928,DEVICE_FORMAT,Formato del dispositivo,9234856,Pendant Box,True,2025-04-03 12:09:12.814196,2025-04-03 12:09:12.814197
15d1d0c0-bf6d-42c9-ac9d-aa7dc3376661,MLA20255928,MAX_VIDEO_RESOLUTION,Resolución máxima de video,168332,Full HD,True,2025-04-03 12:09:12.814200,2025-04-03 12:09:12.814200
c6bb2484-d918-405e-b8e7-3e9432abc996,MLA20255928,COMPATIBLE_APPLICATIONS,Aplicaciones compatibles,,"Google Fotos, Google TV, HBO Now, Netflix, Spotify, YouTube, YouTube TV",True,2025-04-03 12:09:12.814203,2025-04-03 12:09:12.814204
f72fab43-9e53-445f-bf7b-cccac678b383,MLA20255928,RECOMMENDED_DEVICES,Dispositivos recomendados,,Televisores con HDMI,True,2025-04-03 12:09:12.814207,2025-04-03 12:09:12.814207
c73836aa-0041-44dc-8816-acdea4a2af3c,MLA20255928,AUDIO_AND_VIDEO_INTERFACES,Interfaces de audio y video,,HDMI,True,2025-04-03 12:09:12.814210,2025-04-03 12:09:12.814210
70bf1d8a-9af7-4a7e-80ec-a221efb866cb,MLA20255928,MANUFACTURER,Fabricante,52701,Google,True,2025-04-03 12:09:12.814214,2025-04-03 12:09:12.814214
8547bf4c-f2a5-4fbd-a6a0-b562c25af0d8,MLA20255928,WITH_INTEGRATED_VOICE_ASSISTANTS,Con asistentes de voz integrados,242085,Sí,True,2025-04-03 12:09:12.814217,2025-04-03 12:09:12.814217
d51504c4-bb37-43fc-ab9a-78107d97228b,MLA20255928,INTEGRATED_VOICE_ASSISTANTS,Asistentes de voz integrados,,Google Assistant,True,2025-04-03 12:09:12.814220,2025-04-03 12:09:12.814221
efc422db-3978-4913-a7fb-0fbd9df0d6c1,MLA20255928,INCLUDES_HDMI_CABLE,Incluye cable HDMI,242085,Sí,True,2025-04-03 12:09:12.814224,2025-04-03 12:09:12.814224
e14a6ba9-839d-474e-a498-128f7cefe244,MLA20255928,INCLUDES_CELL_BATTERIES,Incluye pilas,242084,No,True,2025-04-03 12:09:12.814227,2025-04-03 12:09:12.814227
cbaf3652-13d2-4448-a792-92fd6d63a368,MLA20255928,LENGTH,Largo,48553666,5.18 cm,True,2025-04-03 12:09:12.814231,2025-04-03 12:09:12.814231
71d6482f-e39a-4cb8-b24b-a7f030a92e9e,MLA20255928,WIDTH,Ancho,7817388,8 cm,True,2025-04-03 12:09:12.814234,2025-04-03 12:09:12.814234
3cec101b-d55e-41a0-8dea-f21e05ce678e,MLA20255928,HEIGHT,Altura,7841468,5 cm,True,2025-04-03 12:09:12.814237,2025-04-03 12:09:12.814237
30b77210-ed81-4b3b-90c8-e77111f91864,MLA20255928,WEIGHT,Peso,22405336,1.4 g,True,2025-04-03 12:09:12.814241,2025-04-03 12:09:12.814241
3cc92634-2024-4466-978c-37ba107a451e,MLA20255928,AUDIO_QUALITY,Calidad de audio,,DTS Digital Surround,True,2025-04-03 12:09:12.814244,2025-04-03 12:09:12.814244
def217d6-0fd7-4c29-a478-f7845c5ace3c,MLA20255928,LANGUAGE_OPTIONS,Opciones de idioma,,Español,True,2025-04-03 12:09:12.814247,2025-04-03 12:09:12.814248
3c5c3760-b85e-45d2-8597-bba7c335231f,MLA20255928,CPU,CPU,,230,True,2025-04-03 12:09:12.814251,2025-04-03 12:09:12.814251
85704f60-c4e3-4ee2-83a4-653d81e0d857,MLA20255928,WI_FI_STANDARDS,Estándares Wi-Fi,,"2.4GHz, 5Ghz",True,2025-04-03 12:09:12.814254,2025-04-03 12:09:12.814255
4d5d8846-6f4e-416e-91f8-3d8732772171,MLA20255928,FREQUENCIES,Frecuencias,,"2.4 GHz, 5 GHz",True,2025-04-03 12:09:12.814263,2025-04-03 12:09:12.814264
11a86459-dacf-4ac4-9c86-d40a3244b69c,MLA20255928,DEVICE_OPERATING_VOLTAGE,Voltaje de funcionamiento,8631470,5 V,True,2025-04-03 12:09:12.814267,2025-04-03 12:09:12.814267
28a44e27-0064-49fb-9ff6-a6d4f6fc8b0c,MLA23953951,BRAND,Marca,4812724,MiraScreen,True,2025-04-03 12:09:12.814280,2025-04-03 12:09:12.814280
753fe0b7-f664-4fd9-9ebd-4bab8ce180c8,MLA23953951,LINE,Línea,340816,Chromecast,True,2025-04-03 12:09:12.814284,2025-04-03 12:09:12.814284
8504d9b9-8016-43d1-9d57-c884d7ebb5ed,MLA23953951,MODEL,Modelo,35536,G2,True,2025-04-03 12:09:12.814287,2025-04-03 12:09:12.814287
a147eace-351f-4d24-9e71-68d79f7bbd67,MLA23953951,WITH_INTEGRATED_VOICE_ASSISTANTS,Con asistentes de voz integrados,242084,No,True,2025-04-03 12:09:12.814291,2025-04-03 12:09:12.814291
c36da777-d125-463c-b374-28fbcadaa7ad,MLA6304838,BRAND,Marca,52701,Google,True,2025-04-03 12:09:12.814307,2025-04-03 12:09:12.814307
d1605809-86a6-46a1-ab83-12eacec7d67e,MLA6304838,MODEL,Modelo,402606,Chromecast Ultra,True,2025-04-03 12:09:12.814311,2025-04-03 12:09:12.814311
15caefd3-7c61-450c-b014-3539f892d885,MLA6304838,DEVICE_FORMAT,Formato del dispositivo,9234856,Pendant Box,True,2025-04-03 12:09:12.814314,2025-04-03 12:09:12.814314
1d090f7b-36ec-4800-9018-08a0daa31c3a,MLA6304838,MAX_VIDEO_RESOLUTION,Resolución máxima de video,43239621,4K,True,2025-04-03 12:09:12.814317,2025-04-03 12:09:12.814318
3ec28f80-fb87-48f4-962c-c40467ac619e,MLA6304838,COMPATIBLE_APPLICATIONS,Aplicaciones compatibles,,"YouTube, Spotify, Hulu, Disney+, Amazon Prime Video, HBO Go, Vudu, Starz, Netflix, Tubi, Google TV",True,2025-04-03 12:09:12.814321,2025-04-03 12:09:12.814321
bb6c74b0-3b53-4e79-ab07-d8f066df3ae9,MLA6304838,RECOMMENDED_DEVICES,Dispositivos recomendados,,"Celulares, Computadoras, Televisores",True,2025-04-03 12:09:12.814324,2025-04-03 12:09:12.814325
ebef100e-5083-450d-8989-b91ae7ca5695,MLA6304838,AUDIO_AND_VIDEO_INTERFACES,Interfaces de audio y video,,HDMI,True,2025-04-03 12:09:12.814328,2025-04-03 12:09:12.814328
58acd1eb-b665-40ed-8409-64288acc3357,MLA6304838,PORTS_AND_CONNECTORS_TYPES,Tipos de puertos y conectores,,"Micro-USB, Ethernet",True,2025-04-03 12:09:12.814331,2025-04-03 12:09:12.814331
9e3a76ab-ffe3-40d3-a246-c3a1fc439e4f,MLA6304838,MANUFACTURER,Fabricante,52701,Google,True,2025-04-03 12:09:12.814335,2025-04-03 12:09:12.814335
815fcd4f-bf62-4d8c-8582-d7f1246bbd15,MLA6304838,WITH_WI_FI,Con Wi-Fi,242085,Sí,True,2025-04-03 12:09:12.814338,2025-04-03 12:09:12.814338
8a5de986-31f9-4383-8717-d0176e096229,MLA6304838,WITH_INTEGRATED_VOICE_ASSISTANTS,Con asistentes de voz integrados,242085,Sí,True,2025-04-03 12:09:12.814342,2025-04-03 12:09:12.814342
d974f71a-9586-43c6-8e9b-71643a0579b4,MLA6304838,INTEGRATED_VOICE_ASSISTANTS,Asistentes de voz integrados,,Google Assistant,True,2025-04-03 12:09:12.814345,2025-04-03 12:09:12.814345
1fa208c0-5cba-4ef2-b1ed-70e1a5b12e46,MLA6304838,INCLUDES_HDMI_CABLE,Incluye cable HDMI,242085,Sí,True,2025-04-03 12:09:12.814348,2025-04-03 12:09:12.814349
89d79823-07ca-4dc7-bd11-944cc5a7c300,MLA6304838,INCLUDES_CELL_BATTERIES,Incluye pilas,242084,No,True,2025-04-03 12:09:12.814352,2025-04-03 12:09:12.814352
86bebe55-227b-4070-93e7-a2b1ee54faec,MLA6304838,LENGTH,Largo,10397270,2.29 cm,True,2025-04-03 12:09:12.814355,2025-04-03 12:09:12.814355
387eaf2d-8036-4b10-8c05-8faf0b0db0b8,MLA6304838,WIDTH,Ancho,10397269,2.29 cm,True,2025-04-03 12:09:12.814359,2025-04-03 12:09:12.814359
02697222-a2fb-4ac2-a8cf-b3077ddbf5e5,MLA6304838,HEIGHT,Altura,10397268,0.53 cm,True,2025-04-03 12:09:12.814362,2025-04-03 12:09:12.814362
17b63ff1-82cd-4182-b8d2-c0dad6cea116,MLA6304838,OS_NAME,Nombre del sistema operativo,355776,Chrome OS,True,2025-04-03 12:09:12.814365,2025-04-03 12:09:12.814366
a83d3096-a01f-47a3-8727-e49476e46e6e,MLA6304838,STREAMING_TECHNOLOGIES,Tecnologías de streaming,,Chromecast,True,2025-04-03 12:09:12.814370,2025-04-03 12:09:12.814370
a697ad8c-ff6b-42ea-8102-069019cd1bc8,MLA6304838,AUDIO_QUALITY,Calidad de audio,,Wave,True,2025-04-03 12:09:12.814374,2025-04-03 12:09:12.814374
03b7e185-b644-48e7-b01b-8b73cba5b007,MLA6304838,LANGUAGE_OPTIONS,Opciones de idioma,,Español,True,2025-04-03 12:09:12.814377,2025-04-03 12:09:12.814377
79da2db5-d920-4e9a-960d-98ed8bd50e7f,MLA6304838,MIN_OPERATING_SYSTEMS_REQUIRED,Sistemas operativos mínimos requeridos,,"Android, iOS, macOS, Windows",True,2025-04-03 12:09:12.814381,2025-04-03 12:09:12.814381
83b3a9bc-750b-4abb-b954-fafc7bc48289,MLA6304838,CPU,CPU,,"Cortex-A7 Dual-Core, Amlogic S905X3 Cortex-A55 Quad-Core",True,2025-04-03 12:09:12.814384,2025-04-03 12:09:12.814384
8b1fdec2-2cc6-41bb-bd64-45f49b0a6fb3,MLA6304838,WI_FI_STANDARDS,Estándares Wi-Fi,,IEEE 802.11ac,True,2025-04-03 12:09:12.814388,2025-04-03 12:09:12.814388
deaa38cf-f68a-4f5f-9f59-f014b1855d35,MLA6304838,FREQUENCIES,Frecuencias,,"2.4 GHz, 5 GHz",True,2025-04-03 12:09:12.814391,2025-04-03 12:09:12.814392
81715aa6-8d12-4707-932d-a563ce2094ac,MLA6304838,DEVICE_OPERATING_VOLTAGE,Voltaje de funcionamiento,8631470,5 V,True,2025-04-03 12:09:12.814395,2025-04-03 12:09:12.814395
700de2e0-6918-41bd-a507-f00fcee1dcea,MLA32222089,BRAND,Marca,52701,Google,True,2025-04-03 12:09:12.814415,2025-04-03 12:09:12.814415
d77a34a2-70b2-4e53-bbf7-f74a16302836,MLA32222089,LINE,Línea,340816,Chromecast,True,2025-04-03 12:09:12.814418,2025-04-03 12:09:12.814419
c44f2af6-efa5-4502-b7a7-dc1f786ccd6c,MLA32222089,MODEL,Modelo,168517,Chromecast Audio,True,2025-04-03 12:09:12.814422,2025-04-03 12:09:12.814422
696c1160-77b9-4a03-b347-d7df27ac318e,MLA25208896,BRAND,Marca,52701,Google,True,2025-04-03 12:09:12.814435,2025-04-03 12:09:12.814435
872600a4-8d21-4072-ba01-6ba2519449ce,MLA25208896,MODEL,Modelo,11281877,Chromecast,True,2025-04-03 12:09:12.814438,2025-04-03 12:09:12.814439
3209f3fd-9528-4c43-b3c0-0cc6348fdc21,MLA25208896,ALPHANUMERIC_MODEL,Modelo alfanumérico,48877374,Chromecast Carvão,True,2025-04-03 12:09:12.814442,2025-04-03 12:09:12.814442
49f339bb-0809-4a30-9c5f-299eddcbf436,MLA24589099,BRAND,Marca,52701,Google,True,2025-04-03 12:09:12.814455,2025-04-03 12:09:12.814455
70fc9130-2dd1-482f-b8ac-657df4b2e688,MLA24589099,MODEL,Modelo,11281877,Chromecast,True,2025-04-03 12:09:12.814458,2025-04-03 12:09:12.814458
6b5b40b3-97ac-457d-acde-e4552b7cdc16,MLA24589099,ALPHANUMERIC_MODEL,Modelo alfanumérico,13838716,4K,True,2025-04-03 12:09:12.814462,2025-04-03 12:09:12.814462
95c199d0-1870-4769-81d2-214c1b2d7155,MLA25208878,BRAND,Marca,21801055,Miracreen,True,2025-04-03 12:09:12.814475,2025-04-03 12:09:12.814475
b34e38f3-70d7-4719-ae14-9c4434c4ae42,MLA25208878,LINE,Línea,340816,Chromecast,True,2025-04-03 12:09:12.814479,2025-04-03 12:09:12.814479
912206f0-c051-495b-b769-c643d197a04d,MLA25208878,MODEL,Modelo,35536,G2,True,2025-04-03 12:09:12.814482,2025-04-03 12:09:12.814482
e9895bcb-0f47-4b7d-bbad-ec1f05951ab8,MLA25208878,ALPHANUMERIC_MODEL,Modelo alfanumérico,10437875,G2,True,2025-04-03 12:09:12.814491,2025-04-03 12:09:12.814492
131daef9-9041-49de-af5b-a16604e0c35a,MLA25208878,DEVICE_FORMAT,Formato del dispositivo,9234856,Pendant Box,True,2025-04-03 12:09:12.814495,2025-04-03 12:09:12.814495
c5970c29-9911-403c-bb3b-b0eb76e78471,MLA25208878,MAX_VIDEO_RESOLUTION,Resolución máxima de video,5516041,1080p,True,2025-04-03 12:09:12.814499,2025-04-03 12:09:12.814499
5412f82f-5e0d-473f-8400-ac705795e049,MLA25208878,COMPATIBLE_APPLICATIONS,Aplicaciones compatibles,,"Netflix, YouTube",True,2025-04-03 12:09:12.814502,2025-04-03 12:09:12.814502
4a98864d-2996-4ba3-88fc-8add28b49c5a,MLA25208878,RECOMMENDED_DEVICES,Dispositivos recomendados,,"Celulares, Tablets",True,2025-04-03 12:09:12.814505,2025-04-03 12:09:12.814506
d7a63a34-859c-47d5-a969-b8e36014be33,MLA25208878,PORTS_AND_CONNECTORS_TYPES,Tipos de puertos y conectores,,Micro-USB,True,2025-04-03 12:09:12.814509,2025-04-03 12:09:12.814509
a6daade8-cb75-437e-a648-4656cf82bdd3,MLA25208878,WITH_BLUETOOTH,Con Bluetooth,242084,No,True,2025-04-03 12:09:12.814512,2025-04-03 12:09:12.814512
78348644-8c23-4ca1-abcd-1f704094153d,MLA25208878,WITH_INTEGRATED_VOICE_ASSISTANTS,Con asistentes de voz integrados,242084,No,True,2025-04-03 12:09:12.814516,2025-04-03 12:09:12.814516
2c79750b-1712-4ce1-8750-d6257007e082,MLA25208878,INCLUDES_HDMI_CABLE,Incluye cable HDMI,242085,Sí,True,2025-04-03 12:09:12.814519,2025-04-03 12:09:12.814519
0c5ad8c1-2750-423d-b237-70509424405b,MLA25208878,INCLUDES_CELL_BATTERIES,Incluye pilas,242084,No,True,2025-04-03 12:09:12.814523,2025-04-03 12:09:12.814523
70a111d2-44c2-4071-8a28-7e132d19d9b0,MLA25208878,STREAMING_TECHNOLOGIES,Tecnologías de streaming,,"Miracast, DLNA",True,2025-04-03 12:09:12.814526,2025-04-03 12:09:12.814526
0eece456-7130-46e8-8379-eb24b18a79b3,MLA25208878,AUDIO_QUALITY,Calidad de audio,,Dolby Audio,True,2025-04-03 12:09:12.814529,2025-04-03 12:09:12.814530
8bdc6f7f-96ae-49a4-bf42-6684cb8a92a1,MLA25208878,LANGUAGE_OPTIONS,Opciones de idioma,,"Inglés, Español",True,2025-04-03 12:09:12.814533,2025-04-03 12:09:12.814533
4e7a71f5-423b-4199-99c3-28d2c59a74bc,MLA25208878,MIN_OPERATING_SYSTEMS_REQUIRED,Sistemas operativos mínimos requeridos,,"Android, iOS",True,2025-04-03 12:09:12.814536,2025-04-03 12:09:12.814537
a7dfe711-ca8b-4ae8-a1fb-6c8ac1e1fd6a,MLA25208878,WI_FI_STANDARDS,Estándares Wi-Fi,,2.4GHz,True,2025-04-03 12:09:12.814540,2025-04-03 12:09:12.814540
2b2abf1c-c74f-4b96-bad0-dd087ae4261e,MLA22762001,BRAND,Marca,52701,Google,True,2025-04-03 12:09:12.814556,2025-04-03 12:09:12.814556
69977315-0ce7-48e1-af43-5e5478b1782b,MLA22762001,LINE,Línea,340816,Chromecast,True,2025-04-03 12:09:12.814559,2025-04-03 12:09:12.814560
26582e1f-e948-443c-8979-2c3ec6dc56a0,MLA22762001,MODEL,Modelo,48553282,Chromecast 3,True,2025-04-03 12:09:12.814563,2025-04-03 12:09:12.814563
b4b347c7-3da6-4239-94cf-00f9de5cf518,MLA22762001,ALPHANUMERIC_MODEL,Modelo alfanumérico,13838716,4K,True,2025-04-03 12:09:12.814566,2025-04-03 12:09:12.814567
619cccf1-7fa5-4c9a-91ae-de97cc85a409,MLA22762001,DEVICE_FORMAT,Formato del dispositivo,9234856,Pendant Box,True,2025-04-03 12:09:12.814570,2025-04-03 12:09:12.814570
4952e18f-f338-4a2c-9b8f-c8acd3f3a28a,MLA22762001,MAX_VIDEO_RESOLUTION,Resolución máxima de video,168332,Full HD,True,2025-04-03 12:09:12.814573,2025-04-03 12:09:12.814574
a62274a0-fdad-449b-b18c-a7314b35e6d7,MLA22762001,COMPATIBLE_APPLICATIONS,Aplicaciones compatibles,,"Google Fotos, Google TV, HBO Now, Netflix, Spotify, YouTube, YouTube TV",True,2025-04-03 12:09:12.814577,2025-04-03 12:09:12.814577
c318514d-3acb-481b-aad9-875cb869b229,MLA22762001,RECOMMENDED_DEVICES,Dispositivos recomendados,,Televisores con HDMI,True,2025-04-03 12:09:12.814580,2025-04-03 12:09:12.814581
559d6859-d992-49d4-8f0f-ba62fafef0c7,MLA22762001,PORTS_AND_CONNECTORS_TYPES,Tipos de puertos y conectores,,Micro-USB,True,2025-04-03 12:09:12.814584,2025-04-03 12:09:12.814584
3fef54fb-650d-4790-94ac-bfb6e2f8dbbb,MLA22762001,MANUFACTURER,Fabricante,52701,Google,True,2025-04-03 12:09:12.814587,2025-04-03 12:09:12.814588
f71dfb53-8be0-4dbd-8b60-80aa7c851921,MLA22762001,WITH_BLUETOOTH,Con Bluetooth,242085,Sí,True,2025-04-03 12:09:12.814591,2025-04-03 12:09:12.814591
94350920-7acc-4eb5-8edc-ecb5286034e4,MLA22762001,INCLUDES_HDMI_CABLE,Incluye cable HDMI,242085,Sí,True,2025-04-03 12:09:12.814594,2025-04-03 12:09:12.814595
ce127bda-1e38-4681-9508-583317e049d4,MLA22762001,LENGTH,Largo,48553666,5.18 cm,True,2025-04-03 12:09:12.814598,2025-04-03 12:09:12.814598
3ff7e5e4-3faa-4e33-9322-04cd59291a77,MLA22762001,OS_NAME,Nombre del sistema operativo,296859,iOS,True,2025-04-03 12:09:12.814601,2025-04-03 12:09:12.814601
97ef0fdf-20e8-4317-895c-32939370b5e3,MLA22762001,STREAMING_TECHNOLOGIES,Tecnologías de streaming,,Google Cast,True,2025-04-03 12:09:12.814605,2025-04-03 12:09:12.814605
a4887a22-77c6-4cd5-8746-63543c9b5828,MLA22762001,AUDIO_QUALITY,Calidad de audio,,DTS Digital Surround,True,2025-04-03 12:09:12.814608,2025-04-03 12:09:12.814608
ebcd06f9-d313-4c94-9c80-6b615581ed38,MLA22762001,LANGUAGE_OPTIONS,Opciones de idioma,,Español,True,2025-04-03 12:09:12.814611,2025-04-03 12:09:12.814612
fef94c80-9c52-46e5-9a6a-7977a89dd2dc,MLA22762001,MIN_OPERATING_SYSTEMS_REQUIRED,Sistemas operativos mínimos requeridos,,iOS,True,2025-04-03 12:09:12.814615,2025-04-03 12:09:12.814615
729036af-299a-411a-bf0f-f1faf9136ea6,MLA22762001,WI_FI_STANDARDS,Estándares Wi-Fi,,"2.4GHz, 5Ghz",True,2025-04-03 12:09:12.814619,2025-04-03 12:09:12.814619
8d41f65e-31ac-48cd-80b6-9be6d1f68c67,MLA22762001,FREQUENCIES,Frecuencias,,"2.4 GHz, 5 GHz",True,2025-04-03 12:09:12.814622,2025-04-03 12:09:12.814622
2a335136-40db-45c1-9ca2-065a2d53ff4f,MLA22762001,DEVICE_OPERATING_VOLTAGE,Voltaje de funcionamiento,8631470,5 V,True,2025-04-03 12:09:12.814627,2025-04-03 12:09:12.814627
0353c9d2-fdc6-47ac-8961-32f9369c982e,MLA42037245,BRAND,Marca,52701,Google,True,2025-04-03 12:09:12.814643,2025-04-03 12:09:12.814644
396db94b-e5a6-44f5-82ee-7c1ec35be176,MLA42037245,LINE,Línea,340816,Chromecast,True,2025-04-03 12:09:12.814647,2025-04-03 12:09:12.814647
a63e8659-0f24-4946-ab76-e6a10b2e6fda,MLA42037245,MODEL,Modelo,43653180,GA00439 JP,True,2025-04-03 12:09:12.814651,2025-04-03 12:09:12.814651
c1c9cfac-b3fa-4318-86b1-ed369bf67a4e,MLA42037245,DEVICE_FORMAT,Formato del dispositivo,9234856,Pendant Box,True,2025-04-03 12:09:12.814654,2025-04-03 12:09:12.814654
2dcb3a95-ed7e-4b65-b323-55a8d5db5fc7,MLA27081837,BRAND,Marca,8847380,AnyCast,True,2025-04-03 12:09:12.814667,2025-04-03 12:09:12.814667
aa7ac1ab-406e-40b6-843c-fe5fd48c09d3,MLA27081837,LINE,Línea,24331888,Chromecast AnyCast,True,2025-04-03 12:09:12.814671,2025-04-03 12:09:12.814671
0f9556bd-fd75-4ade-a58a-a026d4212a16,MLA27081837,MODEL,Modelo,43710,M9,True,2025-04-03 12:09:12.814674,2025-04-03 12:09:12.814674
67f1935d-5921-4f61-aeea-ece2aa6bb1eb,MLA21774712,BRAND,Marca,52701,Google,True,2025-04-03 12:09:12.814687,2025-04-03 12:09:12.814688
7b375eec-b434-401f-a13e-f5a690ea5454,MLA21774712,MODEL,Modelo,11281877,Chromecast,True,2025-04-03 12:09:12.814691,2025-04-03 12:09:12.814691
8ccae76d-4172-460d-bf93-45e4eb779753,MLA21774712,ALPHANUMERIC_MODEL,Modelo alfanumérico,25655036,GA01919-US,True,2025-04-03 12:09:12.814695,2025-04-03 12:09:12.814695
c839eb14-86b7-4384-a53b-1769f6849022,MLA21774712,MAX_VIDEO_RESOLUTION,Resolución máxima de video,169883,4K,True,2025-04-03 12:09:12.814698,2025-04-03 12:09:12.814698
6a618812-7c1a-42ee-9f00-cb899b54df45,MLA21774712,COMPATIBLE_APPLICATIONS,Aplicaciones compatibles,,"Amazon Prime Video, Apple TV, BET, CBS All Access, Crackle, Crunchyroll, Disney+, ESPN, Epix, HBO Max, Hulu, Netflix, PBS, Peacock, Pluto TV, Rakuten Viki, Showtime, Sling TV, Spotify, Starz, Tubi, YouTube, YouTube TV",True,2025-04-03 12:09:12.814702,2025-04-03 12:09:12.814702
ddc3dc4c-5eac-421a-9bc3-47533e96985a,MLA21774712,PORTS_AND_CONNECTORS_TYPES,Tipos de puertos y conectores,,USB-C,True,2025-04-03 12:09:12.814706,2025-04-03 12:09:12.814706
4ed525ff-f02f-4297-9dc6-693b301ce72c,MLA21774712,MANUFACTURER,Fabricante,52701,Google,True,2025-04-03 12:09:12.814710,2025-04-03 12:09:12.814710
58e78526-f603-4fbe-8782-c7f0bf8bdfa3,MLA21774712,WITH_INTEGRATED_VOICE_ASSISTANTS,Con asistentes de voz integrados,242085,Sí,True,2025-04-03 12:09:12.814713,2025-04-03 12:09:12.814713
e5252569-d369-4f70-ba31-098e664e949a,MLA21774712,INTEGRATED_VOICE_ASSISTANTS,Asistentes de voz integrados,,Google Assistant,True,2025-04-03 12:09:12.814717,2025-04-03 12:09:12.814717
a6338585-c0be-49ec-933c-f481a6d1f9fb,MLA21774712,INCLUDES_HDMI_CABLE,Incluye cable HDMI,242085,Sí,True,2025-04-03 12:09:12.814720,2025-04-03 12:09:12.814720
2236a52a-5714-4506-9b13-b695bb0f485d,MLA21774712,INCLUDES_CELL_BATTERIES,Incluye pilas,242084,No,True,2025-04-03 12:09:12.814724,2025-04-03 12:09:12.814724
46571bbb-13eb-4fee-95ce-d2f3db9e7d47,MLA21774712,LENGTH,Largo,8927824,16.2 cm,True,2025-04-03 12:09:12.814727,2025-04-03 12:09:12.814727
797e76d8-22b1-485a-b92f-9e71200967b8,MLA21774712,WIDTH,Ancho,47776459,6.096 cm,True,2025-04-03 12:09:12.814731,2025-04-03 12:09:12.814731
e172d547-413b-4a32-a20e-6ea9735f1cbd,MLA21774712,HEIGHT,Altura,16978680,1.27 cm,True,2025-04-03 12:09:12.814734,2025-04-03 12:09:12.814734
6216e529-fb22-4cc7-a535-da66e9cfc9f6,MLA21774712,WEIGHT,Peso,17821030,63 g,True,2025-04-03 12:09:12.814737,2025-04-03 12:09:12.814738
8dd537b8-87e8-4b3d-91af-ac56a2edb463,MLA21774712,STREAMING_TECHNOLOGIES,Tecnologías de streaming,,Chromecast,True,2025-04-03 12:09:12.814741,2025-04-03 12:09:12.814741
b0f1c72b-c840-42b9-8e50-dbbc38660cd9,MLA21774712,AUDIO_QUALITY,Calidad de audio,,"Dolby Atmos, Dolby Digital, Dolby Digital Plus",True,2025-04-03 12:09:12.814744,2025-04-03 12:09:12.814744
3ae949a6-fde6-4e8f-886f-ee8176ce8d02,MLA21774712,LANGUAGE_OPTIONS,Opciones de idioma,,Inglés,True,2025-04-03 12:09:12.814748,2025-04-03 12:09:12.814748
caf1f8de-9f4b-484c-ba01-9557e3455646,MLA21774712,CPU,CPU,,Amlogic S905X3 Cortex-A55 Quad-Core,True,2025-04-03 12:09:12.814751,2025-04-03 12:09:12.814751
45bb3577-f404-4f1c-9643-242e543e1b97,MLA21774712,WI_FI_STANDARDS,Estándares Wi-Fi,,IEEE 802.11ac,True,2025-04-03 12:09:12.814754,2025-04-03 12:09:12.814755
07c50f2f-6fcd-4331-9ded-97d6faba245f,MLA21774712,FREQUENCIES,Frecuencias,,"2.4 GHz, 5 GHz",True,2025-04-03 12:09:12.814758,2025-04-03 12:09:12.814758
5e91fad6-ac48-4e76-ad71-1d029576cfe0,MLA21774712,DEVICE_OPERATING_VOLTAGE,Voltaje de funcionamiento,8631470,5 V,True,2025-04-03 12:09:12.814761,2025-04-03 12:09:12.814762
ddd66a36-869e-440c-909d-a1f6c135e612,MLA42186248,BRAND,Marca,52701,Google,True,2025-04-03 12:09:12.814774,2025-04-03 12:09:12.814775
220dfa16-b4a7-47e7-9bfe-7af8f2036015,MLA42186248,LINE,Línea,340816,Chromecast,True,2025-04-03 12:09:12.814778,2025-04-03 12:09:12.814778
10abfa07-16ea-48de-84ca-2d15f2979508,MLA42186248,MODEL,Modelo,11281877,Chromecast,True,2025-04-03 12:09:12.814781,2025-04-03 12:09:12.814781
aabea3ad-7877-441e-8e43-1886adc43795,MLA42186248,ALPHANUMERIC_MODEL,Modelo alfanumérico,25655036,GA01919-US,True,2025-04-03 12:09:12.814785,2025-04-03 12:09:12.814785
a9c4372a-3ffc-451c-be13-954984f782a2,MLA42186248,DEVICE_FORMAT,Formato del dispositivo,8616496,Stick,True,2025-04-03 12:09:12.814788,2025-04-03 12:09:12.814788
22517b8f-33fd-4c55-85c0-3316e8266417,MLA27202671,BRAND,Marca,24492284,Dcolor,True,2025-04-03 12:09:12.814801,2025-04-03 12:09:12.814801
4da36901-667d-486d-bba4-c7166db82a75,MLA27202671,MODEL,Modelo,11281877,Chromecast,True,2025-04-03 12:09:12.814804,2025-04-03 12:09:12.814805
930fe42a-d74c-4e40-b6cf-63fabc847520,MLA27202671,ALPHANUMERIC_MODEL,Modelo alfanumérico,24492288,GD1 4K,True,2025-04-03 12:09:12.814808,2025-04-03 12:09:12.814808
86698932-7a51-49d5-b121-17b75c88f523,MLA27202671,DEVICE_FORMAT,Formato del dispositivo,9234856,Pendant Box,True,2025-04-03 12:09:12.814811,2025-04-03 12:09:12.814812
59571e92-2f43-4aad-8911-43c61ee2ff38,MLA27202671,MAX_VIDEO_RESOLUTION,Resolución máxima de video,169883,4K,True,2025-04-03 12:09:12.814815,2025-04-03 12:09:12.814815
c175c068-921f-491f-be3d-afd65386b024,MLA27202671,AUDIO_AND_VIDEO_INTERFACES,Interfaces de audio y video,,HDMI,True,2025-04-03 12:09:12.814818,2025-04-03 12:09:12.814818
5665cde4-2f0e-413d-a306-6daedee164ea,MLA27202671,PORTS_AND_CONNECTORS_TYPES,Tipos de puertos y conectores,,USB-C,True,2025-04-03 12:09:12.814823,2025-04-03 12:09:12.814823
e3bd17b6-e61b-4f95-823e-d5ded0ba8acc,MLA27202671,WITH_WI_FI,Con Wi-Fi,242085,Sí,True,2025-04-03 12:09:12.814826,2025-04-03 12:09:12.814826
16d1f105-bbba-45f7-8356-e79c4cf1c4fa,MLA27202671,OS_NAME,Nombre del sistema operativo,296858,Android,True,2025-04-03 12:09:12.814830,2025-04-03 12:09:12.814830
837ebdbd-b54d-49e2-bf4a-b7e3bc244ef9,MLA27202671,CPU,CPU,,Amlogic S905Y4-B,True,2025-04-03 12:09:12.814833,2025-04-03 12:09:12.814833
efc5b39e-96fb-4250-ab86-dd34bbf040ec,MLA27202671,WI_FI_STANDARDS,Estándares Wi-Fi,,IEEE 802.11n,True,2025-04-03 12:09:12.814837,2025-04-03 12:09:12.814837
0ba16fbf-b6b0-4879-8d4d-13ccaaddb41e,MLA24666237,BRAND,Marca,4812724,MiraScreen,True,2025-04-03 12:09:12.814863,2025-04-03 12:09:12.814863
3c8d157f-bf81-431b-a9ac-b2599b82d991,MLA24666237,LINE,Línea,340816,Chromecast,True,2025-04-03 12:09:12.814866,2025-04-03 12:09:12.814866
6958818b-21c6-42da-a6c6-afc402e0be50,MLA24666237,MODEL,Modelo,10490337,G2S,True,2025-04-03 12:09:12.814870,2025-04-03 12:09:12.814870
6a47eaae-0afd-424a-8f36-9388f4e0ccd9,MLA24666237,ALPHANUMERIC_MODEL,Modelo alfanumérico,16420900,Anycast,True,2025-04-03 12:09:12.814873,2025-04-03 12:09:12.814873
bb72e3dc-3e81-416a-99ef-98ae51f22684,MLA34951047,BRAND,Marca,17208015,Chromecast,True,2025-04-03 12:09:12.814886,2025-04-03 12:09:12.814886
3279f0bc-5cda-4e73-8066-79f50424c27e,MLA34951047,MODEL,Modelo,20428742,Chromecast 2,True,2025-04-03 12:09:12.814890,2025-04-03 12:09:12.814890
d0603f9a-dc75-4ca6-8fd0-bbd7b8b59014,MLA34951047,GENERATION,Generación,33089908,2ª generación,True,2025-04-03 12:09:12.814893,2025-04-03 12:09:12.814893
3b062638-dcc4-4e58-b1a1-6b172e0dd6dd,MLA22826593,BRAND,Marca,59772,OEM,True,2025-04-03 12:09:12.814909,2025-04-03 12:09:12.814909
c758456d-42f4-4ee6-94cd-d30e16300392,MLA22826593,LINE,Línea,13522004,Anycast,True,2025-04-03 12:09:12.814912,2025-04-03 12:09:12.814913
233a2b33-ffbd-4dc6-87db-330dac3f4c01,MLA22826593,MODEL,Modelo,36998350,Chromecast Google,True,2025-04-03 12:09:12.814916,2025-04-03 12:09:12.814916
19002213-69da-45e0-ae15-e716e8458dfb,MLA22826593,WITH_WI_FI,Con Wi-Fi,242085,Sí,True,2025-04-03 12:09:12.814919,2025-04-03 12:09:12.814919
21d7ad23-5974-4fe4-b96b-9ef8c8329e1e,MLA41070754,BRAND,Marca,36689696,LNV,True,2025-04-03 12:09:12.814932,2025-04-03 12:09:12.814933
95af63c6-0116-47d0-9768-414bf34fa5b0,MLA41070754,MODEL,Modelo,42883009,Chromecast con Google TV,True,2025-04-03 12:09:12.814936,2025-04-03 12:09:12.814936
fa018874-dcb0-44ed-999c-8335b424c832,MLA41070754,DEVICE_FORMAT,Formato del dispositivo,9234856,Pendant Box,True,2025-04-03 12:09:12.814939,2025-04-03 12:09:12.814940
9e8f1e04-3c5f-476c-898b-8df5cdfac55a,MLA22341999,BRAND,Marca,52701,Google,True,2025-04-03 12:09:12.814957,2025-04-03 12:09:12.814957
e5ec4e5b-9328-4b6b-906d-4529f8465ee3,MLA22341999,LINE,Línea,340816,Chromecast,True,2025-04-03 12:09:12.814960,2025-04-03 12:09:12.814960
a09e3730-eb01-47a7-bd25-c4dd12dc1798,MLA22341999,MODEL,Modelo,40464,HD,True,2025-04-03 12:09:12.814964,2025-04-03 12:09:12.814964
6f7bde12-32ee-4395-ad1b-0b3611148140,MLA22341999,ALPHANUMERIC_MODEL,Modelo alfanumérico,17636390,NC2-6A5,True,2025-04-03 12:09:12.814967,2025-04-03 12:09:12.814967
bdc4f2f1-765a-4571-9464-2d1bef8f222d,MLA22341999,DEVICE_FORMAT,Formato del dispositivo,9234856,Pendant Box,True,2025-04-03 12:09:12.814970,2025-04-03 12:09:12.814971
b354b11b-9e60-40c6-9a6d-64f2e486aed5,MLA22341999,ANATEL_HOMOLOGATION_NUMBER,Homologación Anatel Nº,41677159,108832004818,True,2025-04-03 12:09:12.814974,2025-04-03 12:09:12.814974
81a23f88-b115-49fa-bc9c-bfaf5bda7119,MLA34921274,BRAND,Marca,52701,Google,True,2025-04-03 12:09:12.814987,2025-04-03 12:09:12.814987
5f56776d-b4af-4c53-b4d9-f22cfbe1573f,MLA34921274,MODEL,Modelo,9169579,Chromecast with Google TV,True,2025-04-03 12:09:12.814990,2025-04-03 12:09:12.814991
54f2d10a-81c4-4e32-9ebe-39220e7a0c6f,MLA34921274,DEVICE_FORMAT,Formato del dispositivo,8616496,Stick,True,2025-04-03 12:09:12.814994,2025-04-03 12:09:12.814994
1e6603e2-3600-4b32-9831-d92bfae2fea8,MLA34921274,RECOMMENDED_DEVICES,Dispositivos recomendados,,Televisores con HDMI,True,2025-04-03 12:09:12.814998,2025-04-03 12:09:12.814998
8674ee1f-d090-406e-8f83-0a213c054679,MLA34921274,AUDIO_AND_VIDEO_INTERFACES,Interfaces de audio y video,,HDMI,True,2025-04-03 12:09:12.815001,2025-04-03 12:09:12.815001
9c389651-8743-4cf0-8d3a-8c0465fc2ae4,MLA34921274,PORTS_AND_CONNECTORS_TYPES,Tipos de puertos y conectores,,Micro-USB,True,2025-04-03 12:09:12.815004,2025-04-03 12:09:12.815005
00902513-b75f-4dbf-943c-589582d23fe7,MLA34921274,MANUFACTURER,Fabricante,52701,Google,True,2025-04-03 12:09:12.815008,2025-04-03 12:09:12.815008
8953e335-f709-49d1-853e-43403c431a90,MLA34921274,WITH_INTEGRATED_VOICE_ASSISTANTS,Con asistentes de voz integrados,242085,Sí,True,2025-04-03 12:09:12.815011,2025-04-03 12:09:12.815012
85bccf8a-f14c-4f38-a47b-e70ce086fb8a,MLA34921274,INTEGRATED_VOICE_ASSISTANTS,Asistentes de voz integrados,,Google Assistant,True,2025-04-03 12:09:12.815015,2025-04-03 12:09:12.815015
2c47953e-2a8a-49cf-ba36-b7b683d62b3f,MLA34921274,INCLUDES_HDMI_CABLE,Incluye cable HDMI,242085,Sí,True,2025-04-03 12:09:12.815018,2025-04-03 12:09:12.815018
3706838f-950b-41d7-98d8-b6209cdede20,MLA34921274,INCLUDES_CELL_BATTERIES,Incluye pilas,242084,No,True,2025-04-03 12:09:12.815022,2025-04-03 12:09:12.815022
129f60dd-0f6c-44ad-b781-a42b73d42315,MLA34921274,LENGTH,Largo,8927824,16.2 cm,True,2025-04-03 12:09:12.815025,2025-04-03 12:09:12.815025
6919e705-d0a5-4eb1-a24c-d96b75494b22,MLA34921274,WIDTH,Ancho,8919901,6.1 cm,True,2025-04-03 12:09:12.815028,2025-04-03 12:09:12.815029
5b1b2e58-b530-4a4b-8d95-9df8e677d3b8,MLA34921274,HEIGHT,Altura,8248374,1.25 cm,True,2025-04-03 12:09:12.815032,2025-04-03 12:09:12.815032
3b0b033d-c524-4f34-a3c1-8951facd70a4,MLA34921274,WEIGHT,Peso,18029263,112 g,True,2025-04-03 12:09:12.815035,2025-04-03 12:09:12.815035
c18f03f8-def5-4576-a2f5-f148ff352867,MLA34921274,OS_NAME,Nombre del sistema operativo,296858,Android,True,2025-04-03 12:09:12.815039,2025-04-03 12:09:12.815039
0500820c-eafa-435c-8033-1480f9d24eca,MLA34921274,STREAMING_TECHNOLOGIES,Tecnologías de streaming,,Chromecast,True,2025-04-03 12:09:12.815042,2025-04-03 12:09:12.815042
dc4a361c-0336-4151-abac-fed6458f8cad,MLA34921274,MIN_OPERATING_SYSTEMS_REQUIRED,Sistemas operativos mínimos requeridos,,Android,True,2025-04-03 12:09:12.815046,2025-04-03 12:09:12.815046
a22d2c51-34c7-48b0-a6c7-6f32327edae5,MLA34921274,CPU,CPU,,Amlogic S905X3 Cortex-A55 Quad-Core,True,2025-04-03 12:09:12.815049,2025-04-03 12:09:12.815049
aa5324d7-b96b-45ff-b486-4f4fb9f0158f,MLA34921274,GRAPHICS_PROCESSOR,Procesador gráfico,7569896,Mali-G31 MP2,True,2025-04-03 12:09:12.815053,2025-04-03 12:09:12.815053
89b99edd-6131-4a05-a0d3-341adcebbc78,MLA34921274,WI_FI_STANDARDS,Estándares Wi-Fi,,2.4GHz,True,2025-04-03 12:09:12.815056,2025-04-03 12:09:12.815056
12bd3197-266a-460f-989a-b077af09294c,MLA34921274,FREQUENCIES,Frecuencias,,"Wi-fi 802.11ac (2, 4 ghz/5 ghz)",True,2025-04-03 12:09:12.815060,2025-04-03 12:09:12.815060
91013b61-9895-4b8c-b296-df0f9d3a754a,MLA34921274,DEVICE_OPERATING_VOLTAGE,Voltaje de funcionamiento,8631470,5 V,True,2025-04-03 12:09:12.815063,2025-04-03 12:09:12.815063
f80d1661-a6ad-4b6d-bad2-b0d7b98d4cc9,MLA29435054,BRAND,Marca,17208015,Chromecast,True,2025-04-03 12:09:12.815079,2025-04-03 12:09:12.815079
2ac17887-289e-4ba4-af81-838cfbacd2c4,MLA29435054,MODEL,Modelo,20428742,Chromecast 2,True,2025-04-03 12:09:12.815083,2025-04-03 12:09:12.815083
87c1299e-1108-4c46-b19d-185b110b0987,MLA29435054,GENERATION,Generación,11281876,2.ª generación,True,2025-04-03 12:09:12.815086,2025-04-03 12:09:12.815086
f7ae8763-0af0-4600-9620-b394d09350a0,MLA6125038,BRAND,Marca,52701,Google,True,2025-04-03 12:09:12.815100,2025-04-03 12:09:12.815100
5be1a452-49c7-40bb-a61a-3c7d7f886bb1,MLA6125038,MODEL,Modelo,11281877,Chromecast,True,2025-04-03 12:09:12.815104,2025-04-03 12:09:12.815104
51012cf2-7cae-4f88-9c77-065fbc815368,MLA6125038,GENERATION,Generación,11281876,2.ª generación,True,2025-04-03 12:09:12.815107,2025-04-03 12:09:12.815107
1a6f7bda-8c2a-49a6-aebf-c4a31104dc81,MLA6125038,DEVICE_FORMAT,Formato del dispositivo,9234856,Pendant Box,True,2025-04-03 12:09:12.815111,2025-04-03 12:09:12.815111
dff82847-2650-4011-8e83-d310745f2929,MLA6125038,MAX_VIDEO_RESOLUTION,Resolución máxima de video,168332,Full HD,True,2025-04-03 12:09:12.815114,2025-04-03 12:09:12.815115
f387bb90-b776-419b-aef9-4aa210643e0a,MLA6125038,COMPATIBLE_APPLICATIONS,Aplicaciones compatibles,,"ESPN, Google Play, HBO Go, Hulu, Netflix, Peacock, YouTube",True,2025-04-03 12:09:12.815118,2025-04-03 12:09:12.815118
e57cec04-94c7-46ec-a0e2-1e304a6ec72f,MLA6125038,RECOMMENDED_DEVICES,Dispositivos recomendados,,"Celulares, Computadoras, Tablets, Televisores",True,2025-04-03 12:09:12.815121,2025-04-03 12:09:12.815122
12f90435-4074-4b71-8ff5-d2aa14a199c1,MLA6125038,AUDIO_AND_VIDEO_INTERFACES,Interfaces de audio y video,,HDMI,True,2025-04-03 12:09:12.815125,2025-04-03 12:09:12.815125
e4a2aaa3-203f-4d50-8336-714758ab86a1,MLA6125038,PORTS_AND_CONNECTORS_TYPES,Tipos de puertos y conectores,,Micro-USB,True,2025-04-03 12:09:12.815128,2025-04-03 12:09:12.815128
285cd05c-eb91-4dd5-8e28-318cdf7961ec,MLA6125038,MANUFACTURER,Fabricante,52701,Google,True,2025-04-03 12:09:12.815132,2025-04-03 12:09:12.815132
085b4461-8f30-438f-95d0-059c159d4ad7,MLA6125038,WITH_BLUETOOTH,Con Bluetooth,242084,No,True,2025-04-03 12:09:12.815135,2025-04-03 12:09:12.815135
aa63072b-0250-4839-a032-ee85ef071eae,MLA6125038,WITH_WI_FI,Con Wi-Fi,242085,Sí,True,2025-04-03 12:09:12.815138,2025-04-03 12:09:12.815139
44ffcde2-d518-4219-9cbf-00d132b02252,MLA6125038,WITH_INTEGRATED_VOICE_ASSISTANTS,Con asistentes de voz integrados,242084,No,True,2025-04-03 12:09:12.815142,2025-04-03 12:09:12.815142
8b7cdd75-f6ce-458f-a5d3-a3c8d4077c47,MLA6125038,INCLUDES_HDMI_CABLE,Incluye cable HDMI,242084,No,True,2025-04-03 12:09:12.815146,2025-04-03 12:09:12.815147
693f8f5f-b225-4e7e-89ba-f2181b2869fb,MLA6125038,LENGTH,Largo,48552033,5.181 cm,True,2025-04-03 12:09:12.815150,2025-04-03 12:09:12.815150
ca08a7b8-3e05-4f6e-8753-43d3350df026,MLA6125038,WIDTH,Ancho,49324621,5.181 cm,True,2025-04-03 12:09:12.815153,2025-04-03 12:09:12.815153
1bbc4a59-51ac-43fa-a062-62f6bad83337,MLA6125038,HEIGHT,Altura,49324622,1.349 cm,True,2025-04-03 12:09:12.815157,2025-04-03 12:09:12.815157
971da902-3481-411c-a984-7e52eb432ab3,MLA6125038,OS_NAME,Nombre del sistema operativo,355776,Chrome OS,True,2025-04-03 12:09:12.815160,2025-04-03 12:09:12.815160
147ede4f-e196-49dd-906f-2e0943767ec4,MLA6125038,STREAMING_TECHNOLOGIES,Tecnologías de streaming,,Chromecast,True,2025-04-03 12:09:12.815164,2025-04-03 12:09:12.815164
f20d08ce-5e41-4e1e-a4fa-ffb3df79aa3a,MLA6125038,AUDIO_QUALITY,Calidad de audio,,DTS Digital Surround,True,2025-04-03 12:09:12.815167,2025-04-03 12:09:12.815167
cca9c1da-5d4e-4244-9135-9b6b809d2c0e,MLA6125038,LANGUAGE_OPTIONS,Opciones de idioma,,Español,True,2025-04-03 12:09:12.815171,2025-04-03 12:09:12.815171
c6ca5f40-5368-4b20-aa69-d8dfd155cde8,MLA6125038,MIN_OPERATING_SYSTEMS_REQUIRED,Sistemas operativos mínimos requeridos,,"Android 4.2, iOS 9.1, macOS X 10.9, Windows 7",True,2025-04-03 12:09:12.815174,2025-04-03 12:09:12.815174
94d7852b-e176-4157-a0ad-ad35fcde65e8,MLA6125038,CPU,CPU,,Cortex-A7 Dual-Core,True,2025-04-03 12:09:12.815177,2025-04-03 12:09:12.815177
c1cddb40-4f72-45f5-a89f-be4793b323e6,MLA6125038,WI_FI_STANDARDS,Estándares Wi-Fi,,IEEE 802.11ac,True,2025-04-03 12:09:12.815181,2025-04-03 12:09:12.815181
65c88b50-9f89-44f5-9efb-1c6a648f689c,MLA6125038,FREQUENCIES,Frecuencias,,"2.4 GHz, 5 GHz",True,2025-04-03 12:09:12.815184,2025-04-03 12:09:12.815184
07d35c85-1b46-41f9-ba08-18c01488c8e1,MLA6125038,DEVICE_OPERATING_VOLTAGE,Voltaje de funcionamiento,8631470,5 V,True,2025-04-03 12:09:12.815188,2025-04-03 12:09:12.815188
c028312c-74d9-49a6-85bb-fe73fcd7f7ae,MLA6125038,MPN,MPN,,NC2-6A5,True,2025-04-03 12:09:12.815191,2025-04-03 12:09:12.815191
ab5cbf1f-445c-468b-bfec-c5465d61f56d,MLA27474748,BRAND,Marca,52701,Google,True,2025-04-03 12:09:12.815214,2025-04-03 12:09:12.815214
eb98ada5-b54f-43db-81f5-3a1882ab9667,MLA27474748,MODEL,Modelo,11281877,Chromecast,True,2025-04-03 12:09:12.815217,2025-04-03 12:09:12.815218
75e98ae7-a51e-4a90-be9c-ba86aecc9a56,MLA27474748,GENERATION,Generación,8248559,3.ª generación,True,2025-04-03 12:09:12.815221,2025-04-03 12:09:12.815221
c6ad5773-1b34-4946-a8d1-9872bbba8fc0,MLA27474748,DEVICE_FORMAT,Formato del dispositivo,9234856,Pendant Box,True,2025-04-03 12:09:12.815224,2025-04-03 12:09:12.815225
1eb6b40a-4479-4452-97d8-b1f3bed2a03e,MLA27474748,MAX_VIDEO_RESOLUTION,Resolución máxima de video,168332,Full HD,True,2025-04-03 12:09:12.815228,2025-04-03 12:09:12.815228
080eafb1-2b48-4d55-98ac-40a72e9bca0c,MLA27474748,MANUFACTURER,Fabricante,52701,Google,True,2025-04-03 12:09:12.815231,2025-04-03 12:09:12.815232
8a32e11e-19b0-4e3a-befe-ad84564a3d67,MLA27474748,WITH_INTEGRATED_VOICE_ASSISTANTS,Con asistentes de voz integrados,242085,Sí,True,2025-04-03 12:09:12.815235,2025-04-03 12:09:12.815235
df269c31-d0d6-4d8e-9ec8-237249fdf99c,MLA27474748,INTEGRATED_VOICE_ASSISTANTS,Asistentes de voz integrados,,Google Assistant,True,2025-04-03 12:09:12.815238,2025-04-03 12:09:12.815238
d4e57e04-27c6-4572-856e-b0bdba91d1e3,MLA27474748,CPU,CPU,,Amlogic S905X3 Cortex-A55 Quad-Core,True,2025-04-03 12:09:12.815241,2025-04-03 12:09:12.815242
619c4ed0-8d46-406b-9122-2eb0e2d8c93a,MLA27474748,GRAPHICS_PROCESSOR,Procesador gráfico,7569896,Mali-G31 MP2,True,2025-04-03 12:09:12.815245,2025-04-03 12:09:12.815245
7ee2742e-1a9d-44f0-af57-c34fd4f699b8,MLA27474748,FREQUENCIES,Frecuencias,,"2.4 GHz, 5 GHz",True,2025-04-03 12:09:12.815248,2025-04-03 12:09:12.815248
32e8fbab-932f-4dfb-b138-064629607a2b,MLA27474748,DEVICE_OPERATING_VOLTAGE,Voltaje de funcionamiento,8631470,5 V,True,2025-04-03 12:09:12.815252,2025-04-03 12:09:12.815252
6441e0c8-9d51-49d7-9341-135208e808c1,MLA36300440,BRAND,Marca,52701,Google,True,2025-04-03 12:09:12.815266,2025-04-03 12:09:12.815266
b89d99d6-fa8c-47b5-b588-60abc75c9d92,MLA36300440,LINE,Línea,340816,Chromecast,True,2025-04-03 12:09:12.815269,2025-04-03 12:09:12.815270
a0c25943-5299-4ec4-83de-023a07c99a00,MLA36300440,MODEL,Modelo,11281877,Chromecast,True,2025-04-03 12:09:12.815273,2025-04-03 12:09:12.815273
ad643eb3-e11f-44b6-8910-48341bc08bab,MLA36300440,GENERATION,Generación,10910111,4.ª generación,True,2025-04-03 12:09:12.815276,2025-04-03 12:09:12.815277
cb20e019-6df1-45ce-8473-89f982ebfb07,MLA36300440,DEVICE_FORMAT,Formato del dispositivo,9234856,Pendant Box,True,2025-04-03 12:09:12.815280,2025-04-03 12:09:12.815280
cdc94ebe-de7e-49aa-b6d9-85df8a3f30a7,MLA36300440,MAX_VIDEO_RESOLUTION,Resolución máxima de video,168331,HD,True,2025-04-03 12:09:12.815283,2025-04-03 12:09:12.815283
861d2690-e855-43d4-8857-58d83c3209cb,MLA36300440,COMPATIBLE_APPLICATIONS,Aplicaciones compatibles,,"Amazon Prime Video, Netflix, Spotify, YouTube, HBO Now",True,2025-04-03 12:09:12.815287,2025-04-03 12:09:12.815287
fec3db59-dd75-46a1-b5da-957168d21ffe,MLA36300440,RECOMMENDED_DEVICES,Dispositivos recomendados,,"Celulares, Computadoras, Tablets, Televisores",True,2025-04-03 12:09:12.815290,2025-04-03 12:09:12.815290
3d636378-3a7a-4de5-97fa-f698176c173c,MLA36300440,PORTS_AND_CONNECTORS_TYPES,Tipos de puertos y conectores,,USB-C,True,2025-04-03 12:09:12.815294,2025-04-03 12:09:12.815294
0b36e2ad-323a-46ca-85d4-2533b198b0fc,MLA36300440,MANUFACTURER,Fabricante,52701,Google,True,2025-04-03 12:09:12.815301,2025-04-03 12:09:12.815301
a77d819e-f0a1-4e6a-adbe-211b31b22ffa,MLA36300440,ANATEL_HOMOLOGATION_NUMBER,Homologación Anatel Nº,40365787,7541404818,True,2025-04-03 12:09:12.815305,2025-04-03 12:09:12.815305
970b1ae0-ccc9-4f18-ada6-696883df81b1,MLA36300440,WITH_BLUETOOTH,Con Bluetooth,242085,Sí,True,2025-04-03 12:09:12.815308,2025-04-03 12:09:12.815308
6ab258f5-6a8f-46fe-bfa5-39a875071d0b,MLA36300440,WITH_INTEGRATED_VOICE_ASSISTANTS,Con asistentes de voz integrados,242085,Sí,True,2025-04-03 12:09:12.815312,2025-04-03 12:09:12.815312
8a05f986-c7d7-4e75-8c27-be8a49eb249e,MLA36300440,INTEGRATED_VOICE_ASSISTANTS,Asistentes de voz integrados,,Google Assistant,True,2025-04-03 12:09:12.815315,2025-04-03 12:09:12.815315
aea9b595-172f-491f-aefc-73aa5f40c23b,MLA36300440,INCLUDES_HDMI_CABLE,Incluye cable HDMI,242085,Sí,True,2025-04-03 12:09:12.815318,2025-04-03 12:09:12.815319
34f30f88-87ba-4606-8d8d-d91758d05494,MLA36300440,INCLUDES_CELL_BATTERIES,Incluye pilas,242084,No,True,2025-04-03 12:09:12.815322,2025-04-03 12:09:12.815322
4b9503c2-d34d-48a1-a174-2eb33c0704ff,MLA36300440,LENGTH,Largo,8927824,16.2 cm,True,2025-04-03 12:09:12.815325,2025-04-03 12:09:12.815325
6500cc97-e53e-4047-9ca4-296fe8ab4998,MLA36300440,WIDTH,Ancho,8919901,6.1 cm,True,2025-04-03 12:09:12.815329,2025-04-03 12:09:12.815329
f29b9b8d-9d54-4e25-92e7-7a9933d2f4c3,MLA36300440,HEIGHT,Altura,8248374,1.25 cm,True,2025-04-03 12:09:12.815332,2025-04-03 12:09:12.815332
dc55efe4-0e1b-464c-b5cd-a1dc6139d304,MLA36300440,WEIGHT,Peso,5991223,1 kg,True,2025-04-03 12:09:12.815336,2025-04-03 12:09:12.815336
b7f9df32-de31-4237-b446-177cd6268856,MLA36300440,OS_NAME,Nombre del sistema operativo,7601503,Android TV,True,2025-04-03 12:09:12.815339,2025-04-03 12:09:12.815339
2fbb1db0-5ef3-4da1-8ad0-08377d3d9197,MLA36300440,AUDIO_QUALITY,Calidad de audio,,"Dolby Atmos, Dolby Digital, Dolby Digital Plus",True,2025-04-03 12:09:12.815342,2025-04-03 12:09:12.815343
ced8fc76-8f64-4504-9a73-45813f491168,MLA36300440,LANGUAGE_OPTIONS,Opciones de idioma,,"Español, Inglés",True,2025-04-03 12:09:12.815346,2025-04-03 12:09:12.815346
4791ca24-3dea-465f-aac2-3c6610ed8266,MLA36300440,MIN_OPERATING_SYSTEMS_REQUIRED,Sistemas operativos mínimos requeridos,,Android,True,2025-04-03 12:09:12.815349,2025-04-03 12:09:12.815350
25225610-faaa-4e5a-8bab-24bfd75e77a0,MLA36300440,CPU,CPU,,Amlogic S905X3 Cortex-A55 Quad-Core,True,2025-04-03 12:09:12.815353,2025-04-03 12:09:12.815353
da4f95c8-1a15-4d87-ad17-7aa8a56789f0,MLA36300440,GRAPHICS_PROCESSOR,Procesador gráfico,7569896,Mali-G31 MP2,True,2025-04-03 12:09:12.815356,2025-04-03 12:09:12.815356
e494886e-b738-49b4-b1d4-a8a0e0d4c5a2,MLA36300440,WI_FI_STANDARDS,Estándares Wi-Fi,,IEEE 802.11ac,True,2025-04-03 12:09:12.815359,2025-04-03 12:09:12.815360
ae8725a1-ec9f-4a01-93ec-99eec678e84a,MLA36300440,FREQUENCIES,Frecuencias,,"2.4 GHz, 5 GHz",True,2025-04-03 12:09:12.815363,2025-04-03 12:09:12.815363
ffdafbd2-8689-4a70-bc27-919e64c61ad1,MLA36300440,DEVICE_OPERATING_VOLTAGE,Voltaje de funcionamiento,8631470,5 V,True,2025-04-03 12:09:12.815366,2025-04-03 12:09:12.815367
a5510391-4df1-4b56-a6c8-5f820e044524,MLA20544892,BRAND,Marca,52701,Google,True,2025-04-03 12:09:12.815380,2025-04-03 12:09:12.815380
104b807b-7834-4373-9694-54252aaa36d4,MLA20544892,LINE,Línea,340816,Chromecast,True,2025-04-03 12:09:12.815383,2025-04-03 12:09:12.815383
f70f588c-e0d1-4c2a-9a2b-de626cf1c019,MLA20544892,MODEL,Modelo,11281877,Chromecast,True,2025-04-03 12:09:12.815386,2025-04-03 12:09:12.815386
fb08dd8b-8357-4cd2-8c14-754cbbc69185,MLA20544892,GENERATION,Generación,8248559,3.ª generación,True,2025-04-03 12:09:12.815390,2025-04-03 12:09:12.815390
dbb0dfa4-64d4-44ac-9826-d8978be128fd,MLA20544892,DEVICE_FORMAT,Formato del dispositivo,8616496,Stick,True,2025-04-03 12:09:12.815393,2025-04-03 12:09:12.815393
fca46273-f6a7-4eaf-acf8-4d8933015e80,MLA20544892,COMPATIBLE_APPLICATIONS,Aplicaciones compatibles,,"Google Fotos, Google TV, HBO Now, Netflix, Spotify, YouTube, YouTube TV",True,2025-04-03 12:09:12.815398,2025-04-03 12:09:12.815398
4f1e7e09-8652-4b69-b8d4-21250fae32d0,MLA20544892,RECOMMENDED_DEVICES,Dispositivos recomendados,,Televisores con HDMI,True,2025-04-03 12:09:12.815401,2025-04-03 12:09:12.815401
bb36cfc3-7a71-494a-977a-fb59bbf15325,MLA20544892,PORTS_AND_CONNECTORS_TYPES,Tipos de puertos y conectores,,USB-C,True,2025-04-03 12:09:12.815405,2025-04-03 12:09:12.815405
1acf9b0a-5f59-43e5-95ba-531d5d6abf3f,MLA20544892,MANUFACTURER,Fabricante,52701,Google,True,2025-04-03 12:09:12.815408,2025-04-03 12:09:12.815408
f4fc27f3-23d6-4c96-bf0b-f649fdef228e,MLA20544892,WITH_BLUETOOTH,Con Bluetooth,242085,Sí,True,2025-04-03 12:09:12.815412,2025-04-03 12:09:12.815412
091ba2e9-63b4-4953-a522-37e057a699e6,MLA20544892,WITH_INTEGRATED_VOICE_ASSISTANTS,Con asistentes de voz integrados,242084,No,True,2025-04-03 12:09:12.815415,2025-04-03 12:09:12.815415
ad8aedbc-ecdc-4887-a26c-ba8de02c3497,MLA20544892,INTEGRATED_VOICE_ASSISTANTS,Asistentes de voz integrados,,Google Assistant,True,2025-04-03 12:09:12.815419,2025-04-03 12:09:12.815419
d8439135-d9e1-41ab-8e0a-e8f6977409d2,MLA20544892,INCLUDES_HDMI_CABLE,Incluye cable HDMI,242085,Sí,True,2025-04-03 12:09:12.815422,2025-04-03 12:09:12.815422
419fbf5a-2870-43ad-9ee5-ed9e1c7a448c,MLA20544892,INCLUDES_CELL_BATTERIES,Incluye pilas,242084,No,True,2025-04-03 12:09:12.815426,2025-04-03 12:09:12.815426
a31f0e54-93b5-4e16-9c4d-fa201e2310ff,MLA20544892,OS_NAME,Nombre del sistema operativo,355776,Chrome OS,True,2025-04-03 12:09:12.815429,2025-04-03 12:09:12.815429
6c6c1146-1a64-4ccf-9690-dfe159d0a265,MLA20544892,STREAMING_TECHNOLOGIES,Tecnologías de streaming,,Chromecast,True,2025-04-03 12:09:12.815432,2025-04-03 12:09:12.815433
174debd5-998f-483a-b8e5-e6672512fb7d,MLA20544892,AUDIO_QUALITY,Calidad de audio,,DTS Digital Surround,True,2025-04-03 12:09:12.815436,2025-04-03 12:09:12.815436
6a759157-059c-46b5-87d8-bbbd24d07bef,MLA20544892,LANGUAGE_OPTIONS,Opciones de idioma,,Español,True,2025-04-03 12:09:12.815439,2025-04-03 12:09:12.815439
ffdce97c-63e8-4095-b54e-ab5311383913,MLA20544892,MIN_OPERATING_SYSTEMS_REQUIRED,Sistemas operativos mínimos requeridos,,"Android 4.2, Windows 7, iOS 9.1, macOS X 10.9",True,2025-04-03 12:09:12.815443,2025-04-03 12:09:12.815443
c5ab84b1-b862-4cf5-8e41-2bbe2708b9c9,MLA20544892,CPU,CPU,,ARM Cortex-A7 Dual-Core,True,2025-04-03 12:09:12.815446,2025-04-03 12:09:12.815446
80147c06-2914-4461-b79a-f83b37e9c739,MLA20544892,GRAPHICS_PROCESSOR,Procesador gráfico,8249292,Mali-450,True,2025-04-03 12:09:12.815450,2025-04-03 12:09:12.815450
4c65f630-fd21-42af-a40e-bbe7c0a78a07,MLA20544892,FREQUENCIES,Frecuencias,,"2.4 GHz, 5 GHz",True,2025-04-03 12:09:12.815453,2025-04-03 12:09:12.815453
de9c8751-364e-4849-a2a7-7c4c57d2c13e,MLA19862209,BRAND,Marca,52701,Google,True,2025-04-03 12:09:12.815473,2025-04-03 12:09:12.815474
d13bec2c-aad6-419e-8e77-1f8db87b58a6,MLA19862209,MODEL,Modelo,13655856,Kit Home Mini + Chromecast,True,2025-04-03 12:09:12.815477,2025-04-03 12:09:12.815477
5b1a9b31-646e-47ca-9835-1ebae55cffa9,MLA19862209,DEVICE_FORMAT,Formato del dispositivo,8616496,Stick,True,2025-04-03 12:09:12.815480,2025-04-03 12:09:12.815481
b40bf1b0-6ace-4baa-aba9-1c7177de3514,MLA19862209,MAX_VIDEO_RESOLUTION,Resolución máxima de video,168332,Full HD,True,2025-04-03 12:09:12.815484,2025-04-03 12:09:12.815484
318c7153-8dba-4bcb-9b93-f1185051d163,MLA19862209,AUDIO_AND_VIDEO_INTERFACES,Interfaces de audio y video,,HDMI,True,2025-04-03 12:09:12.815487,2025-04-03 12:09:12.815488
95cefcea-a230-4a1a-9631-58aae5ae237b,MLA19862209,PORTS_AND_CONNECTORS_TYPES,Tipos de puertos y conectores,,USB-A,True,2025-04-03 12:09:12.815491,2025-04-03 12:09:12.815491
ea941134-1f59-4582-9c7e-5c4384f7afc9,MLA19862209,MANUFACTURER,Fabricante,40905235,Google Llc,True,2025-04-03 12:09:12.815496,2025-04-03 12:09:12.815496
4052141a-d0fc-402b-91f4-460774aec277,MLA19862209,WITH_INTEGRATED_VOICE_ASSISTANTS,Con asistentes de voz integrados,242085,Sí,True,2025-04-03 12:09:12.815499,2025-04-03 12:09:12.815499
d1358b62-aea7-4796-af6a-0282e652eeda,MLA19862209,INTEGRATED_VOICE_ASSISTANTS,Asistentes de voz integrados,,Google Assistant,True,2025-04-03 12:09:12.815503,2025-04-03 12:09:12.815503
24fe926f-4b86-4301-a10a-a2a05d9842b6,MLA19862209,OS_NAME,Nombre del sistema operativo,296858,Android,True,2025-04-03 12:09:12.815506,2025-04-03 12:09:12.815506
47ff4e1b-9065-4ebb-b308-060663fe1005,MLA19862209,STREAMING_TECHNOLOGIES,Tecnologías de streaming,,Google Cast,True,2025-04-03 12:09:12.815510,2025-04-03 12:09:12.815510
03fd9e02-83b5-4d68-9b0e-4f53cf7b0d7a,MLA42167578,BRAND,Marca,52701,Google,True,2025-04-03 12:09:12.815526,2025-04-03 12:09:12.815526
1b7b09bc-8957-4781-ba86-48c2b115ef2c,MLA42167578,LINE,Línea,340816,Chromecast,True,2025-04-03 12:09:12.815529,2025-04-03 12:09:12.815529
ba99817e-ff77-472f-854a-09f046424bd4,MLA42167578,MODEL,Modelo,20428742,Chromecast 2,True,2025-04-03 12:09:12.815533,2025-04-03 12:09:12.815533
e8c50781-71f1-4d97-bc18-b6b4a3d01884,MLA42167578,ALPHANUMERIC_MODEL,Modelo alfanumérico,17636390,NC2-6A5,True,2025-04-03 12:09:12.815536,2025-04-03 12:09:12.815536
5c44d8a7-a5c2-4fb9-8e93-6d2460455eb7,MLA42167578,DEVICE_FORMAT,Formato del dispositivo,8616496,Stick,True,2025-04-03 12:09:12.815540,2025-04-03 12:09:12.815540
4f86bffe-6161-491c-ae2a-ea52ee6a3d85,MLA45025508,BRAND,Marca,52701,Google,True,2025-04-03 12:09:12.815556,2025-04-03 12:09:12.815556
b9475fc4-195f-4aa1-8999-ecb01957a1aa,MLA45025508,MODEL,Modelo,42883009,Chromecast con Google TV,True,2025-04-03 12:09:12.815559,2025-04-03 12:09:12.815559
c13a1a64-c679-4bb7-a4f4-00065c72c221,MLA45025508,DEVICE_FORMAT,Formato del dispositivo,9234856,Pendant Box,True,2025-04-03 12:09:12.815563,2025-04-03 12:09:12.815563
d5e71ca7-679e-43c6-a250-64e339cc5783,MLA23019122,BRAND,Marca,13356122,Yehua,True,2025-04-03 12:09:12.815579,2025-04-03 12:09:12.815579
b12db774-bfc7-4962-b3d6-7a0ec94b0ed3,MLA23019122,LINE,Línea,9743532,g1,True,2025-04-03 12:09:12.815582,2025-04-03 12:09:12.815583
eedffc9e-b61b-4efe-8307-9fef844864d9,MLA23019122,MODEL,Modelo,11281877,Chromecast,True,2025-04-03 12:09:12.815586,2025-04-03 12:09:12.815586
8a3032ba-c06e-4f13-80e3-72c2e290d06d,MLA23019122,ALPHANUMERIC_MODEL,Modelo alfanumérico,18833018,G1-1,True,2025-04-03 12:09:12.815589,2025-04-03 12:09:12.815589
2a49838d-f555-4927-9cd0-119f46b56619,MLA46650576,BRAND,Marca,52701,Google,True,2025-04-03 12:09:12.815604,2025-04-03 12:09:12.815605
524ed382-9cec-4ddd-a0a5-5d9d0cff7c40,MLA46650576,LINE,Línea,340816,Chromecast,True,2025-04-03 12:09:12.815608,2025-04-03 12:09:12.815608
d41d7b8b-dd01-4929-8080-242afba44bbf,MLA46650576,MODEL,Modelo,11281877,Chromecast,True,2025-04-03 12:09:12.815611,2025-04-03 12:09:12.815612
aa614088-e8b0-4c0f-8609-7bff5b6de79a,MLA46650576,GENERATION,Generación,11281876,2.ª generación,True,2025-04-03 12:09:12.815615,2025-04-03 12:09:12.815615
e72f39a5-5b18-4a85-aee6-cf7e34b348cc,MLA46650576,DEVICE_FORMAT,Formato del dispositivo,9234856,Pendant Box,True,2025-04-03 12:09:12.815618,2025-04-03 12:09:12.815619
09c539b3-bf3e-4f16-913c-beed31979c02,MLA36289971,BRAND,Marca,52701,Google,True,2025-04-03 12:09:12.815632,2025-04-03 12:09:12.815632
7e7cc374-3bf9-446d-b4f6-6f951cf98092,MLA36289971,LINE,Línea,340816,Chromecast,True,2025-04-03 12:09:12.815635,2025-04-03 12:09:12.815636
10ab0c8f-56c6-47d1-a745-9cd2581d0e10,MLA36289971,MODEL,Modelo,37017352,ACx1815,True,2025-04-03 12:09:12.815639,2025-04-03 12:09:12.815639
d770ba0f-2756-4fd3-913b-7dd3cf536d2a,MLA36289971,GENERATION,Generación,10910111,4.ª generación,True,2025-04-03 12:09:12.815642,2025-04-03 12:09:12.815642
02a87000-8b55-4151-a53b-eb3c9277057e,MLA36289971,DEVICE_FORMAT,Formato del dispositivo,9234856,Pendant Box,True,2025-04-03 12:09:12.815646,2025-04-03 12:09:12.815646
e035adaf-1bc5-4cbd-8837-636f677ba242,MLA36289971,MAX_VIDEO_RESOLUTION,Resolución máxima de video,169883,4K,True,2025-04-03 12:09:12.815649,2025-04-03 12:09:12.815650
1f6e8ba8-fd0c-46fa-a7d2-fc45b9044e14,MLA36289971,MANUFACTURER,Fabricante,52701,Google,True,2025-04-03 12:09:12.815653,2025-04-03 12:09:12.815653
27826831-ff5c-40bd-92da-6803bf6a2ece,MLA36289971,WITH_INTEGRATED_VOICE_ASSISTANTS,Con asistentes de voz integrados,242085,Sí,True,2025-04-03 12:09:12.815656,2025-04-03 12:09:12.815656
53c0c463-9cef-4cc7-8e12-94fbe3a73983,MLA36289971,INTEGRATED_VOICE_ASSISTANTS,Asistentes de voz integrados,,Google Assistant,True,2025-04-03 12:09:12.815660,2025-04-03 12:09:12.815660
4d481f0a-bcb2-4162-977d-bced64a9828e,MLA36289971,INCLUDES_HDMI_CABLE,Incluye cable HDMI,242085,Sí,True,2025-04-03 12:09:12.815663,2025-04-03 12:09:12.815663
343e8321-2160-404e-83fe-f7cbb87b9914,MLA36289971,INCLUDES_CELL_BATTERIES,Incluye pilas,242085,Sí,True,2025-04-03 12:09:12.815666,2025-04-03 12:09:12.815667
44e56f85-a5be-4d75-a877-bd88105e796b,MLA21237750,BRAND,Marca,52701,Google,True,2025-04-03 12:09:12.815680,2025-04-03 12:09:12.815680
e5372dea-9618-4fab-a496-e18014735f50,MLA21237750,LINE,Línea,340816,Chromecast,True,2025-04-03 12:09:12.815683,2025-04-03 12:09:12.815683
eff66ec6-8ad2-492b-8b00-dca92018b213,MLA21237750,MODEL,Modelo,15925757,GA03131,True,2025-04-03 12:09:12.815686,2025-04-03 12:09:12.815687
a467066c-cdeb-46ac-b241-90961e7a5530,MLA21237750,GENERATION,Generación,10910111,4.ª generación,True,2025-04-03 12:09:12.815690,2025-04-03 12:09:12.815690
ddb00c85-b98a-483b-9004-557cef048999,MLA21237750,DEVICE_FORMAT,Formato del dispositivo,9234856,Pendant Box,True,2025-04-03 12:09:12.815693,2025-04-03 12:09:12.815694
d4c18816-df32-44cb-ad11-81e40002a847,MLA21237750,MAX_VIDEO_RESOLUTION,Resolución máxima de video,168332,Full HD,True,2025-04-03 12:09:12.815697,2025-04-03 12:09:12.815697
7eadea96-8b4b-4b7b-a27a-a0a55d5938a3,MLA21237750,COMPATIBLE_APPLICATIONS,Aplicaciones compatibles,,"Amazon Prime Video, ESPN, HBO Go, Netflix, You, YouTube, Facebook, Hulu, Spotify, Deezer, Disney+, max, Flow",True,2025-04-03 12:09:12.815700,2025-04-03 12:09:12.815700
e54a745a-820d-4a5d-ae98-b86fe0d32c8e,MLA21237750,RECOMMENDED_DEVICES,Dispositivos recomendados,,Televisores y monitores con HDMI,True,2025-04-03 12:09:12.815704,2025-04-03 12:09:12.815704
eb7f0648-d692-4200-9e3f-747523f0ca86,MLA21237750,AUDIO_AND_VIDEO_INTERFACES,Interfaces de audio y video,,HDMI,True,2025-04-03 12:09:12.815707,2025-04-03 12:09:12.815707
34d93271-349d-4480-9188-3a4c256d045f,MLA21237750,MANUFACTURER,Fabricante,52701,Google,True,2025-04-03 12:09:12.815710,2025-04-03 12:09:12.815711
529f70dc-0b37-4894-bd58-04b018628e25,MLA21237750,WITH_BLUETOOTH,Con Bluetooth,242085,Sí,True,2025-04-03 12:09:12.815714,2025-04-03 12:09:12.815714
7dc1c3b6-6ab2-430a-89ec-27faad1babf0,MLA21237750,WITH_WI_FI,Con Wi-Fi,242085,Sí,True,2025-04-03 12:09:12.815717,2025-04-03 12:09:12.815717
72923893-01c2-468a-8089-569ec200c51c,MLA21237750,WITH_INTEGRATED_VOICE_ASSISTANTS,Con asistentes de voz integrados,242085,Sí,True,2025-04-03 12:09:12.815721,2025-04-03 12:09:12.815721
d8562994-365f-44a3-b2b9-cb1a00db4596,MLA21237750,INTEGRATED_VOICE_ASSISTANTS,Asistentes de voz integrados,,Google Assistant,True,2025-04-03 12:09:12.815725,2025-04-03 12:09:12.815726
ad7eb493-852d-4418-935a-7a514e28b2e8,MLA21237750,INCLUDES_HDMI_CABLE,Incluye cable HDMI,242085,Sí,True,2025-04-03 12:09:12.815729,2025-04-03 12:09:12.815729
90748187-b89d-4be1-83b7-7ea2db2c60bf,MLA21237750,INCLUDES_CELL_BATTERIES,Incluye pilas,242085,Sí,True,2025-04-03 12:09:12.815732,2025-04-03 12:09:12.815733
b7a15c81-1f6b-4cd9-9d7f-f200583d0600,MLA21237750,WIDTH,Ancho,8919901,6.1 cm,True,2025-04-03 12:09:12.815736,2025-04-03 12:09:12.815736
db085b27-ca7d-4c87-8da0-8e54a3a3eb43,MLA21237750,HEIGHT,Altura,10576860,1.3 cm,True,2025-04-03 12:09:12.815739,2025-04-03 12:09:12.815739
0e8cdb2b-ec49-44c2-a070-b8ac430021bd,MLA21237750,WEIGHT,Peso,23573835,3.2 g,True,2025-04-03 12:09:12.815743,2025-04-03 12:09:12.815743
97c406c1-619c-45d8-94f4-82a0e388d060,MLA21237750,STREAMING_TECHNOLOGIES,Tecnologías de streaming,,Chromecast,True,2025-04-03 12:09:12.815746,2025-04-03 12:09:12.815746
8a242a9e-6899-405d-b552-72be0b938d93,MLA21237750,LANGUAGE_OPTIONS,Opciones de idioma,,Multidioma,True,2025-04-03 12:09:12.815749,2025-04-03 12:09:12.815750
97cf85c5-7d9f-4f9c-af2e-98d526f3178c,MLA34077577,BRAND,Marca,52701,Google,True,2025-04-03 12:09:12.815772,2025-04-03 12:09:12.815773
035582c5-8e83-4bc4-a6d8-e282b3e28469,MLA34077577,LINE,Línea,340816,Chromecast,True,2025-04-03 12:09:12.815776,2025-04-03 12:09:12.815776
d167492e-c1f5-45ce-a1bd-88dd8242aeed,MLA34077577,MODEL,Modelo,11281877,Chromecast,True,2025-04-03 12:09:12.815779,2025-04-03 12:09:12.815780
60054e0a-eb37-4249-9445-f3e97c192955,MLA34077577,GENERATION,Generación,8248559,3.ª generación,True,2025-04-03 12:09:12.815783,2025-04-03 12:09:12.815783
62f98130-12e1-4304-bd49-cdcd43615ba8,MLA34077577,ALPHANUMERIC_MODEL,Modelo alfanumérico,13332023,GA00439,True,2025-04-03 12:09:12.815786,2025-04-03 12:09:12.815786
cdebc463-02ee-4964-a1e9-c1c668bca31d,MLA34077577,MANUFACTURER,Fabricante,52701,Google,True,2025-04-03 12:09:12.815790,2025-04-03 12:09:12.815790
6078b1d9-0e42-4273-b999-a7359da15f1d,MLA34077577,WITH_BLUETOOTH,Con Bluetooth,242085,Sí,True,2025-04-03 12:09:12.815793,2025-04-03 12:09:12.815793
66ddf369-e062-41aa-a18c-6e96dc9be018,MLA34077577,WITH_INTEGRATED_VOICE_ASSISTANTS,Con asistentes de voz integrados,242084,No,True,2025-04-03 12:09:12.815796,2025-04-03 12:09:12.815797
32b026d4-7207-49cc-89f8-f1d686080505,MLA34077577,INTEGRATED_VOICE_ASSISTANTS,Asistentes de voz integrados,,Google Assistant,True,2025-04-03 12:09:12.815800,2025-04-03 12:09:12.815800
5042a284-8912-49eb-bdf7-56f82aefdea1,MLA34077577,INCLUDES_HDMI_CABLE,Incluye cable HDMI,242085,Sí,True,2025-04-03 12:09:12.815803,2025-04-03 12:09:12.815803
e1b10b0c-b275-47fd-a7ea-cc1795f2780d,MLA34077577,WEIGHT,Peso,18372933,32 g,True,2025-04-03 12:09:12.815806,2025-04-03 12:09:12.815807
787000f3-7b72-45ef-a9df-b1ebd025ceb1,MLA34077577,CPU,CPU,,Cortex-A7 Dual-Core,True,2025-04-03 12:09:12.815810,2025-04-03 12:09:12.815810
df615db2-1c51-46ed-9e4e-7f90648c8717,MLA34077577,GRAPHICS_PROCESSOR,Procesador gráfico,7569896,Mali-G31 MP2,True,2025-04-03 12:09:12.815813,2025-04-03 12:09:12.815813
7b61b013-e579-4dfe-829e-91c13909e1c7,MLA34077577,FREQUENCIES,Frecuencias,,"2.4 GHz, 5 GHz",True,2025-04-03 12:09:12.815817,2025-04-03 12:09:12.815817
a9c4d65b-0ddb-4197-9f2f-6cac4c98c485,MLA44242558,BRAND,Marca,44140743,Homatics,True,2025-04-03 12:09:12.815831,2025-04-03 12:09:12.815832
c6ae73b6-516b-4d07-be1e-9d4f1cfa4761,MLA44242558,LINE,Línea,340816,Chromecast,True,2025-04-03 12:09:12.815835,2025-04-03 12:09:12.815835
d642759a-044b-4172-95ee-87d53fe1766b,MLA44242558,MODEL,Modelo,44164282,Stick Gd2,True,2025-04-03 12:09:12.815838,2025-04-03 12:09:12.815839
3f87cbfb-a474-4677-8691-ace21fdc9b63,MLA44242558,ALPHANUMERIC_MODEL,Modelo alfanumérico,44164276,HOMATICS Dongle,True,2025-04-03 12:09:12.815842,2025-04-03 12:09:12.815842
da9fee31-fc81-432c-95a1-2799ca2ec295,MLA44242558,DEVICE_FORMAT,Formato del dispositivo,8616496,Stick,True,2025-04-03 12:09:12.815845,2025-04-03 12:09:12.815846
0a87ab7a-3a6f-44fc-a5c7-b377dc81de35,MLA44242558,MAX_VIDEO_RESOLUTION,Resolución máxima de video,169883,4K,True,2025-04-03 12:09:12.815849,2025-04-03 12:09:12.815849
f125a98b-abcd-4eda-9076-230ac0215919,MLA44242558,RECOMMENDED_DEVICES,Dispositivos recomendados,,Convierte el televisor en un televisor inteligente,True,2025-04-03 12:09:12.815852,2025-04-03 12:09:12.815853
ad085cb3-2007-4115-bb89-f0b937c4c0cf,MLA44242558,PORTS_AND_CONNECTORS_TYPES,Tipos de puertos y conectores,,"USB-C, Ethernet",True,2025-04-03 12:09:12.815856,2025-04-03 12:09:12.815856
8acb7da0-738f-45dc-8b78-ddaa738baedc,MLA44242558,MANUFACTURER,Fabricante,44140743,Homatics,True,2025-04-03 12:09:12.815859,2025-04-03 12:09:12.815859
40a08a72-31c8-485f-b12c-6b562d824323,MLA44242558,WITH_BLUETOOTH,Con Bluetooth,242085,Sí,True,2025-04-03 12:09:12.815862,2025-04-03 12:09:12.815863
7ba00d4f-d644-4778-b5ff-1bb673af353b,MLA44242558,WITH_WI_FI,Con Wi-Fi,242085,Sí,True,2025-04-03 12:09:12.815866,2025-04-03 12:09:12.815866
950ebd74-1c44-44c8-8709-7e1f42b48deb,MLA44242558,WITH_INTEGRATED_VOICE_ASSISTANTS,Con asistentes de voz integrados,242085,Sí,True,2025-04-03 12:09:12.815869,2025-04-03 12:09:12.815869
c0ee485e-0ef1-4f0d-9fa3-d3c1ced7b1c0,MLA44242558,INTEGRATED_VOICE_ASSISTANTS,Asistentes de voz integrados,,Google Assistant,True,2025-04-03 12:09:12.815873,2025-04-03 12:09:12.815873
5e84e1f7-f4d6-4322-8155-73b95d9e4760,MLA44242558,INCLUDES_HDMI_CABLE,Incluye cable HDMI,242085,Sí,True,2025-04-03 12:09:12.815876,2025-04-03 12:09:12.815876
49f33095-60ea-4e65-823f-c096ed559ab8,MLA44242558,INCLUDES_CELL_BATTERIES,Incluye pilas,242084,No,True,2025-04-03 12:09:12.815880,2025-04-03 12:09:12.815880
9f33d8a8-1eed-40a1-a3c0-848bead00c33,MLA44242558,LENGTH,Largo,7175979,15 cm,True,2025-04-03 12:09:12.815883,2025-04-03 12:09:12.815883
61f56c63-37e7-40ad-b380-beaeae7ca8ae,MLA44242558,WIDTH,Ancho,13377043,9.6 cm,True,2025-04-03 12:09:12.815886,2025-04-03 12:09:12.815887
1b4c60de-8f4f-4a29-b06c-9ece412ef0ce,MLA44242558,HEIGHT,Altura,7841468,5 cm,True,2025-04-03 12:09:12.815890,2025-04-03 12:09:12.815890
ac2a3a70-4a53-4f2c-9ad2-a156540d1cbb,MLA44242558,WEIGHT,Peso,16091101,250 g,True,2025-04-03 12:09:12.815893,2025-04-03 12:09:12.815893
09d23401-1b64-4788-aeb4-ddc1b7ae2819,MLA44242558,OS_NAME,Nombre del sistema operativo,13310224,Google TV,True,2025-04-03 12:09:12.815897,2025-04-03 12:09:12.815897
b2408a7a-3458-4917-bc4b-07ca47762633,MLA13841392,BRAND,Marca,52701,Google,True,2025-04-03 12:09:12.815917,2025-04-03 12:09:12.815917
a327ea2f-4fed-47c7-b534-0db596cc5997,MLA13841392,MODEL,Modelo,11281877,Chromecast,True,2025-04-03 12:09:12.815920,2025-04-03 12:09:12.815920
aa275391-fe73-40bb-bce4-3472044a1803,MLA13841392,GENERATION,Generación,8248559,3.ª generación,True,2025-04-03 12:09:12.815923,2025-04-03 12:09:12.815924
3d1afa1d-1ade-47c5-9265-a6673e569903,MLA13841392,ALPHANUMERIC_MODEL,Modelo alfanumérico,13332023,GA00439,True,2025-04-03 12:09:12.815927,2025-04-03 12:09:12.815927
ec16f21c-91b4-4a43-bfbc-e29e4c93854f,MLA13841392,DEVICE_FORMAT,Formato del dispositivo,9234856,Pendant Box,True,2025-04-03 12:09:12.815930,2025-04-03 12:09:12.815931
184949c0-c42c-4c59-b144-d26e12699d2e,MLA13841392,MAX_VIDEO_RESOLUTION,Resolución máxima de video,168332,Full HD,True,2025-04-03 12:09:12.815935,2025-04-03 12:09:12.815936
0236e942-d79b-4d42-9d4e-61fa2d7bd018,MLA13841392,COMPATIBLE_APPLICATIONS,Aplicaciones compatibles,,"Netflix, YouTube, Spotify, Google Fotos, Google TV, YouTube TV, HBO Now",True,2025-04-03 12:09:12.815939,2025-04-03 12:09:12.815939
4937fd68-9efa-4e6e-b86e-dc9e3344e14d,MLA13841392,RECOMMENDED_DEVICES,Dispositivos recomendados,,"Televisores, Celulares, Computadoras, Tablets",True,2025-04-03 12:09:12.815942,2025-04-03 12:09:12.815943
f854d564-a2e6-4c29-be68-6e6db75fa104,MLA13841392,AUDIO_AND_VIDEO_INTERFACES,Interfaces de audio y video,,HDMI,True,2025-04-03 12:09:12.815946,2025-04-03 12:09:12.815946
154ff9f1-c44e-4f9f-9b8c-4375d46d76b8,MLA13841392,PORTS_AND_CONNECTORS_TYPES,Tipos de puertos y conectores,,Micro-USB,True,2025-04-03 12:09:12.815949,2025-04-03 12:09:12.815949
7debd1ee-c56b-4917-9951-91c4466d4403,MLA13841392,MANUFACTURER,Fabricante,52701,Google,True,2025-04-03 12:09:12.815952,2025-04-03 12:09:12.815953
d7a7b01d-00c8-4207-8146-60cde4e26678,MLA13841392,WITH_WI_FI,Con Wi-Fi,242085,Sí,True,2025-04-03 12:09:12.815956,2025-04-03 12:09:12.815956
ab43c3ce-64bc-4cc2-a12f-84eca9595579,MLA13841392,WITH_INTEGRATED_VOICE_ASSISTANTS,Con asistentes de voz integrados,242084,No,True,2025-04-03 12:09:12.815959,2025-04-03 12:09:12.815959
20ca3bba-f7dc-4388-b610-64cc0efc46bb,MLA13841392,INTEGRATED_VOICE_ASSISTANTS,Asistentes de voz integrados,,Google Assistant,True,2025-04-03 12:09:12.815963,2025-04-03 12:09:12.815963
25b38ea6-3f5f-4052-bb86-0bce00c3b310,MLA13841392,INCLUDES_HDMI_CABLE,Incluye cable HDMI,242085,Sí,True,2025-04-03 12:09:12.815966,2025-04-03 12:09:12.815966
fcd09a3c-4975-4367-adf9-52f13967703c,MLA13841392,LENGTH,Largo,48553666,5.18 cm,True,2025-04-03 12:09:12.815969,2025-04-03 12:09:12.815970
40a154d2-7b28-4480-aeed-ff3180fe6d8c,MLA13841392,WIDTH,Ancho,48717962,5.19 cm,True,2025-04-03 12:09:12.815973,2025-04-03 12:09:12.815973
516eed90-ba1c-4ecf-ab22-b86d923bf4c1,MLA13841392,HEIGHT,Altura,22237619,1.38 cm,True,2025-04-03 12:09:12.815976,2025-04-03 12:09:12.815977
7d108950-e2ec-432b-b22b-ac1047c472ed,MLA13841392,WEIGHT,Peso,22405336,1.4 g,True,2025-04-03 12:09:12.815980,2025-04-03 12:09:12.815980
48920f78-2b7c-4f55-b820-ee07dd393559,MLA13841392,OS_NAME,Nombre del sistema operativo,355776,Chrome OS,True,2025-04-03 12:09:12.815983,2025-04-03 12:09:12.815983
9d138d39-2763-4fa0-8dc8-59b1177bbd83,MLA13841392,STREAMING_TECHNOLOGIES,Tecnologías de streaming,,Chromecast,True,2025-04-03 12:09:12.815987,2025-04-03 12:09:12.815987
3695737c-db51-4e5b-8cc6-6f28d5467588,MLA13841392,AUDIO_QUALITY,Calidad de audio,,"Dolby Digital 5.1, Dolby Digital Plus 7.1",True,2025-04-03 12:09:12.815990,2025-04-03 12:09:12.815990
fdcf493c-62bf-41be-97df-f0f9caa422e8,MLA13841392,LANGUAGE_OPTIONS,Opciones de idioma,,Español,True,2025-04-03 12:09:12.815993,2025-04-03 12:09:12.815994
90aeebaf-bd95-41a6-afde-e564ea0f614b,MLA13841392,MIN_OPERATING_SYSTEMS_REQUIRED,Sistemas operativos mínimos requeridos,,"Android 4.2, iOS 9.1, macOS X 10.9, Windows 7",True,2025-04-03 12:09:12.815997,2025-04-03 12:09:12.815997
9089a68d-57e0-46f8-b260-e24f2c0fb5af,MLA13841392,CPU,CPU,,Cortex-A7 Dual-Core,True,2025-04-03 12:09:12.816000,2025-04-03 12:09:12.816001
0279ea1c-0923-4f05-a0eb-88a92c2602bd,MLA13841392,GRAPHICS_PROCESSOR,Procesador gráfico,8249292,Mali-450,True,2025-04-03 12:09:12.816004,2025-04-03 12:09:12.816004
cad76c1d-7157-4f81-bc3a-31d028176a94,MLA13841392,WI_FI_STANDARDS,Estándares Wi-Fi,,IEEE 802.11ac,True,2025-04-03 12:09:12.816007,2025-04-03 12:09:12.816008
53fa63f7-3def-4bf0-a7b5-38c89b14ff4e,MLA13841392,FREQUENCIES,Frecuencias,,"2.4 GHz, 5 GHz",True,2025-04-03 12:09:12.816011,2025-04-03 12:09:12.816011
37ca465f-52f8-4f10-b1b1-b667528128e3,MLA13841392,DEVICE_OPERATING_VOLTAGE,Voltaje de funcionamiento,8631470,5 V,True,2025-04-03 12:09:12.816014,2025-04-03 12:09:12.816014
814bd376-44b7-4713-b094-af03e877b150,MLA13841392,MPN,MPN,,GA00439,True,2025-04-03 12:09:12.816017,2025-04-03 12:09:12.816018
5f8e6a79-4a6f-4d07-8c2d-0de07a63243a,MLA45478107,BRAND,Marca,24832742,Zhuhao,True,2025-04-03 12:09:12.816037,2025-04-03 12:09:12.816038
2aac2375-aa01-4439-9a27-efe0093c1b4f,MLA45478107,MODEL,Modelo,26271514,co-screen device,True,2025-04-03 12:09:12.816041,2025-04-03 12:09:12.816041
21a74733-e942-4b88-981e-175ef64f3bab,MLA45478107,GENERATION,Generación,9215423,3°,True,2025-04-03 12:09:12.816049,2025-04-03 12:09:12.816050
b037a87b-daff-4fda-81da-b915f77d3f69,MLA45478107,ALPHANUMERIC_MODEL,Modelo alfanumérico,14342600,Chromecast 3,True,2025-04-03 12:09:12.816053,2025-04-03 12:09:12.816053
3a776f94-1609-4e8c-9a47-c64a3e93fece,MLA45478107,DEVICE_FORMAT,Formato del dispositivo,8616496,Stick,True,2025-04-03 12:09:12.816057,2025-04-03 12:09:12.816057
54702a22-3c38-4369-881d-94d0e4c81d77,MLA28705946,BRAND,Marca,20036598,Optimus Technology,True,2025-04-03 12:09:12.816070,2025-04-03 12:09:12.816071
5d9f1ec8-affc-4072-91b9-d9c3cf8ca21d,MLA28705946,LINE,Línea,340816,Chromecast,True,2025-04-03 12:09:12.816074,2025-04-03 12:09:12.816074
4293df6c-c12a-4705-8337-ebf3daba0322,MLA28705946,MODEL,Modelo,26935921,Optimus TV,True,2025-04-03 12:09:12.816078,2025-04-03 12:09:12.816078
47ed7b5d-0b9b-48dc-b3a2-27d0093fea68,MLA28705946,ALPHANUMERIC_MODEL,Modelo alfanumérico,26935920,TVBOX-OPTV01,True,2025-04-03 12:09:12.816081,2025-04-03 12:09:12.816081
ef0240f1-b8fb-455d-aaea-45f70547f26a,MLA28705946,WITH_INTEGRATED_VOICE_ASSISTANTS,Con asistentes de voz integrados,242085,Sí,True,2025-04-03 12:09:12.816085,2025-04-03 12:09:12.816085
3cb84bea-75eb-4deb-aec5-0317496a17d5,MLA28705946,INTEGRATED_VOICE_ASSISTANTS,Asistentes de voz integrados,,Google Assistant,True,2025-04-03 12:09:12.816088,2025-04-03 12:09:12.816089
90aca2d0-f8bc-4c64-80b5-2444b4119a51,MLA13841393,BRAND,Marca,52701,Google,True,2025-04-03 12:09:12.816102,2025-04-03 12:09:12.816102
45873a67-c29f-42a6-a0f8-e28fd27f3ef9,MLA13841393,MODEL,Modelo,11281877,Chromecast,True,2025-04-03 12:09:12.816105,2025-04-03 12:09:12.816106
0818ae34-9159-4c03-9159-be3d3e860e7b,MLA13841393,GENERATION,Generación,8248559,3.ª generación,True,2025-04-03 12:09:12.816109,2025-04-03 12:09:12.816109
52975199-8c8e-4790-9e11-358a741ca339,MLA13841393,ALPHANUMERIC_MODEL,Modelo alfanumérico,13332023,GA00439,True,2025-04-03 12:09:12.816112,2025-04-03 12:09:12.816112
74b2b4fe-2325-41eb-b3b3-3bba1928bb85,MLA13841393,COLOR,Color,2249819,Carbón,True,2025-04-03 12:09:12.816116,2025-04-03 12:09:12.816116
7e4c0386-8fb2-48ae-8b55-4b842687dc6c,MLA13841393,MAIN_COLOR,Color principal,2450295,Negro,True,2025-04-03 12:09:12.816119,2025-04-03 12:09:12.816119
ab45e078-5f66-442f-b24b-e874ac1717d2,MLA13841393,DEVICE_FORMAT,Formato del dispositivo,9234856,Pendant Box,True,2025-04-03 12:09:12.816122,2025-04-03 12:09:12.816123
088702ce-1df1-4041-a8e8-0260558dced2,MLA13841393,MAX_VIDEO_RESOLUTION,Resolución máxima de video,168332,Full HD,True,2025-04-03 12:09:12.816126,2025-04-03 12:09:12.816126
7fd49600-4e11-4e35-a2bd-1ae2ebac5c2c,MLA13841393,COMPATIBLE_APPLICATIONS,Aplicaciones compatibles,,"Netflix, YouTube, Spotify, Google Fotos, Google TV, YouTube TV, HBO Now",True,2025-04-03 12:09:12.816129,2025-04-03 12:09:12.816130
e5226a48-68f5-4a58-8c6f-c633b75d619b,MLA13841393,RECOMMENDED_DEVICES,Dispositivos recomendados,,"Televisores, Celulares, Computadoras, Tablets",True,2025-04-03 12:09:12.816133,2025-04-03 12:09:12.816133
1b7141ae-791d-4188-ab65-fb19943c9bc6,MLA13841393,AUDIO_AND_VIDEO_INTERFACES,Interfaces de audio y video,,HDMI,True,2025-04-03 12:09:12.816136,2025-04-03 12:09:12.816136
7c330bd8-524e-46cf-9b00-2a5ad1d3a7ce,MLA13841393,PORTS_AND_CONNECTORS_TYPES,Tipos de puertos y conectores,,Micro-USB,True,2025-04-03 12:09:12.816144,2025-04-03 12:09:12.816144
35ae9911-f0e0-4aa6-9be4-77c9990ec689,MLA13841393,MANUFACTURER,Fabricante,52701,Google,True,2025-04-03 12:09:12.816147,2025-04-03 12:09:12.816147
5b34b471-a2f7-4e7c-b03b-d3a409ec49e0,MLA13841393,WITH_BLUETOOTH,Con Bluetooth,242084,No,True,2025-04-03 12:09:12.816151,2025-04-03 12:09:12.816151
3a63da1f-77f1-4c5a-968f-46c6a7ce6949,MLA13841393,WITH_WI_FI,Con Wi-Fi,242085,Sí,True,2025-04-03 12:09:12.816154,2025-04-03 12:09:12.816154
e0310050-9b63-408c-9843-68d2334030af,MLA13841393,WITH_INTEGRATED_VOICE_ASSISTANTS,Con asistentes de voz integrados,242084,No,True,2025-04-03 12:09:12.816158,2025-04-03 12:09:12.816158
1324a707-9043-4b07-b8e0-efb7901cdd54,MLA13841393,INTEGRATED_VOICE_ASSISTANTS,Asistentes de voz integrados,,Google Assistant,True,2025-04-03 12:09:12.816161,2025-04-03 12:09:12.816161
5f532aca-6c61-4c0e-9eda-7a75c4f51ff0,MLA13841393,INCLUDES_HDMI_CABLE,Incluye cable HDMI,242085,Sí,True,2025-04-03 12:09:12.816164,2025-04-03 12:09:12.816165
11bc0333-d4e2-4ff9-b600-6e18aa01a81f,MLA13841393,LENGTH,Largo,48553666,5.18 cm,True,2025-04-03 12:09:12.816168,2025-04-03 12:09:12.816168
af161ecf-0018-45ba-906d-5242b6519b56,MLA13841393,WIDTH,Ancho,48717962,5.19 cm,True,2025-04-03 12:09:12.816171,2025-04-03 12:09:12.816171
3b236247-dc3b-48e7-9dd4-59c90a01e875,MLA13841393,HEIGHT,Altura,22237619,1.38 cm,True,2025-04-03 12:09:12.816175,2025-04-03 12:09:12.816175
b4f2bd0e-ad0f-4be6-a9e7-7e57ffa4fda3,MLA13841393,WEIGHT,Peso,22405336,1.4 g,True,2025-04-03 12:09:12.816178,2025-04-03 12:09:12.816178
36d04197-be7c-49f8-b900-cb4d2ce72ad2,MLA13841393,OS_NAME,Nombre del sistema operativo,355776,Chrome OS,True,2025-04-03 12:09:12.816181,2025-04-03 12:09:12.816182
890d50bd-9ba3-4f0e-aaf8-cd7e8dc163a4,MLA13841393,STREAMING_TECHNOLOGIES,Tecnologías de streaming,,Chromecast,True,2025-04-03 12:09:12.816185,2025-04-03 12:09:12.816185
a99bf104-3cb4-48ba-93a0-ae004fa8a088,MLA13841393,AUDIO_QUALITY,Calidad de audio,,"Dolby Digital 5.1, Dolby Digital Plus 7.1",True,2025-04-03 12:09:12.816188,2025-04-03 12:09:12.816189
3eb226be-3d69-4847-b5ca-5954a33615f0,MLA13841393,LANGUAGE_OPTIONS,Opciones de idioma,,Español,True,2025-04-03 12:09:12.816192,2025-04-03 12:09:12.816192
0c8b98a8-d94d-4c37-a888-ef9c94e8d1f0,MLA13841393,MIN_OPERATING_SYSTEMS_REQUIRED,Sistemas operativos mínimos requeridos,,"Android 4.2, iOS 9.1, macOS X 10.9, Windows 7",True,2025-04-03 12:09:12.816195,2025-04-03 12:09:12.816196
33b5dcd5-23f8-451a-8730-e9deee07f3de,MLA13841393,CPU,CPU,,Cortex-A7 Dual-Core,True,2025-04-03 12:09:12.816199,2025-04-03 12:09:12.816199
f305ae49-d874-41d8-928a-f2d946e69ecf,MLA13841393,GRAPHICS_PROCESSOR,Procesador gráfico,8249292,Mali-450,True,2025-04-03 12:09:12.816202,2025-04-03 12:09:12.816202
934623e7-4d53-43da-90b3-0755ebff7e8f,MLA13841393,WI_FI_STANDARDS,Estándares Wi-Fi,,IEEE 802.11ac,True,2025-04-03 12:09:12.816206,2025-04-03 12:09:12.816206
12cf1a7d-3474-4942-9e72-5c282fffb000,MLA13841393,FREQUENCIES,Frecuencias,,"2.4 GHz, 5 GHz",True,2025-04-03 12:09:12.816209,2025-04-03 12:09:12.816209
99e7d60c-0331-4851-bbb6-7858095e9690,MLA13841393,DEVICE_OPERATING_VOLTAGE,Voltaje de funcionamiento,8631470,5 V,True,2025-04-03 12:09:12.816212,2025-04-03 12:09:12.816213
83415981-82d9-4774-8a18-edb582073dcb,MLA13841393,MPN,MPN,,GA00439,True,2025-04-03 12:09:12.816216,2025-04-03 12:09:12.816216
50cd13f4-1802-473b-b37a-719460536643,MLA35715334,BRAND,Marca,52701,Google,True,2025-04-03 12:09:12.816268,2025-04-03 12:09:12.816268
2b8f84b4-dc67-4227-bac8-60c64e7f748a,MLA35715334,LINE,Línea,340816,Chromecast,True,2025-04-03 12:09:12.816271,2025-04-03 12:09:12.816272
950e0c75-8473-4b9d-ab70-bfc564391f45,MLA35715334,MODEL,Modelo,36264071,GOOHDMIIV,True,2025-04-03 12:09:12.816275,2025-04-03 12:09:12.816275
1209b66d-36e7-4d2d-b65f-1b8dbea656b8,MLA35715334,GENERATION,Generación,10910111,4.ª generación,True,2025-04-03 12:09:12.816279,2025-04-03 12:09:12.816279
b0b6697b-76b4-4d70-9a50-2652c59c1770,MLA35715334,ALPHANUMERIC_MODEL,Modelo alfanumérico,36264070,GOOHDMIIV,True,2025-04-03 12:09:12.816282,2025-04-03 12:09:12.816282
61808b6f-d28c-4f3e-bd9a-dd377e38869c,MLA35715334,COMPATIBLE_APPLICATIONS,Aplicaciones compatibles,,"YouTube, Netflix, Disney+, Prime Video, Spotify",True,2025-04-03 12:09:12.816286,2025-04-03 12:09:12.816286
67b62b9b-a697-48de-a329-7511e3ef191c,MLA35715334,RECOMMENDED_DEVICES,Dispositivos recomendados,,"Celulares, Tablets",True,2025-04-03 12:09:12.816289,2025-04-03 12:09:12.816289
3bae5ebc-640b-43dc-8aaa-6f99acd27d68,MLA35715334,PORTS_AND_CONNECTORS_TYPES,Tipos de puertos y conectores,,USB-C,True,2025-04-03 12:09:12.816293,2025-04-03 12:09:12.816293
c992d20f-dd1e-4c00-b995-cb9a56581af9,MLA35715334,MANUFACTURER,Fabricante,40905235,Google Llc,True,2025-04-03 12:09:12.816296,2025-04-03 12:09:12.816296
5bb37e4f-47d6-4284-bde1-25eca295b1ce,MLA35715334,WITH_INTEGRATED_VOICE_ASSISTANTS,Con asistentes de voz integrados,242085,Sí,True,2025-04-03 12:09:12.816299,2025-04-03 12:09:12.816300
3d73ff32-4fb4-4364-bc04-438e6de01a22,MLA35715334,INTEGRATED_VOICE_ASSISTANTS,Asistentes de voz integrados,,Google Assistant,True,2025-04-03 12:09:12.816303,2025-04-03 12:09:12.816303
fc0b9198-9b94-466f-a4e4-b7f334e1141a,MLA35715334,INCLUDES_HDMI_CABLE,Incluye cable HDMI,242085,Sí,True,2025-04-03 12:09:12.816306,2025-04-03 12:09:12.816307
c0353307-9848-4920-9e67-301c0dc284ae,MLA35715334,INCLUDES_CELL_BATTERIES,Incluye pilas,242085,Sí,True,2025-04-03 12:09:12.816310,2025-04-03 12:09:12.816310
be6a69e3-5e48-4b38-8cb2-396cb9f60b80,MLA35715334,LENGTH,Largo,28100612,16.25 cm,True,2025-04-03 12:09:12.816313,2025-04-03 12:09:12.816313
527b9255-f43c-41de-a0ef-6696bcd9b09b,MLA35715334,WIDTH,Ancho,8919901,6.1 cm,True,2025-04-03 12:09:12.816316,2025-04-03 12:09:12.816317
24e25734-1c7b-4159-b063-71abe7249ac2,MLA35715334,HEIGHT,Altura,8248374,1.25 cm,True,2025-04-03 12:09:12.816320,2025-04-03 12:09:12.816320
23559b29-70b8-4d1b-9cea-517820a9def4,MLA35715334,OS_NAME,Nombre del sistema operativo,296858,Android,True,2025-04-03 12:09:12.816323,2025-04-03 12:09:12.816324
d938d3d0-e176-4361-8540-e8f6650db2fe,MLA35715334,STREAMING_TECHNOLOGIES,Tecnologías de streaming,,Google Cast,True,2025-04-03 12:09:12.816327,2025-04-03 12:09:12.816327
66ca7329-f368-4faa-9552-a2e5372df3e8,MLA35715334,AUDIO_QUALITY,Calidad de audio,,Dolby Audio,True,2025-04-03 12:09:12.816330,2025-04-03 12:09:12.816331
85c8f1ef-a94d-4d33-b197-169e7ffe580c,MLA35715334,LANGUAGE_OPTIONS,Opciones de idioma,,"Inglés, Español",True,2025-04-03 12:09:12.816334,2025-04-03 12:09:12.816334
1e071032-16d2-4f70-920a-0e71886ba3f7,MLA35715334,CPU,CPU,,Amlogic S905X3 Cortex-A55 Quad-Core,True,2025-04-03 12:09:12.816337,2025-04-03 12:09:12.816337
18613ea8-41ea-482d-bff5-1780f1b4bbcb,MLA35715334,GRAPHICS_PROCESSOR,Procesador gráfico,7569896,Mali-G31 MP2,True,2025-04-03 12:09:12.816341,2025-04-03 12:09:12.816341
7ea55de7-438c-4236-9ac7-ecd336c87525,MLA35715334,WI_FI_STANDARDS,Estándares Wi-Fi,,"2.4GHz, 5.8GHz",True,2025-04-03 12:09:12.816344,2025-04-03 12:09:12.816344
59d441d3-fe84-4d7b-8851-5b6cb7c63aa6,MLA35715334,FREQUENCIES,Frecuencias,,"2.4 GHz, 5 GHz",True,2025-04-03 12:09:12.816347,2025-04-03 12:09:12.816348
9d4319b2-bd3c-4cf8-adc0-6662c976a166,MLA35715334,DEVICE_OPERATING_VOLTAGE,Voltaje de funcionamiento,8631470,5 V,True,2025-04-03 12:09:12.816351,2025-04-03 12:09:12.816351
969f9231-9a2d-4394-a54c-18f57724adfb,MLA25863372,BRAND,Marca,52701,Google,True,2025-04-03 12:09:12.816364,2025-04-03 12:09:12.816364
e650e20b-7631-4c92-8a6d-e960c905a460,MLA25863372,LINE,Línea,196,Smart,True,2025-04-03 12:09:12.816369,2025-04-03 12:09:12.816369
c4cf49df-8b77-4164-9ff3-be33994c8af2,MLA25863372,MODEL,Modelo,11281877,Chromecast,True,2025-04-03 12:09:12.816373,2025-04-03 12:09:12.816373
60928bec-4a1c-4490-9be1-1f7b416e35db,MLA25863372,GENERATION,Generación,8248559,3.ª generación,True,2025-04-03 12:09:12.816376,2025-04-03 12:09:12.816376
41137576-5028-452a-b8d0-2a991582f87e,MLA25863372,ALPHANUMERIC_MODEL,Modelo alfanumérico,13332023,GA00439,True,2025-04-03 12:09:12.816379,2025-04-03 12:09:12.816380
6b37257d-80af-41eb-a9be-5cfd49ed9699,MLA25863372,MANUFACTURER,Fabricante,52701,Google,True,2025-04-03 12:09:12.816383,2025-04-03 12:09:12.816383
072215c3-d217-48a5-a738-809aa0bfdded,MLA25863372,WITH_INTEGRATED_VOICE_ASSISTANTS,Con asistentes de voz integrados,242084,No,True,2025-04-03 12:09:12.816386,2025-04-03 12:09:12.816387
56a79361-8c34-46ca-8228-b1d596f7f233,MLA25863372,INCLUDES_HDMI_CABLE,Incluye cable HDMI,242085,Sí,True,2025-04-03 12:09:12.816390,2025-04-03 12:09:12.816390
025ed2ca-7a1f-4b29-af4b-26d590b591a7,MLA25863372,LANGUAGE_OPTIONS,Opciones de idioma,,Español,True,2025-04-03 12:09:12.816393,2025-04-03 12:09:12.816394
e047e8c8-f560-4f43-af76-8dffc9ce8129,MLA25863372,CPU,CPU,,ARM Cortex-A7 Dual-Core,True,2025-04-03 12:09:12.816397,2025-04-03 12:09:12.816397
b033e3d2-597b-4e7d-a462-7a220badc7fb,MLA44208596,BRAND,Marca,20625976,Cast,True,2025-04-03 12:09:12.816410,2025-04-03 12:09:12.816410
3c5d2df8-9482-4d54-942d-fd06f27ac605,MLA44208596,LINE,Línea,340816,Chromecast,True,2025-04-03 12:09:12.816413,2025-04-03 12:09:12.816413
12ee9101-5cec-4f14-81b4-7167c35a01e7,MLA44208596,MODEL,Modelo,107679,Air,True,2025-04-03 12:09:12.816417,2025-04-03 12:09:12.816417
5766648b-8513-43f0-bb41-1b1d8826a565,MLA44208596,GENERATION,Generación,33089908,2ª generación,True,2025-04-03 12:09:12.816420,2025-04-03 12:09:12.816420
00f7fdb1-a1a6-4f16-9119-38393708e25c,MLA44208596,ALPHANUMERIC_MODEL,Modelo alfanumérico,16911628,GA03131-US,True,2025-04-03 12:09:12.816424,2025-04-03 12:09:12.816424
3fdc211a-95bd-4baa-a3ff-935e27ca9acf,MLA44208596,DEVICE_FORMAT,Formato del dispositivo,8616495,TV Box,True,2025-04-03 12:09:12.816427,2025-04-03 12:09:12.816427
a8ec2eb6-5878-4624-9bfb-7a31d6c1e751,MLA44208596,MAX_VIDEO_RESOLUTION,Resolución máxima de video,169883,4K,True,2025-04-03 12:09:12.816431,2025-04-03 12:09:12.816431
9e8e3fbd-03b2-4a6d-8a50-029f4b8a1e21,MLA44208596,COMPATIBLE_APPLICATIONS,Aplicaciones compatibles,,"CBS, Google Play, HBO Now, Hulu, Pandora, Spotify, YouTube",True,2025-04-03 12:09:12.816434,2025-04-03 12:09:12.816434
625748de-fbf8-4d33-ad8a-02593f490a80,MLA44208596,MANUFACTURER,Fabricante,40905235,Google Llc,True,2025-04-03 12:09:12.816438,2025-04-03 12:09:12.816438
10a9aba3-6cbb-4384-8b39-08c1914d9743,MLA44208596,WITH_WI_FI,Con Wi-Fi,242085,Sí,True,2025-04-03 12:09:12.816441,2025-04-03 12:09:12.816442
d018bb2b-0aa7-4bc8-a94c-4002f3bfe971,MLA24460155,BRAND,Marca,52701,Google,True,2025-04-03 12:09:12.816455,2025-04-03 12:09:12.816455
ab6b9155-42a6-466f-aab6-1646c421f28e,MLA24460155,LINE,Línea,340816,Chromecast,True,2025-04-03 12:09:12.816458,2025-04-03 12:09:12.816458
6cfefecc-39f1-4770-b796-66bf2adf8e80,MLA24460155,MODEL,Modelo,11281877,Chromecast,True,2025-04-03 12:09:12.816461,2025-04-03 12:09:12.816462
367d8e35-01e9-47e7-8879-4ef735dec0e7,MLA24460155,GENERATION,Generación,10910111,4.ª generación,True,2025-04-03 12:09:12.816465,2025-04-03 12:09:12.816465
794091cb-256e-4a72-aa09-c1fe59499d6c,MLA24460155,ALPHANUMERIC_MODEL,Modelo alfanumérico,16911628,GA03131-US,True,2025-04-03 12:09:12.816468,2025-04-03 12:09:12.816468
bd9e9758-64eb-4144-af47-775c1af205f2,MLA24460155,DEVICE_FORMAT,Formato del dispositivo,9234856,Pendant Box,True,2025-04-03 12:09:12.816472,2025-04-03 12:09:12.816472
ac74851d-5d0a-40bb-b7dc-699c3b6cecc5,MLA24460155,MAX_VIDEO_RESOLUTION,Resolución máxima de video,168331,HD,True,2025-04-03 12:09:12.816475,2025-04-03 12:09:12.816475
5f4b5edb-03da-4f4f-b57a-32f69803f1e4,MLA24460155,COMPATIBLE_APPLICATIONS,Aplicaciones compatibles,,"Amazon Prime Video, ESPN, FOX, Facebook, Flickr, HBO Go, YouTube, Vimeo, Spotify, Otros disponibles en google tv",True,2025-04-03 12:09:12.816479,2025-04-03 12:09:12.816479
c5352803-7a75-4e66-9030-1a27a4e2e45c,MLA24460155,RECOMMENDED_DEVICES,Dispositivos recomendados,,Televisores con HDMI,True,2025-04-03 12:09:12.816482,2025-04-03 12:09:12.816482
bae113a6-23ed-4694-9822-e72c8533c637,MLA24460155,AUDIO_AND_VIDEO_INTERFACES,Interfaces de audio y video,,HDMI,True,2025-04-03 12:09:12.816490,2025-04-03 12:09:12.816490
669429e7-9952-4c8e-9708-96400a69912a,MLA24460155,PORTS_AND_CONNECTORS_TYPES,Tipos de puertos y conectores,,Micro-USB,True,2025-04-03 12:09:12.816493,2025-04-03 12:09:12.816493
5addc6ee-87b5-4139-8b7e-9f0493907964,MLA24460155,MANUFACTURER,Fabricante,52701,Google,True,2025-04-03 12:09:12.816497,2025-04-03 12:09:12.816497
8cb932c2-2723-497b-8b2b-3bddd2d653a8,MLA24460155,WITH_BLUETOOTH,Con Bluetooth,242085,Sí,True,2025-04-03 12:09:12.816500,2025-04-03 12:09:12.816500
33d16803-3b95-4391-81e2-3d24fa700d7a,MLA24460155,WITH_WI_FI,Con Wi-Fi,242085,Sí,True,2025-04-03 12:09:12.816504,2025-04-03 12:09:12.816504
aabb9c11-20a5-453c-a0a5-fdfab8d1cb24,MLA24460155,WITH_INTEGRATED_VOICE_ASSISTANTS,Con asistentes de voz integrados,242085,Sí,True,2025-04-03 12:09:12.816507,2025-04-03 12:09:12.816507
597e9483-f1bc-4c90-b134-95973e590983,MLA24460155,INTEGRATED_VOICE_ASSISTANTS,Asistentes de voz integrados,,Google Assistant,True,2025-04-03 12:09:12.816510,2025-04-03 12:09:12.816511
2f664c4a-3a0f-4d1e-ad64-cc9a8ce8142d,MLA24460155,INCLUDES_HDMI_CABLE,Incluye cable HDMI,242085,Sí,True,2025-04-03 12:09:12.816514,2025-04-03 12:09:12.816514
20155c05-cf31-4876-929a-2a37414e9f3f,MLA24460155,INCLUDES_CELL_BATTERIES,Incluye pilas,242085,Sí,True,2025-04-03 12:09:12.816518,2025-04-03 12:09:12.816518
904c2ab7-316d-4277-b425-8fcfdc76f4c2,MLA24460155,LENGTH,Largo,8927824,16.2 cm,True,2025-04-03 12:09:12.816521,2025-04-03 12:09:12.816521
f7b8bab7-3fa3-4238-bf26-bb6192ccfd3c,MLA24460155,WIDTH,Ancho,8919901,6.1 cm,True,2025-04-03 12:09:12.816525,2025-04-03 12:09:12.816525
af1d930b-0747-4903-a355-42d5af6f0bd9,MLA24460155,HEIGHT,Altura,8248374,1.25 cm,True,2025-04-03 12:09:12.816528,2025-04-03 12:09:12.816528
c90c977a-40ef-4a31-8335-728a8a8d2299,MLA24460155,WEIGHT,Peso,18029263,112 g,True,2025-04-03 12:09:12.816532,2025-04-03 12:09:12.816532
fb4d31e9-9cec-48a9-acaa-1c97f0fc8937,MLA24460155,OS_NAME,Nombre del sistema operativo,296858,Android,True,2025-04-03 12:09:12.816535,2025-04-03 12:09:12.816535
094e5af3-3e28-4ae1-b0f0-2cdb1cf7aace,MLA24460155,STREAMING_TECHNOLOGIES,Tecnologías de streaming,,Google Cast,True,2025-04-03 12:09:12.816538,2025-04-03 12:09:12.816539
60fd070e-9d51-4b50-9618-eae4eb8d4d48,MLA24460155,AUDIO_QUALITY,Calidad de audio,,"Dolby Atmos, DTS Digital Surround, Dolby Audio",True,2025-04-03 12:09:12.816542,2025-04-03 12:09:12.816542
f1444089-db1b-4944-b3e8-bd479881a439,MLA24460155,LANGUAGE_OPTIONS,Opciones de idioma,,"Español, Inglés, Multidioma",True,2025-04-03 12:09:12.816545,2025-04-03 12:09:12.816546
45e54411-ea90-4690-b24b-1af49a909489,MLA24460155,MIN_OPERATING_SYSTEMS_REQUIRED,Sistemas operativos mínimos requeridos,,Android,True,2025-04-03 12:09:12.816549,2025-04-03 12:09:12.816549
7f2c2c8c-ac01-4d87-a37c-51a94863409c,MLA24460155,CPU,CPU,,Amlogic S905X3 Cortex-A55 Quad-Core,True,2025-04-03 12:09:12.816553,2025-04-03 12:09:12.816553
6703bda6-0d36-474e-828a-74c2435d6711,MLA24460155,GRAPHICS_PROCESSOR,Procesador gráfico,7569896,Mali-G31 MP2,True,2025-04-03 12:09:12.816557,2025-04-03 12:09:12.816557
2589d055-3cc6-4952-ab01-404a92901ecd,MLA24460155,WI_FI_STANDARDS,Estándares Wi-Fi,,2.4GHz,True,2025-04-03 12:09:12.816560,2025-04-03 12:09:12.816561
3fbccf50-9300-4ab0-a18b-78aa2ae317a9,MLA24460155,FREQUENCIES,Frecuencias,,"Wi-fi 802.11ac (2, 4 ghz/5 ghz)",True,2025-04-03 12:09:12.816564,2025-04-03 12:09:12.816564
ce4a413e-aebe-4170-a1a4-20e4c1186c67,MLA24460155,DEVICE_OPERATING_VOLTAGE,Voltaje de funcionamiento,8631470,5 V,True,2025-04-03 12:09:12.816567,2025-04-03 12:09:12.816568
f1d22251-63d6-4ee9-aa2d-4905e9e13acb,MLA6125042,BRAND,Marca,52701,Google,True,2025-04-03 12:09:12.816580,2025-04-03 12:09:12.816581
551d44b1-9feb-4684-ab6e-2a4c83368853,MLA6125042,MODEL,Modelo,11281877,Chromecast,True,2025-04-03 12:09:12.816584,2025-04-03 12:09:12.816584
f3389489-aa25-4f46-8010-245f5a423133,MLA6125042,GENERATION,Generación,8246074,1.ª generación,True,2025-04-03 12:09:12.816587,2025-04-03 12:09:12.816588
0028cd47-c526-480d-a61f-330e627d2255,MLA6125042,ALPHANUMERIC_MODEL,Modelo alfanumérico,9274060,H2G2-42,True,2025-04-03 12:09:12.816591,2025-04-03 12:09:12.816591
41c8aa57-5555-4542-a3ea-c51aa89b1c53,MLA6125042,DEVICE_FORMAT,Formato del dispositivo,8616496,Stick,True,2025-04-03 12:09:12.816594,2025-04-03 12:09:12.816595
8e5d0cfe-e9ab-44f7-9ff6-1e6454882cbc,MLA6125042,MAX_VIDEO_RESOLUTION,Resolución máxima de video,168332,Full HD,True,2025-04-03 12:09:12.816598,2025-04-03 12:09:12.816598
ad59f487-0ac5-4961-9b11-1a6ee8a6507a,MLA6125042,COMPATIBLE_APPLICATIONS,Aplicaciones compatibles,,"ESPN, Google Chrome, Google Play, HBO Go, Hulu Plus, MLB.TV, Netflix, Peacock, YouTube",True,2025-04-03 12:09:12.816601,2025-04-03 12:09:12.816601
b9339025-51a3-411b-a1f4-3057268c2d4b,MLA6125042,RECOMMENDED_DEVICES,Dispositivos recomendados,,"Televisores, Celulares, Computadoras, Tablets",True,2025-04-03 12:09:12.816605,2025-04-03 12:09:12.816605
c0301f20-11ba-4cf8-beeb-bf85724fdfbf,MLA6125042,AUDIO_AND_VIDEO_INTERFACES,Interfaces de audio y video,,HDMI,True,2025-04-03 12:09:12.816608,2025-04-03 12:09:12.816608
2277441a-9c21-4fc4-a3cc-2a0ef8ebb107,MLA6125042,PORTS_AND_CONNECTORS_TYPES,Tipos de puertos y conectores,,Micro-USB,True,2025-04-03 12:09:12.816611,2025-04-03 12:09:12.816612
e2c6ca0f-ad8a-488e-85c5-9b13f168e83f,MLA6125042,MANUFACTURER,Fabricante,52701,Google,True,2025-04-03 12:09:12.816615,2025-04-03 12:09:12.816615
c07015fe-205a-47ac-a492-8a8012a1914d,MLA6125042,ANATEL_HOMOLOGATION_NUMBER,Homologación Anatel Nº,40365787,7541404818,True,2025-04-03 12:09:12.816618,2025-04-03 12:09:12.816619
046cbe15-325e-4abf-8262-3d33f4c24767,MLA6125042,WITH_BLUETOOTH,Con Bluetooth,242084,No,True,2025-04-03 12:09:12.816622,2025-04-03 12:09:12.816622
147fbce8-3eb5-4029-9e2b-a478d3c7b054,MLA6125042,WITH_WI_FI,Con Wi-Fi,242085,Sí,True,2025-04-03 12:09:12.816625,2025-04-03 12:09:12.816626
18b1bfd2-02f1-48d6-bac2-2df145de4969,MLA6125042,WITH_INTEGRATED_VOICE_ASSISTANTS,Con asistentes de voz integrados,242084,No,True,2025-04-03 12:09:12.816629,2025-04-03 12:09:12.816629
00dca202-7172-40ec-a448-e990562db3f8,MLA6125042,INTEGRATED_VOICE_ASSISTANTS,Asistentes de voz integrados,,Google Assistant,True,2025-04-03 12:09:12.816632,2025-04-03 12:09:12.816633
d1906208-a986-4b0f-ab02-60e12bc567d9,MLA6125042,INCLUDES_HDMI_CABLE,Incluye cable HDMI,242085,Sí,True,2025-04-03 12:09:12.816636,2025-04-03 12:09:12.816636
6e594c5d-9d99-49fa-9a38-d2d083b004ca,MLA6125042,LENGTH,Largo,48552033,5.181 cm,True,2025-04-03 12:09:12.816639,2025-04-03 12:09:12.816639
d9266bbf-a0e4-4ae6-b591-76c04da818ac,MLA6125042,WIDTH,Ancho,49324621,5.181 cm,True,2025-04-03 12:09:12.816643,2025-04-03 12:09:12.816643
23845af7-d775-486f-80ac-460940fcb274,MLA6125042,HEIGHT,Altura,49324622,1.349 cm,True,2025-04-03 12:09:12.816646,2025-04-03 12:09:12.816646
64a98244-6997-4e1e-92d9-5996dcac7ed1,MLA6125042,OS_NAME,Nombre del sistema operativo,355776,Chrome OS,True,2025-04-03 12:09:12.816649,2025-04-03 12:09:12.816649
c1bf8525-c55e-4989-905d-a17f6d15a127,MLA6125042,STREAMING_TECHNOLOGIES,Tecnologías de streaming,,Chromecast,True,2025-04-03 12:09:12.816653,2025-04-03 12:09:12.816653
70a71fe0-a440-4bda-a17f-57804d7ee684,MLA6125042,AUDIO_QUALITY,Calidad de audio,,Wave,True,2025-04-03 12:09:12.816656,2025-04-03 12:09:12.816656
6dd2615b-659b-48b7-8afc-014bdcdb7695,MLA6125042,LANGUAGE_OPTIONS,Opciones de idioma,,Español,True,2025-04-03 12:09:12.816659,2025-04-03 12:09:12.816660
cf14c1b5-f40c-4eb4-bffa-d1e477e2f954,MLA6125042,MIN_OPERATING_SYSTEMS_REQUIRED,Sistemas operativos mínimos requeridos,,"Android, iOS",True,2025-04-03 12:09:12.816663,2025-04-03 12:09:12.816663
34dc56c4-6b09-4171-8c34-e80b15de2ca2,MLA6125042,CPU,CPU,,Cortex-A9,True,2025-04-03 12:09:12.816666,2025-04-03 12:09:12.816666
8510a8e1-a14c-421e-aa8d-82d91f33072e,MLA6125042,WI_FI_STANDARDS,Estándares Wi-Fi,,IEEE 802.11b/g/n,True,2025-04-03 12:09:12.816670,2025-04-03 12:09:12.816670
d7ea26a4-daae-4175-a449-a2eed25d4b6e,MLA6125042,FREQUENCIES,Frecuencias,,2.4 GHz,True,2025-04-03 12:09:12.816673,2025-04-03 12:09:12.816673
63da11b8-07a0-43cc-be6a-9b4518e269a4,MLA6125042,DEVICE_OPERATING_VOLTAGE,Voltaje de funcionamiento,8631470,5 V,True,2025-04-03 12:09:12.816678,2025-04-03 12:09:12.816678
910a13e7-9c2f-473d-a75f-178d6f43b34b,MLA47546946,BRAND,Marca,52701,Google,True,2025-04-03 12:09:12.816698,2025-04-03 12:09:12.816698
6f4a4d6c-a16e-4e6c-8201-ae55c5b2900b,MLA47546946,MODEL,Modelo,42883009,Chromecast con Google TV,True,2025-04-03 12:09:12.816701,2025-04-03 12:09:12.816701
b601e337-a038-4bf4-a63e-6abcd748b6ae,MLA47546946,GENERATION,Generación,10910111,4.ª generación,True,2025-04-03 12:09:12.816705,2025-04-03 12:09:12.816705
67ab272f-2ec9-4b25-ba25-6f831a9fdd91,MLA47546946,DEVICE_FORMAT,Formato del dispositivo,9234856,Pendant Box,True,2025-04-03 12:09:12.816708,2025-04-03 12:09:12.816708
14222503-d6de-4fcc-a7ac-c1f415926fbe,MLA20053796,BRAND,Marca,52701,Google,True,2025-04-03 12:09:12.816721,2025-04-03 12:09:12.816721
bd77ac5a-b9ea-4faf-bf83-e422faa1f434,MLA20053796,LINE,Línea,196,Smart,True,2025-04-03 12:09:12.816725,2025-04-03 12:09:12.816725
b0deb7d8-c7af-4255-991b-ab41abc68a52,MLA20053796,MODEL,Modelo,11281877,Chromecast,True,2025-04-03 12:09:12.816728,2025-04-03 12:09:12.816728
b73b508c-1495-4e8b-aba6-bd675434cb8d,MLA20053796,GENERATION,Generación,8248559,3.ª generación,True,2025-04-03 12:09:12.816732,2025-04-03 12:09:12.816732
92c34271-8b9f-4c26-87ad-96286a3a3258,MLA20053796,ALPHANUMERIC_MODEL,Modelo alfanumérico,13985828,GA00545-US,True,2025-04-03 12:09:12.816735,2025-04-03 12:09:12.816735
bd258283-7cfa-4328-a5fe-f1432715ad00,MLA20053796,DEVICE_FORMAT,Formato del dispositivo,9234856,Pendant Box,True,2025-04-03 12:09:12.816738,2025-04-03 12:09:12.816739
72df0f90-61d6-4935-a7d8-59fbc4bb6bd6,MLA45150218,BRAND,Marca,24832742,Zhuhao,True,2025-04-03 12:09:12.816758,2025-04-03 12:09:12.816758
c95d61b4-b65c-429d-9046-45872ad9489e,MLA45150218,MODEL,Modelo,26271514,co-screen device,True,2025-04-03 12:09:12.816761,2025-04-03 12:09:12.816762
41ef2878-f035-493c-b804-6058b603d90c,MLA45150218,GENERATION,Generación,46294214,3.ª,True,2025-04-03 12:09:12.816765,2025-04-03 12:09:12.816765
e2ccc361-c50e-429b-9f1a-d972b7b3c0eb,MLA45150218,ALPHANUMERIC_MODEL,Modelo alfanumérico,14342600,Chromecast 3,True,2025-04-03 12:09:12.816768,2025-04-03 12:09:12.816768
5b0a801b-45ac-43d5-a11c-c59984c4e25a,MLA45150218,DEVICE_FORMAT,Formato del dispositivo,8616496,Stick,True,2025-04-03 12:09:12.816772,2025-04-03 12:09:12.816772
80fa6254-1768-4693-abfb-0b27b72befeb,MLA25033812,BRAND,Marca,14965576,Jpcell,True,2025-04-03 12:09:12.816785,2025-04-03 12:09:12.816785
f3b6d645-8960-464d-b36d-964f1e718c07,MLA25033812,LINE,Línea,340816,Chromecast,True,2025-04-03 12:09:12.816788,2025-04-03 12:09:12.816789
3b0e2177-d5f5-4587-9d8c-95b6c86c39cf,MLA25033812,MODEL,Modelo,20428742,Chromecast 2,True,2025-04-03 12:09:12.816792,2025-04-03 12:09:12.816792
82a0f5cd-40aa-4044-b6bc-454387c77aed,MLA25033812,GENERATION,Generación,8248559,3.ª generación,True,2025-04-03 12:09:12.816795,2025-04-03 12:09:12.816795
7c172156-5938-421f-9b1f-0905cf9da6c5,MLA25033812,ALPHANUMERIC_MODEL,Modelo alfanumérico,21587851,GA00439-LA,True,2025-04-03 12:09:12.816800,2025-04-03 12:09:12.816800
5824b9da-5454-42d8-ba79-5738d22066af,MLA26595414,BRAND,Marca,52701,Google,True,2025-04-03 12:09:12.816813,2025-04-03 12:09:12.816813
ba9789da-420a-4246-a4a8-d40083621e73,MLA26595414,LINE,Línea,340816,Chromecast,True,2025-04-03 12:09:12.816817,2025-04-03 12:09:12.816817
bda26904-1e51-47a3-b992-3cf71620de94,MLA26595414,MODEL,Modelo,23683751,Chomecast Ultra,True,2025-04-03 12:09:12.816820,2025-04-03 12:09:12.816820
c7224704-de03-4a4c-8ff8-87abd9e52a12,MLA26595414,GENERATION,Generación,10910111,4.ª generación,True,2025-04-03 12:09:12.816823,2025-04-03 12:09:12.816824
ca6afc30-557e-4256-9425-f95a48499aa3,MLA26595414,ALPHANUMERIC_MODEL,Modelo alfanumérico,17636390,NC2-6A5,True,2025-04-03 12:09:12.816827,2025-04-03 12:09:12.816827
9d92ba3d-b635-4228-8991-42427a458843,MLA26595414,ANATEL_HOMOLOGATION_NUMBER,Homologación Anatel Nº,41557501,47151504818,True,2025-04-03 12:09:12.816830,2025-04-03 12:09:12.816830
b826bfef-3c71-4e85-85d2-4d4cfc530768,MLA21319205,BRAND,Marca,16059734,HR PART,True,2025-04-03 12:09:12.816843,2025-04-03 12:09:12.816844
3f2777bb-8cd8-44ff-b408-538a5f521c7a,MLA21319205,MODEL,Modelo,16059736,Chromecast para TV,True,2025-04-03 12:09:12.816847,2025-04-03 12:09:12.816847
1eda7a47-b030-4d97-aa03-88abb3b42d3d,MLA21319205,GENERATION,Generación,10910111,4.ª generación,True,2025-04-03 12:09:12.816850,2025-04-03 12:09:12.816850
70c7ec99-65e9-4255-a529-09438461120c,MLA21319205,ALPHANUMERIC_MODEL,Modelo alfanumérico,13751211,0,True,2025-04-03 12:09:12.816854,2025-04-03 12:09:12.816854
f6b74cde-2300-4211-a3d4-bbcd0896ab5e,MLA45001904,BRAND,Marca,46183778,Chromecast Pix Mira,True,2025-04-03 12:09:12.816867,2025-04-03 12:09:12.816867
70b5fee1-b9d7-4f58-86f2-43b0776f3ad9,MLA45001904,MODEL,Modelo,46183779,GA03131-US,True,2025-04-03 12:09:12.816870,2025-04-03 12:09:12.816871
9fda2c42-27eb-4601-89de-cadc21f74909,MLA45001904,GENERATION,Generación,11281876,2.ª generación,True,2025-04-03 12:09:12.816874,2025-04-03 12:09:12.816874
d7cdcd7c-e426-4975-a9b5-5006b990d96a,MLA45001904,ALPHANUMERIC_MODEL,Modelo alfanumérico,16911628,GA03131-US,True,2025-04-03 12:09:12.816877,2025-04-03 12:09:12.816877
4e0682cb-bba8-4b72-9d74-1d0894cda0cc,MLA45001904,DEVICE_FORMAT,Formato del dispositivo,8616496,Stick,True,2025-04-03 12:09:12.816881,2025-04-03 12:09:12.816881
7461e064-90f7-4d89-89f5-8067a694e04f,MLA24200451,BRAND,Marca,52701,Google,True,2025-04-03 12:09:12.816901,2025-04-03 12:09:12.816901
3998371d-b36a-40ee-b714-1a3e199bb10e,MLA24200451,LINE,Línea,20428741,with google tv 4k,True,2025-04-03 12:09:12.816905,2025-04-03 12:09:12.816905
c20378c1-e8cb-4b61-8af1-115783e22f36,MLA24200451,MODEL,Modelo,20428742,Chromecast 2,True,2025-04-03 12:09:12.816908,2025-04-03 12:09:12.816908
dc242f0e-ae6e-44be-a50b-806a06c7bed4,MLA24200451,GENERATION,Generación,10910111,4.ª generación,True,2025-04-03 12:09:12.816912,2025-04-03 12:09:12.816912
26b88940-2742-4b01-9f70-fd58338926ae,MLA24200451,ALPHANUMERIC_MODEL,Modelo alfanumérico,16911628,GA03131-US,True,2025-04-03 12:09:12.816915,2025-04-03 12:09:12.816915
ee004405-eaf2-401b-a5bb-44b76b81cbfb,MLA26746470,BRAND,Marca,23888647,TV Box Fire Stick - Amazon -,True,2025-04-03 12:09:12.816938,2025-04-03 12:09:12.816939
048b580d-14df-4dde-914e-614efb907e4f,MLA26746470,MODEL,Modelo,23888649,Amazon - chromecast - fire tv stick - fire stick - apple tv 4k - tvbox -  aapple tv 4k -  google chromecast - roku express - chromecast 4 -  roku -  adaptador smart tv,True,2025-04-03 12:09:12.816942,2025-04-03 12:09:12.816942
087d150b-eed6-43b7-939f-0344c7761625,MLA26746470,GENERATION,Generación,23888648,Fire Stick,True,2025-04-03 12:09:12.816946,2025-04-03 12:09:12.816946
0d199dbf-2ec5-4a06-8701-bc492157a972,MLA26746470,ALPHANUMERIC_MODEL,Modelo alfanumérico,23888646,Tv box - Amazon - chromecast - fire tv stick - fire stick - apple tv 4k - tvbox -  aapple tv 4k -  google chromecast - roku express - chromecast 4 -  roku -  adaptador smart tv,True,2025-04-03 12:09:12.816949,2025-04-03 12:09:12.816949
0d055e27-6d5b-4d3f-9503-a8ed844ce0a4,MLA26746470,COLOR,Color,52049,Negro,True,2025-04-03 12:09:12.816953,2025-04-03 12:09:12.816953
5ae4ee3b-dffb-4d40-ab72-a9e9299a03bd,MLA26746470,STORAGE_CAPACITY,Capacidad de almacenamiento,18646,8 GB,True,2025-04-03 12:09:12.816956,2025-04-03 12:09:12.816956
9c6a97d0-91c0-49bf-b56a-6aaf6ec08a92,MLA26746470,RAM_MEMORY,Memoria RAM,445970,2 GB,True,2025-04-03 12:09:12.816960,2025-04-03 12:09:12.816960
93abeec9-9244-4ad6-b82b-027addadb535,MLA26746470,REMOTE_CONTROL_TYPE,Tipo de control remoto,17535337,De voz,True,2025-04-03 12:09:12.816963,2025-04-03 12:09:12.816963
0a7f9d65-fa5c-48df-99b5-bf6a698b8244,MLA26746470,DEVICE_FORMAT,Formato del dispositivo,8616496,Stick,True,2025-04-03 12:09:12.816967,2025-04-03 12:09:12.816967
9cd92eff-60af-4e39-ad95-f53786133966,MLA26746470,MAX_VIDEO_RESOLUTION,Resolución máxima de video,169883,4K,True,2025-04-03 12:09:12.816970,2025-04-03 12:09:12.816970
f8213155-f894-47b9-8948-c4c40de5ec3a,MLA26746470,AUDIO_AND_VIDEO_INTERFACES,Interfaces de audio y video,,HDMI,True,2025-04-03 12:09:12.816973,2025-04-03 12:09:12.816974
2a695e49-ce0f-4138-be17-d4839e1bfd7c,MLA26746470,WITH_BLUETOOTH,Con Bluetooth,242085,Sí,True,2025-04-03 12:09:12.816977,2025-04-03 12:09:12.816977
f23dc5af-0c48-4769-8631-cba036a57bc8,MLA26746470,WITH_WI_FI,Con Wi-Fi,242085,Sí,True,2025-04-03 12:09:12.816980,2025-04-03 12:09:12.816980
a5aea0d7-1128-42da-b96d-707fe5d1c7ff,MLA26746467,BRAND,Marca,23888647,TV Box Fire Stick - Amazon -,True,2025-04-03 12:09:12.817005,2025-04-03 12:09:12.817005
2d3e2a4e-ac53-4755-b9f7-d0ddc2acee47,MLA26746467,MODEL,Modelo,23888649,Amazon - chromecast - fire tv stick - fire stick - apple tv 4k - tvbox -  aapple tv 4k -  google chromecast - roku express - chromecast 4 -  roku -  adaptador smart tv,True,2025-04-03 12:09:12.817008,2025-04-03 12:09:12.817009
79984c94-e183-4e9f-b068-f092989f109c,MLA26746467,GENERATION,Generación,23888648,Fire Stick,True,2025-04-03 12:09:12.817022,2025-04-03 12:09:12.817022
8e649a98-7e90-4754-8740-53c99fb20c88,MLA26746467,ALPHANUMERIC_MODEL,Modelo alfanumérico,23888646,Tv box - Amazon - chromecast - fire tv stick - fire stick - apple tv 4k - tvbox -  aapple tv 4k -  google chromecast - roku express - chromecast 4 -  roku -  adaptador smart tv,True,2025-04-03 12:09:12.817027,2025-04-03 12:09:12.817027
aeb36b7c-e998-4485-a9d1-a084ae65f1f2,MLA36556405,BRAND,Marca,11492,Roland,True,2025-04-03 12:09:12.817047,2025-04-03 12:09:12.817047
4928310a-7c04-4f3c-ab01-bc9eafb6e395,MLA36556405,MODEL,Modelo,15976,WP 400,True,2025-04-03 12:09:12.817050,2025-04-03 12:09:12.817050
9c2b4fc7-8e38-4d70-9ef5-5089c76d2479,MLA36556405,GENERATION,Generación,11281876,2.ª generación,True,2025-04-03 12:09:12.817055,2025-04-03 12:09:12.817055
d3bdced5-6c4e-44d2-8647-b20de88519d0,MLA22257161,BRAND,Marca,169963,Andoer,True,2025-04-03 12:09:12.817089,2025-04-03 12:09:12.817090
340730e7-7d44-46b7-b27c-0601ebe4b1a7,MLA22257161,LINE,Línea,43819,Mini,True,2025-04-03 12:09:12.817093,2025-04-03 12:09:12.817093
9ecb5453-fff0-4809-a3b7-16cbc3b60735,MLA22257161,MODEL,Modelo,17511593,5G mini,True,2025-04-03 12:09:12.817096,2025-04-03 12:09:12.817097
8a96e333-e429-4cf3-85c3-28f081a61b88,MLA22257161,DEVICE_FORMAT,Formato del dispositivo,8616495,TV Box,True,2025-04-03 12:09:12.817100,2025-04-03 12:09:12.817100
03fc8f5b-ec71-425f-abc3-73f4dd1fba89,MLA21560506,BRAND,Marca,16324472,Hevc,True,2025-04-03 12:09:12.817114,2025-04-03 12:09:12.817115
6f714836-bfd6-4977-8cdc-5f26de7937e7,MLA21560506,LINE,Línea,13332328,4k,True,2025-04-03 12:09:12.817118,2025-04-03 12:09:12.817118
c97ec5f3-fe27-45fc-9042-41d61d3b4553,MLA21560506,MODEL,Modelo,16420887,MX9 5G,True,2025-04-03 12:09:12.817121,2025-04-03 12:09:12.817121
bb0c1267-9403-4528-bf0c-b51634db745f,MLA21560506,ALPHANUMERIC_MODEL,Modelo alfanumérico,14662790,A,True,2025-04-03 12:09:12.817124,2025-04-03 12:09:12.817124
790295ad-c3f9-4342-85ea-7294483d87ab,MLA21560506,ANATEL_HOMOLOGATION_NUMBER,Homologación Anatel Nº,43348342,32322112654,True,2025-04-03 12:09:12.817127,2025-04-03 12:09:12.817127
56723132-ac94-4bf4-916b-87f9431a7809,MLA22244100,BRAND,Marca,14219585,Dongle,True,2025-04-03 12:09:12.817146,2025-04-03 12:09:12.817146
888ad415-b896-4d9d-99ab-25665c3ba011,MLA22244100,MODEL,Modelo,17494256,Miracast,True,2025-04-03 12:09:12.817149,2025-04-03 12:09:12.817149
7b61033f-b1d7-4975-b0fd-b9155ff28108,MLA22244100,DEVICE_FORMAT,Formato del dispositivo,9234856,Pendant Box,True,2025-04-03 12:09:12.817152,2025-04-03 12:09:12.817152
523125c7-79aa-40cf-858d-cb5db6e87f0b,MLA13877774,BRAND,Marca,410974,Gadnic,True,2025-04-03 12:09:12.817170,2025-04-03 12:09:12.817170
55100199-eda5-4a26-8c39-428c0098ba3a,MLA13877774,MODEL,Modelo,6285414,TX-1000 Premium,True,2025-04-03 12:09:12.817173,2025-04-03 12:09:12.817174
b27f0744-8186-4af3-bc64-19d9ca8732c2,MLA13877774,ALPHANUMERIC_MODEL,Modelo alfanumérico,8611351,SMTV0028,True,2025-04-03 12:09:12.817176,2025-04-03 12:09:12.817177
b5d1c26a-f60e-4451-a882-d9d720e218bf,MLA13877774,DEVICE_FORMAT,Formato del dispositivo,8616495,TV Box,True,2025-04-03 12:09:12.817180,2025-04-03 12:09:12.817180
f4c6b5c8-8161-44a4-8107-4ee6d457ea21,MLA13877774,MAX_VIDEO_RESOLUTION,Resolución máxima de video,169883,4K,True,2025-04-03 12:09:12.817183,2025-04-03 12:09:12.817183
30543b7d-4f5f-46e4-8319-a76c4fd0c27e,MLA13877774,COMPATIBLE_APPLICATIONS,Aplicaciones compatibles,,"Facebook, Google Play, Instagram, Kodi, Microsoft Excel, Microsoft Word, Netflix, Skype, Spotify, Twitter, YouTube",True,2025-04-03 12:09:12.817186,2025-04-03 12:09:12.817186
b0efca06-bb92-4bd2-9879-088c02abbd1b,MLA13877774,RECOMMENDED_DEVICES,Dispositivos recomendados,,"Celulares, Televisores",True,2025-04-03 12:09:12.817189,2025-04-03 12:09:12.817189
dbc68b21-d15b-4f50-9b74-bece2c1bc623,MLA13877774,AUDIO_AND_VIDEO_INTERFACES,Interfaces de audio y video,,"HDMI, AV, S/PDIF coaxial",True,2025-04-03 12:09:12.817192,2025-04-03 12:09:12.817192
1edc8d06-eedd-4355-a9d1-97d20b6d3fa3,MLA13877774,PORTS_AND_CONNECTORS_TYPES,Tipos de puertos y conectores,,"Ethernet, SD, USB-A, DC jack",True,2025-04-03 12:09:12.817195,2025-04-03 12:09:12.817196
61a753f7-5111-49ae-b538-22225c0aa87c,MLA13877774,WITH_BLUETOOTH,Con Bluetooth,242084,No,True,2025-04-03 12:09:12.817200,2025-04-03 12:09:12.817200
1c1352b2-f28f-48c0-87e2-b5f018f7d6e1,MLA13877774,WITH_WI_FI,Con Wi-Fi,242085,Sí,True,2025-04-03 12:09:12.817203,2025-04-03 12:09:12.817204
484d39b3-0090-4ac3-a06e-43e9ebdec63b,MLA13877774,INCLUDES_HDMI_CABLE,Incluye cable HDMI,242085,Sí,True,2025-04-03 12:09:12.817207,2025-04-03 12:09:12.817207
95351183-21e3-4291-a56b-76b76aa76b3a,MLA13877774,LENGTH,Largo,8865109,11.5 cm,True,2025-04-03 12:09:12.817210,2025-04-03 12:09:12.817210
89e6fefc-eb2e-4c6b-a418-bf06cb10a1c9,MLA13877774,WIDTH,Ancho,8053647,11.5 cm,True,2025-04-03 12:09:12.817213,2025-04-03 12:09:12.817213
89eacddb-b8c6-4370-82a8-65d170730abb,MLA13877774,HEIGHT,Altura,7908260,2.5 cm,True,2025-04-03 12:09:12.817216,2025-04-03 12:09:12.817216
710f032c-c7fb-49eb-b55e-7b4ee47df184,MLA13877774,OS_NAME,Nombre del sistema operativo,7601527,Android 7.1,True,2025-04-03 12:09:12.817219,2025-04-03 12:09:12.817219
db1e2606-9239-4e77-8a77-1a30bea3c351,MLA13877774,STREAMING_TECHNOLOGIES,Tecnologías de streaming,,Miracast,True,2025-04-03 12:09:12.817222,2025-04-03 12:09:12.817222
d954e9e2-b4f0-4f69-b3f8-5d18ecac2d36,MLA13877774,LANGUAGE_OPTIONS,Opciones de idioma,,Multilenguaje,True,2025-04-03 12:09:12.817225,2025-04-03 12:09:12.817225
9469b813-ef10-468b-ba73-1a71c9f24b0b,MLA13877774,MIN_OPERATING_SYSTEMS_REQUIRED,Sistemas operativos mínimos requeridos,,Android,True,2025-04-03 12:09:12.817228,2025-04-03 12:09:12.817229
e6bbc56a-c5d4-400e-8159-9f71453a37f1,MLA13877774,CPU,CPU,,Amlogic S905W Quad-Core,True,2025-04-03 12:09:12.817231,2025-04-03 12:09:12.817232
3133833f-e258-43a0-a536-8a7d60a1e40b,MLA13877774,WI_FI_STANDARDS,Estándares Wi-Fi,,IEEE 802.11b/g/n,True,2025-04-03 12:09:12.817235,2025-04-03 12:09:12.817235
ba5e77f8-97ff-4404-920b-f89a3a0571f2,MLA13877774,FREQUENCIES,Frecuencias,,2.4 GHz,True,2025-04-03 12:09:12.817238,2025-04-03 12:09:12.817238
71a1ee76-57eb-4e39-8324-d0cb226663f0,MLA13877774,DEVICE_OPERATING_VOLTAGE,Voltaje de funcionamiento,8631470,5 V,True,2025-04-03 12:09:12.817241,2025-04-03 12:09:12.817241
d63e9afc-39d2-4e42-9d2a-4a4e06a3bf2d,MLA29528550,BRAND,Marca,9404095,Dblue,True,2025-04-03 12:09:12.817262,2025-04-03 12:09:12.817262
c88689d5-df27-4109-8cfe-60fec3f8edb0,MLA29528550,MODEL,Modelo,28324829,Dbspthd04,True,2025-04-03 12:09:12.817265,2025-04-03 12:09:12.817265
f04793c7-e6c0-4624-af54-727288b86a66,MLA29528550,MAX_VIDEO_RESOLUTION,Resolución máxima de video,169883,4K,True,2025-04-03 12:09:12.817268,2025-04-03 12:09:12.817268
b637422b-ba40-4861-b645-945acb37aebe,MLA29528550,AUDIO_AND_VIDEO_INTERFACES,Interfaces de audio y video,,HDMI,True,2025-04-03 12:09:12.817271,2025-04-03 12:09:12.817271
b2c5278c-6d69-4e08-b602-d6302d999107,MLA29528550,MANUFACTURER,Fabricante,9404095,Dblue,True,2025-04-03 12:09:12.817274,2025-04-03 12:09:12.817274
fe83cf1b-590f-4cd9-925f-6d4f6f407913,MLA29528550,DEVICE_OPERATING_VOLTAGE,Voltaje de funcionamiento,8631470,5 V,True,2025-04-03 12:09:12.817277,2025-04-03 12:09:12.817277
2f7d7a4e-2cbc-42d9-8337-e18090cc2707,MLA29066257,BRAND,Marca,16998337,GOMITA,True,2025-04-03 12:09:12.817289,2025-04-03 12:09:12.817289
a3dd6fb9-41f7-4f9f-956b-b2e0b3e298d5,MLA29066257,MODEL,Modelo,27595778,DN343,True,2025-04-03 12:09:12.817292,2025-04-03 12:09:12.817292
f8260cd5-b84a-4a1d-b47d-0165022d8220,MLA29066257,GENERATION,Generación,14756425,3ra Generación,True,2025-04-03 12:09:12.817295,2025-04-03 12:09:12.817296
0d9a5ffe-ccfe-4a33-8ba7-bcbd6723bfbd,MLA29066257,ALPHANUMERIC_MODEL,Modelo alfanumérico,19000169,W13,True,2025-04-03 12:09:12.817300,2025-04-03 12:09:12.817300
9094bc2b-84b1-4d3b-aa03-2dfbb678ae07,MLA29066257,COMPATIBLE_APPLICATIONS,Aplicaciones compatibles,,"YouTube, Netflix",True,2025-04-03 12:09:12.817304,2025-04-03 12:09:12.817304
2a97d3c4-0616-4db5-b615-f0cee78b1dda,MLA29066257,RECOMMENDED_DEVICES,Dispositivos recomendados,,Televisores con HDMI,True,2025-04-03 12:09:12.817307,2025-04-03 12:09:12.817307
15d5418b-57fb-4524-b487-5e818b373e84,MLA29066257,WITH_BLUETOOTH,Con Bluetooth,242084,No,True,2025-04-03 12:09:12.817310,2025-04-03 12:09:12.817310
9aa1a5c9-9622-4c0f-b2d1-2acc2f04a503,MLA29066257,INCLUDES_HDMI_CABLE,Incluye cable HDMI,242084,No,True,2025-04-03 12:09:12.817313,2025-04-03 12:09:12.817313
2f6be677-9a7a-40c8-96dd-7c80747f31bc,MLA29066257,STREAMING_TECHNOLOGIES,Tecnologías de streaming,,Miracast,True,2025-04-03 12:09:12.817316,2025-04-03 12:09:12.817316
d4304d7e-1c3e-44b3-86f4-f35acfbc59d1,MLA29066257,LANGUAGE_OPTIONS,Opciones de idioma,,"Español, Inglés",True,2025-04-03 12:09:12.817319,2025-04-03 12:09:12.817319
5be7ad22-4f65-47ed-9c95-45dd809864c8,MLA29066257,MIN_OPERATING_SYSTEMS_REQUIRED,Sistemas operativos mínimos requeridos,,"iOS, Android, Windows",True,2025-04-03 12:09:12.817322,2025-04-03 12:09:12.817322
9aaa7cc4-6c19-4d30-96a4-5c5fc8dca5a5,MLA27235368,BRAND,Marca,24535085,X96Q,True,2025-04-03 12:09:12.817340,2025-04-03 12:09:12.817340
79cef96e-45b7-4213-b311-8270ff9f80df,MLA27235368,MODEL,Modelo,24535087,X96Q MAX,True,2025-04-03 12:09:12.817343,2025-04-03 12:09:12.817344
594b13b8-cb41-40f2-9db3-5a148c4d96df,MLA27235368,GENERATION,Generación,24535086,Genérica,True,2025-04-03 12:09:12.817347,2025-04-03 12:09:12.817347
eef4ec6a-e50a-4a3b-9213-f9294ea02769,MLA45298011,BRAND,Marca,2230762,Mecool,True,2025-04-03 12:09:12.817364,2025-04-03 12:09:12.817364
e4db8fe2-4ff2-495a-8913-c82071505fbf,MLA45298011,LINE,Línea,26524252,KM2,True,2025-04-03 12:09:12.817367,2025-04-03 12:09:12.817367
760cd589-ffac-41b9-8400-a2a1a11c5ed7,MLA45298011,MODEL,Modelo,46404890,KM2 DELUXE,True,2025-04-03 12:09:12.817370,2025-04-03 12:09:12.817370
c009bc99-24fa-463f-89bb-8cdba23986c4,MLA45298011,GENERATION,Generación,11322992,6.ª generación,True,2025-04-03 12:09:12.817373,2025-04-03 12:09:12.817373
82323299-2d9b-4656-aa9a-1c5aa7613c5b,MLA45298011,ALPHANUMERIC_MODEL,Modelo alfanumérico,46404889,HP44H / HP4423,True,2025-04-03 12:09:12.817376,2025-04-03 12:09:12.817376
406dbf0e-8a3f-44b8-add0-561df1079bc5,MLA45298011,DEVICE_FORMAT,Formato del dispositivo,8616495,TV Box,True,2025-04-03 12:09:12.817379,2025-04-03 12:09:12.817380
4af5b644-91da-4257-a51e-422fe5ca3d1b,MLA45298011,COMPATIBLE_APPLICATIONS,Aplicaciones compatibles,,"DirecTV Go, Disney+, Netflix, Prime Video, YouTube, Zapping Tv, max, Paramount+",True,2025-04-03 12:09:12.817383,2025-04-03 12:09:12.817383
3481f6be-552e-4bf9-9ab1-343de0b632da,MLA41827758,BRAND,Marca,37807932,Galand,True,2025-04-03 12:09:12.817396,2025-04-03 12:09:12.817396
83cdb3ea-28f9-47aa-a603-234b1894b60d,MLA41827758,MODEL,Modelo,2847447,R69,True,2025-04-03 12:09:12.817400,2025-04-03 12:09:12.817400
5e6d3225-6502-473c-afbe-d15a9e1a269a,MLA41827758,DEVICE_FORMAT,Formato del dispositivo,8616495,TV Box,True,2025-04-03 12:09:12.817403,2025-04-03 12:09:12.817403
32387d1f-25af-4cc3-9d6a-232380a195fe,MLA19918808,BRAND,Marca,93504,Kanji,True,2025-04-03 12:09:12.817422,2025-04-03 12:09:12.817422
79211bae-acce-4952-ae4d-965fa8cd3bb9,MLA19918808,MODEL,Modelo,13759778,AS TV BOX 2GB,True,2025-04-03 12:09:12.817426,2025-04-03 12:09:12.817426
0111ca4d-f592-47b8-a2b5-d94b244a6d93,MLA19918808,GENERATION,Generación,11322992,6.ª generación,True,2025-04-03 12:09:12.817429,2025-04-03 12:09:12.817429
1bd724a5-b0bf-4a04-9b77-82e3051fa0c9,MLA19918808,ALPHANUMERIC_MODEL,Modelo alfanumérico,13759775,AS TV BOX ONE PLUS,True,2025-04-03 12:09:12.817432,2025-04-03 12:09:12.817432
83232754-6b76-4864-81f2-702949c019ab,MLA42839612,BRAND,Marca,440439,Lemfo,True,2025-04-03 12:09:12.817444,2025-04-03 12:09:12.817444
21bd3ccb-cdec-46e2-b641-1a81560a8744,MLA42839612,MODEL,Modelo,35485514,HK1 RBOX,True,2025-04-03 12:09:12.817447,2025-04-03 12:09:12.817447
2de010cc-7870-4649-b3ac-0dd133292d7a,MLA42839612,GENERATION,Generación,18802042,Tvbox,True,2025-04-03 12:09:12.817451,2025-04-03 12:09:12.817451
078dbfa4-1d82-4317-9f17-84af7121ba94,MLA42839612,ALPHANUMERIC_MODEL,Modelo alfanumérico,44154691,Mi Tv Stick,True,2025-04-03 12:09:12.817454,2025-04-03 12:09:12.817454
7c5d730e-2432-4e8c-9d41-c099c85d24f4,MLA42839612,COLOR,Color,52049,Negro,True,2025-04-03 12:09:12.817457,2025-04-03 12:09:12.817457
c0b805c7-3b11-4242-b863-6e9f07ab27a0,MLA42839612,STORAGE_CAPACITY,Capacidad de almacenamiento,18621,32 GB,True,2025-04-03 12:09:12.817460,2025-04-03 12:09:12.817460
b4879af4-49a2-4eac-a899-2ba598ad5c34,MLA42839612,RAM_MEMORY,Memoria RAM,98852,4 GB,True,2025-04-03 12:09:12.817463,2025-04-03 12:09:12.817463
500c9584-feb0-48bd-b05e-284565978a10,MLA42839612,REMOTE_CONTROL_TYPE,Tipo de control remoto,182134,Estándar,True,2025-04-03 12:09:12.817466,2025-04-03 12:09:12.817466
1ff4561e-6a46-4a82-8c48-fdb0188d3171,MLA42839612,DEVICE_FORMAT,Formato del dispositivo,8616495,TV Box,True,2025-04-03 12:09:12.817469,2025-04-03 12:09:12.817469
3208c220-a2aa-43a8-86c7-549cf25b47d4,MLA42839612,WITH_INTEGRATED_VOICE_ASSISTANTS,Con asistentes de voz integrados,242084,No,True,2025-04-03 12:09:12.817472,2025-04-03 12:09:12.817472
de437924-1e9d-4bfc-8178-f0a86b60a96c,MLA16140082,BRAND,Marca,410979,Noga,True,2025-04-03 12:09:12.817493,2025-04-03 12:09:12.817493
4dbc4872-1715-4d61-b824-3b543e501ff7,MLA16140082,LINE,Línea,102430,Ultra,True,2025-04-03 12:09:12.817496,2025-04-03 12:09:12.817496
31b40ff3-18a7-464b-9fed-46c0f72d612f,MLA16140082,MODEL,Modelo,9050527,PC Ultra,True,2025-04-03 12:09:12.817499,2025-04-03 12:09:12.817499
5a2842fa-74da-4482-8f78-a01da55a347b,MLA16140082,GENERATION,Generación,11281876,2.ª generación,True,2025-04-03 12:09:12.817502,2025-04-03 12:09:12.817502
827778d2-b358-42c8-ab3b-133a242781d9,MLA16140082,DEVICE_FORMAT,Formato del dispositivo,8616495,TV Box,True,2025-04-03 12:09:12.817505,2025-04-03 12:09:12.817505
a92c36ef-caec-46ab-b6f9-957c98203fcc,MLA16140082,MAX_VIDEO_RESOLUTION,Resolución máxima de video,169883,4K,True,2025-04-03 12:09:12.817508,2025-04-03 12:09:12.817508
f32eefc0-787b-4f2c-ad8a-bd2c8f9c3c42,MLA16140082,COMPATIBLE_APPLICATIONS,Aplicaciones compatibles,,"Skype, Netflix, Amazon Prime, Video, Maxx, YouTube, Disney Plus",True,2025-04-03 12:09:12.817511,2025-04-03 12:09:12.817512
0bdf6cb1-4b1d-4b02-8fa5-95e1afe3b2fe,MLA16140082,RECOMMENDED_DEVICES,Dispositivos recomendados,,Televisores,True,2025-04-03 12:09:12.817514,2025-04-03 12:09:12.817515
c0559a9c-b16a-4ff2-867c-4efca21f1f9c,MLA16140082,AUDIO_AND_VIDEO_INTERFACES,Interfaces de audio y video,,"AV, S/PDIF óptico, HDMI",True,2025-04-03 12:09:12.817518,2025-04-03 12:09:12.817518
d29c1dab-e287-4da4-a795-d9f3d04457df,MLA16140082,PORTS_AND_CONNECTORS_TYPES,Tipos de puertos y conectores,,"USB-A, Ethernet, Micro-SD, DC jack",True,2025-04-03 12:09:12.817521,2025-04-03 12:09:12.817521
dac9f77e-7cf2-44b8-85a8-b6968148409f,MLA16140082,WITH_WI_FI,Con Wi-Fi,242085,Sí,True,2025-04-03 12:09:12.817525,2025-04-03 12:09:12.817525
94958db6-ce35-4443-9d19-236f3a81d237,MLA16140082,INCLUDES_HDMI_CABLE,Incluye cable HDMI,242085,Sí,True,2025-04-03 12:09:12.817528,2025-04-03 12:09:12.817529
89c4a576-5c14-4bb5-b702-8c4818862f58,MLA16140082,LENGTH,Largo,8865109,11.5 cm,True,2025-04-03 12:09:12.817531,2025-04-03 12:09:12.817532
1db1e806-a768-4bdd-85f9-d02bfcb56a41,MLA16140082,WIDTH,Ancho,8053647,11.5 cm,True,2025-04-03 12:09:12.817534,2025-04-03 12:09:12.817535
0a8603fd-6a79-4ad3-96e4-26a5e3cf7c47,MLA16140082,HEIGHT,Altura,7908260,2.5 cm,True,2025-04-03 12:09:12.817538,2025-04-03 12:09:12.817538
7203aa7d-6dd4-4144-84ec-9e1c802d686f,MLA16140082,OS_NAME,Nombre del sistema operativo,7601527,Android 7.1,True,2025-04-03 12:09:12.817541,2025-04-03 12:09:12.817541
4336e797-d43a-4a1c-863d-74e9ef931e52,MLA16140082,CPU,CPU,,Cortex-A7 Quad-Core,True,2025-04-03 12:09:12.817544,2025-04-03 12:09:12.817544
1b6fcf8c-c856-437f-82a3-33160344b76b,MLA16140082,FREQUENCIES,Frecuencias,,5 GHz,True,2025-04-03 12:09:12.817547,2025-04-03 12:09:12.817547
301cb202-8bc6-4e70-b487-4e2f1d8a348b,MLA16140082,DEVICE_OPERATING_VOLTAGE,Voltaje de funcionamiento,8631470,5 V,True,2025-04-03 12:09:12.817550,2025-04-03 12:09:12.817550
49cfe4ae-2c65-49c8-96a1-168c7e85af2c,MLA21720055,BRAND,Marca,16677064,MILKOISAS3D,True,2025-04-03 12:09:12.817574,2025-04-03 12:09:12.817574
fd70ce43-fe0d-4c00-a330-e4c0d1b739b8,MLA21720055,LINE,Línea,2785722,Apple TV,True,2025-04-03 12:09:12.817577,2025-04-03 12:09:12.817577
86b8f1ec-697d-442c-bd05-c6d32f583d62,MLA21720055,MODEL,Modelo,11282073,Apple TV,True,2025-04-03 12:09:12.817580,2025-04-03 12:09:12.817580
ba9b974a-9dc6-4b4a-86db-ffb32b3bd643,MLA21647272,BRAND,Marca,14789640,Eiyo,True,2025-04-03 12:09:12.817598,2025-04-03 12:09:12.817598
65042ac1-22a4-47ee-98de-f8366335c907,MLA21647272,MODEL,Modelo,16561558,Smart pro tv box,True,2025-04-03 12:09:12.817601,2025-04-03 12:09:12.817601
780991cd-c6b3-462b-bfcf-03c524f477ab,MLA21647272,ALPHANUMERIC_MODEL,Modelo alfanumérico,9775702,PROSB-2000/2GB,True,2025-04-03 12:09:12.817604,2025-04-03 12:09:12.817604
2f1c84d9-f2a1-4db4-882c-0494d29ad3ee,MLA45000296,BRAND,Marca,345460,H-Tech,True,2025-04-03 12:09:12.817615,2025-04-03 12:09:12.817615
2d761079-f663-4717-8b89-fd176b738d29,MLA45000296,LINE,Línea,14816870,Streaming Box,True,2025-04-03 12:09:12.817618,2025-04-03 12:09:12.817619
810fae34-32d6-4f55-842f-d6c64ce2b3af,MLA45000296,MODEL,Modelo,46182711,SB232,True,2025-04-03 12:09:12.817621,2025-04-03 12:09:12.817622
67add706-e086-45a1-84fd-54161e478f10,MLA45000296,ALPHANUMERIC_MODEL,Modelo alfanumérico,46182710,SB232,True,2025-04-03 12:09:12.817626,2025-04-03 12:09:12.817626
1f24a2a1-a739-4208-8116-128cdccb2ba8,MLA45000296,DEVICE_FORMAT,Formato del dispositivo,8616495,TV Box,True,2025-04-03 12:09:12.817629,2025-04-03 12:09:12.817629
191c92af-ead0-49fa-8518-90aef5ba7211,MLA44063015,BRAND,Marca,48710351,mi tv box,True,2025-04-03 12:09:12.817641,2025-04-03 12:09:12.817641
d93504a6-2313-4c96-8adf-ac0c4f08d032,MLA44063015,MODEL,Modelo,42756851,tv box mi stick full hd xiaomi,True,2025-04-03 12:09:12.817644,2025-04-03 12:09:12.817644
1ed3480a-ec96-4739-9273-0774f1f536ff,MLA44063015,GENERATION,Generación,42756847,tv box mi stick full hd de Xiaomi,True,2025-04-03 12:09:12.817647,2025-04-03 12:09:12.817647
26baf6d4-da42-4878-896e-b3e1d4d25280,MLA44063015,DEVICE_FORMAT,Formato del dispositivo,8616495,TV Box,True,2025-04-03 12:09:12.817650,2025-04-03 12:09:12.817651
ab8a278e-34de-4eaa-ac0c-71ba8920bf36,MLA44063015,MAX_VIDEO_RESOLUTION,Resolución máxima de video,13356127,Full HD 1080p,True,2025-04-03 12:09:12.817653,2025-04-03 12:09:12.817654
54abf2dc-9982-4c93-972f-6b030b92c1a1,MLA44063015,COMPATIBLE_APPLICATIONS,Aplicaciones compatibles,,Dispositivos de streaming,True,2025-04-03 12:09:12.817657,2025-04-03 12:09:12.817657
e7fe93de-0169-46dd-a989-8d46cd387c80,MLA44063015,RECOMMENDED_DEVICES,Dispositivos recomendados,,todas las tv que tienen HDMI,True,2025-04-03 12:09:12.817660,2025-04-03 12:09:12.817660
009f2ddf-f46f-4e55-a3e5-e34665d04c62,MLA44063015,AUDIO_AND_VIDEO_INTERFACES,Interfaces de audio y video,,HDMI,True,2025-04-03 12:09:12.817663,2025-04-03 12:09:12.817663
179fbe07-a99f-460c-8202-be32795efaf3,MLA44063015,PORTS_AND_CONNECTORS_TYPES,Tipos de puertos y conectores,,Micro-USB,True,2025-04-03 12:09:12.817666,2025-04-03 12:09:12.817666
116034f6-30d3-4f3f-be37-5e2481456098,MLA44063015,MANUFACTURER,Fabricante,40085829,"Xiaomi Communications Co., Ltd.",True,2025-04-03 12:09:12.817669,2025-04-03 12:09:12.817669
dfa5dc3a-18a0-4248-96ca-34fe6a625c08,MLA44063015,WITH_BLUETOOTH,Con Bluetooth,242085,Sí,True,2025-04-03 12:09:12.817672,2025-04-03 12:09:12.817672
ff515aad-ea66-4bda-a009-1fdaac6070e3,MLA44063015,WITH_WI_FI,Con Wi-Fi,242085,Sí,True,2025-04-03 12:09:12.817675,2025-04-03 12:09:12.817675
ce6c8cef-0134-42bc-912d-389bc3848d99,MLA44063015,WITH_INTEGRATED_VOICE_ASSISTANTS,Con asistentes de voz integrados,242085,Sí,True,2025-04-03 12:09:12.817678,2025-04-03 12:09:12.817678
2fc8c48f-26c7-432b-9ae6-2cf57167cca7,MLA44063015,INTEGRATED_VOICE_ASSISTANTS,Asistentes de voz integrados,,Google Assistant,True,2025-04-03 12:09:12.817681,2025-04-03 12:09:12.817681
1a2124e4-764e-41fe-a6b7-e77cb1f4f9af,MLA44063015,INCLUDES_HDMI_CABLE,Incluye cable HDMI,242085,Sí,True,2025-04-03 12:09:12.817684,2025-04-03 12:09:12.817684
d2849dbd-a0bd-4a7d-b4e4-c4fe3c7387a6,MLA44063015,INCLUDES_CELL_BATTERIES,Incluye pilas,242084,No,True,2025-04-03 12:09:12.817687,2025-04-03 12:09:12.817688
e9d6dd6a-6e32-479d-958c-17e39983704d,MLA44063015,OS_NAME,Nombre del sistema operativo,42756852,Android TV del mi stick,True,2025-04-03 12:09:12.817690,2025-04-03 12:09:12.817691
79a91ed9-c62f-48d5-880f-d63cfe2069fc,MLA23871059,BRAND,Marca,8900905,Suono,True,2025-04-03 12:09:12.817702,2025-04-03 12:09:12.817702
b88d0055-bb46-4690-a83e-6d2e8271d616,MLA23871059,MODEL,Modelo,8869529,TV Box,True,2025-04-03 12:09:12.817705,2025-04-03 12:09:12.817705
c3732a79-5a9c-454c-874e-d4014f31afbd,MLA23871059,ALPHANUMERIC_MODEL,Modelo alfanumérico,19920000,SNCS-1000,True,2025-04-03 12:09:12.817708,2025-04-03 12:09:12.817709
0695ea0b-c67d-4f49-9e8f-d11e46ceca12,MLA23871059,DEVICE_FORMAT,Formato del dispositivo,8616495,TV Box,True,2025-04-03 12:09:12.817711,2025-04-03 12:09:12.817712
3a4221ef-0d6a-4267-a813-34599014556d,MLA23871059,MAX_VIDEO_RESOLUTION,Resolución máxima de video,169883,4K,True,2025-04-03 12:09:12.817714,2025-04-03 12:09:12.817715
dc653710-e514-4fb7-90bd-34f03d74642c,MLA23871059,COMPATIBLE_APPLICATIONS,Aplicaciones compatibles,,"YouTube, Netflix, etc.",True,2025-04-03 12:09:12.817718,2025-04-03 12:09:12.817718
4aefec1f-2987-4082-8e67-434a255462b1,MLA23871059,RECOMMENDED_DEVICES,Dispositivos recomendados,,"Monitor, TELEVISION, projector",True,2025-04-03 12:09:12.817721,2025-04-03 12:09:12.817721
aee3382a-31c6-4666-bfcf-abb0ea5fba65,MLA23871059,AUDIO_AND_VIDEO_INTERFACES,Interfaces de audio y video,,AV,True,2025-04-03 12:09:12.817724,2025-04-03 12:09:12.817724
d56433fe-67f6-44c4-9536-f09d9bc0e609,MLA23871059,PORTS_AND_CONNECTORS_TYPES,Tipos de puertos y conectores,,HDMI,True,2025-04-03 12:09:12.817728,2025-04-03 12:09:12.817728
3d419b30-25b9-4a5c-89c5-8bb51d93419e,MLA23871059,WITH_BLUETOOTH,Con Bluetooth,242085,Sí,True,2025-04-03 12:09:12.817731,2025-04-03 12:09:12.817732
a36f0800-4c19-42e0-8b6c-9da5b3520800,MLA23871059,WITH_WI_FI,Con Wi-Fi,242085,Sí,True,2025-04-03 12:09:12.817735,2025-04-03 12:09:12.817735
dc85c12d-61ab-4055-9df6-c4dd33a2a902,MLA23871059,WITH_INTEGRATED_VOICE_ASSISTANTS,Con asistentes de voz integrados,242084,No,True,2025-04-03 12:09:12.817738,2025-04-03 12:09:12.817738
06be306d-bf84-4412-b6c0-415db3533781,MLA23871059,INTEGRATED_VOICE_ASSISTANTS,Asistentes de voz integrados,,no,True,2025-04-03 12:09:12.817741,2025-04-03 12:09:12.817741
6bb71021-a744-40cf-9092-35a8817e7b81,MLA23871059,INCLUDES_HDMI_CABLE,Incluye cable HDMI,242085,Sí,True,2025-04-03 12:09:12.817744,2025-04-03 12:09:12.817744
f3f104c9-2de7-4cf8-81fa-0c0de211da26,MLA23871059,INCLUDES_CELL_BATTERIES,Incluye pilas,242084,No,True,2025-04-03 12:09:12.817747,2025-04-03 12:09:12.817747
0e5a1d82-43d2-480a-9ec0-36d54a0c2135,MLA23871059,LENGTH,Largo,16470916,17.8 cm,True,2025-04-03 12:09:12.817750,2025-04-03 12:09:12.817750
0075004e-06e4-45c1-b829-bb53f0bf70ba,MLA23871059,WIDTH,Ancho,8053647,11.5 cm,True,2025-04-03 12:09:12.817753,2025-04-03 12:09:12.817753
388679d6-5948-4725-a6c6-7c9b1ab2d57f,MLA23871059,HEIGHT,Altura,7878346,5.5 cm,True,2025-04-03 12:09:12.817756,2025-04-03 12:09:12.817756
3667c7f2-e3dd-4891-93df-cba127a58563,MLA23871059,WEIGHT,Peso,18215473,376 g,True,2025-04-03 12:09:12.817760,2025-04-03 12:09:12.817760
034cb264-7310-49c3-a447-506a92705bfc,MLA23871059,OS_NAME,Nombre del sistema operativo,13289967,Android 11.0,True,2025-04-03 12:09:12.817763,2025-04-03 12:09:12.817763
4293c6e0-419a-4fcb-bbdf-98dd2210ba2d,MLA16023740,BRAND,Marca,260751,Inova,True,2025-04-03 12:09:12.817787,2025-04-03 12:09:12.817787
fc36f97e-5047-4aa4-8e63-f97f602d9536,MLA16023740,MODEL,Modelo,8869529,TV Box,True,2025-04-03 12:09:12.817790,2025-04-03 12:09:12.817790
7eb22e50-18cf-448c-b3e7-dad281ce0088,MLA16023740,ALPHANUMERIC_MODEL,Modelo alfanumérico,8889928,DIG-6200,True,2025-04-03 12:09:12.817793,2025-04-03 12:09:12.817793
c169078e-19b1-4d71-9e9a-39b9a7065475,MLA16023740,DEVICE_FORMAT,Formato del dispositivo,8616495,TV Box,True,2025-04-03 12:09:12.817796,2025-04-03 12:09:12.817796
adf4c3e2-6edf-4024-bd36-ede38900d9fa,MLA16023740,MAX_VIDEO_RESOLUTION,Resolución máxima de video,169883,4K,True,2025-04-03 12:09:12.817799,2025-04-03 12:09:12.817799
e6210f03-3b02-416b-b413-abe6b2df6056,MLA16023740,COMPATIBLE_APPLICATIONS,Aplicaciones compatibles,,"YouTube, Netflix, Amazon Prime Video",True,2025-04-03 12:09:12.817802,2025-04-03 12:09:12.817802
c399c39f-8970-488c-8731-efdb9c0390ff,MLA16023740,RECOMMENDED_DEVICES,Dispositivos recomendados,,Televisores,True,2025-04-03 12:09:12.817805,2025-04-03 12:09:12.817805
13057424-579e-4d71-8fde-0937c1020876,MLA16023740,AUDIO_AND_VIDEO_INTERFACES,Interfaces de audio y video,,"AV, S/PDIF óptico, HDMI",True,2025-04-03 12:09:12.817808,2025-04-03 12:09:12.817808
30ac554d-3fbb-40f5-9734-dc8cc5922ad2,MLA16023740,PORTS_AND_CONNECTORS_TYPES,Tipos de puertos y conectores,,"2 USB, SD, Ethernet, DC jack",True,2025-04-03 12:09:12.817811,2025-04-03 12:09:12.817811
c0cad5db-2112-4971-a145-196d49754c58,MLA16023740,ANATEL_HOMOLOGATION_NUMBER,Homologación Anatel Nº,40572329,132302012654,True,2025-04-03 12:09:12.817817,2025-04-03 12:09:12.817817
cf5f3a16-a815-4b8b-a880-d623126832f2,MLA16023740,WITH_WI_FI,Con Wi-Fi,242085,Sí,True,2025-04-03 12:09:12.817821,2025-04-03 12:09:12.817821
91d658fa-6449-4d3a-a8e2-0e20a0fa4cba,MLA16023740,INCLUDES_HDMI_CABLE,Incluye cable HDMI,242085,Sí,True,2025-04-03 12:09:12.817824,2025-04-03 12:09:12.817824
49e7fd87-1582-4156-9b44-4399be31e3f4,MLA16023740,OS_NAME,Nombre del sistema operativo,296858,Android,True,2025-04-03 12:09:12.817827,2025-04-03 12:09:12.817827
5a804414-b16f-46d4-b3ce-572c73c22257,MLA16023740,STREAMING_TECHNOLOGIES,Tecnologías de streaming,,"DLNA, AirPlay, Miracast",True,2025-04-03 12:09:12.817830,2025-04-03 12:09:12.817830
0105fee5-fad7-4285-8861-42ec4b3c7ee5,MLA16023740,FREQUENCIES,Frecuencias,,2.4 GHz,True,2025-04-03 12:09:12.817833,2025-04-03 12:09:12.817833
90f39cab-be2b-4ff9-b344-cce1afd73d0e,MLA34360345,BRAND,Marca,34684063,G 96 Mini,True,2025-04-03 12:09:12.817857,2025-04-03 12:09:12.817857
302dbaf6-a43c-478a-bb9f-03834bff3e57,MLA34360345,LINE,Línea,2343724,Box,True,2025-04-03 12:09:12.817860,2025-04-03 12:09:12.817860
12cf09ce-5479-424d-9a84-fe31e44a2ec1,MLA34360345,MODEL,Modelo,34684064,G96MINI,True,2025-04-03 12:09:12.817863,2025-04-03 12:09:12.817864
7ad8c30a-90a9-4853-b911-6a57c170fa49,MLA46424690,BRAND,Marca,105617,Tomate,True,2025-04-03 12:09:12.817875,2025-04-03 12:09:12.817875
b01ef8d5-36e0-4e3b-b55d-304f9ca85def,MLA46424690,LINE,Línea,47928992,Dongle,True,2025-04-03 12:09:12.817878,2025-04-03 12:09:12.817878
ad1bda71-ac48-465c-8dcd-9a8f775a63ec,MLA46424690,MODEL,Modelo,47928993,MPD-G02,True,2025-04-03 12:09:12.817881,2025-04-03 12:09:12.817881
4814c438-f4cd-4db3-8a7a-e7505954d1ef,MLA46424690,GENERATION,Generación,42813492,1a generación,True,2025-04-03 12:09:12.817884,2025-04-03 12:09:12.817884
8b95d660-6ef7-4c71-9216-7c5c9c84e2b9,MLA46424690,ALPHANUMERIC_MODEL,Modelo alfanumérico,47928991,MPD-G02,True,2025-04-03 12:09:12.817887,2025-04-03 12:09:12.817887
9f0afbd6-48df-47b4-81b8-a9765cc892e6,MLA46424690,DEVICE_FORMAT,Formato del dispositivo,9234856,Pendant Box,True,2025-04-03 12:09:12.817890,2025-04-03 12:09:12.817891
08199ec2-9ab4-4e29-a2f6-931cd6f38bea,MLA11979832,BRAND,Marca,7410787,VUVA,True,2025-04-03 12:09:12.817908,2025-04-03 12:09:12.817908
28be3a97-c578-4447-af52-e86540ab6970,MLA11979832,MODEL,Modelo,279599,Hub,True,2025-04-03 12:09:12.817911,2025-04-03 12:09:12.817911
34f68656-ae7a-4538-a787-4dc53b47214a,MLA11979832,GENERATION,Generación,11281876,2.ª generación,True,2025-04-03 12:09:12.817914,2025-04-03 12:09:12.817914
9af7ac28-f7e1-4eb9-adc4-233bd195033e,MLA11979832,DEVICE_FORMAT,Formato del dispositivo,8616495,TV Box,True,2025-04-03 12:09:12.817917,2025-04-03 12:09:12.817917
a211ad90-fd60-454e-afb9-356d45d9e73c,MLA11979832,MAX_VIDEO_RESOLUTION,Resolución máxima de video,169883,4K,True,2025-04-03 12:09:12.817920,2025-04-03 12:09:12.817920
bd8429f9-5012-4099-9172-dd2290d381bb,MLA11979832,COMPATIBLE_APPLICATIONS,Aplicaciones compatibles,,"Netflix, Plex, YouTube, Spotify, Vuva, Red Bull TV, Google Play",True,2025-04-03 12:09:12.817923,2025-04-03 12:09:12.817924
a997c207-a4b8-4efc-8c56-3721a138e5d5,MLA11979832,RECOMMENDED_DEVICES,Dispositivos recomendados,,Televisores,True,2025-04-03 12:09:12.817926,2025-04-03 12:09:12.817927
91ab78a1-ff8f-49c0-854c-c4b859e6655d,MLA11979832,AUDIO_AND_VIDEO_INTERFACES,Interfaces de audio y video,,"HDMI, AV, S/PDIF coaxial",True,2025-04-03 12:09:12.817930,2025-04-03 12:09:12.817930
6a8ff309-2772-479e-88a1-8f4d7805bed3,MLA11979832,PORTS_AND_CONNECTORS_TYPES,Tipos de puertos y conectores,,"DC jack, Ethernet, USB-A, Micro-SD",True,2025-04-03 12:09:12.817934,2025-04-03 12:09:12.817934
4cd4431d-f52e-43d9-a3a3-c3c091add4a4,MLA11979832,WITH_WI_FI,Con Wi-Fi,242085,Sí,True,2025-04-03 12:09:12.817937,2025-04-03 12:09:12.817937
a6fc31b1-243b-4cce-958a-95e0b6e9198e,MLA11979832,OS_NAME,Nombre del sistema operativo,7606155,Android TV 7,True,2025-04-03 12:09:12.817940,2025-04-03 12:09:12.817940
b643833a-363b-43af-90bd-c4eaaf1efbd8,MLA11979832,STREAMING_TECHNOLOGIES,Tecnologías de streaming,,"Miracast, AirPlay",True,2025-04-03 12:09:12.817943,2025-04-03 12:09:12.817943
617fceae-050e-4cf5-a1aa-93f0c3a9e952,MLA11979832,LANGUAGE_OPTIONS,Opciones de idioma,,Multilenguaje,True,2025-04-03 12:09:12.817946,2025-04-03 12:09:12.817946
fe23f496-f898-428d-8d90-98cb0414941b,MLA11979832,CPU,CPU,,Cortex-A53 Quad-Core,True,2025-04-03 12:09:12.817949,2025-04-03 12:09:12.817949
06915836-3513-4c93-90bc-f0d49e0ea46c,MLA11979832,GRAPHICS_PROCESSOR,Procesador gráfico,8249292,Mali-450,True,2025-04-03 12:09:12.817952,2025-04-03 12:09:12.817953
1aa428bb-b19d-4c75-aaff-eb9fc10bbf48,MLA20615703,BRAND,Marca,3384091,Pro,True,2025-04-03 12:09:12.817973,2025-04-03 12:09:12.817973
00fb9652-e4d2-455b-9adc-408f2954a61d,MLA20615703,LINE,Línea,11616396,Tv Box,True,2025-04-03 12:09:12.817976,2025-04-03 12:09:12.817977
dc8bd872-71e7-4305-ae79-47a493d47473,MLA20615703,MODEL,Modelo,14869831,5G 8/128GB,True,2025-04-03 12:09:12.817980,2025-04-03 12:09:12.817980
a2eea712-132c-4d33-b38a-290bb1bfd5f7,MLA20615703,GENERATION,Generación,10910112,5.ª generación,True,2025-04-03 12:09:12.817983,2025-04-03 12:09:12.817983
8a857811-2f69-417c-96ef-b8a229e3bc2f,MLA20615703,ALPHANUMERIC_MODEL,Modelo alfanumérico,14869829,Android 11.1,True,2025-04-03 12:09:12.817986,2025-04-03 12:09:12.817986
fc46c7ea-0ea7-43cc-8532-1c87f94a72de,MLA20615703,DEVICE_FORMAT,Formato del dispositivo,8616495,TV Box,True,2025-04-03 12:09:12.817989,2025-04-03 12:09:12.817989
daa54e4b-2797-4d88-87ee-5b1fb648c66f,MLA20615703,MAX_VIDEO_RESOLUTION,Resolución máxima de video,169883,4K,True,2025-04-03 12:09:12.817992,2025-04-03 12:09:12.817992
cca0e4c6-eccb-4edf-813a-ee08aef82e4f,MLA20615703,RECOMMENDED_DEVICES,Dispositivos recomendados,,Televisores con HDMI,True,2025-04-03 12:09:12.817995,2025-04-03 12:09:12.817995
600ee54c-8409-4925-ba57-813930698ec5,MLA20615703,AUDIO_AND_VIDEO_INTERFACES,Interfaces de audio y video,,HDMI,True,2025-04-03 12:09:12.817998,2025-04-03 12:09:12.817998
2bf54b0e-a86b-4539-9554-617760b6f118,MLA20615703,WITH_BLUETOOTH,Con Bluetooth,242084,No,True,2025-04-03 12:09:12.818001,2025-04-03 12:09:12.818001
9d178764-21a8-41fa-94fe-a5aba934bfeb,MLA20615703,WITH_WI_FI,Con Wi-Fi,242085,Sí,True,2025-04-03 12:09:12.818004,2025-04-03 12:09:12.818004
ec4b26c5-c962-4f2b-8446-4738f5ec8fa3,MLA20615703,INCLUDES_HDMI_CABLE,Incluye cable HDMI,242085,Sí,True,2025-04-03 12:09:12.818007,2025-04-03 12:09:12.818007
47d75f7a-5585-4a44-8cc8-ef657e9ee582,MLA20615703,OS_NAME,Nombre del sistema operativo,296858,Android,True,2025-04-03 12:09:12.818010,2025-04-03 12:09:12.818011
dd47d270-21f7-4ecd-88f8-dbc99d6cabbe,MLA20615703,STREAMING_TECHNOLOGIES,Tecnologías de streaming,,Miracast,True,2025-04-03 12:09:12.818014,2025-04-03 12:09:12.818014
408b837a-6326-4954-b279-771f5bc1d813,MLA20615703,LANGUAGE_OPTIONS,Opciones de idioma,,Portugués,True,2025-04-03 12:09:12.818017,2025-04-03 12:09:12.818017
be21e60b-1a92-41ee-9b1e-1938b9b4dae7,MLA20615703,CPU,CPU,,4 Core,True,2025-04-03 12:09:12.818020,2025-04-03 12:09:12.818020
67c375c0-1b46-4dc2-bc32-c94d023d5d11,MLA45001448,BRAND,Marca,5885860,Sumexr,True,2025-04-03 12:09:12.818041,2025-04-03 12:09:12.818041
2fe2d069-c17c-435d-a490-7a5000a35435,MLA45001448,LINE,Línea,16105,Pro,True,2025-04-03 12:09:12.818044,2025-04-03 12:09:12.818044
c6f2ffec-b3a0-4648-bf0c-65e0b117014d,MLA45001448,MODEL,Modelo,46183418,Androidtv Game 5G 8K,True,2025-04-03 12:09:12.818047,2025-04-03 12:09:12.818047
2d14f9cf-ad31-400f-a326-35e646979486,MLA45001448,GENERATION,Generación,42813492,1a generación,True,2025-04-03 12:09:12.818050,2025-04-03 12:09:12.818050
b0d10ea6-f26b-44ab-b534-760f613a3ffd,MLA45001448,ALPHANUMERIC_MODEL,Modelo alfanumérico,46183417,SUMEatvg01,True,2025-04-03 12:09:12.818054,2025-04-03 12:09:12.818054
b9da21a4-cd33-4c96-88d7-914b75a73618,MLA45001448,DEVICE_FORMAT,Formato del dispositivo,8616495,TV Box,True,2025-04-03 12:09:12.818057,2025-04-03 12:09:12.818057
a29556fa-18b1-4a08-893d-27acc194223c,MLA44218749,BRAND,Marca,28202297,Formuler,True,2025-04-03 12:09:12.818069,2025-04-03 12:09:12.818069
ab0cd8f7-cfba-460f-9554-9300711adf3f,MLA44218749,LINE,Línea,905378,Z,True,2025-04-03 12:09:12.818072,2025-04-03 12:09:12.818073
afceaa24-1742-4a9a-931d-071631235b18,MLA44218749,MODEL,Modelo,34618,Z8,True,2025-04-03 12:09:12.818075,2025-04-03 12:09:12.818076
a85f2a0a-a5f8-45cd-8e95-522c5c066cbf,MLA44218749,ALPHANUMERIC_MODEL,Modelo alfanumérico,40486328,Z8,True,2025-04-03 12:09:12.818079,2025-04-03 12:09:12.818079
4c1804f5-1d23-4dc6-b7b4-7f70d3a32e18,MLA44218749,DEVICE_FORMAT,Formato del dispositivo,8616495,TV Box,True,2025-04-03 12:09:12.818082,2025-04-03 12:09:12.818082
584e39ad-4752-4bb9-9998-17dc78536ecc,MLA44218749,MAX_VIDEO_RESOLUTION,Resolución máxima de video,169883,4K,True,2025-04-03 12:09:12.818085,2025-04-03 12:09:12.818085
9724a029-c5f6-48bb-9664-cb2ed5a4cca1,MLA44218749,RECOMMENDED_DEVICES,Dispositivos recomendados,,Televisores con HDMI,True,2025-04-03 12:09:12.818088,2025-04-03 12:09:12.818088
9255718e-bcfc-47fd-bc0e-02c883473069,MLA44218749,AUDIO_AND_VIDEO_INTERFACES,Interfaces de audio y video,,HDMI,True,2025-04-03 12:09:12.818091,2025-04-03 12:09:12.818092
8d8a9d7f-ae5c-4523-a2cb-ea29343d7b24,MLA44218749,MANUFACTURER,Fabricante,28202297,Formuler,True,2025-04-03 12:09:12.818094,2025-04-03 12:09:12.818095
63bc54dd-612c-4f32-83da-bda0a47aa0ea,MLA44218749,WITH_WI_FI,Con Wi-Fi,242085,Sí,True,2025-04-03 12:09:12.818098,2025-04-03 12:09:12.818098
900b9de6-be2c-4b82-b130-951243930839,MLA6253547,BRAND,Marca,9344,Apple,True,2025-04-03 12:09:12.818119,2025-04-03 12:09:12.818119
991540b6-c6da-449d-a0a0-e0d611b743ed,MLA6253547,MODEL,Modelo,11282073,Apple TV,True,2025-04-03 12:09:12.818122,2025-04-03 12:09:12.818122
02864763-f807-44c0-afe5-32e0c6647abb,MLA6253547,GENERATION,Generación,11295273,2.ª generación 2010,True,2025-04-03 12:09:12.818125,2025-04-03 12:09:12.818126
d444ecd7-f73c-4cbf-8a84-98009236788b,MLA6253547,ALPHANUMERIC_MODEL,Modelo alfanumérico,333312,A1378,True,2025-04-03 12:09:12.818128,2025-04-03 12:09:12.818129
d22c9b12-6999-4107-8bfd-d6528cce5dbc,MLA6253547,DEVICE_FORMAT,Formato del dispositivo,8616495,TV Box,True,2025-04-03 12:09:12.818132,2025-04-03 12:09:12.818132
ba6c533d-aaf5-4876-a3c1-63c4241df921,MLA6253547,MAX_VIDEO_RESOLUTION,Resolución máxima de video,168331,HD,True,2025-04-03 12:09:12.818135,2025-04-03 12:09:12.818135
68f47071-89bc-41c8-95c5-8935ef272322,MLA6253547,COMPATIBLE_APPLICATIONS,Aplicaciones compatibles,,"iTunes, MLB.TV, NBA, Netflix",True,2025-04-03 12:09:12.818138,2025-04-03 12:09:12.818138
db6eeac9-7d7f-4dbd-b1bf-8fcfa50991b3,MLA6253547,RECOMMENDED_DEVICES,Dispositivos recomendados,,Televisores,True,2025-04-03 12:09:12.818141,2025-04-03 12:09:12.818141
aceafdcf-13d2-4bbb-958c-312030c1349b,MLA6253547,AUDIO_AND_VIDEO_INTERFACES,Interfaces de audio y video,,"HDMI, S/PDIF óptico",True,2025-04-03 12:09:12.818144,2025-04-03 12:09:12.818144
8ecfd387-978b-4ef0-be97-0a6b506a44b1,MLA6253547,PORTS_AND_CONNECTORS_TYPES,Tipos de puertos y conectores,,"Ethernet, Micro-USB, IR, Apple power supply",True,2025-04-03 12:09:12.818147,2025-04-03 12:09:12.818147
2ee22e31-0b10-4d32-be09-0e862fcc3bf3,MLA6253547,ANATEL_HOMOLOGATION_NUMBER,Homologación Anatel Nº,41677433,31231101993,True,2025-04-03 12:09:12.818150,2025-04-03 12:09:12.818150
2f971d99-5641-421f-be07-ec27ce05297e,MLA6253547,WITH_BLUETOOTH,Con Bluetooth,242085,Sí,True,2025-04-03 12:09:12.818153,2025-04-03 12:09:12.818153
083957e0-adfc-4029-b861-9db93a2efd81,MLA6253547,WITH_WI_FI,Con Wi-Fi,242085,Sí,True,2025-04-03 12:09:12.818156,2025-04-03 12:09:12.818156
92fb52ca-c96e-4c40-9330-ed3d79f37086,MLA6253547,LENGTH,Largo,9573129,9.91 cm,True,2025-04-03 12:09:12.818159,2025-04-03 12:09:12.818159
fbcde5d5-5977-4af7-9b1d-a2d4d81e3717,MLA6253547,WIDTH,Ancho,8951451,9.91 cm,True,2025-04-03 12:09:12.818162,2025-04-03 12:09:12.818163
866d2fe9-bf3f-4b37-9fec-202c0267ac2d,MLA6253547,HEIGHT,Altura,9573128,2.29 cm,True,2025-04-03 12:09:12.818165,2025-04-03 12:09:12.818166
ab47b781-6f10-413f-b024-f9518a6bb87f,MLA6253547,OS_NAME,Nombre del sistema operativo,9885020,Apple TV,True,2025-04-03 12:09:12.818168,2025-04-03 12:09:12.818169
4da5305b-9ae8-429c-ab98-97069ff866f6,MLA6253547,STREAMING_TECHNOLOGIES,Tecnologías de streaming,,AirPlay,True,2025-04-03 12:09:12.818171,2025-04-03 12:09:12.818172
012aa3b8-5270-400f-a162-af425faa5ef1,MLA6253547,CPU,CPU,,Apple A4,True,2025-04-03 12:09:12.818175,2025-04-03 12:09:12.818175
9a2549e4-dfc8-4ccd-beaa-f1e4d6da2a37,MLA6253547,WI_FI_STANDARDS,Estándares Wi-Fi,,IEEE 802.11a/b/g/n,True,2025-04-03 12:09:12.818178,2025-04-03 12:09:12.818178
3b53e1d3-417f-42a2-970c-c6684743726a,MLA6253547,FREQUENCIES,Frecuencias,,"2.4 GHz, 5 GHz",True,2025-04-03 12:09:12.818181,2025-04-03 12:09:12.818181
5ec132a3-4af6-418b-b8b5-ec2397e71bd6,MLA21560508,BRAND,Marca,26952,Zinwell,True,2025-04-03 12:09:12.818201,2025-04-03 12:09:12.818201
e6557cfa-5693-4769-9e4f-cfa047bb47b8,MLA21560508,MODEL,Modelo,16420890,Zp-500,True,2025-04-03 12:09:12.818204,2025-04-03 12:09:12.818204
670ebc8e-760e-47cb-98f1-f773a398f9ad,MLA24596825,BRAND,Marca,563,Premium,True,2025-04-03 12:09:12.818215,2025-04-03 12:09:12.818216
db7dc57e-6d14-4e68-9705-c1d84e5ff791,MLA24596825,MODEL,Modelo,14267338,Smart TV,True,2025-04-03 12:09:12.818219,2025-04-03 12:09:12.818219
77043f5a-df60-4822-8353-549f4e268f92,MLA24596825,RAM_MEMORY,Memoria RAM,455397,32 GB,True,2025-04-03 12:09:12.818222,2025-04-03 12:09:12.818222
9bdc4114-c3f7-482a-a7fd-636e2e5729ad,MLA24596825,WITH_WI_FI,Con Wi-Fi,242085,Sí,True,2025-04-03 12:09:12.818225,2025-04-03 12:09:12.818225
eb4d41a6-9490-4448-9329-0bda527ee4f2,MLA26153323,BRAND,Marca,15192,D-Link,True,2025-04-03 12:09:12.818248,2025-04-03 12:09:12.818249
e218ecf0-f443-4dc6-ad49-3106269d4ed5,MLA26153323,MODEL,Modelo,23106296,DSM-312,True,2025-04-03 12:09:12.818251,2025-04-03 12:09:12.818252
a3209c40-49f9-4f85-837c-fea5600a206b,MLA28112657,BRAND,Marca,18751027,GYS,True,2025-04-03 12:09:12.818270,2025-04-03 12:09:12.818270
e2315b57-fe3f-4f27-acc4-43ef2e57162c,MLA28112657,MODEL,Modelo,26126847,D9 S905,True,2025-04-03 12:09:12.818273,2025-04-03 12:09:12.818273
ee7de6e7-fda2-4ca5-a676-2f309bd4056c,MLA28112657,GENERATION,Generación,10910112,5.ª generación,True,2025-04-03 12:09:12.818276,2025-04-03 12:09:12.818277
89272bf8-5a31-4c3b-932b-18e5ae357b32,MLA28112657,DEVICE_FORMAT,Formato del dispositivo,8616495,TV Box,True,2025-04-03 12:09:12.818279,2025-04-03 12:09:12.818280
2ad81199-bfe6-419e-bab1-da538d8e9a19,MLA28112657,MAX_VIDEO_RESOLUTION,Resolución máxima de video,169883,4K,True,2025-04-03 12:09:12.818283,2025-04-03 12:09:12.818283
908e73f3-3e71-41a6-a810-18c5e82536a8,MLA28112657,COMPATIBLE_APPLICATIONS,Aplicaciones compatibles,,"Netflix, YouTube",True,2025-04-03 12:09:12.818286,2025-04-03 12:09:12.818286
d587d3de-08e5-4d99-9bc9-04bd66cdc976,MLA28112657,AUDIO_AND_VIDEO_INTERFACES,Interfaces de audio y video,,HDMI,True,2025-04-03 12:09:12.818289,2025-04-03 12:09:12.818289
d6e018f5-a260-439d-b9f9-3d255adb3df4,MLA28112657,PORTS_AND_CONNECTORS_TYPES,Tipos de puertos y conectores,,"Ethernet, HDMI, USB",True,2025-04-03 12:09:12.818292,2025-04-03 12:09:12.818292
00dd8e74-e98b-4736-9884-25aa747e5f48,MLA28112657,WITH_BLUETOOTH,Con Bluetooth,242085,Sí,True,2025-04-03 12:09:12.818295,2025-04-03 12:09:12.818295
8ebb401c-5929-4728-ac03-721a1632aec3,MLA28112657,WITH_WI_FI,Con Wi-Fi,242085,Sí,True,2025-04-03 12:09:12.818298,2025-04-03 12:09:12.818298
afa152cf-ef02-48c8-abfc-79347edc6a84,MLA28112657,LENGTH,Largo,11957036,10.7 cm,True,2025-04-03 12:09:12.818301,2025-04-03 12:09:12.818301
640eeaae-7340-4b12-809d-63210a5ba7d2,MLA28112657,WIDTH,Ancho,8587694,10.7 cm,True,2025-04-03 12:09:12.818304,2025-04-03 12:09:12.818304
e1ee858a-7f36-48de-8678-acf917dd7bfa,MLA28112657,HEIGHT,Altura,7891537,2 cm,True,2025-04-03 12:09:12.818307,2025-04-03 12:09:12.818307
18ead17c-c8cc-4e71-bc9f-820e951ecd23,MLA28112657,WEIGHT,Peso,16076198,105 g,True,2025-04-03 12:09:12.818310,2025-04-03 12:09:12.818310
a0edeb65-143d-49f9-81b8-debba5fae4d1,MLA28112657,OS_NAME,Nombre del sistema operativo,296858,Android,True,2025-04-03 12:09:12.818313,2025-04-03 12:09:12.818313
ec9b1947-52f5-4a26-b211-0fc0d49b769f,MLA28112657,CPU,CPU,,Penta Core Mali-450,True,2025-04-03 12:09:12.818316,2025-04-03 12:09:12.818316
dc33d8b6-4e08-4045-adb0-16397b8b8e4f,MLA28112657,FREQUENCIES,Frecuencias,,"2.4 GHz, 5 GHz",True,2025-04-03 12:09:12.818319,2025-04-03 12:09:12.818319
e1b075d3-e5b7-42af-b02c-3b8550c082ad,MLA45153975,BRAND,Marca,19328,Panacom,True,2025-04-03 12:09:12.818337,2025-04-03 12:09:12.818337
e6a2903e-e7a9-4f66-ac5c-0fc3d36e659f,MLA45153975,MODEL,Modelo,46298252,TVB12216,True,2025-04-03 12:09:12.818342,2025-04-03 12:09:12.818342
268997c0-e93e-42b3-a467-ae57847dad53,MLA45153975,DEVICE_FORMAT,Formato del dispositivo,8616495,TV Box,True,2025-04-03 12:09:12.818345,2025-04-03 12:09:12.818345
6842949b-b4ff-4642-8fa5-9acd979da799,MLA45153975,COMPATIBLE_APPLICATIONS,Aplicaciones compatibles,,Varias,True,2025-04-03 12:09:12.818348,2025-04-03 12:09:12.818348
7a2ef85b-2ca3-43c9-b8c2-3bdceec31d11,MLA45153975,RECOMMENDED_DEVICES,Dispositivos recomendados,,Celulares,True,2025-04-03 12:09:12.818351,2025-04-03 12:09:12.818351
818bca05-f405-4f4f-95ec-bec40151bf59,MLA45153975,WITH_INTEGRATED_VOICE_ASSISTANTS,Con asistentes de voz integrados,242084,No,True,2025-04-03 12:09:12.818354,2025-04-03 12:09:12.818354
4d6be946-76c0-4c38-9688-ede2531e8b20,MLA45153975,INCLUDES_HDMI_CABLE,Incluye cable HDMI,242084,No,True,2025-04-03 12:09:12.818357,2025-04-03 12:09:12.818357
46c5185a-a28c-47d9-ab16-42a1482f69b9,MLA45153975,INCLUDES_CELL_BATTERIES,Incluye pilas,242084,No,True,2025-04-03 12:09:12.818360,2025-04-03 12:09:12.818360
8c2c8c6f-7058-4193-a086-48cedd85c861,MLA45153975,LENGTH,Largo,7175979,15 cm,True,2025-04-03 12:09:12.818363,2025-04-03 12:09:12.818364
79abec6b-e046-4477-991e-e7be014dda2c,MLA45153975,WIDTH,Ancho,5795689,15 cm,True,2025-04-03 12:09:12.818367,2025-04-03 12:09:12.818367
87e851ba-5873-41a2-b0c7-3b94167d42de,MLA45153975,HEIGHT,Altura,7841468,5 cm,True,2025-04-03 12:09:12.818370,2025-04-03 12:09:12.818370
b24a3b69-22a9-402e-bc1b-99b0ab9752a4,MLA45153975,WEIGHT,Peso,17505866,1 g,True,2025-04-03 12:09:12.818373,2025-04-03 12:09:12.818373
5fe1f5d8-6e84-467d-a836-4c262c33b713,MLA45153975,OS_NAME,Nombre del sistema operativo,296858,Android,True,2025-04-03 12:09:12.818376,2025-04-03 12:09:12.818376
b9f2f932-c003-43a2-af4d-894ca448ddf9,MLA24434185,BRAND,Marca,8847380,AnyCast,True,2025-04-03 12:09:12.818388,2025-04-03 12:09:12.818388
9a0efd25-85d0-4143-928f-1ceab7c3cb3c,MLA24434185,LINE,Línea,11711631,TV,True,2025-04-03 12:09:12.818391,2025-04-03 12:09:12.818391
b9eab6d6-1dcd-4e23-ac49-2f3ef5269db3,MLA24434185,MODEL,Modelo,4806393,M2 Plus,True,2025-04-03 12:09:12.818394,2025-04-03 12:09:12.818394
6e96d062-eb2f-4b82-b30d-acbd10d56da4,MLA24434185,ALPHANUMERIC_MODEL,Modelo alfanumérico,20882079,M2 Plus,True,2025-04-03 12:09:12.818397,2025-04-03 12:09:12.818397
5ec1ef39-cf80-47dc-8bfe-f0726453a102,MLA23691729,BRAND,Marca,19686664,BLURORY,True,2025-04-03 12:09:12.818416,2025-04-03 12:09:12.818416
371fabdc-db98-4271-94f5-ebc76440f04c,MLA23691729,MODEL,Modelo,19686665,TV Stick 4K 60FPS,True,2025-04-03 12:09:12.818419,2025-04-03 12:09:12.818419
61a23dd3-4141-42d4-9cd3-abe19f5deeda,MLA23691729,GENERATION,Generación,11101306,1°,True,2025-04-03 12:09:12.818422,2025-04-03 12:09:12.818422
37254ab7-4466-4cfc-9fa1-8ad2366db991,MLA28209270,BRAND,Marca,276243,Genérica,True,2025-04-03 12:09:12.818439,2025-04-03 12:09:12.818439
392bf725-230a-485a-9790-932c7f78f735,MLA28209270,MODEL,Modelo,14740233,H96,True,2025-04-03 12:09:12.818442,2025-04-03 12:09:12.818442
bd4a6e8c-ce9a-4b16-91fc-d2304233f783,MLA44100658,BRAND,Marca,10576058,Kinhank,True,2025-04-03 12:09:12.818459,2025-04-03 12:09:12.818459
39265b3f-e484-4629-9a58-6052f408b293,MLA44100658,MODEL,Modelo,6195,G1,True,2025-04-03 12:09:12.818462,2025-04-03 12:09:12.818463
8764da1b-006a-4bc0-afee-4b1b49441ecf,MLA44100658,GENERATION,Generación,18802042,Tvbox,True,2025-04-03 12:09:12.818465,2025-04-03 12:09:12.818466
2165bb0a-1d3d-4a77-b297-2130bf7613c3,MLA44100658,ALPHANUMERIC_MODEL,Modelo alfanumérico,16913215,G1,True,2025-04-03 12:09:12.818469,2025-04-03 12:09:12.818469
9e051e06-42f5-4a41-b66f-d7be1beed9da,MLA44100658,DEVICE_FORMAT,Formato del dispositivo,8616495,TV Box,True,2025-04-03 12:09:12.818472,2025-04-03 12:09:12.818472
4bdc1e87-4807-4658-8153-2e35b12f1e83,MLA44100658,MAX_VIDEO_RESOLUTION,Resolución máxima de video,169883,4K,True,2025-04-03 12:09:12.818475,2025-04-03 12:09:12.818475
b14b74e8-73b4-4620-9d9f-b96a0a991cc5,MLA44100658,AUDIO_AND_VIDEO_INTERFACES,Interfaces de audio y video,,"AV, HDMI, LAN, OPTICAL, TARJETA TF, USB",True,2025-04-03 12:09:12.818478,2025-04-03 12:09:12.818478
631ab331-c9d8-440b-a45f-3a19416e5016,MLA44100658,MANUFACTURER,Fabricante,10576058,Kinhank,True,2025-04-03 12:09:12.818481,2025-04-03 12:09:12.818481
50fd77ad-b538-4426-acc6-712ab27f9437,MLA44100658,ANATEL_HOMOLOGATION_NUMBER,Homologación Anatel Nº,39371487,125222008616,True,2025-04-03 12:09:12.818484,2025-04-03 12:09:12.818484
bfd8edbf-725c-47a1-bfa6-6990bf259276,MLA44100658,WITH_WI_FI,Con Wi-Fi,242085,Sí,True,2025-04-03 12:09:12.818487,2025-04-03 12:09:12.818487
b24d17fd-931e-41dd-9a18-50e4255f72f5,MLA44100658,WITH_INTEGRATED_VOICE_ASSISTANTS,Con asistentes de voz integrados,242085,Sí,True,2025-04-03 12:09:12.818490,2025-04-03 12:09:12.818490
97e0995a-b73f-49ed-8385-97347fe51bfb,MLA44100658,INTEGRATED_VOICE_ASSISTANTS,Asistentes de voz integrados,,Google Assistant,True,2025-04-03 12:09:12.818493,2025-04-03 12:09:12.818493
ac7cb009-3c96-432a-ba44-1e4ef5f52e65,MLA44219986,BRAND,Marca,44161007,Kronos / Outros,True,2025-04-03 12:09:12.818505,2025-04-03 12:09:12.818505
108efe75-3f38-449f-ad35-3461f1ac5f59,MLA44219986,MODEL,Modelo,13356587,Automotivo,True,2025-04-03 12:09:12.818508,2025-04-03 12:09:12.818508
8794c594-e73a-4fc8-a07d-a34bce5c5df3,MLA44219986,ALPHANUMERIC_MODEL,Modelo alfanumérico,44161004,B8400,True,2025-04-03 12:09:12.818511,2025-04-03 12:09:12.818511
55667ecd-2815-4617-935d-3370b0f55c74,MLA44219986,DEVICE_FORMAT,Formato del dispositivo,8616495,TV Box,True,2025-04-03 12:09:12.818514,2025-04-03 12:09:12.818515
cdd56248-c7ea-49c3-87a9-08792c52727f,MLA44219986,OS_NAME,Nombre del sistema operativo,296858,Android,True,2025-04-03 12:09:12.818517,2025-04-03 12:09:12.818518
7d743dc8-bdaa-448d-a59c-d78e229f292f,MLA46628071,BRAND,Marca,19130830,x88,True,2025-04-03 12:09:12.818529,2025-04-03 12:09:12.818529
235a3cf7-f53d-497d-8d38-91f287294635,MLA46628071,MODEL,Modelo,5582310,TX3 Mini,True,2025-04-03 12:09:12.818532,2025-04-03 12:09:12.818532
13065d52-1da4-4c84-a232-14c441c3dcd0,MLA46628071,DEVICE_FORMAT,Formato del dispositivo,8616495,TV Box,True,2025-04-03 12:09:12.818535,2025-04-03 12:09:12.818535
2b4e260e-5a49-4302-aec9-e2d88ee5a378,MLA24000830,BRAND,Marca,27216,Amazon,True,2025-04-03 12:09:12.818553,2025-04-03 12:09:12.818553
470cbc99-3a8c-495b-b959-081c073499d1,MLA24000830,LINE,Línea,18167,MAX,True,2025-04-03 12:09:12.818560,2025-04-03 12:09:12.818560
be7052c0-8cb0-409f-bf64-da460389886d,MLA24000830,MODEL,Modelo,11527506,Fire TV Stick 4K Max,True,2025-04-03 12:09:12.818563,2025-04-03 12:09:12.818563
5f510d31-d0bd-40e3-ad30-b5c2eda62ee0,MLA24000830,GENERATION,Generación,8246074,1.ª generación,True,2025-04-03 12:09:12.818566,2025-04-03 12:09:12.818567
d28a8d86-ed22-4094-abdb-d1f345c643d8,MLA24000830,MANUFACTURER,Fabricante,40907153,Amazon.com Services LLC,True,2025-04-03 12:09:12.818570,2025-04-03 12:09:12.818570
88f3b39d-c3b0-412c-ba94-ea2890b665eb,MLA24000830,WITH_INTEGRATED_VOICE_ASSISTANTS,Con asistentes de voz integrados,242085,Sí,True,2025-04-03 12:09:12.818573,2025-04-03 12:09:12.818573
274cb2ed-b461-47d6-a2ba-2fa759c0eb6c,MLA24000830,INTEGRATED_VOICE_ASSISTANTS,Asistentes de voz integrados,,Alexa,True,2025-04-03 12:09:12.818576,2025-04-03 12:09:12.818576
1266dcbf-e4e6-4de3-834b-2bcc2b2a8129,MLA24000830,AUDIO_QUALITY,Calidad de audio,,Dolby Atmos,True,2025-04-03 12:09:12.818579,2025-04-03 12:09:12.818579
b7590ef9-c013-46d6-b557-f64ff2157350,MLA39033244,BRAND,Marca,40337637,White Shark,True,2025-04-03 12:09:12.818591,2025-04-03 12:09:12.818591
5d5eb2e0-94b6-490f-813d-e6090eff2df9,MLA39033244,LINE,Línea,40365419,X98h,True,2025-04-03 12:09:12.818594,2025-04-03 12:09:12.818594
d067919b-dfef-4ea0-a2d6-824ebbfd377d,MLA39033244,MODEL,Modelo,40365420,98H,True,2025-04-03 12:09:12.818597,2025-04-03 12:09:12.818597
f55c8ae6-2c44-4033-a3da-c3a83130806e,MLA39033244,GENERATION,Generación,8246074,1.ª generación,True,2025-04-03 12:09:12.818600,2025-04-03 12:09:12.818600
a05330ac-4137-4781-8012-363a51a068d3,MLA39033244,ALPHANUMERIC_MODEL,Modelo alfanumérico,40336694,X98,True,2025-04-03 12:09:12.818603,2025-04-03 12:09:12.818603
648906a2-6828-4663-b194-d13a5502efa5,MLA39033244,AUDIO_AND_VIDEO_INTERFACES,Interfaces de audio y video,,HDMI,True,2025-04-03 12:09:12.818606,2025-04-03 12:09:12.818606
515f2168-970b-4196-a64c-898a13ccdfd5,MLA39033244,WITH_INTEGRATED_VOICE_ASSISTANTS,Con asistentes de voz integrados,242084,No,True,2025-04-03 12:09:12.818609,2025-04-03 12:09:12.818610
348707b7-6977-4b70-96cf-ea70d3a3da61,MLA39033244,INTEGRATED_VOICE_ASSISTANTS,Asistentes de voz integrados,,no,True,2025-04-03 12:09:12.818612,2025-04-03 12:09:12.818613
7ac6504c-c10c-414d-9abe-943b4dc84673,MLA39033244,OS_NAME,Nombre del sistema operativo,296858,Android,True,2025-04-03 12:09:12.818616,2025-04-03 12:09:12.818616
544de5d7-dfaa-4e0a-9d15-a5d84a09a126,MLA45067173,BRAND,Marca,168521,Roku,True,2025-04-03 12:09:12.818633,2025-04-03 12:09:12.818633
dbf5df03-3c0b-442f-b9ce-d8db7f2ca216,MLA45067173,MODEL,Modelo,46240437,Roku 4802CA,True,2025-04-03 12:09:12.818637,2025-04-03 12:09:12.818637
cf253e0d-e4a9-497a-924d-914901cda4ae,MLA45067173,GENERATION,Generación,17691527,2021,True,2025-04-03 12:09:12.818641,2025-04-03 12:09:12.818641
26d317ee-e346-4096-8140-197e0e68b9cf,MLA45067173,ALPHANUMERIC_MODEL,Modelo alfanumérico,6422552,4662,True,2025-04-03 12:09:12.818644,2025-04-03 12:09:12.818644
1449500e-bcb5-41c1-bd30-e17babfce926,MLA45067173,DEVICE_FORMAT,Formato del dispositivo,8616495,TV Box,True,2025-04-03 12:09:12.818647,2025-04-03 12:09:12.818647
ffdd7de4-d08e-43b1-8eed-5ad50cd043c0,MLA41070240,BRAND,Marca,11608014,Lirom,True,2025-04-03 12:09:12.818658,2025-04-03 12:09:12.818658
a46720f1-b0bf-45e9-a500-0b1d7b9d794c,MLA41070240,MODEL,Modelo,16984608,TX6,True,2025-04-03 12:09:12.818661,2025-04-03 12:09:12.818661
c8fae987-bfb8-4ea5-8ab0-5d2b72be7f13,MLA41070240,DEVICE_FORMAT,Formato del dispositivo,8616495,TV Box,True,2025-04-03 12:09:12.818664,2025-04-03 12:09:12.818665
50a2721a-38a9-4f6d-b818-3ea745ca4bea,MLA44999222,BRAND,Marca,8784,Huawei,True,2025-04-03 12:09:12.818676,2025-04-03 12:09:12.818676
12c6b539-f738-47d4-aca8-c22482bc3e74,MLA44999222,MODEL,Modelo,44998481,RSE 6500,True,2025-04-03 12:09:12.818679,2025-04-03 12:09:12.818679
fb1ca69d-f608-43c2-9039-76d49d170103,MLA44999222,ALPHANUMERIC_MODEL,Modelo alfanumérico,18533074,6500,True,2025-04-03 12:09:12.818682,2025-04-03 12:09:12.818682
97b20958-abf6-4f44-ab3b-accad5a4b518,MLA44999222,DEVICE_FORMAT,Formato del dispositivo,8616495,TV Box,True,2025-04-03 12:09:12.818685,2025-04-03 12:09:12.818685
4771f29f-5a67-4d53-baec-68fe525d7ba3,MLA46386226,BRAND,Marca,1175465,Proeletronic,True,2025-04-03 12:09:12.818708,2025-04-03 12:09:12.818708
d3efa27e-11fd-47d0-9cb9-86cfa6e1160d,MLA46386226,LINE,Línea,13681574,Pro Stick,True,2025-04-03 12:09:12.818711,2025-04-03 12:09:12.818711
5bf4170d-6653-4100-b057-f8e79bb2b00a,MLA46386226,MODEL,Modelo,47887176,Stick Pro 4K HD,True,2025-04-03 12:09:12.818714,2025-04-03 12:09:12.818715
81a332b8-f971-4a4d-a956-9aed1fcb80e1,MLA46386226,GENERATION,Generación,42813492,1a generación,True,2025-04-03 12:09:12.818717,2025-04-03 12:09:12.818718
84b04eaa-9f23-4d43-86d1-1adeb17db7e9,MLA46386226,ALPHANUMERIC_MODEL,Modelo alfanumérico,47887172,PROSK-1000,True,2025-04-03 12:09:12.818720,2025-04-03 12:09:12.818721
f56a400c-3915-4536-9b46-a18b9a9239d4,MLA46386226,DEVICE_FORMAT,Formato del dispositivo,8616496,Stick,True,2025-04-03 12:09:12.818723,2025-04-03 12:09:12.818724
d72a0e20-f4a1-460f-a59f-76bee3a589c1,MLA46386226,RECOMMENDED_DEVICES,Dispositivos recomendados,,"TV, Televisor, Televisores",True,2025-04-03 12:09:12.818727,2025-04-03 12:09:12.818727
87e9642f-952e-4741-bacb-56823e320eec,MLA46386226,ANATEL_HOMOLOGATION_NUMBER,Homologación Anatel Nº,47990856,100492410390,True,2025-04-03 12:09:12.818730,2025-04-03 12:09:12.818730
69ae6a08-cda5-4db4-bf06-6012339b7a98,MLA46386226,INCLUDES_CELL_BATTERIES,Incluye pilas,242085,Sí,True,2025-04-03 12:09:12.818733,2025-04-03 12:09:12.818733
6f47ad9e-61ac-487d-9088-243c7bc63d28,MLA44112536,BRAND,Marca,28451019,UBISHENG,True,2025-04-03 12:09:12.818745,2025-04-03 12:09:12.818745
52065df6-8619-4a6b-9eb6-776eaca9cb0a,MLA44112536,LINE,Línea,13332328,4k,True,2025-04-03 12:09:12.818748,2025-04-03 12:09:12.818748
589e07e0-31a0-4777-9c18-04b9ed83707b,MLA44112536,MODEL,Modelo,44145043,GD1 4K,True,2025-04-03 12:09:12.818751,2025-04-03 12:09:12.818751
44497f44-9391-48f1-a243-cbf067fa1a25,MLA44112536,GENERATION,Generación,9215081,2°,True,2025-04-03 12:09:12.818754,2025-04-03 12:09:12.818754
423c77ed-b65a-4d19-8255-20851340d13b,MLA44112536,ALPHANUMERIC_MODEL,Modelo alfanumérico,15926702,M9,True,2025-04-03 12:09:12.818757,2025-04-03 12:09:12.818757
d7bfcae8-7d26-4441-aed2-c99cf4ff7f65,MLA44112536,DEVICE_FORMAT,Formato del dispositivo,8616496,Stick,True,2025-04-03 12:09:12.818760,2025-04-03 12:09:12.818760
3aeb0be8-4824-4e64-9094-88581c8730f8,MLA44112536,MAX_VIDEO_RESOLUTION,Resolución máxima de video,169883,4K,True,2025-04-03 12:09:12.818763,2025-04-03 12:09:12.818763
c18b4d31-93d2-4ab6-9e91-1259f8b18df1,MLA44112536,PORTS_AND_CONNECTORS_TYPES,Tipos de puertos y conectores,,HDMI,True,2025-04-03 12:09:12.818767,2025-04-03 12:09:12.818767
95736406-1d39-41d7-abcf-11a84f82dcf7,MLA44112536,MANUFACTURER,Fabricante,28451019,UBISHENG,True,2025-04-03 12:09:12.818770,2025-04-03 12:09:12.818770
3ec1a3d1-5625-4886-89a7-a87d86adceea,MLA44112536,ANATEL_HOMOLOGATION_NUMBER,Homologación Anatel Nº,45828190,130082214191,True,2025-04-03 12:09:12.818773,2025-04-03 12:09:12.818774
ba164f73-1a77-4c49-ac34-225f24dfb922,MLA44112536,WITH_BLUETOOTH,Con Bluetooth,242085,Sí,True,2025-04-03 12:09:12.818776,2025-04-03 12:09:12.818777
aad5e2e9-9a66-478c-869f-b3d198f48c7c,MLA44112536,WITH_WI_FI,Con Wi-Fi,242085,Sí,True,2025-04-03 12:09:12.818779,2025-04-03 12:09:12.818780
310ae476-8fe4-4ee7-b320-b027175ac4c7,MLA44112536,WITH_INTEGRATED_VOICE_ASSISTANTS,Con asistentes de voz integrados,242085,Sí,True,2025-04-03 12:09:12.818783,2025-04-03 12:09:12.818783
f6169cf2-a6bd-45e6-9f1b-99ca7ea4c07f,MLA44112536,INTEGRATED_VOICE_ASSISTANTS,Asistentes de voz integrados,,Google Assistant,True,2025-04-03 12:09:12.818786,2025-04-03 12:09:12.818786
5579c323-c015-4c91-98de-0e3cab754b54,MLA44112536,OS_NAME,Nombre del sistema operativo,296858,Android,True,2025-04-03 12:09:12.818789,2025-04-03 12:09:12.818789
56e51351-c8f5-434b-945d-3c495040ce7d,MLA44999332,BRAND,Marca,25976703,Aquario Box,True,2025-04-03 12:09:12.818801,2025-04-03 12:09:12.818801
dae85e66-141d-46c1-ab3d-8f3690c54164,MLA44999332,MODEL,Modelo,25976705,Smart Android Box,True,2025-04-03 12:09:12.818804,2025-04-03 12:09:12.818804
4c163bc6-b789-4730-aa84-a5d21f20e6b0,MLA44999332,GENERATION,Generación,11281876,2.ª generación,True,2025-04-03 12:09:12.818807,2025-04-03 12:09:12.818807
e668e6a2-58f8-4dfe-8dc9-69b628fba09e,MLA44999332,ALPHANUMERIC_MODEL,Modelo alfanumérico,25976702,Android Box,True,2025-04-03 12:09:12.818810,2025-04-03 12:09:12.818810
3c93dd07-5c34-42b6-a3f7-9c8bb759dc8f,MLA44999332,DEVICE_FORMAT,Formato del dispositivo,8616495,TV Box,True,2025-04-03 12:09:12.818813,2025-04-03 12:09:12.818813
566d765e-6348-413d-93f6-796d93d0d990,MLA46577168,BRAND,Marca,42881978,CHROX,True,2025-04-03 12:09:12.818824,2025-04-03 12:09:12.818825
91d2e625-216d-4d5c-a9de-67aa827ac26e,MLA46577168,MODEL,Modelo,48119599,HK1 Box,True,2025-04-03 12:09:12.818827,2025-04-03 12:09:12.818828
858289e6-235a-4145-9f71-863b669221ba,MLA46577168,COLOR,Color,52049,Negro,True,2025-04-03 12:09:12.818830,2025-04-03 12:09:12.818831
b1750667-60f0-4940-9c39-03a1dda39846,MLA46577168,REMOTE_CONTROL_TYPE,Tipo de control remoto,182134,Estándar,True,2025-04-03 12:09:12.818834,2025-04-03 12:09:12.818834
e2e0a5c0-339a-4b3e-8475-9b43d6940e5b,MLA46577168,DEVICE_FORMAT,Formato del dispositivo,8616495,TV Box,True,2025-04-03 12:09:12.818837,2025-04-03 12:09:12.818837
0ea74db1-0785-45e8-9f88-795c9f3cdc5e,MLA46577168,WITH_WI_FI,Con Wi-Fi,242085,Sí,True,2025-04-03 12:09:12.818840,2025-04-03 12:09:12.818840
9c71ddd5-08c0-4568-850c-93fdd140df1a,MLA26513690,BRAND,Marca,10980182,Kandao,True,2025-04-03 12:09:12.818861,2025-04-03 12:09:12.818861
480baf82-553c-409f-bb4a-defbf3f513ed,MLA26513690,LINE,Línea,23567085,Qoocam,True,2025-04-03 12:09:12.818864,2025-04-03 12:09:12.818864
26a0440a-0af0-44a7-941e-99d30c05e7db,MLA26513690,MODEL,Modelo,19348037,FUN 360,True,2025-04-03 12:09:12.818867,2025-04-03 12:09:12.818867
b3d6d4ba-18c1-413d-8236-dc0349de8060,MLA26513690,ALPHANUMERIC_MODEL,Modelo alfanumérico,23567084,Qoocam fun 360,True,2025-04-03 12:09:12.818870,2025-04-03 12:09:12.818870
8dc4cf3a-5504-4376-a5ce-7c110482e266,MLA36742852,BRAND,Marca,14329329,Mi,True,2025-04-03 12:09:12.818888,2025-04-03 12:09:12.818888
dccd2410-5508-4a75-ac53-743d1adb8159,MLA36742852,LINE,Línea,196,Smart,True,2025-04-03 12:09:12.818891,2025-04-03 12:09:12.818891
f27e0506-12ea-498e-9ec1-c3c9ffeee636,MLA36742852,MODEL,Modelo,36582833,Tv Box Mi Stick Full HD,True,2025-04-03 12:09:12.818894,2025-04-03 12:09:12.818894
121a4192-0172-4aef-a9bc-c9aa4e7f497e,MLA36742852,GENERATION,Generación,25127394,5° Generacion,True,2025-04-03 12:09:12.818897,2025-04-03 12:09:12.818897
14d52796-ca86-474e-bc1e-6f62c2d79435,MLA36742852,ALPHANUMERIC_MODEL,Modelo alfanumérico,36582832,Full HD 2GB,True,2025-04-03 12:09:12.818900,2025-04-03 12:09:12.818900
5529ba8f-9949-4d5d-a1b2-f30714790e58,MLA36742852,DEVICE_FORMAT,Formato del dispositivo,8616496,Stick,True,2025-04-03 12:09:12.818903,2025-04-03 12:09:12.818903
2a9785f3-573c-4126-9dc9-ef88734430bc,MLA22989599,BRAND,Marca,4812724,MiraScreen,True,2025-04-03 12:09:12.818921,2025-04-03 12:09:12.818921
77ff9515-5aa7-4a3e-86c6-e1e936505d54,MLA22989599,MODEL,Modelo,18767742,mismo que Anycast,True,2025-04-03 12:09:12.818924,2025-04-03 12:09:12.818924
c0dfe8ba-555c-41c2-bc55-0fe7570ef561,MLA35543563,BRAND,Marca,578748,Artec,True,2025-04-03 12:09:12.818942,2025-04-03 12:09:12.818942
6f2dd7c0-9359-4248-9d86-b9aab5245fc8,MLA35543563,MODEL,Modelo,36146712,MXqPRO,True,2025-04-03 12:09:12.818945,2025-04-03 12:09:12.818945
c8545d24-d317-4562-b5d4-3e28079d06b6,MLA41915829,BRAND,Marca,43549460,Karolama,True,2025-04-03 12:09:12.818956,2025-04-03 12:09:12.818957
d8d156e6-57b9-4b1a-aee7-7fd28c280b03,MLA41915829,MODEL,Modelo,43503728,OTT TV BOX,True,2025-04-03 12:09:12.818960,2025-04-03 12:09:12.818960
c9809b27-0d81-4c3f-bec9-06634dc52d46,MLA41915829,DEVICE_FORMAT,Formato del dispositivo,8616495,TV Box,True,2025-04-03 12:09:12.818963,2025-04-03 12:09:12.818963
7466839e-bdfe-494e-854a-5457c859f277,MLA46031075,BRAND,Marca,32172391,Cerevo,True,2025-04-03 12:09:12.818976,2025-04-03 12:09:12.818976
b2a53f7a-d5e0-4dc9-8589-2eb3003e0bc4,MLA46031075,MODEL,Modelo,47433186,LiveShell X,True,2025-04-03 12:09:12.818979,2025-04-03 12:09:12.818979
803e046d-97a7-4416-a412-e54bb363cdb4,MLA46031075,DEVICE_FORMAT,Formato del dispositivo,8616495,TV Box,True,2025-04-03 12:09:12.818982,2025-04-03 12:09:12.818982
bddfe47b-86b9-4aa7-bea1-9604d7f0aaad,MLA13877782,BRAND,Marca,59387,Xiaomi,True,2025-04-03 12:09:12.818994,2025-04-03 12:09:12.818994
2ad10d86-4c89-4afd-b901-4231f5ff700c,MLA13877782,MODEL,Modelo,6285420,Mi Box S,True,2025-04-03 12:09:12.818997,2025-04-03 12:09:12.818997
46294aaa-d3dc-4e47-924e-f02d8489cca3,MLA13877782,GENERATION,Generación,8246074,1.ª generación,True,2025-04-03 12:09:12.819000,2025-04-03 12:09:12.819000
43bbce5b-2ac4-4925-816d-9732e84b2004,MLA13877782,ALPHANUMERIC_MODEL,Modelo alfanumérico,9776696,MDZ-22-AB,True,2025-04-03 12:09:12.819003,2025-04-03 12:09:12.819003
9c2a19b1-a2af-423b-bca2-14862167eac9,MLA13877782,DEVICE_FORMAT,Formato del dispositivo,8616495,TV Box,True,2025-04-03 12:09:12.819006,2025-04-03 12:09:12.819007
8a05538b-ba7f-43ec-add1-9db5c71d121d,MLA13877782,MAX_VIDEO_RESOLUTION,Resolución máxima de video,169883,4K,True,2025-04-03 12:09:12.819010,2025-04-03 12:09:12.819010
3801ed15-3230-4ddb-adb0-5865f3632f16,MLA13877782,COMPATIBLE_APPLICATIONS,Aplicaciones compatibles,,"ESPN, Google Play, Google TV, Google Play Music, HBO Now, Netflix, Showtime, Sling TV, Spotify, Starz, Vudu, YouTube, YouTube Kids",True,2025-04-03 12:09:12.819013,2025-04-03 12:09:12.819013
2559b4d0-04d5-41f0-b8e0-ef8616030af1,MLA13877782,RECOMMENDED_DEVICES,Dispositivos recomendados,,"Televisores, Auriculares, Computadoras portátiles, Parlantes, Tablets, Celulares",True,2025-04-03 12:09:12.819016,2025-04-03 12:09:12.819016
f7e13147-6f35-4348-8443-72efc1968d6f,MLA13877782,AUDIO_AND_VIDEO_INTERFACES,Interfaces de audio y video,,"HDMI 2.0a, AV",True,2025-04-03 12:09:12.819019,2025-04-03 12:09:12.819019
db7f6dfc-102e-410c-9fbe-6ee364ae72a1,MLA13877782,PORTS_AND_CONNECTORS_TYPES,Tipos de puertos y conectores,,"DC jack, USB 2.0",True,2025-04-03 12:09:12.819022,2025-04-03 12:09:12.819022
a8249983-0e29-4f20-b81a-0a5ed73a1027,MLA13877782,WITH_BLUETOOTH,Con Bluetooth,242085,Sí,True,2025-04-03 12:09:12.819025,2025-04-03 12:09:12.819025
e41b4dc7-b2a4-4447-93b3-0b1b41a1cd51,MLA13877782,WITH_WI_FI,Con Wi-Fi,242085,Sí,True,2025-04-03 12:09:12.819028,2025-04-03 12:09:12.819028
e91c6e3c-d2d5-4f11-ba14-3d44c010afba,MLA13877782,WITH_INTEGRATED_VOICE_ASSISTANTS,Con asistentes de voz integrados,242085,Sí,True,2025-04-03 12:09:12.819031,2025-04-03 12:09:12.819031
ec76bff7-e39d-48ef-a27b-8c80739015ec,MLA13877782,INTEGRATED_VOICE_ASSISTANTS,Asistentes de voz integrados,,Google Assistant,True,2025-04-03 12:09:12.819034,2025-04-03 12:09:12.819034
8352e24b-7a6c-4667-897c-da0b1900dacc,MLA13877782,INCLUDES_HDMI_CABLE,Incluye cable HDMI,242085,Sí,True,2025-04-03 12:09:12.819037,2025-04-03 12:09:12.819037
a30e6df2-1caa-495c-9a70-1979f848dfc6,MLA13877782,LENGTH,Largo,40359030,9.525 cm,True,2025-04-03 12:09:12.819040,2025-04-03 12:09:12.819040
a8e14773-0edc-48b9-bddc-9d5f5707624a,MLA13877782,WIDTH,Ancho,18953118,9.525 cm,True,2025-04-03 12:09:12.819043,2025-04-03 12:09:12.819043
d6f6f200-5a8d-4985-afbd-b07445091e79,MLA13877782,HEIGHT,Altura,49016398,1.676 cm,True,2025-04-03 12:09:12.819046,2025-04-03 12:09:12.819046
35d0403e-24da-4b49-bba3-d08fced74323,MLA13877782,OS_NAME,Nombre del sistema operativo,7601503,Android TV,True,2025-04-03 12:09:12.819049,2025-04-03 12:09:12.819049
24c7ab0b-956a-46a6-b0cc-4a7b40d8d950,MLA13877782,STREAMING_TECHNOLOGIES,Tecnologías de streaming,,Chromecast,True,2025-04-03 12:09:12.819052,2025-04-03 12:09:12.819052
361eead8-31a0-4f7d-84d6-7741e1c62cde,MLA13877782,AUDIO_QUALITY,Calidad de audio,,"DTS, Dolby Audio",True,2025-04-03 12:09:12.819055,2025-04-03 12:09:12.819055
54077b72-7e15-40d6-b9ec-7aa8f96cd2d4,MLA13877782,LANGUAGE_OPTIONS,Opciones de idioma,,Multilenguaje,True,2025-04-03 12:09:12.819058,2025-04-03 12:09:12.819059
84079dbc-0de0-4066-a7ac-d6d7874d8817,MLA13877782,MIN_OPERATING_SYSTEMS_REQUIRED,Sistemas operativos mínimos requeridos,,Android,True,2025-04-03 12:09:12.819061,2025-04-03 12:09:12.819062
fe657d6e-55a8-4d68-925a-1490491f85bc,MLA13877782,CPU,CPU,,Cortex-A53 Quad-Core,True,2025-04-03 12:09:12.819065,2025-04-03 12:09:12.819065
874d2994-282d-41a1-95c9-c2eae182113a,MLA13877782,GRAPHICS_PROCESSOR,Procesador gráfico,8249292,Mali-450,True,2025-04-03 12:09:12.819068,2025-04-03 12:09:12.819068
0f1441db-f492-4a54-a9db-276f5536a0c6,MLA13877782,WI_FI_STANDARDS,Estándares Wi-Fi,,IEEE 802.11a/b/g/n/ac,True,2025-04-03 12:09:12.819072,2025-04-03 12:09:12.819072
4cde7297-a241-4870-b531-b8e5230679f7,MLA13877782,FREQUENCIES,Frecuencias,,"2.4 GHz, 5 GHz",True,2025-04-03 12:09:12.819075,2025-04-03 12:09:12.819076
d8ca84b6-b970-431f-a2cc-8c86f34ac5ae,MLA24817938,BRAND,Marca,168521,Roku,True,2025-04-03 12:09:12.819094,2025-04-03 12:09:12.819094
079c784e-d0f3-42e1-907f-99388cebe811,MLA24817938,MODEL,Modelo,11447,Express,True,2025-04-03 12:09:12.819097,2025-04-03 12:09:12.819097
b7c915f9-e482-4044-9bdd-23b77acfcd59,MLA24817938,DEVICE_FORMAT,Formato del dispositivo,8616495,TV Box,True,2025-04-03 12:09:12.819100,2025-04-03 12:09:12.819100
71f30ea6-a4db-4110-91e2-b047adc2ee1b,MLA24817938,MANUFACTURER,Fabricante,168521,Roku,True,2025-04-03 12:09:12.819103,2025-04-03 12:09:12.819103
1d352ae9-4d2a-45a4-9f7b-0265b14f0def,MLA24817938,WITH_BLUETOOTH,Con Bluetooth,242084,No,True,2025-04-03 12:09:12.819106,2025-04-03 12:09:12.819106
d3a04b92-9632-4f5a-bb20-a1a62be6e16c,MLA24817938,WITH_INTEGRATED_VOICE_ASSISTANTS,Con asistentes de voz integrados,242084,No,True,2025-04-03 12:09:12.819109,2025-04-03 12:09:12.819109
c77a6578-1d38-44bf-85d8-004c428af33c,MLA24817938,INCLUDES_CELL_BATTERIES,Incluye pilas,242084,No,True,2025-04-03 12:09:12.819112,2025-04-03 12:09:12.819112
727d36cb-4061-4edb-86aa-d28a05bfab4d,MLA24817938,LENGTH,Largo,20017141,7.62 cm,True,2025-04-03 12:09:12.819115,2025-04-03 12:09:12.819115
864c1972-1f8e-4486-b521-b6aa7bebd359,MLA24817938,WIDTH,Ancho,13762690,3.81 cm,True,2025-04-03 12:09:12.819118,2025-04-03 12:09:12.819118
a5d70c37-6741-4913-a3ef-6732600cd8b5,MLA24817938,HEIGHT,Altura,48688831,1.905 cm,True,2025-04-03 12:09:12.819121,2025-04-03 12:09:12.819121
0a283763-9c28-4bf7-acc6-4295916c3357,MLA24817938,WEIGHT,Peso,16369113,31 g,True,2025-04-03 12:09:12.819124,2025-04-03 12:09:12.819125
8195154e-48a1-4312-935d-eccc7cbf512f,MLA24817938,STREAMING_TECHNOLOGIES,Tecnologías de streaming,,"Miracast, AirPlay",True,2025-04-03 12:09:12.819127,2025-04-03 12:09:12.819128
fff5d91b-a2ba-4894-adec-d98d475fa99e,MLA24817938,AUDIO_QUALITY,Calidad de audio,,"DTS, Dolby Audio",True,2025-04-03 12:09:12.819131,2025-04-03 12:09:12.819131
387bbbfe-2375-43f3-af44-91519fccb097,MLA24817938,CPU,CPU,,"Cortex-A53, Cpu de 1.7 ghz con cuatro núcleos",True,2025-04-03 12:09:12.819134,2025-04-03 12:09:12.819134
4d1f9ede-daad-4973-a07d-41c3eaaac8f7,MLA24817938,GRAPHICS_PROCESSOR,Procesador gráfico,9129451,IMG GE8300,True,2025-04-03 12:09:12.819137,2025-04-03 12:09:12.819137
042e4b06-93c7-49fe-9102-c83ae46c0183,MLA24817938,WI_FI_STANDARDS,Estándares Wi-Fi,,IEEE 802.11b/g/n,True,2025-04-03 12:09:12.819140,2025-04-03 12:09:12.819140
4c99ef37-523f-4060-9664-6416189b1c6e,MLA24817938,FREQUENCIES,Frecuencias,,2.4 GHz,True,2025-04-03 12:09:12.819143,2025-04-03 12:09:12.819143
209919f1-563d-4d1f-bf77-cf35f3cb238a,MLA24817938,DEVICE_OPERATING_VOLTAGE,Voltaje de funcionamiento,8631470,5 V,True,2025-04-03 12:09:12.819146,2025-04-03 12:09:12.819146
703dab9e-a839-4689-8633-d5557fbc1a1c,MLA44611551,BRAND,Marca,45583401,MDTV,True,2025-04-03 12:09:12.819165,2025-04-03 12:09:12.819165
cd219e06-5c80-429d-8f54-593a9d60df60,MLA44611551,LINE,Línea,14865961,5g,True,2025-04-03 12:09:12.819168,2025-04-03 12:09:12.819168
b320ecda-5305-425a-9386-39b6ad2bf492,MLA44611551,MODEL,Modelo,45583406,3840X22160,True,2025-04-03 12:09:12.819171,2025-04-03 12:09:12.819171
ace57703-9e53-463b-afe4-256465e00ce3,MLA44611551,GENERATION,Generación,18802042,Tvbox,True,2025-04-03 12:09:12.819174,2025-04-03 12:09:12.819174
8cb9ec71-849c-471e-9c09-cda9182b2060,MLA44611551,DEVICE_FORMAT,Formato del dispositivo,8616495,TV Box,True,2025-04-03 12:09:12.819177,2025-04-03 12:09:12.819177
b60eb94e-8148-40fc-8806-27d7bced5af2,MLA44611551,MAX_VIDEO_RESOLUTION,Resolución máxima de video,169883,4K,True,2025-04-03 12:09:12.819180,2025-04-03 12:09:12.819180
07a671bd-dece-4113-94bc-83871d9ec045,MLA44611551,COMPATIBLE_APPLICATIONS,Aplicaciones compatibles,,"Netflix, YouTube",True,2025-04-03 12:09:12.819183,2025-04-03 12:09:12.819183
fe411a33-5c5c-44e2-b60c-43f79a98ead9,MLA44611551,RECOMMENDED_DEVICES,Dispositivos recomendados,,Proyectores,True,2025-04-03 12:09:12.819186,2025-04-03 12:09:12.819187
4b30cf2e-3058-4b19-a542-b64241464f77,MLA44611551,AUDIO_AND_VIDEO_INTERFACES,Interfaces de audio y video,,HDMI,True,2025-04-03 12:09:12.819189,2025-04-03 12:09:12.819190
50eb4b07-1e50-4a00-9a3e-711cffd91199,MLA44611551,PORTS_AND_CONNECTORS_TYPES,Tipos de puertos y conectores,,Ethernet,True,2025-04-03 12:09:12.819192,2025-04-03 12:09:12.819193
2b3a79f1-2d2f-4787-8e7d-acd6e67ecf61,MLA44611551,WITH_BLUETOOTH,Con Bluetooth,242084,No,True,2025-04-03 12:09:12.819196,2025-04-03 12:09:12.819196
4b387879-7ac9-4406-90d2-84f36289c594,MLA44611551,WITH_WI_FI,Con Wi-Fi,242085,Sí,True,2025-04-03 12:09:12.819199,2025-04-03 12:09:12.819199
0787beb4-ce6e-45c2-bf88-ca77bd07a1e0,MLA44611551,WITH_INTEGRATED_VOICE_ASSISTANTS,Con asistentes de voz integrados,242084,No,True,2025-04-03 12:09:12.819202,2025-04-03 12:09:12.819202
7a9dc2e8-8129-4d6a-a703-35459737b81f,MLA44611551,INCLUDES_HDMI_CABLE,Incluye cable HDMI,242085,Sí,True,2025-04-03 12:09:12.819205,2025-04-03 12:09:12.819205
9ec0ad2c-b6c6-45c4-9ac9-d43a1b1336b8,MLA44611551,INCLUDES_CELL_BATTERIES,Incluye pilas,242084,No,True,2025-04-03 12:09:12.819208,2025-04-03 12:09:12.819208
a703321c-5924-4719-8725-dbdbefa27a7e,MLA44611551,WIDTH,Ancho,8183459,3 cm,True,2025-04-03 12:09:12.819211,2025-04-03 12:09:12.819211
bd0bd31c-954c-4236-824d-cd02c112b356,MLA44611551,HEIGHT,Altura,7891817,3 cm,True,2025-04-03 12:09:12.819214,2025-04-03 12:09:12.819214
4207ec43-55c5-4201-8211-d73cb82790f1,MLA44611551,WEIGHT,Peso,16547099,147 g,True,2025-04-03 12:09:12.819217,2025-04-03 12:09:12.819217
0e561514-3426-4d6d-8e27-94350448394e,MLA44611551,OS_NAME,Nombre del sistema operativo,296858,Android,True,2025-04-03 12:09:12.819220,2025-04-03 12:09:12.819220
e97c03c5-3296-4532-acfa-8c7161c84e1e,MLA41082380,BRAND,Marca,42885516,Ugoos,True,2025-04-03 12:09:12.819232,2025-04-03 12:09:12.819232
39116712-2889-4675-8f0a-77354891de6c,MLA41082380,MODEL,Modelo,42889260,X4Q Pro,True,2025-04-03 12:09:12.819235,2025-04-03 12:09:12.819235
f563fb21-1821-4934-b67d-2ed39653261b,MLA41082380,DEVICE_FORMAT,Formato del dispositivo,8616495,TV Box,True,2025-04-03 12:09:12.819238,2025-04-03 12:09:12.819238
363f0e93-1aa3-4841-9feb-f3ab72e04039,MLA38462012,BRAND,Marca,11166712,Luo,True,2025-04-03 12:09:12.819250,2025-04-03 12:09:12.819250
afe8cc88-99e2-4592-85db-05b73a7a2d33,MLA38462012,LINE,Línea,11616396,Tv Box,True,2025-04-03 12:09:12.819253,2025-04-03 12:09:12.819253
37e5aa29-9f34-40b6-9227-a4d487819742,MLA38462012,MODEL,Modelo,39640867,Lu Pro,True,2025-04-03 12:09:12.819256,2025-04-03 12:09:12.819256
aa37b21b-d0db-46c9-b03f-dafa733951f3,MLA38462012,COLOR,Color,52049,Negro,True,2025-04-03 12:09:12.819259,2025-04-03 12:09:12.819260
e08126a2-0cd7-4d13-a0f9-efac3057a4c0,MLA38462012,STORAGE_CAPACITY,Capacidad de almacenamiento,49456,128 GB,True,2025-04-03 12:09:12.819262,2025-04-03 12:09:12.819263
3d7484e5-f1f3-41a5-8bde-ef4bb7ecc02d,MLA38462012,RAM_MEMORY,Memoria RAM,579564,8 GB,True,2025-04-03 12:09:12.819265,2025-04-03 12:09:12.819266
f5c6d48f-9d0b-4550-9e0b-d1fd9b604aef,MLA38462012,MAIN_COLOR,Color principal,2450295,Negro,True,2025-04-03 12:09:12.819268,2025-04-03 12:09:12.819269
a6c472f4-6803-4c6d-80df-1398bdcca672,MLA38462012,DEVICE_FORMAT,Formato del dispositivo,8616495,TV Box,True,2025-04-03 12:09:12.819271,2025-04-03 12:09:12.819272
549d7a0d-8fc0-4553-9f46-f8c4f6bb1a84,MLA38462012,MAX_VIDEO_RESOLUTION,Resolución máxima de video,169883,4K,True,2025-04-03 12:09:12.819275,2025-04-03 12:09:12.819275
c03003fe-e00c-468a-a790-63a43ab94f6e,MLA38462012,COMPATIBLE_APPLICATIONS,Aplicaciones compatibles,,"Disney+, Netflix, Amazon Prime Video, Paramount+",True,2025-04-03 12:09:12.819278,2025-04-03 12:09:12.819278
7f9d438f-5c75-440c-8351-e1d18ec3fe36,MLA38462012,AUDIO_AND_VIDEO_INTERFACES,Interfaces de audio y video,,HDMI,True,2025-04-03 12:09:12.819281,2025-04-03 12:09:12.819281
887eaede-2f40-4b69-9733-a88399c4ded6,MLA38462012,PORTS_AND_CONNECTORS_TYPES,Tipos de puertos y conectores,,HDMI,True,2025-04-03 12:09:12.819285,2025-04-03 12:09:12.819285
8cd7a92c-172d-47e3-b6cd-d3b93ebc210e,MLA38462012,WITH_BLUETOOTH,Con Bluetooth,242085,Sí,True,2025-04-03 12:09:12.819288,2025-04-03 12:09:12.819288
61266373-b5f7-4551-ab2f-597e842ef979,MLA38462012,WITH_WI_FI,Con Wi-Fi,242085,Sí,True,2025-04-03 12:09:12.819291,2025-04-03 12:09:12.819291
4eb0efaf-b717-4abe-a67a-8c784025c9e0,MLA38462012,WITH_INTEGRATED_VOICE_ASSISTANTS,Con asistentes de voz integrados,242084,No,True,2025-04-03 12:09:12.819294,2025-04-03 12:09:12.819294
e70e9245-f040-4076-81be-311d94d8d94d,MLA38462012,INCLUDES_HDMI_CABLE,Incluye cable HDMI,242085,Sí,True,2025-04-03 12:09:12.819297,2025-04-03 12:09:12.819297
2ae0be8f-0ec0-4040-ad63-834505022cb0,MLA38462012,INCLUDES_CELL_BATTERIES,Incluye pilas,242084,No,True,2025-04-03 12:09:12.819300,2025-04-03 12:09:12.819300
3f142cfd-46e2-4e41-b441-d90197977955,MLA38462012,LENGTH,Largo,7816567,12 cm,True,2025-04-03 12:09:12.819303,2025-04-03 12:09:12.819303
e845642f-3340-4775-927e-7dd59f069d92,MLA38462012,WIDTH,Ancho,7784596,12 cm,True,2025-04-03 12:09:12.819306,2025-04-03 12:09:12.819306
7c1d7dc0-4328-452c-9b2c-97200947a1a0,MLA38462012,HEIGHT,Altura,7842445,4 cm,True,2025-04-03 12:09:12.819309,2025-04-03 12:09:12.819309
c423fd2a-1169-47f7-8b1d-e561045fc88d,MLA38462012,WEIGHT,Peso,13223770,300 g,True,2025-04-03 12:09:12.819312,2025-04-03 12:09:12.819312
25dd6217-1e0e-4bea-b972-8d75a2b376d7,MLA38462012,OS_NAME,Nombre del sistema operativo,296858,Android,True,2025-04-03 12:09:12.819315,2025-04-03 12:09:12.819316
367f34f5-0b3d-4eb9-8512-58fa24faf42e,MLA38462012,GRAPHICS_PROCESSOR,Procesador gráfico,14883129,ARM Mali-450,True,2025-04-03 12:09:12.819318,2025-04-03 12:09:12.819319
ca9c4f56-adb6-44ee-bf8f-e22e45d4de12,MLA38462012,WI_FI_STANDARDS,Estándares Wi-Fi,,2.4GHz,True,2025-04-03 12:09:12.819321,2025-04-03 12:09:12.819322
59838b7d-1704-425c-a102-9ef8693430e6,MLA45002221,BRAND,Marca,46184100,Smart-INOVA-Pro,True,2025-04-03 12:09:12.819345,2025-04-03 12:09:12.819346
47d6234b-45e1-4c6c-a608-501d82110490,MLA45002221,LINE,Línea,196,Smart,True,2025-04-03 12:09:12.819349,2025-04-03 12:09:12.819349
3347e867-9b29-44d1-a70e-82b480184412,MLA45002221,MODEL,Modelo,46184101,SMART-PLUS+,True,2025-04-03 12:09:12.819352,2025-04-03 12:09:12.819352
5d8d110e-6295-49d8-826d-77a89cb3eb42,MLA45002221,GENERATION,Generación,11281876,2.ª generación,True,2025-04-03 12:09:12.819355,2025-04-03 12:09:12.819355
7563ba86-5e60-404a-911f-67f1472cb1ec,MLA45002221,ALPHANUMERIC_MODEL,Modelo alfanumérico,46184099,STV-2000,True,2025-04-03 12:09:12.819359,2025-04-03 12:09:12.819359
719fab32-b812-4e64-997d-cd2ea72861e8,MLA45002221,DEVICE_FORMAT,Formato del dispositivo,8616495,TV Box,True,2025-04-03 12:09:12.819362,2025-04-03 12:09:12.819362
f0f9331f-323b-4ff3-8abf-e4275cc4b9df,MLA45002221,ANATEL_HOMOLOGATION_NUMBER,Homologación Anatel Nº,40785498,17731802250,True,2025-04-03 12:09:12.819365,2025-04-03 12:09:12.819365
6eed0977-38ce-4e84-8f6c-a537373301ee,MLA44180062,BRAND,Marca,44145796,Voutar,True,2025-04-03 12:09:12.819377,2025-04-03 12:09:12.819377
2ff7a344-5d75-43cc-a6ee-bb80a7779952,MLA44180062,MODEL,Modelo,44145798,QD04,True,2025-04-03 12:09:12.819380,2025-04-03 12:09:12.819380
d8458c02-779a-4492-ae76-8fcf4221b28a,MLA44180062,GENERATION,Generación,25127394,5° Generacion,True,2025-04-03 12:09:12.819383,2025-04-03 12:09:12.819384
57bfeb9d-3412-4215-b581-fd83572e25f8,MLA44180062,ALPHANUMERIC_MODEL,Modelo alfanumérico,36582832,Full HD 2GB,True,2025-04-03 12:09:12.819386,2025-04-03 12:09:12.819387
eda214eb-e29a-4dac-8e6e-df0a2afb8dfa,MLA44180062,DEVICE_FORMAT,Formato del dispositivo,8616496,Stick,True,2025-04-03 12:09:12.819389,2025-04-03 12:09:12.819390
884e2353-c609-4cfb-b8cc-8574598d0138,MLA44180062,MAX_VIDEO_RESOLUTION,Resolución máxima de video,169883,4K,True,2025-04-03 12:09:12.819392,2025-04-03 12:09:12.819393
4adc3f62-8e59-45de-a830-17823599ef3c,MLA18475448,BRAND,Marca,2230762,Mecool,True,2025-04-03 12:09:12.819410,2025-04-03 12:09:12.819410
af241dfd-678d-4a9d-972e-3309d8b9e32b,MLA18475448,MODEL,Modelo,11133436,KD1,True,2025-04-03 12:09:12.819413,2025-04-03 12:09:12.819413
8c4621b3-9b7f-48c5-94f8-8867520fdf5f,MLA18475448,DEVICE_FORMAT,Formato del dispositivo,8616496,Stick,True,2025-04-03 12:09:12.819416,2025-04-03 12:09:12.819416
77e4ca4e-47a8-4610-bcb3-7f268f5df480,MLA18475448,MAX_VIDEO_RESOLUTION,Resolución máxima de video,169883,4K,True,2025-04-03 12:09:12.819419,2025-04-03 12:09:12.819419
b33283a8-8e76-4e62-ba44-201960392da5,MLA18475448,COMPATIBLE_APPLICATIONS,Aplicaciones compatibles,,"YouTube, Google Play, Amazon Prime Video",True,2025-04-03 12:09:12.819422,2025-04-03 12:09:12.819422
70c6d911-3602-4a54-8ea7-f4618b00594c,MLA18475448,RECOMMENDED_DEVICES,Dispositivos recomendados,,Televisores,True,2025-04-03 12:09:12.819425,2025-04-03 12:09:12.819425
2afdafe1-7fed-4f7d-9ab3-ce382be9d79d,MLA18475448,AUDIO_AND_VIDEO_INTERFACES,Interfaces de audio y video,,HDMI,True,2025-04-03 12:09:12.819428,2025-04-03 12:09:12.819429
af9c4e0a-6858-4d38-8ccf-06a28d5349a3,MLA18475448,PORTS_AND_CONNECTORS_TYPES,Tipos de puertos y conectores,,USB,True,2025-04-03 12:09:12.819431,2025-04-03 12:09:12.819432
bca9cefc-4ce1-420d-b5b7-fbfc8b046c86,MLA18475448,WITH_BLUETOOTH,Con Bluetooth,242085,Sí,True,2025-04-03 12:09:12.819434,2025-04-03 12:09:12.819435
42d6e171-9982-440d-9bcf-da6320e16e80,MLA18475448,WITH_WI_FI,Con Wi-Fi,242085,Sí,True,2025-04-03 12:09:12.819438,2025-04-03 12:09:12.819438
541f0f9b-1ebc-40dc-972f-7bdd8c1ebf99,MLA18475448,OS_NAME,Nombre del sistema operativo,9777312,Android 10.0,True,2025-04-03 12:09:12.819441,2025-04-03 12:09:12.819441
9668fae8-d107-4c38-ab8f-3654132292f1,MLA18475448,CPU,CPU,,Amlogic S905Y2 Quad-Core Cortex-A53,True,2025-04-03 12:09:12.819444,2025-04-03 12:09:12.819444
a35fd0e0-81d1-4fbc-8f47-19ae53beb96e,MLA18475448,GRAPHICS_PROCESSOR,Procesador gráfico,7569896,Mali-G31 MP2,True,2025-04-03 12:09:12.819447,2025-04-03 12:09:12.819447
ff11540f-3b69-4e04-aae4-b3f04de097a8,MLA18475448,WI_FI_STANDARDS,Estándares Wi-Fi,,IEEE 802.11b/g/n/ac,True,2025-04-03 12:09:12.819450,2025-04-03 12:09:12.819450
08a7e801-71c6-4032-a504-3d7b88be8987,MLA18475448,FREQUENCIES,Frecuencias,,"2.4 GHz, 5 GHz",True,2025-04-03 12:09:12.819453,2025-04-03 12:09:12.819453
32c78631-866d-429b-8d57-53a2bd7a3c52,MLA18475448,DEVICE_OPERATING_VOLTAGE,Voltaje de funcionamiento,8631470,5 V,True,2025-04-03 12:09:12.819456,2025-04-03 12:09:12.819456
68bcacf7-beed-4c37-8c55-8181acfd7c26,MLA43956238,BRAND,Marca,22510075,Ottocast,True,2025-04-03 12:09:12.819468,2025-04-03 12:09:12.819468
e74f0835-fdb0-431f-9f41-10397ac7fefc,MLA43956238,LINE,Línea,884,Premium,True,2025-04-03 12:09:12.819471,2025-04-03 12:09:12.819471
37e8ea6a-f442-4728-a83d-eae06738bb66,MLA43956238,MODEL,Modelo,77642,i3,True,2025-04-03 12:09:12.819474,2025-04-03 12:09:12.819474
0f79d8f1-476a-42eb-a196-1ad274b9c5ef,MLA43956238,DEVICE_FORMAT,Formato del dispositivo,8616495,TV Box,True,2025-04-03 12:09:12.819477,2025-04-03 12:09:12.819477
0da51331-bd07-4d29-81b9-58d83f61b9e2,MLA43956238,WITH_BLUETOOTH,Con Bluetooth,242085,Sí,True,2025-04-03 12:09:12.819483,2025-04-03 12:09:12.819483
66fb4a75-6f76-4ecc-8e32-da8812e6b531,MLA43956238,WITH_WI_FI,Con Wi-Fi,242085,Sí,True,2025-04-03 12:09:12.819486,2025-04-03 12:09:12.819487
61e43357-b51c-403e-bb87-0684bbbcb0da,MLA43956238,WITH_INTEGRATED_VOICE_ASSISTANTS,Con asistentes de voz integrados,242085,Sí,True,2025-04-03 12:09:12.819490,2025-04-03 12:09:12.819490
45f4b53a-04f8-43ce-8108-1696120c8396,MLA21186738,BRAND,Marca,9344,Apple,True,2025-04-03 12:09:12.819507,2025-04-03 12:09:12.819507
83b1999b-8667-4319-9208-cfbe4366240c,MLA21186738,MODEL,Modelo,15774016,4º e 5º Geração,True,2025-04-03 12:09:12.819510,2025-04-03 12:09:12.819510
014b695e-a884-4d61-b854-fa73dcf3a295,MLA21186738,GENERATION,Generación,15774015,4ta Generación,True,2025-04-03 12:09:12.819513,2025-04-03 12:09:12.819514
d0aacf46-979a-47f1-ab39-56ff61dcb5f6,MLA36390807,BRAND,Marca,22453667,Dingsun,True,2025-04-03 12:09:12.819525,2025-04-03 12:09:12.819525
3ae95635-1113-4735-a4a6-0ff5c4aea0bf,MLA36390807,LINE,Línea,37107804,CH5004,True,2025-04-03 12:09:12.819528,2025-04-03 12:09:12.819528
a581e6ce-9b07-4f29-8dcb-bd77da122188,MLA36390807,MODEL,Modelo,37107805,D-102,True,2025-04-03 12:09:12.819531,2025-04-03 12:09:12.819531
ef8c277e-419f-40f3-b4dc-47f9e7882f46,MLA36390807,ALPHANUMERIC_MODEL,Modelo alfanumérico,34338935,BP-TV106,True,2025-04-03 12:09:12.819534,2025-04-03 12:09:12.819534
4333bdcd-e09f-44ec-9e08-6a5ad02a29f9,MLA22618658,BRAND,Marca,18241217,hevec,True,2025-04-03 12:09:12.819551,2025-04-03 12:09:12.819551
b2d9aea7-8c14-4edc-890f-1a5f443c484b,MLA22618658,LINE,Línea,27287034,Ultra HD 4K,True,2025-04-03 12:09:12.819554,2025-04-03 12:09:12.819555
2acce861-8539-4031-b0f3-239e16ae57fc,MLA22618658,MODEL,Modelo,39176801,TV Box 4K Actualizado,True,2025-04-03 12:09:12.819557,2025-04-03 12:09:12.819558
e2b577fa-7740-4288-b141-86cba13e6c45,MLA22618658,ALPHANUMERIC_MODEL,Modelo alfanumérico,18241216,Android 5GHz e 2.4GHZ,True,2025-04-03 12:09:12.819561,2025-04-03 12:09:12.819561
f2cf9d49-78af-43fc-9795-4d080691c41a,MLA22618658,COLOR,Color,52049,Negro,True,2025-04-03 12:09:12.819564,2025-04-03 12:09:12.819564
64156412-480c-4e97-aa8b-e7121c18d4d6,MLA22618658,STORAGE_CAPACITY,Capacidad de almacenamiento,18621,32 GB,True,2025-04-03 12:09:12.819567,2025-04-03 12:09:12.819567
c15a6bef-f461-42aa-9a20-fa147f043d68,MLA22618658,RAM_MEMORY,Memoria RAM,9548554,512 GB,True,2025-04-03 12:09:12.819570,2025-04-03 12:09:12.819570
72e34350-a9a7-49ee-9d1d-c4ff0e71624d,MLA22618658,REMOTE_CONTROL_TYPE,Tipo de control remoto,182134,Estándar,True,2025-04-03 12:09:12.819574,2025-04-03 12:09:12.819574
522da6d7-5a9d-48fb-a60f-669ec73d822b,MLA22618658,DEVICE_FORMAT,Formato del dispositivo,8616495,TV Box,True,2025-04-03 12:09:12.819577,2025-04-03 12:09:12.819577
1ee55c5c-f5be-420c-8205-44d298b58e0a,MLA22618658,RECOMMENDED_DEVICES,Dispositivos recomendados,,Televisores,True,2025-04-03 12:09:12.819580,2025-04-03 12:09:12.819580
c2d6b284-4ade-4b66-9174-0d1643013dd2,MLA22618658,WITH_WI_FI,Con Wi-Fi,242085,Sí,True,2025-04-03 12:09:12.819583,2025-04-03 12:09:12.819583
d4835594-b29c-4e93-a66e-20ee148c44e2,MLA22618658,INCLUDES_HDMI_CABLE,Incluye cable HDMI,242085,Sí,True,2025-04-03 12:09:12.819586,2025-04-03 12:09:12.819586
05eb2710-7c8f-4176-b5b1-f66847b4a6b4,MLA22618658,OS_NAME,Nombre del sistema operativo,296858,Android,True,2025-04-03 12:09:12.819589,2025-04-03 12:09:12.819589
21ea0c30-5c92-4aed-94cf-3faecc38a522,MLA22618658,CPU,CPU,,Arm cortex-a7 quad-core,True,2025-04-03 12:09:12.819592,2025-04-03 12:09:12.819592
6c6d2b08-9850-46a6-9d94-dd4444c6b4b3,MLA22618658,GRAPHICS_PROCESSOR,Procesador gráfico,17082009,ARM Mali-400 MP,True,2025-04-03 12:09:12.819595,2025-04-03 12:09:12.819596
9fef7109-ddbf-467c-af3b-89ad0d14ddee,MLA22618658,DEVICE_OPERATING_VOLTAGE,Voltaje de funcionamiento,8631470,5 V,True,2025-04-03 12:09:12.819598,2025-04-03 12:09:12.819599
73e0ffa1-5a58-452f-add1-4f1f361b4059,MLA46119738,BRAND,Marca,11415786,ColmeTecno,True,2025-04-03 12:09:12.819622,2025-04-03 12:09:12.819622
5ae38213-44c3-49e2-9168-244ad5d77b2a,MLA46119738,MODEL,Modelo,9727718,TV Box 4K Pro,True,2025-04-03 12:09:12.819625,2025-04-03 12:09:12.819625
49c6736f-765d-40bf-b5c4-537133189b42,MLA46119738,ALPHANUMERIC_MODEL,Modelo alfanumérico,47554367,1GB,True,2025-04-03 12:09:12.819628,2025-04-03 12:09:12.819628
a85491a3-98d2-4f82-ac7d-20c2d1526734,MLA46119738,DEVICE_FORMAT,Formato del dispositivo,8616495,TV Box,True,2025-04-03 12:09:12.819631,2025-04-03 12:09:12.819631
f62364be-b36c-4416-8b6c-cc8746540e4c,MLA35587177,BRAND,Marca,45099,Aquário,True,2025-04-03 12:09:12.819649,2025-04-03 12:09:12.819649
0901b48c-833a-4b04-9724-b3831b4e881a,MLA35587177,LINE,Línea,46347987,PLUS 4K,True,2025-04-03 12:09:12.819652,2025-04-03 12:09:12.819652
03554c11-69fe-484f-b07f-2002c9183895,MLA35587177,MODEL,Modelo,36172042,STV-3000 Plus,True,2025-04-03 12:09:12.819655,2025-04-03 12:09:12.819655
132c3e04-23e7-4c45-9d0b-6cd322294493,MLA35587177,GENERATION,Generación,36172041,4k,True,2025-04-03 12:09:12.819658,2025-04-03 12:09:12.819658
5f26caa9-4fa9-4b22-ace8-3a4bfa61358e,MLA35587177,ALPHANUMERIC_MODEL,Modelo alfanumérico,36288959,STV-3000,True,2025-04-03 12:09:12.819661,2025-04-03 12:09:12.819661
73a96930-7331-42ea-8d48-7e49de63f587,MLA35587177,DEVICE_FORMAT,Formato del dispositivo,8616495,TV Box,True,2025-04-03 12:09:12.819664,2025-04-03 12:09:12.819664
941e7f7d-ac92-4c18-b688-b4124909504a,MLA35587177,MAX_VIDEO_RESOLUTION,Resolución máxima de video,169883,4K,True,2025-04-03 12:09:12.819667,2025-04-03 12:09:12.819668
78c72e2e-2f68-4232-89f9-239958c8e57c,MLA35587177,COMPATIBLE_APPLICATIONS,Aplicaciones compatibles,,Netflix - YouTube - Disney - Globoplay - Pluto tv - Amazon Prime y otros,True,2025-04-03 12:09:12.819670,2025-04-03 12:09:12.819671
de16e9ba-674a-477b-b4a8-471ca1bff39f,MLA35587177,RECOMMENDED_DEVICES,Dispositivos recomendados,,Televisores,True,2025-04-03 12:09:12.819674,2025-04-03 12:09:12.819674
7d6087f9-39f4-4cfc-9847-aa1ce936bfc5,MLA35587177,AUDIO_AND_VIDEO_INTERFACES,Interfaces de audio y video,,8gb Ethernet HDMI RAM Micro SD 4k STV-3000 Streaming Tv box USB Wi-Fi,True,2025-04-03 12:09:12.819677,2025-04-03 12:09:12.819677
eb0d7467-8163-4b30-a7db-cfbec433ae25,MLA35587177,ANATEL_HOMOLOGATION_NUMBER,Homologación Anatel Nº,40365765,73492302250,True,2025-04-03 12:09:12.819680,2025-04-03 12:09:12.819680
9ac2e610-f002-4468-816d-d2a0e281cca8,MLA35587177,WITH_BLUETOOTH,Con Bluetooth,242084,No,True,2025-04-03 12:09:12.819683,2025-04-03 12:09:12.819683
1a82b9d1-441e-4077-bd07-af35e0e5c000,MLA35587177,WITH_WI_FI,Con Wi-Fi,242085,Sí,True,2025-04-03 12:09:12.819686,2025-04-03 12:09:12.819686
d66c9500-0246-42d9-adba-ecc5ed1aae41,MLA35587177,INCLUDES_HDMI_CABLE,Incluye cable HDMI,242085,Sí,True,2025-04-03 12:09:12.819689,2025-04-03 12:09:12.819689
6413b8d0-2314-46c7-9baa-f6ea82b9386f,MLA35587177,LENGTH,Largo,7816454,10 cm,True,2025-04-03 12:09:12.819692,2025-04-03 12:09:12.819692
d58592fd-261e-4acc-bdc0-25c96e4e866e,MLA35587177,WIDTH,Ancho,5795659,10 cm,True,2025-04-03 12:09:12.819696,2025-04-03 12:09:12.819696
cc0c236b-d647-4cf2-9c60-f2f74c3608d5,MLA35587177,HEIGHT,Altura,7891537,2 cm,True,2025-04-03 12:09:12.819699,2025-04-03 12:09:12.819699
4e7e1400-1501-4306-b478-e448548d6d91,MLA35587177,WEIGHT,Peso,22509771,242 g,True,2025-04-03 12:09:12.819702,2025-04-03 12:09:12.819703
2219baa9-2382-4c26-beb7-8ef3a8e7f5e9,MLA35587177,OS_NAME,Nombre del sistema operativo,36814248,Android 11,True,2025-04-03 12:09:12.819705,2025-04-03 12:09:12.819706
ab9637c8-f01a-4592-b5c7-ea8b457577ea,MLA35587177,STREAMING_TECHNOLOGIES,Tecnologías de streaming,,não se aplica,True,2025-04-03 12:09:12.819708,2025-04-03 12:09:12.819709
b8b2b2a1-da97-4448-8675-53683ece4c8b,MLA35587177,LANGUAGE_OPTIONS,Opciones de idioma,,portugués inglés español,True,2025-04-03 12:09:12.819712,2025-04-03 12:09:12.819712
7e23402d-fe85-4629-86c3-2161357ef4db,MLA35587177,MIN_OPERATING_SYSTEMS_REQUIRED,Sistemas operativos mínimos requeridos,,Android,True,2025-04-03 12:09:12.819715,2025-04-03 12:09:12.819715
c37ad474-ba86-4f54-aca6-e271b6012416,MLA35587177,CPU,CPU,,Amlogic S905W Quad-Core,True,2025-04-03 12:09:12.819718,2025-04-03 12:09:12.819718
d512ca23-4ba2-41a2-b9da-640d97cd5bd3,MLA35587177,GRAPHICS_PROCESSOR,Procesador gráfico,36288982,S905W2 AMLOGIC com 4 núcleos de 1800MHz,True,2025-04-03 12:09:12.819721,2025-04-03 12:09:12.819721
61fa83c5-f3bc-45a7-85eb-8e94e4d1c85f,MLA35587177,WI_FI_STANDARDS,Estándares Wi-Fi,,"2.4GHz, 5Ghz",True,2025-04-03 12:09:12.819724,2025-04-03 12:09:12.819724
1e525809-4d69-4f9a-b4cc-cd689082b3c8,MLA35587177,FREQUENCIES,Frecuencias,,wifi 2g e 5g,True,2025-04-03 12:09:12.819727,2025-04-03 12:09:12.819727
eb8c0af4-57b6-47be-a263-5902995ac374,MLA35587177,DEVICE_OPERATING_VOLTAGE,Voltaje de funcionamiento,8631470,5 V,True,2025-04-03 12:09:12.819730,2025-04-03 12:09:12.819730
813e5328-3d27-43ae-bd8f-74629ec2b40d,MLA44038361,BRAND,Marca,45099,Aquário,True,2025-04-03 12:09:12.819748,2025-04-03 12:09:12.819748
4aeadfae-f038-4a8f-a9f4-a72b3861d09e,MLA44038361,LINE,Línea,44668209,Tudo Liberado Vitalicio,True,2025-04-03 12:09:12.819751,2025-04-03 12:09:12.819751
f959d476-1f1a-4596-a0b7-74eaf823ff0f,MLA44038361,MODEL,Modelo,37186,Smart,True,2025-04-03 12:09:12.819754,2025-04-03 12:09:12.819755
76d7867c-0401-426f-ae30-7eb42a53f5c9,MLA44038361,GENERATION,Generación,45017754,4ª generación 2024,True,2025-04-03 12:09:12.819757,2025-04-03 12:09:12.819758
ad8b7451-1502-4025-9923-5c86683833e8,MLA44038361,ALPHANUMERIC_MODEL,Modelo alfanumérico,44668207,UniTV Xplus S1 V3 V10,True,2025-04-03 12:09:12.819761,2025-04-03 12:09:12.819761
00a1fd3b-80b2-4e5b-96ae-368e3ebe828a,MLA44038361,DEVICE_FORMAT,Formato del dispositivo,8616495,TV Box,True,2025-04-03 12:09:12.819764,2025-04-03 12:09:12.819764
63ad2061-41ce-42d8-ae7d-9a01bd210d87,MLA44038361,MAX_VIDEO_RESOLUTION,Resolución máxima de video,169883,4K,True,2025-04-03 12:09:12.819767,2025-04-03 12:09:12.819767
5f76cd29-32c4-4733-8999-63fe6e21d9ba,MLA44038361,COMPATIBLE_APPLICATIONS,Aplicaciones compatibles,,YouTube,True,2025-04-03 12:09:12.819771,2025-04-03 12:09:12.819771
67cf740c-8150-4e7b-a61f-8ebb7789ae82,MLA44038361,RECOMMENDED_DEVICES,Dispositivos recomendados,,TV,True,2025-04-03 12:09:12.819774,2025-04-03 12:09:12.819774
a60b8490-62b0-474a-8de3-5c7102af1b79,MLA44038361,AUDIO_AND_VIDEO_INTERFACES,Interfaces de audio y video,,HDMI,True,2025-04-03 12:09:12.819777,2025-04-03 12:09:12.819777
99d5869a-2fb0-442e-a3d1-a7c8f698a294,MLA44038361,PORTS_AND_CONNECTORS_TYPES,Tipos de puertos y conectores,,USB-C,True,2025-04-03 12:09:12.819780,2025-04-03 12:09:12.819780
02215d1c-e495-4f10-b2a5-ffaadbe194d9,MLA44038361,MANUFACTURER,Fabricante,2786862,Gold,True,2025-04-03 12:09:12.819783,2025-04-03 12:09:12.819784
55557d7e-1796-4e1d-8acf-7d011e3e201d,MLA44038361,WITH_BLUETOOTH,Con Bluetooth,242084,No,True,2025-04-03 12:09:12.819787,2025-04-03 12:09:12.819787
c95c83a6-4703-4c78-90a9-1ad6c7efccae,MLA44038361,WITH_WI_FI,Con Wi-Fi,242085,Sí,True,2025-04-03 12:09:12.819790,2025-04-03 12:09:12.819790
f30b0bfd-dcea-4d29-85cf-3c8cb37c06a8,MLA44038361,WITH_INTEGRATED_VOICE_ASSISTANTS,Con asistentes de voz integrados,242084,No,True,2025-04-03 12:09:12.819793,2025-04-03 12:09:12.819793
3a33ef51-6077-4965-835e-14effa28009d,MLA44038361,INCLUDES_HDMI_CABLE,Incluye cable HDMI,242085,Sí,True,2025-04-03 12:09:12.819796,2025-04-03 12:09:12.819796
35ffa5bc-c2f3-4690-a617-57212035ceb2,MLA44038361,INCLUDES_CELL_BATTERIES,Incluye pilas,242085,Sí,True,2025-04-03 12:09:12.819799,2025-04-03 12:09:12.819799
79ba16d1-c726-4922-824b-8ca66f4cddb4,MLA44038361,LENGTH,Largo,7816567,12 cm,True,2025-04-03 12:09:12.819802,2025-04-03 12:09:12.819802
037a9a3d-b93f-4afd-b689-9f82f5506346,MLA44038361,WIDTH,Ancho,7784596,12 cm,True,2025-04-03 12:09:12.819805,2025-04-03 12:09:12.819805
7f43ffa3-ca8a-4ddc-b0e0-40ebfdbdbe1d,MLA44038361,HEIGHT,Altura,7891817,3 cm,True,2025-04-03 12:09:12.819808,2025-04-03 12:09:12.819808
c44edb2e-a1b3-431f-b015-a2a3558a676e,MLA44038361,WEIGHT,Peso,14410270,200 g,True,2025-04-03 12:09:12.819811,2025-04-03 12:09:12.819811
4b575b89-2382-4121-b37c-dd3b737c7a78,MLA44038361,OS_NAME,Nombre del sistema operativo,45017756,Android 14,True,2025-04-03 12:09:12.819814,2025-04-03 12:09:12.819814
fe8167a1-277b-401b-9167-b1be049076be,MLA43896318,BRAND,Marca,44998199,Aquário E Outras,True,2025-04-03 12:09:12.819826,2025-04-03 12:09:12.819826
214212bc-e536-43dc-8c27-72ce1866fe4d,MLA43896318,MODEL,Modelo,8869529,TV Box,True,2025-04-03 12:09:12.819829,2025-04-03 12:09:12.819829
58cdd65c-ea18-470a-b50f-fb928f646a00,MLA43896318,GENERATION,Generación,36172041,4k,True,2025-04-03 12:09:12.819832,2025-04-03 12:09:12.819832
906f71e5-5169-428a-9d24-5ea4cf04210e,MLA43896318,ALPHANUMERIC_MODEL,Modelo alfanumérico,44543210,047821811567,True,2025-04-03 12:09:12.819835,2025-04-03 12:09:12.819835
92a8c332-8d89-46a7-9da4-5383a177e7f8,MLA43896318,DEVICE_FORMAT,Formato del dispositivo,8616495,TV Box,True,2025-04-03 12:09:12.819838,2025-04-03 12:09:12.819838
6907cb79-d376-4a4a-a02c-1c38d872e8e3,MLA28972674,BRAND,Marca,21467009,Wanlian,True,2025-04-03 12:09:12.819850,2025-04-03 12:09:12.819850
42c9f8ef-e1ff-4cbb-8788-9f5496a4527e,MLA28972674,MODEL,Modelo,34546,1,True,2025-04-03 12:09:12.819853,2025-04-03 12:09:12.819853
5cc42ee3-5d61-46e5-a4b7-9cbf55a83877,MLA28972674,GENERATION,Generación,8246074,1.ª generación,True,2025-04-03 12:09:12.819856,2025-04-03 12:09:12.819856
6535ff1c-45f1-450b-87dd-1739fa11a419,MLA28972674,ALPHANUMERIC_MODEL,Modelo alfanumérico,13359285,C,True,2025-04-03 12:09:12.819859,2025-04-03 12:09:12.819860
582d6cad-a071-4fe8-b112-7b67ef466c32,MLA28972674,RECOMMENDED_DEVICES,Dispositivos recomendados,,Televisores,True,2025-04-03 12:09:12.819862,2025-04-03 12:09:12.819863
dc934d98-f15e-4283-9a32-a04c5ec9b32c,MLA28972674,PORTS_AND_CONNECTORS_TYPES,Tipos de puertos y conectores,,Micro-USB,True,2025-04-03 12:09:12.819865,2025-04-03 12:09:12.819866
e116c2d2-3120-4346-8838-8a20d76ec919,MLA28972674,MANUFACTURER,Fabricante,59387,Xiaomi,True,2025-04-03 12:09:12.819868,2025-04-03 12:09:12.819869
81069565-5368-4956-beff-8fdcf8ea4beb,MLA28972674,WITH_BLUETOOTH,Con Bluetooth,242085,Sí,True,2025-04-03 12:09:12.819871,2025-04-03 12:09:12.819872
a77dd9c3-6c26-42a6-9650-ba96da5d1c7f,MLA28972674,WITH_WI_FI,Con Wi-Fi,242085,Sí,True,2025-04-03 12:09:12.819876,2025-04-03 12:09:12.819876
48b88092-99d2-46e3-a987-a8049f316f02,MLA28972674,WITH_INTEGRATED_VOICE_ASSISTANTS,Con asistentes de voz integrados,242085,Sí,True,2025-04-03 12:09:12.819879,2025-04-03 12:09:12.819879
b8828629-bd42-46a6-b9a4-3bbbab40d72d,MLA28972674,INTEGRATED_VOICE_ASSISTANTS,Asistentes de voz integrados,,Alexa,True,2025-04-03 12:09:12.819882,2025-04-03 12:09:12.819882
b8ffffb9-5280-45ac-8eba-e9f02fef272f,MLA28972674,INCLUDES_HDMI_CABLE,Incluye cable HDMI,242085,Sí,True,2025-04-03 12:09:12.819885,2025-04-03 12:09:12.819885
ae025431-3cf9-466e-9c98-af8ca94b4fa0,MLA28972674,INCLUDES_CELL_BATTERIES,Incluye pilas,242084,No,True,2025-04-03 12:09:12.819888,2025-04-03 12:09:12.819888
b6749516-87ed-4e30-a1df-368636db0742,MLA28972674,LENGTH,Largo,17566636,10.9 cm,True,2025-04-03 12:09:12.819891,2025-04-03 12:09:12.819891
4d2318bb-af60-4d10-8b26-655eb25cee41,MLA28972674,WIDTH,Ancho,17360415,1.3 cm,True,2025-04-03 12:09:12.819894,2025-04-03 12:09:12.819894
2ac5a186-03f5-4ee5-bb8e-022a36c6b577,MLA28972674,HEIGHT,Altura,7891817,3 cm,True,2025-04-03 12:09:12.819897,2025-04-03 12:09:12.819897
20198582-9694-45e8-8a93-ca73624fd1b7,MLA28972674,WEIGHT,Peso,16366463,48 g,True,2025-04-03 12:09:12.819900,2025-04-03 12:09:12.819900
5292f265-6f56-457c-867a-c64ef316c09d,MLA28972674,OS_NAME,Nombre del sistema operativo,355775,Fire OS,True,2025-04-03 12:09:12.819903,2025-04-03 12:09:12.819904
a3e41469-fc64-4f42-93e6-6adfc741f4b4,MLA28972674,STREAMING_TECHNOLOGIES,Tecnologías de streaming,,Miracast,True,2025-04-03 12:09:12.819906,2025-04-03 12:09:12.819907
0fcf047f-7a75-4950-8f79-aac520a503d0,MLA28972674,LANGUAGE_OPTIONS,Opciones de idioma,,Español,True,2025-04-03 12:09:12.819910,2025-04-03 12:09:12.819910
3ac68e8a-c968-40ec-aa4b-f370f005c4e3,MLA28972674,CPU,CPU,,MediaTek MT8696 Quad-Core,True,2025-04-03 12:09:12.819913,2025-04-03 12:09:12.819913
c4614402-bade-4e6f-b731-6d3926e2083e,MLA28972674,GRAPHICS_PROCESSOR,Procesador gráfico,16913326,MediaTek MT8696 quad-core,True,2025-04-03 12:09:12.819916,2025-04-03 12:09:12.819916
d8a5e23a-c7a9-4266-b9cc-4f2fda2270e3,MLA28972674,WI_FI_STANDARDS,Estándares Wi-Fi,,IEEE 802.11ax,True,2025-04-03 12:09:12.819919,2025-04-03 12:09:12.819919
6c8d4464-a03b-4c41-8421-673364d20f45,MLA28972674,FREQUENCIES,Frecuencias,,"2.4 GHz, 5 GHz",True,2025-04-03 12:09:12.819922,2025-04-03 12:09:12.819922
35dda78d-c07a-4007-9c8a-9c5b19ad44b9,MLA28972674,DEVICE_OPERATING_VOLTAGE,Voltaje de funcionamiento,8631470,5 V,True,2025-04-03 12:09:12.819925,2025-04-03 12:09:12.819925
124ec69f-8be0-4f8f-916e-d7bc910ff839,MLA10931841,BRAND,Marca,1074223,Blackpcs,True,2025-04-03 12:09:12.819944,2025-04-03 12:09:12.819944
a57bb10d-f0bc-42c3-a9ec-3cf2fa9fff22,MLA10931841,MODEL,Modelo,47642,Black,True,2025-04-03 12:09:12.819947,2025-04-03 12:09:12.819947
211e3866-514f-45e3-afb1-13c2cf5e83b6,MLA10931841,ALPHANUMERIC_MODEL,Modelo alfanumérico,7359063,EO104K-BL,True,2025-04-03 12:09:12.819950,2025-04-03 12:09:12.819950
892b97e5-6844-4093-940c-90bc18dfcec3,MLA10931841,DEVICE_FORMAT,Formato del dispositivo,8616495,TV Box,True,2025-04-03 12:09:12.819953,2025-04-03 12:09:12.819953
7e9065a1-e88e-4c13-8023-9254de168d4f,MLA10931841,MAX_VIDEO_RESOLUTION,Resolución máxima de video,169883,4K,True,2025-04-03 12:09:12.819956,2025-04-03 12:09:12.819956
1da035b2-d411-4e40-a49a-3a8a5a6ab198,MLA10931841,COMPATIBLE_APPLICATIONS,Aplicaciones compatibles,,YouTube,True,2025-04-03 12:09:12.819959,2025-04-03 12:09:12.819959
f4da3e8d-225b-486a-9b7d-54e6834439c2,MLA10931841,RECOMMENDED_DEVICES,Dispositivos recomendados,,"Televisores, Monitores, Impresoras Wi-Fi, Memorias USB, Gamepads, Mouses, Teclados",True,2025-04-03 12:09:12.819962,2025-04-03 12:09:12.819962
ba7727db-d83f-4c83-b9c8-a2a89f5f6129,MLA10931841,AUDIO_AND_VIDEO_INTERFACES,Interfaces de audio y video,,"HDMI, AV, S/PDIF coaxial",True,2025-04-03 12:09:12.819965,2025-04-03 12:09:12.819965
b225b61a-4780-41c1-bd1b-ce12e6918d0c,MLA10931841,PORTS_AND_CONNECTORS_TYPES,Tipos de puertos y conectores,,"DC jack, Ethernet, USB-A, Tarjeta SD",True,2025-04-03 12:09:12.819970,2025-04-03 12:09:12.819970
4127a105-850a-432f-b403-6d2abbc9dfe4,MLA10931841,WITH_WI_FI,Con Wi-Fi,242085,Sí,True,2025-04-03 12:09:12.819973,2025-04-03 12:09:12.819973
f72bcdfe-3c78-4340-a717-dc938f1098b4,MLA10931841,LENGTH,Largo,7816567,12 cm,True,2025-04-03 12:09:12.819976,2025-04-03 12:09:12.819976
0dc55419-d1ae-4a42-b405-91000173ea84,MLA10931841,WIDTH,Ancho,7784596,12 cm,True,2025-04-03 12:09:12.819979,2025-04-03 12:09:12.819979
8a7c72b6-ba15-4b7b-8632-10d047075d6d,MLA10931841,HEIGHT,Altura,7891817,3 cm,True,2025-04-03 12:09:12.819982,2025-04-03 12:09:12.819982
053a3225-d4ee-43c4-bbb7-41af18cfe6ab,MLA10931841,OS_NAME,Nombre del sistema operativo,7601527,Android 7.1,True,2025-04-03 12:09:12.819985,2025-04-03 12:09:12.819985
611d73f1-a898-492d-8255-b904ea08b0b7,MLA10931841,CPU,CPU,,Quad-Core,True,2025-04-03 12:09:12.819988,2025-04-03 12:09:12.819988
2631f8f5-7044-4d9e-b74c-697d61cbb501,MLA32042452,BRAND,Marca,51236,Ledstar,True,2025-04-03 12:09:12.820003,2025-04-03 12:09:12.820003
21425e33-915c-472e-a374-0c3b9c4e744f,MLA32042452,MODEL,Modelo,31772977,DT-001,True,2025-04-03 12:09:12.820006,2025-04-03 12:09:12.820006
464fb232-a17f-47c8-8cd5-71868db16f2f,MLA32042452,ALPHANUMERIC_MODEL,Modelo alfanumérico,31772976,DT-001,True,2025-04-03 12:09:12.820009,2025-04-03 12:09:12.820009
9eccc6e6-3722-459c-82fb-e08028c0b8c9,MLA32042452,DEVICE_FORMAT,Formato del dispositivo,8616496,Stick,True,2025-04-03 12:09:12.820012,2025-04-03 12:09:12.820012
2fabf869-717e-4f60-ae71-6c32a7e7be62,MLA32042452,RECOMMENDED_DEVICES,Dispositivos recomendados,,Televisores con HDMI,True,2025-04-03 12:09:12.820015,2025-04-03 12:09:12.820016
7ce1e144-d2bc-4a2f-8ee3-ffd04a0dc7bb,MLA32042452,WITH_INTEGRATED_VOICE_ASSISTANTS,Con asistentes de voz integrados,242084,No,True,2025-04-03 12:09:12.820018,2025-04-03 12:09:12.820019
61ce31c1-7731-4c69-ba02-8e549fdd9212,MLA24576412,BRAND,Marca,410974,Gadnic,True,2025-04-03 12:09:12.820030,2025-04-03 12:09:12.820030
2322a2c5-6ecd-4b7b-92ea-5a2c897a190c,MLA24576412,LINE,Línea,11616396,Tv Box,True,2025-04-03 12:09:12.820033,2025-04-03 12:09:12.820033
10c833fc-cc06-4825-ad7d-7173aaf17bd1,MLA24576412,MODEL,Modelo,5339375,TX-1000,True,2025-04-03 12:09:12.820036,2025-04-03 12:09:12.820036
dca34ce3-0b93-4da3-be4e-dc981ddb48b2,MLA24576412,ALPHANUMERIC_MODEL,Modelo alfanumérico,20939971,28CT,True,2025-04-03 12:09:12.820039,2025-04-03 12:09:12.820040
77b2d1ad-2276-4f13-824d-cac35bf0c762,MLA24576412,DEVICE_FORMAT,Formato del dispositivo,8616495,TV Box,True,2025-04-03 12:09:12.820042,2025-04-03 12:09:12.820043
49f312e0-1ca0-4e94-b62a-01b431035d94,MLA24576412,INCLUDES_HDMI_CABLE,Incluye cable HDMI,242085,Sí,True,2025-04-03 12:09:12.820045,2025-04-03 12:09:12.820046
d33a1a0e-007a-4984-85d6-c45a08aee0b8,MLA24576412,INCLUDES_CELL_BATTERIES,Incluye pilas,242084,No,True,2025-04-03 12:09:12.820049,2025-04-03 12:09:12.820049
8c5a2e7f-3b66-4a95-8e90-c43754280ca3,MLA40796830,BRAND,Marca,38483540,Lihuzmd,True,2025-04-03 12:09:12.820068,2025-04-03 12:09:12.820068
35c39be2-f7b9-45bc-b3fc-f5b37882ec85,MLA40796830,MODEL,Modelo,42636574,5G Ultra HD,True,2025-04-03 12:09:12.820071,2025-04-03 12:09:12.820071
879e9ff6-3435-40c2-9be7-7515c7be4ab2,MLA40796830,DEVICE_FORMAT,Formato del dispositivo,8616495,TV Box,True,2025-04-03 12:09:12.820075,2025-04-03 12:09:12.820075
a4cb2b61-1d93-4a7d-ae92-1a27d1a0d3c6,MLA44525203,BRAND,Marca,45653501,MX10,True,2025-04-03 12:09:12.820099,2025-04-03 12:09:12.820099
72f9a892-da81-4837-9c2d-48835008df1f,MLA44525203,LINE,Línea,45653504,4k ATV,True,2025-04-03 12:09:12.820103,2025-04-03 12:09:12.820103
f88e3d2f-7630-4605-ae59-b4a84452a10b,MLA44525203,MODEL,Modelo,59624,F3,True,2025-04-03 12:09:12.820107,2025-04-03 12:09:12.820107
2cc4adfc-b609-4cd8-acb7-e65f5d22dd71,MLA44525203,GENERATION,Generación,44154332,2024,True,2025-04-03 12:09:12.820110,2025-04-03 12:09:12.820110
fef893d9-0e6f-40dc-a94a-7e36d203aed6,MLA44525203,ALPHANUMERIC_MODEL,Modelo alfanumérico,45653498,ARM H313,True,2025-04-03 12:09:12.820114,2025-04-03 12:09:12.820114
5dd5e4cb-ff6f-4d13-9e0b-bb5ff2f49330,MLA44525203,DEVICE_FORMAT,Formato del dispositivo,8616496,Stick,True,2025-04-03 12:09:12.820117,2025-04-03 12:09:12.820117
7ee54fce-dd5f-48ab-9957-22ff3453b3a9,MLA20554738,BRAND,Marca,13813670,MX,True,2025-04-03 12:09:12.820130,2025-04-03 12:09:12.820130
6b1ee7f5-0e54-49d7-9a44-ab052bc24912,MLA20554738,MODEL,Modelo,98614,MX,True,2025-04-03 12:09:12.820134,2025-04-03 12:09:12.820134
72855da4-7c4c-4bfa-8a5c-225316b97374,MLA20554738,ALPHANUMERIC_MODEL,Modelo alfanumérico,14773626,"4k, BRAND",True,2025-04-03 12:09:12.820137,2025-04-03 12:09:12.820137
72d34db1-4e0c-4d4c-ae70-a78a0eef45ca,MLA17848458,BRAND,Marca,6834057,Xion,True,2025-04-03 12:09:12.820156,2025-04-03 12:09:12.820157
7bdd9c1f-945a-4407-894d-6292d9ad39ad,MLA17848458,MODEL,Modelo,10319656,XI-ATV4-32PRO,True,2025-04-03 12:09:12.820164,2025-04-03 12:09:12.820164
4ff84c6c-bfd8-4e04-9b5c-cccf738046f0,MLA17848458,DEVICE_FORMAT,Formato del dispositivo,8616495,TV Box,True,2025-04-03 12:09:12.820168,2025-04-03 12:09:12.820168
bcc47210-b2c0-4131-a148-87d9c5c53943,MLA17848458,MAX_VIDEO_RESOLUTION,Resolución máxima de video,169883,4K,True,2025-04-03 12:09:12.820171,2025-04-03 12:09:12.820172
13b5eeaa-760b-4168-9cec-24d4fbb7793e,MLA17848458,RECOMMENDED_DEVICES,Dispositivos recomendados,,Televisores,True,2025-04-03 12:09:12.820175,2025-04-03 12:09:12.820175
4b074d7d-23f1-41cc-affc-d9323453aba6,MLA17848458,AUDIO_AND_VIDEO_INTERFACES,Interfaces de audio y video,,HDMI,True,2025-04-03 12:09:12.820178,2025-04-03 12:09:12.820179
46f4c7d0-b4e9-4161-a575-ac7d686c5cce,MLA17848458,PORTS_AND_CONNECTORS_TYPES,Tipos de puertos y conectores,,"USB-A, Ethernet, Micro-SD",True,2025-04-03 12:09:12.820182,2025-04-03 12:09:12.820182
5dfa3ebf-bd8c-49ca-86d8-e8d77085f3f8,MLA17848458,WITH_WI_FI,Con Wi-Fi,242085,Sí,True,2025-04-03 12:09:12.820185,2025-04-03 12:09:12.820185
4b02eec4-4caf-444c-9ff8-4501aa3f683b,MLA17848458,OS_NAME,Nombre del sistema operativo,7818380,Android 9.0,True,2025-04-03 12:09:12.820189,2025-04-03 12:09:12.820189
d1ce579f-9c47-4ad6-9d75-d0d16a9537cd,MLA17848458,LANGUAGE_OPTIONS,Opciones de idioma,,Multilenguaje,True,2025-04-03 12:09:12.820192,2025-04-03 12:09:12.820192
59262d44-5930-4040-9f7c-aee3cb8f07eb,MLA17848458,CPU,CPU,,Cortex-A53 Quad-Core,True,2025-04-03 12:09:12.820196,2025-04-03 12:09:12.820196
6670f1ab-3934-431f-a00f-a65eea31d217,MLA17848458,GRAPHICS_PROCESSOR,Procesador gráfico,8249292,Mali-450,True,2025-04-03 12:09:12.820199,2025-04-03 12:09:12.820199
aa241690-a03d-4d83-9a83-02fb0fc6ce18,MLA17848458,WI_FI_STANDARDS,Estándares Wi-Fi,,IEEE 802.11a/b/g/n,True,2025-04-03 12:09:12.820203,2025-04-03 12:09:12.820203
355ef708-e995-4422-852c-8be927cc3dce,MLA17848458,FREQUENCIES,Frecuencias,,"2.4 GHz, 5 GHz",True,2025-04-03 12:09:12.820206,2025-04-03 12:09:12.820206
2f97f904-2f6f-4bbf-98bd-639465bc8826,MLA21141906,BRAND,Marca,9344,Apple,True,2025-04-03 12:09:12.820225,2025-04-03 12:09:12.820226
c999885b-a978-4777-9e12-3486aa49c0a8,MLA21141906,MODEL,Modelo,15774016,4º e 5º Geração,True,2025-04-03 12:09:12.820229,2025-04-03 12:09:12.820229
d1aaf3c3-2153-486d-8634-b393f1755fb2,MLA21141906,GENERATION,Generación,15774015,4ta Generación,True,2025-04-03 12:09:12.820232,2025-04-03 12:09:12.820233
2efd485b-946b-4a31-b958-0f8e5f4b0aea,MLA19845597,BRAND,Marca,5270608,Directv,True,2025-04-03 12:09:12.820253,2025-04-03 12:09:12.820253
c29bbc42-ef72-4ec9-a0ea-b9afa1a68e49,MLA19845597,MODEL,Modelo,13625802,Directv Go Box 4k,True,2025-04-03 12:09:12.820256,2025-04-03 12:09:12.820256
56910c82-cbe9-4f00-b69f-9049a326a802,MLA19845597,ALPHANUMERIC_MODEL,Modelo alfanumérico,13625801,OTT-01,True,2025-04-03 12:09:12.820260,2025-04-03 12:09:12.820260
5db1ef56-c00b-4178-94e6-5aadbcafd09f,MLA19845597,DEVICE_FORMAT,Formato del dispositivo,8616495,TV Box,True,2025-04-03 12:09:12.820263,2025-04-03 12:09:12.820263
2a143ee3-8b4e-4c0c-8093-56ec0095a0e7,MLA19845597,WITH_WI_FI,Con Wi-Fi,242085,Sí,True,2025-04-03 12:09:12.820266,2025-04-03 12:09:12.820267
46f27ba8-adc2-485a-8e19-84a7dfc78a62,MLA44250964,BRAND,Marca,260751,Inova,True,2025-04-03 12:09:12.820279,2025-04-03 12:09:12.820280
e492e62d-ba58-44bd-a06e-14709dfa124b,MLA44250964,MODEL,Modelo,242473,Inova,True,2025-04-03 12:09:12.820283,2025-04-03 12:09:12.820283
8a8fb4d1-2871-461b-a299-13f429d9b447,MLA44250964,GENERATION,Generación,11281876,2.ª generación,True,2025-04-03 12:09:12.820286,2025-04-03 12:09:12.820287
e1dfd6dc-8fcf-4159-a430-7328ae4053b2,MLA44250964,ALPHANUMERIC_MODEL,Modelo alfanumérico,44546444,6200,True,2025-04-03 12:09:12.820290,2025-04-03 12:09:12.820290
30ee1129-b2a3-457b-a35e-240f314c3b5e,MLA44250964,DEVICE_FORMAT,Formato del dispositivo,8616495,TV Box,True,2025-04-03 12:09:12.820293,2025-04-03 12:09:12.820293
e9c987d4-5651-4c92-9ef7-105b4b59bdc3,MLA44250964,MAX_VIDEO_RESOLUTION,Resolución máxima de video,169883,4K,True,2025-04-03 12:09:12.820297,2025-04-03 12:09:12.820297
b6b439da-ce29-47f7-98d4-d8cfe3a44ebd,MLA44250964,AUDIO_AND_VIDEO_INTERFACES,Interfaces de audio y video,,"AV, HDMI, USB",True,2025-04-03 12:09:12.820300,2025-04-03 12:09:12.820300
c3b0e7c1-be2e-4d42-9838-931d40d1b0b9,MLA44250964,ANATEL_HOMOLOGATION_NUMBER,Homologación Anatel Nº,40572329,132302012654,True,2025-04-03 12:09:12.820303,2025-04-03 12:09:12.820304
bd3e39e1-12c3-42f7-bb0c-e7bed97cdd38,MLA44250964,WITH_INTEGRATED_VOICE_ASSISTANTS,Con asistentes de voz integrados,242084,No,True,2025-04-03 12:09:12.820307,2025-04-03 12:09:12.820307
84e05935-8718-4e26-8022-9c626a16a2b2,MLA41750696,BRAND,Marca,43426351,Pustuep,True,2025-04-03 12:09:12.820320,2025-04-03 12:09:12.820320
494abe75-de8a-4041-9896-9313f320576e,MLA41750696,MODEL,Modelo,43426353,Dispositivo de Streaming,True,2025-04-03 12:09:12.820324,2025-04-03 12:09:12.820324
ef461e19-9785-4525-be6c-91ecaa27a32b,MLA41750696,DEVICE_FORMAT,Formato del dispositivo,9234856,Pendant Box,True,2025-04-03 12:09:12.820331,2025-04-03 12:09:12.820331
ca1e53d1-09ec-4fef-b4aa-e1408e11c413,MLA22832978,BRAND,Marca,145705,Rock,True,2025-04-03 12:09:12.820351,2025-04-03 12:09:12.820351
55866671-5328-4d02-804b-c5e70b800e59,MLA22832978,LINE,Línea,18546984,Rock Cast,True,2025-04-03 12:09:12.820360,2025-04-03 12:09:12.820361
ab308809-6d11-443c-83fd-eeac79da5dbb,MLA22832978,MODEL,Modelo,18546985,Display dongle,True,2025-04-03 12:09:12.820364,2025-04-03 12:09:12.820364
607f7120-95b3-4e28-8754-c6a8bc3fd2c9,MLA44251062,BRAND,Marca,45321531,Box tv,True,2025-04-03 12:09:12.820378,2025-04-03 12:09:12.820378
3e328c20-9821-41c4-9150-a25dc8ddf5b4,MLA44251062,LINE,Línea,14865961,5g,True,2025-04-03 12:09:12.820382,2025-04-03 12:09:12.820382
9fd8a09e-1bb9-4002-9687-e979331116ed,MLA44251062,MODEL,Modelo,19063947,AndroidTV,True,2025-04-03 12:09:12.820386,2025-04-03 12:09:12.820386
dbc770d4-0e6e-4260-ad12-8aa3ca6efcc2,MLA44251062,GENERATION,Generación,43885912,5ª generación,True,2025-04-03 12:09:12.820389,2025-04-03 12:09:12.820390
183856af-3c5b-4d02-a673-add2d2fd72be,MLA44251062,DEVICE_FORMAT,Formato del dispositivo,8616495,TV Box,True,2025-04-03 12:09:12.820393,2025-04-03 12:09:12.820393
0337d67e-448f-4867-86bc-712795913fce,MLA44251062,MAX_VIDEO_RESOLUTION,Resolución máxima de video,169883,4K,True,2025-04-03 12:09:12.820397,2025-04-03 12:09:12.820397
e3f4d3d2-ca4a-42c0-b2af-6d90852a2ac5,MLA44251062,AUDIO_AND_VIDEO_INTERFACES,Interfaces de audio y video,,HDMI,True,2025-04-03 12:09:12.820401,2025-04-03 12:09:12.820401
874a737a-d93b-4016-92b8-51f16ac02768,MLA44251062,WITH_WI_FI,Con Wi-Fi,242085,Sí,True,2025-04-03 12:09:12.820405,2025-04-03 12:09:12.820405
7060792e-15cc-4b85-a5da-e1aaf6e8e3f5,MLA44251062,WITH_INTEGRATED_VOICE_ASSISTANTS,Con asistentes de voz integrados,242084,No,True,2025-04-03 12:09:12.820408,2025-04-03 12:09:12.820408
ca5c82af-f564-412d-a46a-b39aba22a304,MLA44251062,INCLUDES_HDMI_CABLE,Incluye cable HDMI,242085,Sí,True,2025-04-03 12:09:12.820413,2025-04-03 12:09:12.820413
24e916cd-9705-4703-a2ed-445dbdef5aa0,MLA44251062,LENGTH,Largo,7175979,15 cm,True,2025-04-03 12:09:12.820417,2025-04-03 12:09:12.820417
9d08ecb0-95a2-4ea7-9309-1ebd8ee110d2,MLA44251062,WIDTH,Ancho,5795665,16 cm,True,2025-04-03 12:09:12.820420,2025-04-03 12:09:12.820420
b9987d0a-20b2-4abe-bf00-31929163402c,MLA44251062,HEIGHT,Altura,7567048,9 cm,True,2025-04-03 12:09:12.820424,2025-04-03 12:09:12.820424
b0f8b54a-ce05-4316-8605-2c911daefa8f,MLA44251062,WEIGHT,Peso,45321533,0.367 g,True,2025-04-03 12:09:12.820427,2025-04-03 12:09:12.820427
dd40c3a7-0102-4a3a-a7ec-637346aed9d7,MLA44251062,OS_NAME,Nombre del sistema operativo,17859603,Android 12.1,True,2025-04-03 12:09:12.820431,2025-04-03 12:09:12.820431
ba2378cc-4d99-419d-9f65-f0058df6779e,MLA23069364,BRAND,Marca,27216,Amazon,True,2025-04-03 12:09:12.820450,2025-04-03 12:09:12.820450
86ff9018-4949-448e-b832-b1885787d699,MLA23069364,MODEL,Modelo,6616542,Fire TV Stick 4K,True,2025-04-03 12:09:12.820454,2025-04-03 12:09:12.820454
ab9cc96f-7e2c-44d2-b835-e05e70927f4d,MLA23069364,GENERATION,Generación,11281876,2.ª generación,True,2025-04-03 12:09:12.820457,2025-04-03 12:09:12.820457
1740c465-39fc-4cb0-985d-2ba3a2e43be4,MLA23069364,COLOR,Color,52049,Negro,True,2025-04-03 12:09:12.820460,2025-04-03 12:09:12.820461
20a8f8f1-d8a5-4221-bb4c-134c21c2b0db,MLA23069364,STORAGE_CAPACITY,Capacidad de almacenamiento,18646,8 GB,True,2025-04-03 12:09:12.820464,2025-04-03 12:09:12.820464
4670894c-2c08-4808-bd9f-86545f2a34a9,MLA23069364,RAM_MEMORY,Memoria RAM,445970,2 GB,True,2025-04-03 12:09:12.820467,2025-04-03 12:09:12.820468
b699142f-5e37-4c2b-b98a-1246048c25b3,MLA23069364,REMOTE_CONTROL_TYPE,Tipo de control remoto,17535337,De voz,True,2025-04-03 12:09:12.820471,2025-04-03 12:09:12.820471
570baad6-55cd-40db-ba17-2e1e6c600f23,MLA23069364,MAIN_COLOR,Color principal,2450295,Negro,True,2025-04-03 12:09:12.820474,2025-04-03 12:09:12.820474
d820d53b-6521-4c91-8297-6b64211a9224,MLA23069364,DEVICE_FORMAT,Formato del dispositivo,8616496,Stick,True,2025-04-03 12:09:12.820478,2025-04-03 12:09:12.820478
db04248e-1f57-4dbc-b2d7-9cd4c5e7f8ef,MLA23069364,MAX_VIDEO_RESOLUTION,Resolución máxima de video,169883,4K,True,2025-04-03 12:09:12.820481,2025-04-03 12:09:12.820481
e35cee29-f31f-4706-8601-67b3f653659c,MLA23069364,COMPATIBLE_APPLICATIONS,Aplicaciones compatibles,,"Amazon Prime Video, YouTube, Spotify, Netflix, Hulu",True,2025-04-03 12:09:12.820485,2025-04-03 12:09:12.820485
6f5c466f-1a5b-4bcd-aba3-ca7f430bafab,MLA23069364,RECOMMENDED_DEVICES,Dispositivos recomendados,,Televisores con HDMI,True,2025-04-03 12:09:12.820488,2025-04-03 12:09:12.820488
4244fddc-e078-49ba-a180-9818f6fe586e,MLA23069364,AUDIO_AND_VIDEO_INTERFACES,Interfaces de audio y video,,HDMI,True,2025-04-03 12:09:12.820491,2025-04-03 12:09:12.820492
29dd0819-9bb7-4650-af15-9beb9fe455b7,MLA23069364,PORTS_AND_CONNECTORS_TYPES,Tipos de puertos y conectores,,Micro-USB,True,2025-04-03 12:09:12.820495,2025-04-03 12:09:12.820495
a67fc691-e4f0-47a5-85f0-1ae9682e00f3,MLA23069364,WITH_BLUETOOTH,Con Bluetooth,242085,Sí,True,2025-04-03 12:09:12.820498,2025-04-03 12:09:12.820498
267758f9-5d6f-468f-ab27-5c40d7d6cbc6,MLA23069364,WITH_WI_FI,Con Wi-Fi,242085,Sí,True,2025-04-03 12:09:12.820502,2025-04-03 12:09:12.820502
7dfb5e77-8c37-4f8f-9c4e-70f8f34552db,MLA23069364,INCLUDES_HDMI_CABLE,Incluye cable HDMI,242085,Sí,True,2025-04-03 12:09:12.820505,2025-04-03 12:09:12.820505
8787ebd4-5681-42f9-be91-d1757a6bc265,MLA23069364,LENGTH,Largo,16548923,1.4 cm,True,2025-04-03 12:09:12.820508,2025-04-03 12:09:12.820509
b8e8a631-df24-43e1-92cc-31f951e6512a,MLA23069364,WIDTH,Ancho,7776779,9.9 cm,True,2025-04-03 12:09:12.820512,2025-04-03 12:09:12.820512
879cb52d-407f-4eef-8fe0-36a805d6a1cb,MLA23069364,HEIGHT,Altura,7891817,3 cm,True,2025-04-03 12:09:12.820515,2025-04-03 12:09:12.820515
07da7b36-d3b0-483b-92fc-e2e65f82ed0f,MLA23069364,WEIGHT,Peso,26141580,43.5 g,True,2025-04-03 12:09:12.820519,2025-04-03 12:09:12.820519
c83b4437-c1a7-4e43-906c-0d656186b034,MLA23069364,OS_NAME,Nombre del sistema operativo,8838356,Fire OS 7,True,2025-04-03 12:09:12.820522,2025-04-03 12:09:12.820522
08c801c7-2e1a-42a1-ae18-5fcef8a61a94,MLA23069364,STREAMING_TECHNOLOGIES,Tecnologías de streaming,,Miracast,True,2025-04-03 12:09:12.820526,2025-04-03 12:09:12.820526
f9ec9618-8db5-42fa-88ee-65619f8c48f3,MLA23069364,AUDIO_QUALITY,Calidad de audio,,Dolby Atmos,True,2025-04-03 12:09:12.820529,2025-04-03 12:09:12.820529
d4802d6b-3350-4179-a822-731a4070275f,MLA23069364,CPU,CPU,,Quad-Core,True,2025-04-03 12:09:12.820532,2025-04-03 12:09:12.820533
27fd146a-2d74-4666-9a12-8bfd701a6a56,MLA23069364,GRAPHICS_PROCESSOR,Procesador gráfico,9129451,IMG GE8300,True,2025-04-03 12:09:12.820536,2025-04-03 12:09:12.820536
1fe816bd-5def-41e7-867f-b35d48e4cee5,MLA23069364,WI_FI_STANDARDS,Estándares Wi-Fi,,5.8GHz,True,2025-04-03 12:09:12.820539,2025-04-03 12:09:12.820539
fa8d5a17-ad54-4918-a179-afad5403c374,MLA23069364,FREQUENCIES,Frecuencias,,"2.4 GHz, 5 GHz",True,2025-04-03 12:09:12.820543,2025-04-03 12:09:12.820543
9da5c56e-8e8a-4d6f-b263-f538fd9f02ca,MLA35429995,BRAND,Marca,17418,Nvidia,True,2025-04-03 12:09:12.820573,2025-04-03 12:09:12.820573
125367ff-f64c-4aa7-826f-b1023ef3c477,MLA35429995,LINE,Línea,36031145,NVIDIA Corporation,True,2025-04-03 12:09:12.820577,2025-04-03 12:09:12.820577
df2fe6eb-ad48-471a-ab51-052fe3d58b46,MLA35429995,MODEL,Modelo,36031146,945-12897-2500-101,True,2025-04-03 12:09:12.820580,2025-04-03 12:09:12.820580
b61d6483-73f7-42d4-802d-4c61c5220205,MLA26186828,BRAND,Marca,9947143,MyMobile,True,2025-04-03 12:09:12.820597,2025-04-03 12:09:12.820597
ec180606-a39a-44d6-8bff-f5985427721c,MLA26186828,MODEL,Modelo,14740233,H96,True,2025-04-03 12:09:12.820600,2025-04-03 12:09:12.820600
89d38229-6191-468a-b233-3bd6f02f2be3,MLA26186828,GENERATION,Generación,8246074,1.ª generación,True,2025-04-03 12:09:12.820604,2025-04-03 12:09:12.820604
26ccac1e-7941-4694-a8d2-4762f8994a5b,MLA45397375,BRAND,Marca,14199722,Tv Box,True,2025-04-03 12:09:12.820623,2025-04-03 12:09:12.820623
70ea8e0c-b444-4ff1-a5eb-fbf5ba81c6ed,MLA45397375,LINE,Línea,14865961,5g,True,2025-04-03 12:09:12.820627,2025-04-03 12:09:12.820627
0086ff2e-1645-4b96-9e54-ed17db8f6deb,MLA45397375,MODEL,Modelo,28139821,smart 4k,True,2025-04-03 12:09:12.820630,2025-04-03 12:09:12.820630
fc412262-2d47-4d76-8378-6c10378e33dc,MLA45397375,GENERATION,Generación,46477675,Android 13 última generación,True,2025-04-03 12:09:12.820634,2025-04-03 12:09:12.820634
cb710011-e6bf-4b85-9da7-0d6e1ebde03d,MLA45397375,ALPHANUMERIC_MODEL,Modelo alfanumérico,16677071,Android,True,2025-04-03 12:09:12.820637,2025-04-03 12:09:12.820637
7b237fd0-22f7-4d88-b1ec-695fff8eb1b9,MLA45397375,DEVICE_FORMAT,Formato del dispositivo,8616495,TV Box,True,2025-04-03 12:09:12.820641,2025-04-03 12:09:12.820641
29242740-90d3-4e1e-b4dd-284be3e8b7a4,MLA37651541,BRAND,Marca,14199722,Tv Box,True,2025-04-03 12:09:12.820661,2025-04-03 12:09:12.820661
eba18003-0f91-4443-9dd6-d16ac2dd27b5,MLA37651541,LINE,Línea,14865961,5g,True,2025-04-03 12:09:12.820665,2025-04-03 12:09:12.820665
c14bc179-917b-41f1-8139-dde747b7e499,MLA37651541,MODEL,Modelo,38696561,PROSB-2000/16gb,True,2025-04-03 12:09:12.820668,2025-04-03 12:09:12.820668
99c85971-abd7-43b5-b577-138d9a8d6875,MLA37651541,GENERATION,Generación,11281876,2.ª generación,True,2025-04-03 12:09:12.820672,2025-04-03 12:09:12.820672
15eef358-599c-4619-b4aa-84ae08cf3cb2,MLA37651541,ALPHANUMERIC_MODEL,Modelo alfanumérico,17859590,Android 10.0,True,2025-04-03 12:09:12.820676,2025-04-03 12:09:12.820676
c1660bf7-ea1b-4080-8cc4-d22cc1fe5504,MLA37651541,ANATEL_HOMOLOGATION_NUMBER,Homologación Anatel Nº,40365855,44981910390,True,2025-04-03 12:09:12.820680,2025-04-03 12:09:12.820680
603fae7a-4bda-44e9-932f-9e31fb612023,MLA15998180,BRAND,Marca,8855201,Tecnova,True,2025-04-03 12:09:12.820699,2025-04-03 12:09:12.820699
ba828beb-2eee-404b-8b43-eb9b7e294abd,MLA15998180,LINE,Línea,16105,Pro,True,2025-04-03 12:09:12.820703,2025-04-03 12:09:12.820703
55a3370f-8559-4cbb-9742-fb3c7e7a449c,MLA15998180,MODEL,Modelo,33698,X88,True,2025-04-03 12:09:12.820706,2025-04-03 12:09:12.820706
996221d0-ad3e-46c7-adf6-adff5df6f610,MLA15998180,COLOR,Color,59934,Negro/Gris,True,2025-04-03 12:09:12.820709,2025-04-03 12:09:12.820710
8dbf4b63-d5d0-4bd5-8bbb-bc462b3a5b0e,MLA15998180,STORAGE_CAPACITY,Capacidad de almacenamiento,18614,16 GB,True,2025-04-03 12:09:12.820713,2025-04-03 12:09:12.820713
a04589ec-1975-4c2e-b1aa-9866fc5655a5,MLA15998180,RAM_MEMORY,Memoria RAM,445970,2 GB,True,2025-04-03 12:09:12.820716,2025-04-03 12:09:12.820717
f83588e1-a374-4b33-80cd-083376b34bfa,MLA15998180,REMOTE_CONTROL_TYPE,Tipo de control remoto,182134,Estándar,True,2025-04-03 12:09:12.820720,2025-04-03 12:09:12.820720
352be3f2-9fb5-4b55-8997-7f3c36ef65e1,MLA15998180,DEVICE_FORMAT,Formato del dispositivo,8616495,TV Box,True,2025-04-03 12:09:12.820723,2025-04-03 12:09:12.820724
592e79db-910b-468f-bdf4-d77cb1d2f1cf,MLA15998180,MAX_VIDEO_RESOLUTION,Resolución máxima de video,169883,4K,True,2025-04-03 12:09:12.820727,2025-04-03 12:09:12.820727
7c9a5272-7a6d-41ac-bb62-374eb8e74b9b,MLA15998180,COMPATIBLE_APPLICATIONS,Aplicaciones compatibles,,"Amazon Prime Video, Claro Video, ESPN, Facebook, Flickr, HBO Go, Netflix, Picasa, Skype, Vudu, YouTube",True,2025-04-03 12:09:12.820730,2025-04-03 12:09:12.820731
31a158f6-f389-4614-a77a-4bbc72abe38b,MLA15998180,RECOMMENDED_DEVICES,Dispositivos recomendados,,"Televisores, Teclados, Mouses",True,2025-04-03 12:09:12.820734,2025-04-03 12:09:12.820734
05283d95-d088-493b-bd52-62c943088cfb,MLA15998180,AUDIO_AND_VIDEO_INTERFACES,Interfaces de audio y video,,"HDMI, AV, S/PDIF",True,2025-04-03 12:09:12.820737,2025-04-03 12:09:12.820738
aa42d138-2627-4001-947a-3560460f9264,MLA15998180,PORTS_AND_CONNECTORS_TYPES,Tipos de puertos y conectores,,"Micro-SD, Ethernet, USB, DC jack",True,2025-04-03 12:09:12.820741,2025-04-03 12:09:12.820741
e64dafda-eab8-4c9a-978a-721d2f7f1121,MLA15998180,WITH_BLUETOOTH,Con Bluetooth,242084,No,True,2025-04-03 12:09:12.820744,2025-04-03 12:09:12.820745
1086c12e-eed0-41dd-8a80-6b0aec6279af,MLA15998180,WITH_WI_FI,Con Wi-Fi,242085,Sí,True,2025-04-03 12:09:12.820748,2025-04-03 12:09:12.820748
742b4eb9-a8e2-4a64-8043-0f399eb58506,MLA15998180,INCLUDES_HDMI_CABLE,Incluye cable HDMI,242085,Sí,True,2025-04-03 12:09:12.820754,2025-04-03 12:09:12.820755
6705c035-c0d4-47ad-9aaa-aceca54cad48,MLA15998180,OS_NAME,Nombre del sistema operativo,7818380,Android 9.0,True,2025-04-03 12:09:12.820758,2025-04-03 12:09:12.820758
787078f7-d798-4ddf-a662-8b185c0648a0,MLA15998180,STREAMING_TECHNOLOGIES,Tecnologías de streaming,,DLNA,True,2025-04-03 12:09:12.820761,2025-04-03 12:09:12.820761
e0cb2c4f-4e7b-4dce-89a0-840b022a1609,MLA15998180,LANGUAGE_OPTIONS,Opciones de idioma,,Multilenguaje,True,2025-04-03 12:09:12.820765,2025-04-03 12:09:12.820765
6f34b3a2-7282-43ab-a447-38fdcadbb8c9,MLA15998180,CPU,CPU,,Rockchip RK3318  Cortex-A53 Quad-Core,True,2025-04-03 12:09:12.820768,2025-04-03 12:09:12.820768
3ff9bc39-af37-45ef-a911-509603559be0,MLA15998180,GRAPHICS_PROCESSOR,Procesador gráfico,11771858,Mali-450 Penta-Core,True,2025-04-03 12:09:12.820772,2025-04-03 12:09:12.820772
fc65746a-9476-4a02-a7c8-5d879127816c,MLA15998180,FREQUENCIES,Frecuencias,,"2.4 GHz, 5.8 GHz",True,2025-04-03 12:09:12.820775,2025-04-03 12:09:12.820775
b4869db1-8038-4fac-93cc-d491544bd5d3,MLA15998180,DEVICE_OPERATING_VOLTAGE,Voltaje de funcionamiento,8631470,5 V,True,2025-04-03 12:09:12.820778,2025-04-03 12:09:12.820779
d1b16b69-fe72-4517-9792-e02116aea3c8,MLA10931843,BRAND,Marca,501783,Ghia,True,2025-04-03 12:09:12.820802,2025-04-03 12:09:12.820802
ed454f6e-1157-4d27-9446-a10631a04efc,MLA10931843,MODEL,Modelo,4032366,GAC-009,True,2025-04-03 12:09:12.820805,2025-04-03 12:09:12.820805
9b13cd5c-70b5-4afa-8214-cd7cdc3cd27a,MLA10931843,ALPHANUMERIC_MODEL,Modelo alfanumérico,7807912,AC-4925,True,2025-04-03 12:09:12.820810,2025-04-03 12:09:12.820810
da57225a-2574-495e-963c-caaf63b29680,MLA10931843,DEVICE_FORMAT,Formato del dispositivo,8616495,TV Box,True,2025-04-03 12:09:12.820813,2025-04-03 12:09:12.820814
f34af965-fafc-406d-bb24-3a1dfcff5cf9,MLA10931843,MAX_VIDEO_RESOLUTION,Resolución máxima de video,169883,4K,True,2025-04-03 12:09:12.820817,2025-04-03 12:09:12.820817
f36e0b6b-282c-4950-a40f-a6dec01ffec1,MLA10931843,RECOMMENDED_DEVICES,Dispositivos recomendados,,Televisores,True,2025-04-03 12:09:12.820820,2025-04-03 12:09:12.820821
4843a2a5-1de6-4e05-b0f0-39579716c0de,MLA10931843,AUDIO_AND_VIDEO_INTERFACES,Interfaces de audio y video,,"HDMI, AV, S/PDIF óptico",True,2025-04-03 12:09:12.820824,2025-04-03 12:09:12.820824
3efd528b-bd82-4ae1-871a-1d958528652e,MLA10931843,PORTS_AND_CONNECTORS_TYPES,Tipos de puertos y conectores,,"DC jack, USB-A, Micro-SD, Ethernet",True,2025-04-03 12:09:12.820827,2025-04-03 12:09:12.820827
16c693f4-90ba-4f70-9995-2ff4dea3b723,MLA10931843,WITH_BLUETOOTH,Con Bluetooth,242084,No,True,2025-04-03 12:09:12.820831,2025-04-03 12:09:12.820831
47b33337-8227-499e-b2c6-bb30e39ceeb9,MLA10931843,WITH_WI_FI,Con Wi-Fi,242084,No,True,2025-04-03 12:09:12.820834,2025-04-03 12:09:12.820834
3d553fe1-a32e-4df6-9e40-59d77fda49b6,MLA10931843,INCLUDES_HDMI_CABLE,Incluye cable HDMI,242084,No,True,2025-04-03 12:09:12.820838,2025-04-03 12:09:12.820838
d46a389c-ee43-4f93-9c86-2846014d1230,MLA10931843,OS_NAME,Nombre del sistema operativo,36424397,Android 4.4 KitKat,True,2025-04-03 12:09:12.820841,2025-04-03 12:09:12.820841
bab67901-bfd7-49a2-8dbe-cc4ed72a9959,MLA10931843,CPU,CPU,,Quad-Core,True,2025-04-03 12:09:12.820845,2025-04-03 12:09:12.820845
21dbe950-6c10-4c64-962d-9bf35fafab3f,MLA10931843,DEVICE_OPERATING_VOLTAGE,Voltaje de funcionamiento,8631470,5 V,True,2025-04-03 12:09:12.820848,2025-04-03 12:09:12.820848
f3848fdd-f7b1-486c-a893-3083978006e2,MLA35235194,BRAND,Marca,929703,Audiolab,True,2025-04-03 12:09:12.820871,2025-04-03 12:09:12.820871
0e3fe889-88be-4e9e-8ed4-a0660d35a3fa,MLA35235194,MODEL,Modelo,35804020,Streamer Audiolab 9000N Play,True,2025-04-03 12:09:12.820874,2025-04-03 12:09:12.820875
b7509463-63d8-4de6-89b4-715ffe5888a3,MLA35235194,DEVICE_FORMAT,Formato del dispositivo,8616495,TV Box,True,2025-04-03 12:09:12.820882,2025-04-03 12:09:12.820882
3e4e794a-dcf2-4352-bf18-08d78f68cc45,MLA35235194,MAX_VIDEO_RESOLUTION,Resolución máxima de video,169883,4K,True,2025-04-03 12:09:12.820885,2025-04-03 12:09:12.820886
c58a6de0-71f1-453c-a62f-e9f4fa35ae57,MLA35235194,AUDIO_AND_VIDEO_INTERFACES,Interfaces de audio y video,,HDMI,True,2025-04-03 12:09:12.820889,2025-04-03 12:09:12.820889
791f564d-cf36-4ed7-b399-d38cd6312b58,MLA35235194,MANUFACTURER,Fabricante,929703,Audiolab,True,2025-04-03 12:09:12.820892,2025-04-03 12:09:12.820893
ddc8483e-f3a0-49c3-90dc-de09d1052dd7,MLA35235194,WITH_BLUETOOTH,Con Bluetooth,242084,No,True,2025-04-03 12:09:12.820896,2025-04-03 12:09:12.820896
9d9b6494-12e3-4549-a809-cee790ffde81,MLA35235194,WITH_WI_FI,Con Wi-Fi,242085,Sí,True,2025-04-03 12:09:12.820899,2025-04-03 12:09:12.820900
f40fced3-3634-4989-9fec-ae7f415a8d4f,MLA35235194,WITH_INTEGRATED_VOICE_ASSISTANTS,Con asistentes de voz integrados,242084,No,True,2025-04-03 12:09:12.820903,2025-04-03 12:09:12.820903
1d5a6c11-8bdb-4fa2-8616-a2922943307c,MLA35235194,INCLUDES_HDMI_CABLE,Incluye cable HDMI,242085,Sí,True,2025-04-03 12:09:12.820906,2025-04-03 12:09:12.820906
569ff28f-3ee1-4a04-a7d5-76e48171c1c2,MLA35235194,INCLUDES_CELL_BATTERIES,Incluye pilas,242084,No,True,2025-04-03 12:09:12.820910,2025-04-03 12:09:12.820910
ba3b0cb3-2bef-4e6e-ab11-68f78ca07304,MLA35235194,OS_NAME,Nombre del sistema operativo,296858,Android,True,2025-04-03 12:09:12.820913,2025-04-03 12:09:12.820913
30c12eb0-cf3e-46c6-8a21-8b61b1370485,MLA35235194,AUDIO_QUALITY,Calidad de audio,,Dolby Audio,True,2025-04-03 12:09:12.820917,2025-04-03 12:09:12.820917
a8aa513e-2cbb-4e68-b44f-16ea2c46e9b7,MLA35235194,MIN_OPERATING_SYSTEMS_REQUIRED,Sistemas operativos mínimos requeridos,,Android,True,2025-04-03 12:09:12.820920,2025-04-03 12:09:12.820920
cdcad3ac-3b80-4449-a99c-64f72c6f317b,MLA35235194,WI_FI_STANDARDS,Estándares Wi-Fi,,"2.4GHz, 5.8GHz",True,2025-04-03 12:09:12.820924,2025-04-03 12:09:12.820924
42bfd6fe-660e-4363-be40-d24c8b68b99a,MLA42419422,BRAND,Marca,27216,Amazon,True,2025-04-03 12:09:12.820937,2025-04-03 12:09:12.820937
3290f133-d422-40e5-a4d0-00978cb89bbf,MLA42419422,LINE,Línea,25410030,Fire tv Stick,True,2025-04-03 12:09:12.820940,2025-04-03 12:09:12.820941
bfbaaac3-0a15-45ee-b92d-b60f74482acf,MLA42419422,MODEL,Modelo,9385552,Fire TV Stick Lite,True,2025-04-03 12:09:12.820944,2025-04-03 12:09:12.820944
51a0255a-5614-46b9-8ceb-bcb345e42284,MLA42419422,ALPHANUMERIC_MODEL,Modelo alfanumérico,43875499,10278,True,2025-04-03 12:09:12.820947,2025-04-03 12:09:12.820948
6c94392e-d365-4bb4-ac90-7bf2430548e0,MLA42419422,DEVICE_FORMAT,Formato del dispositivo,8616496,Stick,True,2025-04-03 12:09:12.820951,2025-04-03 12:09:12.820951
820f07b7-677c-4bfe-ae68-30063ccce953,MLA22870931,BRAND,Marca,18603302,Tv Box Maxpro,True,2025-04-03 12:09:12.820964,2025-04-03 12:09:12.820964
1c257c3a-f169-4d6c-8619-83a9c51c6f6a,MLA22870931,MODEL,Modelo,18603303,5G 512 GB/64Gb ram,True,2025-04-03 12:09:12.820968,2025-04-03 12:09:12.820968
ed2dc38a-0689-44f2-b136-54239fc03680,MLA22870931,GENERATION,Generación,10910112,5.ª generación,True,2025-04-03 12:09:12.820971,2025-04-03 12:09:12.820971
f2a2774a-8e3e-4898-abbf-c1c0799fe9d3,MLA22870931,ALPHANUMERIC_MODEL,Modelo alfanumérico,14869829,Android 11.1,True,2025-04-03 12:09:12.820974,2025-04-03 12:09:12.820975
58afd3c3-2465-4719-a2e5-08b7418d889d,MLA22870931,COLOR,Color,52049,Negro,True,2025-04-03 12:09:12.820978,2025-04-03 12:09:12.820978
7e00bbeb-6b9f-4333-9d6a-12e0a97a6972,MLA22870931,STORAGE_CAPACITY,Capacidad de almacenamiento,47780,512 GB,True,2025-04-03 12:09:12.820981,2025-04-03 12:09:12.820981
cb5348d1-20e1-479b-810e-cfe2e667a882,MLA22870931,RAM_MEMORY,Memoria RAM,1090007,64 GB,True,2025-04-03 12:09:12.820985,2025-04-03 12:09:12.820985
a144bcdc-4a7b-4ef9-8c5f-879f05e6efc7,MLA22870931,REMOTE_CONTROL_TYPE,Tipo de control remoto,18603322,Control,True,2025-04-03 12:09:12.820988,2025-04-03 12:09:12.820988
d60019d8-3d91-43a2-8ad1-76886244e5fe,MLA22870931,DEVICE_FORMAT,Formato del dispositivo,8616495,TV Box,True,2025-04-03 12:09:12.820992,2025-04-03 12:09:12.820992
3484b734-0f5c-49c5-8805-e6c65749286d,MLA22870931,MAX_VIDEO_RESOLUTION,Resolución máxima de video,169883,4K,True,2025-04-03 12:09:12.820995,2025-04-03 12:09:12.820995
2e2c190c-cd75-42ed-9268-74cb6ac3ff98,MLA22870931,AUDIO_AND_VIDEO_INTERFACES,Interfaces de audio y video,,Televisor,True,2025-04-03 12:09:12.820998,2025-04-03 12:09:12.820999
d83173e0-d7cf-4e3a-9590-09477bc3cea1,MLA22870931,WITH_WI_FI,Con Wi-Fi,242085,Sí,True,2025-04-03 12:09:12.821002,2025-04-03 12:09:12.821002
b7107bdf-0cd2-405e-bce6-1e100bd41c8e,MLA44112022,BRAND,Marca,3612997,Live!,True,2025-04-03 12:09:12.821022,2025-04-03 12:09:12.821022
80ce92ac-4eae-4c40-906a-2a4ccca1acd7,MLA44112022,LINE,Línea,264447,Plus,True,2025-04-03 12:09:12.821025,2025-04-03 12:09:12.821026
f7d037db-9164-4ca9-9a62-bfe952f8f050,MLA44112022,MODEL,Modelo,2834,Mini,True,2025-04-03 12:09:12.821029,2025-04-03 12:09:12.821029
0dd37d00-3a4a-4d25-9530-77253f15fb7f,MLA44112022,GENERATION,Generación,44247194,2023,True,2025-04-03 12:09:12.821034,2025-04-03 12:09:12.821034
705dbc5e-dc8f-41a8-9ae0-8f1c7e00158d,MLA44112022,DEVICE_FORMAT,Formato del dispositivo,8616495,TV Box,True,2025-04-03 12:09:12.821037,2025-04-03 12:09:12.821038
b21df539-21cc-4906-b5b2-96cc0252886e,MLA44112022,MAX_VIDEO_RESOLUTION,Resolución máxima de video,10910113,UHD,True,2025-04-03 12:09:12.821041,2025-04-03 12:09:12.821041
3a5eec52-ea1c-4b8c-b46e-7b7dd1537ebd,MLA44112022,AUDIO_AND_VIDEO_INTERFACES,Interfaces de audio y video,,"AV, S/PDIF óptico, HDMI",True,2025-04-03 12:09:12.821044,2025-04-03 12:09:12.821045
6eb48b12-a523-4f4c-8ae0-c6a6bd6cf9db,MLA44112022,PORTS_AND_CONNECTORS_TYPES,Tipos de puertos y conectores,,"LAN, USB 2.0, DC jack, Tarjeta SD",True,2025-04-03 12:09:12.821048,2025-04-03 12:09:12.821048
dfb74a5c-4e47-46f4-b8a3-8cef9784456e,MLA44112022,WITH_BLUETOOTH,Con Bluetooth,242085,Sí,True,2025-04-03 12:09:12.821051,2025-04-03 12:09:12.821052
28f07319-1d31-40be-aefe-34f1ca95dfb6,MLA44112022,WITH_INTEGRATED_VOICE_ASSISTANTS,Con asistentes de voz integrados,242084,No,True,2025-04-03 12:09:12.821055,2025-04-03 12:09:12.821055
9708303a-573a-4d48-940a-f6e1a7fffc67,MLA44112022,INCLUDES_HDMI_CABLE,Incluye cable HDMI,242085,Sí,True,2025-04-03 12:09:12.821058,2025-04-03 12:09:12.821059
b7f3ae40-5f50-416c-871a-35fc628420ba,MLA44112022,INCLUDES_CELL_BATTERIES,Incluye pilas,242084,No,True,2025-04-03 12:09:12.821062,2025-04-03 12:09:12.821062
f84ae98b-016e-4f61-95c5-c5b536fcc3a3,MLA44112022,OS_NAME,Nombre del sistema operativo,296858,Android,True,2025-04-03 12:09:12.821065,2025-04-03 12:09:12.821065
d232ef55-b0c8-4858-a716-2e98e0122227,MLA20188978,BRAND,Marca,39179327,Tv box. Magic incluido,True,2025-04-03 12:09:12.821079,2025-04-03 12:09:12.821079
b3bf450e-138b-45f1-91b2-082462fdaefe,MLA20188978,MODEL,Modelo,14267338,Smart TV,True,2025-04-03 12:09:12.821082,2025-04-03 12:09:12.821082
b57a52a8-e730-4d45-be7a-bc9752110c1f,MLA20188978,DEVICE_FORMAT,Formato del dispositivo,8616495,TV Box,True,2025-04-03 12:09:12.821086,2025-04-03 12:09:12.821086
ad5f28a5-a6ad-4d2e-8220-31d1d0b0f6c6,MLA20188978,COMPATIBLE_APPLICATIONS,Aplicaciones compatibles,,"YouTube, Amazon Prime Video, ESPN, FOX, Facebook, HBO Go, Netflix",True,2025-04-03 12:09:12.821089,2025-04-03 12:09:12.821089
4a9f1faf-acd6-465b-b68c-685fe66484e0,MLA20188978,PORTS_AND_CONNECTORS_TYPES,Tipos de puertos y conectores,,"USB-A, Ethernet, Tarjeta micro-SD",True,2025-04-03 12:09:12.821093,2025-04-03 12:09:12.821093
84a8f143-11e9-4642-b080-898f1a6bd484,MLA20188978,WITH_BLUETOOTH,Con Bluetooth,242084,No,True,2025-04-03 12:09:12.821096,2025-04-03 12:09:12.821096
1702e38e-a883-4961-90c8-2e255c66008a,MLA20188978,WITH_INTEGRATED_VOICE_ASSISTANTS,Con asistentes de voz integrados,242084,No,True,2025-04-03 12:09:12.821100,2025-04-03 12:09:12.821100
136d0b8d-921f-4d00-9725-5c0853376dbe,MLA20188978,INCLUDES_HDMI_CABLE,Incluye cable HDMI,242085,Sí,True,2025-04-03 12:09:12.821103,2025-04-03 12:09:12.821103
397eccdb-0059-46fa-8732-3cf8c2f91437,MLA20188978,LANGUAGE_OPTIONS,Opciones de idioma,,Español,True,2025-04-03 12:09:12.821106,2025-04-03 12:09:12.821107
b139b06b-ae09-4999-8922-c05c9874f772,MLA20188978,CPU,CPU,,64 BITS,True,2025-04-03 12:09:12.821110,2025-04-03 12:09:12.821110
2b1f4851-71d8-43ac-acdb-74a9199b1204,MLA20188978,DEVICE_OPERATING_VOLTAGE,Voltaje de funcionamiento,23971648,220 V,True,2025-04-03 12:09:12.821113,2025-04-03 12:09:12.821114
119be5c0-e5fb-4b89-be53-52fde9e1a005,MLA44037163,BRAND,Marca,44999142,xangshi,True,2025-04-03 12:09:12.821127,2025-04-03 12:09:12.821127
b5e5665d-513c-405b-b424-0be69b826ea5,MLA44037163,MODEL,Modelo,44999145,XS97 S3 BT,True,2025-04-03 12:09:12.821130,2025-04-03 12:09:12.821130
ee049989-f43c-4c62-bf2e-b3fea8fcd58c,MLA44037163,DEVICE_FORMAT,Formato del dispositivo,8616496,Stick,True,2025-04-03 12:09:12.821133,2025-04-03 12:09:12.821134
669f0d21-7ff7-4c64-8b06-55a1da32fd17,MLA44037163,MAX_VIDEO_RESOLUTION,Resolución máxima de video,168332,Full HD,True,2025-04-03 12:09:12.821138,2025-04-03 12:09:12.821138
b5a1325b-285c-481b-b3e7-d3c119a60052,MLA44037163,WITH_BLUETOOTH,Con Bluetooth,242085,Sí,True,2025-04-03 12:09:12.821142,2025-04-03 12:09:12.821142
03af27f8-530d-4f8e-ab04-9740280f0d1f,MLA29637609,BRAND,Marca,4091225,MyGica,True,2025-04-03 12:09:12.821155,2025-04-03 12:09:12.821155
0d71ee65-40cd-4fe0-8e4e-f8b767c14a16,MLA29637609,LINE,Línea,28494254,Atv329x,True,2025-04-03 12:09:12.821158,2025-04-03 12:09:12.821159
9f6b932d-818c-4b99-9864-5732bd440ed3,MLA29637609,MODEL,Modelo,2805114,ATV495X,True,2025-04-03 12:09:12.821162,2025-04-03 12:09:12.821162
84e99c57-d8b3-4d57-9ca1-b606887489dc,MLA41071584,BRAND,Marca,42883488,CAYTRE,True,2025-04-03 12:09:12.821175,2025-04-03 12:09:12.821175
2bff0e5a-8f05-42b3-a053-0f43ef1f482c,MLA41071584,MODEL,Modelo,40846726,No identificado,True,2025-04-03 12:09:12.821179,2025-04-03 12:09:12.821179
31923149-7ac8-494b-b839-3adfa4c3cb00,MLA41071584,DEVICE_FORMAT,Formato del dispositivo,9234856,Pendant Box,True,2025-04-03 12:09:12.821182,2025-04-03 12:09:12.821182
db23a4d1-c6c4-4ddd-be04-b85a070fe8cc,MLA20188982,BRAND,Marca,39179327,Tv box. Magic incluido,True,2025-04-03 12:09:12.821195,2025-04-03 12:09:12.821195
7db3a899-18ea-4511-b292-79d400709667,MLA20188982,MODEL,Modelo,14267338,Smart TV,True,2025-04-03 12:09:12.821199,2025-04-03 12:09:12.821199
f0a0fd80-b7d1-4616-898d-be5556e49410,MLA20188982,COLOR,Color,52049,Negro,True,2025-04-03 12:09:12.821202,2025-04-03 12:09:12.821202
39b16deb-0137-4bb9-aabe-256becda94bc,MLA20188982,STORAGE_CAPACITY,Capacidad de almacenamiento,18656,64 GB,True,2025-04-03 12:09:12.821205,2025-04-03 12:09:12.821206
c9fb2219-1525-42ee-9f0c-b906844bd7b6,MLA20188982,RAM_MEMORY,Memoria RAM,579564,8 GB,True,2025-04-03 12:09:12.821209,2025-04-03 12:09:12.821209
814c524b-2b90-4ec5-ba30-7404adfd7d5e,MLA20188982,REMOTE_CONTROL_TYPE,Tipo de control remoto,182134,Estándar,True,2025-04-03 12:09:12.821212,2025-04-03 12:09:12.821213
64298449-f8b0-4435-8e60-f8b479ecff56,MLA20188982,DEVICE_FORMAT,Formato del dispositivo,8616495,TV Box,True,2025-04-03 12:09:12.821216,2025-04-03 12:09:12.821216
29b5933c-ed74-40f9-bc3e-5d82b2cb2d76,MLA20188982,COMPATIBLE_APPLICATIONS,Aplicaciones compatibles,,"YouTube, Amazon Prime Video, ESPN, FOX, Facebook, HBO Go, Netflix",True,2025-04-03 12:09:12.821219,2025-04-03 12:09:12.821219
bed4618a-9fe1-4d13-a25c-d1de0986891f,MLA20188982,PORTS_AND_CONNECTORS_TYPES,Tipos de puertos y conectores,,"USB-A, Ethernet, Tarjeta micro-SD",True,2025-04-03 12:09:12.821223,2025-04-03 12:09:12.821223
f9c7db24-7046-489b-a0a4-3bf043753cd7,MLA20188982,WITH_BLUETOOTH,Con Bluetooth,242084,No,True,2025-04-03 12:09:12.821226,2025-04-03 12:09:12.821226
3ff73892-ff8c-47c8-9fde-f143bb682332,MLA20188982,WITH_WI_FI,Con Wi-Fi,242085,Sí,True,2025-04-03 12:09:12.821230,2025-04-03 12:09:12.821230
662b3d97-a555-45b1-b6f3-8b38990cfab5,MLA20188982,WITH_INTEGRATED_VOICE_ASSISTANTS,Con asistentes de voz integrados,242084,No,True,2025-04-03 12:09:12.821233,2025-04-03 12:09:12.821233
a017982e-be7e-4242-bdd6-e489ae654267,MLA20188982,INCLUDES_HDMI_CABLE,Incluye cable HDMI,242085,Sí,True,2025-04-03 12:09:12.821237,2025-04-03 12:09:12.821237
fba0d419-51cd-42f2-958a-c991063e36a7,MLA20188982,OS_NAME,Nombre del sistema operativo,11274121,Android 10.1,True,2025-04-03 12:09:12.821240,2025-04-03 12:09:12.821240
f3415943-568a-450e-a459-0bfcab1777f7,MLA20188982,LANGUAGE_OPTIONS,Opciones de idioma,,Español,True,2025-04-03 12:09:12.821243,2025-04-03 12:09:12.821244
b0f14743-8431-43af-8292-5ca276e6a2c1,MLA20188982,CPU,CPU,,64 BITS,True,2025-04-03 12:09:12.821253,2025-04-03 12:09:12.821253
4b6729de-70e0-4900-8093-1b8d6df99782,MLA20188982,DEVICE_OPERATING_VOLTAGE,Voltaje de funcionamiento,23971648,220 V,True,2025-04-03 12:09:12.821257,2025-04-03 12:09:12.821257
7e16ad3e-3bac-40e0-ba41-bdf9cae1295c,MLA41256114,BRAND,Marca,260751,Inova,True,2025-04-03 12:09:12.821280,2025-04-03 12:09:12.821280
cf57780a-c5cc-42d8-9497-b94cb05c984e,MLA41256114,LINE,Línea,16105,Pro,True,2025-04-03 12:09:12.821283,2025-04-03 12:09:12.821284
3535a6fb-0115-4580-8c7e-60a3a97d0f5d,MLA41256114,MODEL,Modelo,8894347,TV Box 4K,True,2025-04-03 12:09:12.821287,2025-04-03 12:09:12.821287
8acf7a95-7bc2-4bea-85cc-49e1444f50d3,MLA41256114,GENERATION,Generación,43028408,6ª generación,True,2025-04-03 12:09:12.821290,2025-04-03 12:09:12.821291
4eeb3df6-4646-4005-922b-7351f12ba837,MLA41256114,ALPHANUMERIC_MODEL,Modelo alfanumérico,8856873,DIG-7021,True,2025-04-03 12:09:12.821294,2025-04-03 12:09:12.821294
73087f58-d2ac-4807-98ad-dea9a9abd1e3,MLA41256114,DEVICE_FORMAT,Formato del dispositivo,8616495,TV Box,True,2025-04-03 12:09:12.821297,2025-04-03 12:09:12.821298
1487a3a7-f53b-4d70-bed2-5ad690a61949,MLA41256114,ANATEL_HOMOLOGATION_NUMBER,Homologación Anatel Nº,40572329,132302012654,True,2025-04-03 12:09:12.821301,2025-04-03 12:09:12.821301
ea5a47ae-deae-40fe-895b-392485998d63,MLA42506392,BRAND,Marca,50584,Netmak,True,2025-04-03 12:09:12.821320,2025-04-03 12:09:12.821320
e33a78bd-497f-4e8b-b47a-753908eba922,MLA42506392,LINE,Línea,13783956,Smart Tv Box,True,2025-04-03 12:09:12.821323,2025-04-03 12:09:12.821324
66db7b5a-95e6-44af-b9f6-843bb04ae88f,MLA42506392,MODEL,Modelo,43953241,NM-TVBOX3,True,2025-04-03 12:09:12.821327,2025-04-03 12:09:12.821327
4cd87d79-58bd-4fc6-9f2c-2071a1a606d4,MLA42506392,ALPHANUMERIC_MODEL,Modelo alfanumérico,43953240,NM-TVBOX3,True,2025-04-03 12:09:12.821330,2025-04-03 12:09:12.821331
62e9484b-be9b-4c6c-9210-5234042f650a,MLA42506392,DEVICE_FORMAT,Formato del dispositivo,8616495,TV Box,True,2025-04-03 12:09:12.821334,2025-04-03 12:09:12.821334
b11b3e61-a65f-4898-ae5c-3926e4c5e430,MLA42506392,RECOMMENDED_DEVICES,Dispositivos recomendados,,"Monitores, Proyectores, TV",True,2025-04-03 12:09:12.821337,2025-04-03 12:09:12.821338
2b0b9a76-fdf8-4717-b8d3-1a321df8fd89,MLA42506392,PORTS_AND_CONNECTORS_TYPES,Tipos de puertos y conectores,,"Audio y video, HDMI, Red Lan, USB",True,2025-04-03 12:09:12.821341,2025-04-03 12:09:12.821341
b41e73e4-9553-4ab7-a0d5-2e12b1818e22,MLA42506392,LENGTH,Largo,7816567,12 cm,True,2025-04-03 12:09:12.821344,2025-04-03 12:09:12.821345
4d89d6ef-03ba-4b9e-a7e9-1132768a5965,MLA42506392,WIDTH,Ancho,12842837,2.5 cm,True,2025-04-03 12:09:12.821348,2025-04-03 12:09:12.821348
0f2491af-c900-4038-b1d2-99aa9454262a,MLA42506392,HEIGHT,Altura,7607917,12 cm,True,2025-04-03 12:09:12.821351,2025-04-03 12:09:12.821352
8445b5e3-a1f1-460c-85e7-23e1c926b3a9,MLA45424691,BRAND,Marca,27216,Amazon,True,2025-04-03 12:09:12.821372,2025-04-03 12:09:12.821372
f185fcf5-0f5d-4d11-b8a3-0702a40cdda4,MLA45424691,MODEL,Modelo,11158915,Fire TV Stick,True,2025-04-03 12:09:12.821376,2025-04-03 12:09:12.821376
87f4ec11-c73b-4695-8efa-1dfee4798eed,MLA45424691,DEVICE_FORMAT,Formato del dispositivo,8616496,Stick,True,2025-04-03 12:09:12.821379,2025-04-03 12:09:12.821379
9e7125a7-fb4f-43c7-a3cb-b55a20a41fda,MLA44150266,BRAND,Marca,19539285,Hongtop,True,2025-04-03 12:09:12.821392,2025-04-03 12:09:12.821393
4b73973a-c15f-4bdb-9edd-9f739b2d7145,MLA44150266,LINE,Línea,11616396,Tv Box,True,2025-04-03 12:09:12.821396,2025-04-03 12:09:12.821396
22341161-6f7a-4174-a3c4-aa8e92db2ce1,MLA44150266,MODEL,Modelo,8869529,TV Box,True,2025-04-03 12:09:12.821399,2025-04-03 12:09:12.821400
c2ea363e-40c7-4d22-8e1f-0675b71a1f70,MLA44150266,GENERATION,Generación,11101306,1°,True,2025-04-03 12:09:12.821403,2025-04-03 12:09:12.821403
fe395a91-9481-40c2-bcbf-73a5736e8a2f,MLA44150266,ALPHANUMERIC_MODEL,Modelo alfanumérico,44693474,tvbox1,True,2025-04-03 12:09:12.821406,2025-04-03 12:09:12.821406
7ebbc5c6-48cd-43ac-9fe4-1c5e79ee6656,MLA44150266,DEVICE_FORMAT,Formato del dispositivo,8616495,TV Box,True,2025-04-03 12:09:12.821410,2025-04-03 12:09:12.821410
7c2f784e-5db4-41bf-b01c-07aee41fadd2,MLA44150266,MAX_VIDEO_RESOLUTION,Resolución máxima de video,28061558,1080 x 720,True,2025-04-03 12:09:12.821413,2025-04-03 12:09:12.821413
11e1d853-4ca8-41b1-81ef-8c8ae32f389c,MLA44150266,COMPATIBLE_APPLICATIONS,Aplicaciones compatibles,,Televisores,True,2025-04-03 12:09:12.821417,2025-04-03 12:09:12.821417
f2b57fbf-ac49-4b73-9fdc-f6d7ca13cbbe,MLA44150266,RECOMMENDED_DEVICES,Dispositivos recomendados,,TVs,True,2025-04-03 12:09:12.821420,2025-04-03 12:09:12.821420
c1dc4555-a72a-4747-8519-081c4fbd5781,MLA44150266,AUDIO_AND_VIDEO_INTERFACES,Interfaces de audio y video,,HDMI,True,2025-04-03 12:09:12.821424,2025-04-03 12:09:12.821424
e741dc57-8372-479f-aa3f-a7d9cc54fca1,MLA44150266,PORTS_AND_CONNECTORS_TYPES,Tipos de puertos y conectores,,"Tarjeta micro-SD, internet rj45",True,2025-04-03 12:09:12.821427,2025-04-03 12:09:12.821427
42be8e10-dd98-4f52-824f-2aab056a2fb5,MLA44150266,WITH_BLUETOOTH,Con Bluetooth,242085,Sí,True,2025-04-03 12:09:12.821431,2025-04-03 12:09:12.821431
1a46b733-4692-43a7-b461-7ed22082ca64,MLA44150266,WITH_WI_FI,Con Wi-Fi,242085,Sí,True,2025-04-03 12:09:12.821434,2025-04-03 12:09:12.821434
295bd5c0-dd52-492e-9366-372fba79d4fc,MLA44150266,WITH_INTEGRATED_VOICE_ASSISTANTS,Con asistentes de voz integrados,242084,No,True,2025-04-03 12:09:12.821438,2025-04-03 12:09:12.821438
c74862f7-afe8-426d-bf86-cee8b371da92,MLA44150266,INCLUDES_HDMI_CABLE,Incluye cable HDMI,242085,Sí,True,2025-04-03 12:09:12.821441,2025-04-03 12:09:12.821441
c8e698aa-8c36-4e3e-a2a6-7fceaf5a6e67,MLA44150266,INCLUDES_CELL_BATTERIES,Incluye pilas,242084,No,True,2025-04-03 12:09:12.821444,2025-04-03 12:09:12.821445
6d504d7a-e773-459f-b81b-4b320c257a62,MLA44150266,LENGTH,Largo,7816454,10 cm,True,2025-04-03 12:09:12.821448,2025-04-03 12:09:12.821448
d92eb23e-35bc-46d4-9359-0944bd4a7c13,MLA44150266,WIDTH,Ancho,5795659,10 cm,True,2025-04-03 12:09:12.821451,2025-04-03 12:09:12.821452
4a493f77-5c67-47b9-ba73-234bd3566a23,MLA44150266,HEIGHT,Altura,7891817,3 cm,True,2025-04-03 12:09:12.821455,2025-04-03 12:09:12.821455
96b20e50-7ccd-412c-b6fb-076d6c2ca635,MLA44150266,WEIGHT,Peso,13223770,300 g,True,2025-04-03 12:09:12.821458,2025-04-03 12:09:12.821458
e2315bef-e215-4a42-afdd-22ffe4f16234,MLA44150266,OS_NAME,Nombre del sistema operativo,23838571,Android 10,True,2025-04-03 12:09:12.821462,2025-04-03 12:09:12.821462
7b16129d-73b4-48d1-b858-ba99f04779e2,MLA41073863,BRAND,Marca,11608014,Lirom,True,2025-04-03 12:09:12.821475,2025-04-03 12:09:12.821475
417ee854-bd44-4e1b-81f8-61d76de0dec0,MLA41073863,MODEL,Modelo,40485564,H96 Max,True,2025-04-03 12:09:12.821478,2025-04-03 12:09:12.821478
9a2d44f3-2b9f-4df5-8e7a-692805b322a9,MLA41073863,DEVICE_FORMAT,Formato del dispositivo,8616495,TV Box,True,2025-04-03 12:09:12.821482,2025-04-03 12:09:12.821482
4ab52219-03b4-488d-8700-60baeacce6f8,MLA46643069,BRAND,Marca,48184754,TV Stick TV Box,True,2025-04-03 12:09:12.821496,2025-04-03 12:09:12.821496
d9a941ac-052a-4342-9393-701719e1234e,MLA46643069,LINE,Línea,13461417,Android TV,True,2025-04-03 12:09:12.821500,2025-04-03 12:09:12.821500
236d1d5b-5e6b-4696-8236-f9f3ce244d3c,MLA46643069,MODEL,Modelo,8869529,TV Box,True,2025-04-03 12:09:12.821503,2025-04-03 12:09:12.821503
da7924a8-df71-43d0-8c96-76bcbe9d0022,MLA46643069,ALPHANUMERIC_MODEL,Modelo alfanumérico,46889298,Android 14.0,True,2025-04-03 12:09:12.821506,2025-04-03 12:09:12.821507
82627ccc-ffc1-405a-8d35-5f795e937005,MLA46643069,DEVICE_FORMAT,Formato del dispositivo,8616496,Stick,True,2025-04-03 12:09:12.821510,2025-04-03 12:09:12.821510
431d9b57-2336-4557-bcc1-a0cb14619731,MLA20209172,BRAND,Marca,4812724,MiraScreen,True,2025-04-03 12:09:12.821523,2025-04-03 12:09:12.821523
fc173172-e861-4f97-b63f-2f2bfe0b5795,MLA20209172,MODEL,Modelo,14231546,Other,True,2025-04-03 12:09:12.821526,2025-04-03 12:09:12.821527
cada4c7a-9b0a-4d3b-bf0d-565b5aa01a7b,MLA20209172,DEVICE_FORMAT,Formato del dispositivo,8616496,Stick,True,2025-04-03 12:09:12.821530,2025-04-03 12:09:12.821530
b8f473b5-27f8-482c-8b3a-9732e80bf3af,MLA34014372,BRAND,Marca,410974,Gadnic,True,2025-04-03 12:09:12.821549,2025-04-03 12:09:12.821550
16cf1c2c-7618-46cb-87a6-a6d7155d3769,MLA34014372,LINE,Línea,11616396,Tv Box,True,2025-04-03 12:09:12.821553,2025-04-03 12:09:12.821553
0196d2a5-1a72-42de-a14d-72516d54b266,MLA34014372,MODEL,Modelo,34241030,RJL260,True,2025-04-03 12:09:12.821557,2025-04-03 12:09:12.821557
0d042082-116f-4342-9da9-95d4bf160fe9,MLA34014372,MAX_VIDEO_RESOLUTION,Resolución máxima de video,169883,4K,True,2025-04-03 12:09:12.821560,2025-04-03 12:09:12.821560
1b82585d-ae70-4422-9227-144164dd8607,MLA44176706,BRAND,Marca,19130830,x88,True,2025-04-03 12:09:12.821573,2025-04-03 12:09:12.821573
ec66f2df-e3a8-4794-abce-60c28f649d09,MLA44176706,MODEL,Modelo,410943,X96,True,2025-04-03 12:09:12.821576,2025-04-03 12:09:12.821577
c7996ef2-b3ee-4495-913a-cc248c6742c4,MLA44176706,DEVICE_FORMAT,Formato del dispositivo,8616496,Stick,True,2025-04-03 12:09:12.821580,2025-04-03 12:09:12.821580
1ae7e80d-105b-48d3-a53f-8dd7432281c8,MLA22761999,BRAND,Marca,18449960,Tv Box Pro,True,2025-04-03 12:09:12.821593,2025-04-03 12:09:12.821593
1b529363-8105-435c-a253-3ac15d6a0177,MLA22761999,LINE,Línea,16105,Pro,True,2025-04-03 12:09:12.821596,2025-04-03 12:09:12.821597
17cbb99c-fc7e-4c19-afbd-a2376acbd964,MLA22761999,MODEL,Modelo,18449961,5G PRO,True,2025-04-03 12:09:12.821600,2025-04-03 12:09:12.821600
2fd53ae5-3e67-436f-8f1b-b4e495ff643b,MLA22761999,GENERATION,Generación,10910112,5.ª generación,True,2025-04-03 12:09:12.821603,2025-04-03 12:09:12.821603
b8e1b511-5378-4d64-a00d-60fb5aa2a1cf,MLA22761999,ALPHANUMERIC_MODEL,Modelo alfanumérico,14869829,Android 11.1,True,2025-04-03 12:09:12.821607,2025-04-03 12:09:12.821607
b76efb42-90c5-4d0f-af57-e5b8d1633544,MLA22761999,MAX_VIDEO_RESOLUTION,Resolución máxima de video,169883,4K,True,2025-04-03 12:09:12.821610,2025-04-03 12:09:12.821610
0019a8f6-c45f-4e3e-83b7-7aa38ea2bfb3,MLA22761999,COMPATIBLE_APPLICATIONS,Aplicaciones compatibles,,"HBO Go, Netflix, Skype, YouTube",True,2025-04-03 12:09:12.821615,2025-04-03 12:09:12.821615
c0d1693b-2bb7-4265-8bc6-afe87756ff32,MLA22761999,RECOMMENDED_DEVICES,Dispositivos recomendados,,TV,True,2025-04-03 12:09:12.821618,2025-04-03 12:09:12.821618
5b4323fe-5631-40cf-9f6a-0e984877ebee,MLA22761999,PORTS_AND_CONNECTORS_TYPES,Tipos de puertos y conectores,,"USB-B, Ethernet, Tarjeta micro-SD, DC jack",True,2025-04-03 12:09:12.821622,2025-04-03 12:09:12.821622
f6a26f25-2d13-4c25-96b3-b1ec06ac1710,MLA22761999,WITH_BLUETOOTH,Con Bluetooth,242084,No,True,2025-04-03 12:09:12.821625,2025-04-03 12:09:12.821625
f8a4a316-0869-48e3-a9e5-062e80a9c022,MLA22761999,WITH_INTEGRATED_VOICE_ASSISTANTS,Con asistentes de voz integrados,242084,No,True,2025-04-03 12:09:12.821629,2025-04-03 12:09:12.821629
c785df9a-e21b-44e4-aca7-5dadafd87026,MLA22761999,INCLUDES_HDMI_CABLE,Incluye cable HDMI,242085,Sí,True,2025-04-03 12:09:12.821632,2025-04-03 12:09:12.821632
059b573b-bdac-40e6-b2c0-b50e847bed95,MLA22761999,INCLUDES_CELL_BATTERIES,Incluye pilas,242084,No,True,2025-04-03 12:09:12.821636,2025-04-03 12:09:12.821636
f1c3a0b6-0b94-4998-b54f-c10a479bda46,MLA22761999,LENGTH,Largo,7176332,17.7 cm,True,2025-04-03 12:09:12.821639,2025-04-03 12:09:12.821639
625e340e-1fcd-4312-9bc3-711edfe6402f,MLA22761999,HEIGHT,Altura,8689294,17.7 cm,True,2025-04-03 12:09:12.821643,2025-04-03 12:09:12.821643
525786f9-4fa2-4639-85f0-5559c1f15e8e,MLA22761999,WEIGHT,Peso,13379293,400 g,True,2025-04-03 12:09:12.821646,2025-04-03 12:09:12.821646
3aeff2d1-6ca7-4b80-8af3-ce7af2851cdd,MLA22761999,OS_NAME,Nombre del sistema operativo,296858,Android,True,2025-04-03 12:09:12.821649,2025-04-03 12:09:12.821650
63e47c0c-a5a0-4517-be9c-e9aee20f6f52,MLA22761999,STREAMING_TECHNOLOGIES,Tecnologías de streaming,,Gateway,True,2025-04-03 12:09:12.821653,2025-04-03 12:09:12.821653
8e684d76-b92a-410f-8602-6b39bf6f8882,MLA22761999,AUDIO_QUALITY,Calidad de audio,,DTS Digital Surround,True,2025-04-03 12:09:12.821657,2025-04-03 12:09:12.821657
3db451df-1af7-4d29-8ef6-6e7da120905b,MLA22761999,LANGUAGE_OPTIONS,Opciones de idioma,,Español,True,2025-04-03 12:09:12.821660,2025-04-03 12:09:12.821660
d2f7de89-2b1d-4b1b-a7f1-dfc944df85aa,MLA22761999,MIN_OPERATING_SYSTEMS_REQUIRED,Sistemas operativos mínimos requeridos,,Android,True,2025-04-03 12:09:12.821664,2025-04-03 12:09:12.821664
b290d758-7a33-42b2-8bb3-adf6a9770932,MLA22761999,CPU,CPU,,RK3229,True,2025-04-03 12:09:12.821667,2025-04-03 12:09:12.821667
f9bd5b5d-457a-4a26-baf5-02ccabfdbb13,MLA22761999,GRAPHICS_PROCESSOR,Procesador gráfico,43165859,1800,True,2025-04-03 12:09:12.821670,2025-04-03 12:09:12.821671
3d467e6d-410f-404c-8574-e4398597c6ac,MLA22761999,WI_FI_STANDARDS,Estándares Wi-Fi,,"2.4GHz, 5Ghz",True,2025-04-03 12:09:12.821674,2025-04-03 12:09:12.821674
4430bf87-7192-442b-8a1a-fb9a18f47f85,MLA44121929,BRAND,Marca,9095985,Blue Sound,True,2025-04-03 12:09:12.821687,2025-04-03 12:09:12.821688
3cab4168-ad0c-4e3b-9771-3516e6361198,MLA44121929,MODEL,Modelo,24853289,N130,True,2025-04-03 12:09:12.821691,2025-04-03 12:09:12.821691
3e0b85a4-8a9f-4055-bbcd-f270b1d406c0,MLA44121929,GENERATION,Generación,8248559,3.ª generación,True,2025-04-03 12:09:12.821694,2025-04-03 12:09:12.821695
65f0ed91-c406-4d68-bdd2-9819b4183b18,MLA44121929,DEVICE_FORMAT,Formato del dispositivo,8616495,TV Box,True,2025-04-03 12:09:12.821698,2025-04-03 12:09:12.821698
8066ef58-c8c5-4b6c-bc97-15fe7cd45562,MLA44121929,AUDIO_AND_VIDEO_INTERFACES,Interfaces de audio y video,,"S/PDIF coaxial, S/PDIF óptico, USB",True,2025-04-03 12:09:12.821701,2025-04-03 12:09:12.821701
750c0033-4162-492d-813b-a112517fb02b,MLA44121929,MANUFACTURER,Fabricante,9095985,Blue Sound,True,2025-04-03 12:09:12.821705,2025-04-03 12:09:12.821705
f53929b8-7408-4929-8305-cab6dda9459f,MLA44121929,WITH_BLUETOOTH,Con Bluetooth,242085,Sí,True,2025-04-03 12:09:12.821708,2025-04-03 12:09:12.821708
73879641-dda8-48cc-be9b-cadfc7dcd85b,MLA44121929,WITH_WI_FI,Con Wi-Fi,242085,Sí,True,2025-04-03 12:09:12.821713,2025-04-03 12:09:12.821713
83c65ade-ea55-46c6-a8c9-bcae0e1757cb,MLA44121929,WITH_INTEGRATED_VOICE_ASSISTANTS,Con asistentes de voz integrados,242084,No,True,2025-04-03 12:09:12.821716,2025-04-03 12:09:12.821716
13c98fcb-45f4-40b7-958e-f9ebc044ee96,MLA44121929,INCLUDES_HDMI_CABLE,Incluye cable HDMI,242084,No,True,2025-04-03 12:09:12.821720,2025-04-03 12:09:12.821720
2f2f0ff7-c138-4055-9076-708ec3fd1106,MLA44121929,INCLUDES_CELL_BATTERIES,Incluye pilas,242084,No,True,2025-04-03 12:09:12.821723,2025-04-03 12:09:12.821723
258a475a-ab8a-45a4-94fc-eaedd1ecc724,MLA44121929,LENGTH,Largo,18148146,14.6 cm,True,2025-04-03 12:09:12.821727,2025-04-03 12:09:12.821727
4996efdb-e094-4356-8a58-ced60667d4c8,MLA44121929,WIDTH,Ancho,7860537,22 cm,True,2025-04-03 12:09:12.821730,2025-04-03 12:09:12.821730
4214a662-22ba-40fc-9de8-5e86c49ebdf0,MLA44121929,HEIGHT,Altura,14792546,4.6 cm,True,2025-04-03 12:09:12.821734,2025-04-03 12:09:12.821734
77e7105a-f2ed-4022-a4a7-512ce2e2c97d,MLA44121929,WEIGHT,Peso,18478277,1.1 g,True,2025-04-03 12:09:12.821737,2025-04-03 12:09:12.821737
bc8f6740-2b52-4249-bc19-4a149a9e0ac0,MLA44178809,BRAND,Marca,44160183,Soundsmart,True,2025-04-03 12:09:12.821751,2025-04-03 12:09:12.821752
18c6eeb5-0c0c-4796-88e9-2d360213766c,MLA44178809,LINE,Línea,27844262,Streaming,True,2025-04-03 12:09:12.821755,2025-04-03 12:09:12.821755
26d05d9f-38b8-4fe7-ae91-d9e82a2eb209,MLA44178809,MODEL,Modelo,519154,SE10,True,2025-04-03 12:09:12.821758,2025-04-03 12:09:12.821758
4efc610e-12d0-40bb-82d1-a145fc49d9b0,MLA44178809,DEVICE_FORMAT,Formato del dispositivo,9234856,Pendant Box,True,2025-04-03 12:09:12.821762,2025-04-03 12:09:12.821762
45466d5b-10a1-48b1-8ba3-95b0484a8c4a,MLA44178809,WITH_WI_FI,Con Wi-Fi,242085,Sí,True,2025-04-03 12:09:12.821765,2025-04-03 12:09:12.821765
99f6cbc8-5db3-4c8d-83ad-b20ef325e1f8,MLA18614527,BRAND,Marca,8847380,AnyCast,True,2025-04-03 12:09:12.821785,2025-04-03 12:09:12.821785
cfe52fd4-1fac-4e05-a876-5da6bcf0de92,MLA18614527,MODEL,Modelo,11366572,M9 Plus,True,2025-04-03 12:09:12.821788,2025-04-03 12:09:12.821788
8f2f8b58-572f-47bb-9e4f-4463c8a31700,MLA18614527,DEVICE_FORMAT,Formato del dispositivo,8616496,Stick,True,2025-04-03 12:09:12.821792,2025-04-03 12:09:12.821792
5c5bc97c-fdde-48ee-bf1d-9d5d4391c022,MLA18614527,MAX_VIDEO_RESOLUTION,Resolución máxima de video,13356127,Full HD 1080p,True,2025-04-03 12:09:12.821795,2025-04-03 12:09:12.821795
ba00f888-aac2-4396-a697-e2bdcb5c8d2c,MLA18614527,COMPATIBLE_APPLICATIONS,Aplicaciones compatibles,,EZMira,True,2025-04-03 12:09:12.821798,2025-04-03 12:09:12.821799
65c4d5c5-f25c-4665-9b15-7126f2132609,MLA18614527,RECOMMENDED_DEVICES,Dispositivos recomendados,,"Televisores, Monitores, Proyectores, Tablets, Computadoras, Celulares",True,2025-04-03 12:09:12.821802,2025-04-03 12:09:12.821802
2d04af01-ef43-45c2-ab40-2ce0228a59aa,MLA18614527,AUDIO_AND_VIDEO_INTERFACES,Interfaces de audio y video,,HDMI,True,2025-04-03 12:09:12.821805,2025-04-03 12:09:12.821806
1843ed66-ae0c-4c47-9b6b-f8d6a852d375,MLA18614527,PORTS_AND_CONNECTORS_TYPES,Tipos de puertos y conectores,,"USB, Micro-USB",True,2025-04-03 12:09:12.821809,2025-04-03 12:09:12.821809
20ad8a36-35a8-430d-ab24-708b8a903f06,MLA18614527,ANATEL_HOMOLOGATION_NUMBER,Homologación Anatel Nº,41619913,157262003177,True,2025-04-03 12:09:12.821812,2025-04-03 12:09:12.821812
b7f42764-b174-4752-8806-e6bfad167910,MLA18614527,WITH_BLUETOOTH,Con Bluetooth,242084,No,True,2025-04-03 12:09:12.821816,2025-04-03 12:09:12.821816
9da6bbed-8800-4fca-b401-b6360d8eb81b,MLA18614527,WITH_WI_FI,Con Wi-Fi,242085,Sí,True,2025-04-03 12:09:12.821819,2025-04-03 12:09:12.821820
6b713a69-fdc4-4896-890e-1e3bf7a5e997,MLA18614527,WITH_INTEGRATED_VOICE_ASSISTANTS,Con asistentes de voz integrados,242084,No,True,2025-04-03 12:09:12.821824,2025-04-03 12:09:12.821824
bf22160f-a63b-4480-b84d-7afc69c5e629,MLA18614527,INCLUDES_HDMI_CABLE,Incluye cable HDMI,242085,Sí,True,2025-04-03 12:09:12.821828,2025-04-03 12:09:12.821828
5ef3da13-489e-49dc-ad3f-ad16ef5de481,MLA18614527,LENGTH,Largo,17073672,6.8 cm,True,2025-04-03 12:09:12.821831,2025-04-03 12:09:12.821831
4dc1026d-e970-41ea-b3b3-183f1bbf8f5a,MLA18614527,WIDTH,Ancho,9386936,6.8 cm,True,2025-04-03 12:09:12.821835,2025-04-03 12:09:12.821835
35f7521c-e4a6-484d-babe-7637dc387d3f,MLA18614527,HEIGHT,Altura,10576860,1.3 cm,True,2025-04-03 12:09:12.821838,2025-04-03 12:09:12.821838
e2d5bffc-1576-4fdc-97f3-b30176ed3515,MLA18614527,WEIGHT,Peso,14328536,80 g,True,2025-04-03 12:09:12.821842,2025-04-03 12:09:12.821842
9ad16ebb-d3a2-4bb5-9318-e5293bb32bea,MLA18614527,OS_NAME,Nombre del sistema operativo,296858,Android,True,2025-04-03 12:09:12.821845,2025-04-03 12:09:12.821845
1869e420-874f-49f2-be3d-a0ef16ecddad,MLA18614527,STREAMING_TECHNOLOGIES,Tecnologías de streaming,,"Miracast, AirPlay, EZMira",True,2025-04-03 12:09:12.821848,2025-04-03 12:09:12.821849
86a57ca6-cee6-4711-a91c-09936765e803,MLA18614527,LANGUAGE_OPTIONS,Opciones de idioma,,Multilenguaje,True,2025-04-03 12:09:12.821852,2025-04-03 12:09:12.821852
e21552ab-92c0-471b-87d7-42cce88a7561,MLA18614527,MIN_OPERATING_SYSTEMS_REQUIRED,Sistemas operativos mínimos requeridos,,"Android, Windows, iOS 7.0",True,2025-04-03 12:09:12.821855,2025-04-03 12:09:12.821856
e764350b-55fd-4198-af1c-4b6b559950c8,MLA18614527,CPU,CPU,,Rockchip RK3036 Cortex-A7 Dual-Core,True,2025-04-03 12:09:12.821859,2025-04-03 12:09:12.821859
79ab4682-205f-47e9-93ff-cb98fe702be2,MLA18614527,GRAPHICS_PROCESSOR,Procesador gráfico,7738795,Mali-400 MP,True,2025-04-03 12:09:12.821862,2025-04-03 12:09:12.821862
5c125061-7df7-457b-88b6-dc033a417618,MLA18614527,WI_FI_STANDARDS,Estándares Wi-Fi,,IEEE 802.11b/g/n,True,2025-04-03 12:09:12.821865,2025-04-03 12:09:12.821866
dca40f85-a9ce-4ac2-831a-e0c8fb60ecac,MLA18614527,FREQUENCIES,Frecuencias,,2.4 GHz,True,2025-04-03 12:09:12.821869,2025-04-03 12:09:12.821869
32278379-216f-47ae-aadb-4531892113cd,MLA18614527,DEVICE_OPERATING_VOLTAGE,Voltaje de funcionamiento,8631470,5 V,True,2025-04-03 12:09:12.821872,2025-04-03 12:09:12.821873
8dc06a7b-0512-40bc-bca4-04a07e7d4630,MLA27234204,BRAND,Marca,27216,Amazon,True,2025-04-03 12:09:12.821886,2025-04-03 12:09:12.821886
af84ec4d-7fed-462f-9ab0-2479e585b2f4,MLA27234204,LINE,Línea,48887346,Fire TV Stick 3rd Gen,True,2025-04-03 12:09:12.821889,2025-04-03 12:09:12.821889
748eca38-1f8b-4107-a1f7-ddd87d48cf1c,MLA27234204,MODEL,Modelo,11158915,Fire TV Stick,True,2025-04-03 12:09:12.821892,2025-04-03 12:09:12.821893
3bfbc012-e7ca-41b9-b477-8b0fb351f472,MLA27234204,GENERATION,Generación,8248559,3.ª generación,True,2025-04-03 12:09:12.821896,2025-04-03 12:09:12.821896
f3667330-63fa-4152-b7cc-36f102a10cfc,MLA44049282,BRAND,Marca,14199722,Tv Box,True,2025-04-03 12:09:12.821909,2025-04-03 12:09:12.821909
29b52c6e-f963-4c5e-a57a-16b4c7e37dcb,MLA44049282,MODEL,Modelo,44545060,Modelo :8k 618-t,True,2025-04-03 12:09:12.821912,2025-04-03 12:09:12.821912
5c07b284-2c45-4612-a4ee-400681d7007b,MLA44049282,GENERATION,Generación,11329213,12°,True,2025-04-03 12:09:12.821915,2025-04-03 12:09:12.821916
1a6e795f-1ce8-440f-b4c9-15b2d9e5a7ba,MLA44049282,ALPHANUMERIC_MODEL,Modelo alfanumérico,44545053,8k: 618-t,True,2025-04-03 12:09:12.821919,2025-04-03 12:09:12.821919
3e3ec032-7c44-4472-9113-d20672728f9d,MLA44049282,DEVICE_FORMAT,Formato del dispositivo,8616495,TV Box,True,2025-04-03 12:09:12.821922,2025-04-03 12:09:12.821923
ae7d8640-9555-40ff-b660-b4ee5e204cd4,MLA44049282,MAX_VIDEO_RESOLUTION,Resolución máxima de video,17863660,8K,True,2025-04-03 12:09:12.821926,2025-04-03 12:09:12.821926
10d0e773-d2a9-4e67-b74e-765783334b1d,MLA44049282,AUDIO_AND_VIDEO_INTERFACES,Interfaces de audio y video,,HDMI entrada auxiliar tarjeta de memoria 2 puertos USB entrada de video,True,2025-04-03 12:09:12.821929,2025-04-03 12:09:12.821930
92f45841-775e-428b-9319-d6710c7a1fe6,MLA44049282,WITH_BLUETOOTH,Con Bluetooth,242085,Sí,True,2025-04-03 12:09:12.821933,2025-04-03 12:09:12.821933
55abd447-3c0a-4cb0-a6d6-b5e993e23183,MLA44049282,WITH_WI_FI,Con Wi-Fi,242085,Sí,True,2025-04-03 12:09:12.821936,2025-04-03 12:09:12.821936
d47816e7-395a-40ae-b12d-5168b097d270,MLA44049282,WITH_INTEGRATED_VOICE_ASSISTANTS,Con asistentes de voz integrados,242085,Sí,True,2025-04-03 12:09:12.821940,2025-04-03 12:09:12.821940
e24d7b71-2f4f-4009-b350-5f4e7187883c,MLA41083727,BRAND,Marca,206,Samsung,True,2025-04-03 12:09:12.821954,2025-04-03 12:09:12.821954
4200a9cb-87c5-47c5-b4cb-8fca1a932655,MLA41083727,MODEL,Modelo,49839,Gemini,True,2025-04-03 12:09:12.821958,2025-04-03 12:09:12.821958
dee26957-5516-422e-9a57-76c60dc3026d,MLA41083727,DEVICE_FORMAT,Formato del dispositivo,8616496,Stick,True,2025-04-03 12:09:12.821961,2025-04-03 12:09:12.821961
5d8e1c75-0ba2-4219-9466-ebf1a80bad4f,MLA23952431,BRAND,Marca,20036598,Optimus Technology,True,2025-04-03 12:09:12.821975,2025-04-03 12:09:12.821975
2d6989ed-e65c-4996-a93b-53e2a178bcab,MLA23952431,MODEL,Modelo,20036600,Android 12,True,2025-04-03 12:09:12.821978,2025-04-03 12:09:12.821978
f3120c08-7d91-4ff5-a149-be6c931bdec4,MLA23952431,DEVICE_FORMAT,Formato del dispositivo,8616495,TV Box,True,2025-04-03 12:09:12.821981,2025-04-03 12:09:12.821982
e3651884-405f-40d8-a5a4-56ea73362bdc,MLA23952431,MAX_VIDEO_RESOLUTION,Resolución máxima de video,169883,4K,True,2025-04-03 12:09:12.821985,2025-04-03 12:09:12.821985
68065757-f1f5-4360-93ff-7039adca834d,MLA23952431,COMPATIBLE_APPLICATIONS,Aplicaciones compatibles,,"Netflix, Prime Video, HBO Max, YouTube, Google Play, Star +",True,2025-04-03 12:09:12.821988,2025-04-03 12:09:12.821989
3f3d3c4c-4d77-4657-b42e-3311520e66b0,MLA23952431,RECOMMENDED_DEVICES,Dispositivos recomendados,,Televisores,True,2025-04-03 12:09:12.821992,2025-04-03 12:09:12.821992
2e3c5569-1748-4387-abd2-b8327b52046b,MLA23952431,AUDIO_AND_VIDEO_INTERFACES,Interfaces de audio y video,,4k,True,2025-04-03 12:09:12.821995,2025-04-03 12:09:12.821996
f8ad39c8-b050-479b-974e-22fcecf2809f,MLA23952431,PORTS_AND_CONNECTORS_TYPES,Tipos de puertos y conectores,,2 USB 2.0,True,2025-04-03 12:09:12.821999,2025-04-03 12:09:12.821999
6569540a-4e6f-4578-a8d7-f8b8c5fdf3df,MLA23952431,MANUFACTURER,Fabricante,20036598,Optimus Technology,True,2025-04-03 12:09:12.822002,2025-04-03 12:09:12.822003
f074a260-7990-42ea-a440-447ac4cbf316,MLA23952431,WITH_BLUETOOTH,Con Bluetooth,242084,No,True,2025-04-03 12:09:12.822006,2025-04-03 12:09:12.822006
85b35a38-bc50-4bb5-94ee-20b33043bed3,MLA23952431,WITH_WI_FI,Con Wi-Fi,242085,Sí,True,2025-04-03 12:09:12.822010,2025-04-03 12:09:12.822010
5818cf7c-8d70-4c88-adb4-4f2c26e5bd91,MLA23952431,INCLUDES_HDMI_CABLE,Incluye cable HDMI,242085,Sí,True,2025-04-03 12:09:12.822013,2025-04-03 12:09:12.822013
29aeb28b-83b1-4416-8b6d-7299cc27f795,MLA23952431,OS_NAME,Nombre del sistema operativo,20036599,Android 12.0,True,2025-04-03 12:09:12.822016,2025-04-03 12:09:12.822017
c949c47b-f188-41c0-9d66-5f1b06d613b0,MLA23952431,WI_FI_STANDARDS,Estándares Wi-Fi,,IEEE 802.11 a/b/g/n,True,2025-04-03 12:09:12.822020,2025-04-03 12:09:12.822020
88bd5627-c337-4a72-8c16-4898fe240f12,MLA23952431,FREQUENCIES,Frecuencias,,"2.4ghz, 5ghZ",True,2025-04-03 12:09:12.822023,2025-04-03 12:09:12.822023
cbddbb6c-f9e0-435a-9b76-ef47fbdf1dc0,MLA37928134,BRAND,Marca,1175465,Proeletronic,True,2025-04-03 12:09:12.822081,2025-04-03 12:09:12.822081
955f93ef-b201-4046-8413-a6d55c6e48a9,MLA37928134,MODEL,Modelo,39026980,Smart tv BOX 4K PROSB-2000,True,2025-04-03 12:09:12.822085,2025-04-03 12:09:12.822085
85b47923-4efe-46e7-ac6e-a4cc7bedda04,MLA37928134,GENERATION,Generación,10910112,5.ª generación,True,2025-04-03 12:09:12.822088,2025-04-03 12:09:12.822088
f0d4c975-8d9a-49e3-9021-52689f9206dc,MLA37928134,ALPHANUMERIC_MODEL,Modelo alfanumérico,9775702,PROSB-2000/2GB,True,2025-04-03 12:09:12.822092,2025-04-03 12:09:12.822092
b63e4e53-7b63-45ec-90eb-746fc40cb6f3,MLA37928134,ANATEL_HOMOLOGATION_NUMBER,Homologación Anatel Nº,40365855,44981910390,True,2025-04-03 12:09:12.822095,2025-04-03 12:09:12.822095
6ec57142-ae5f-4d31-aa83-19afa9cff347,MLA46070630,BRAND,Marca,25683458,Smart Pro™,True,2025-04-03 12:09:12.822114,2025-04-03 12:09:12.822115
7452d0c7-65f4-4e94-8a70-981b88884ce4,MLA46070630,LINE,Línea,47485832,Pro Amazon,True,2025-04-03 12:09:12.822118,2025-04-03 12:09:12.822118
1ab16ec6-a7b4-4ef0-aecc-0dd28f172f9e,MLA46070630,MODEL,Modelo,47485833,Smart Mais Prime,True,2025-04-03 12:09:12.822122,2025-04-03 12:09:12.822122
82baa616-9bf1-47a3-b554-b23f7ade8989,MLA46070630,GENERATION,Generación,44151570,3ª generación,True,2025-04-03 12:09:12.822125,2025-04-03 12:09:12.822125
3e5f7a85-e3cc-429c-95a6-67dda874130d,MLA46070630,ALPHANUMERIC_MODEL,Modelo alfanumérico,47485831,NETFLIX,True,2025-04-03 12:09:12.822128,2025-04-03 12:09:12.822129
2fd167c5-656f-4567-9eb1-a417b441fe8a,MLA46070630,DEVICE_FORMAT,Formato del dispositivo,8616495,TV Box,True,2025-04-03 12:09:12.822132,2025-04-03 12:09:12.822132
99cc9cf2-5398-4fc9-a4b6-74be180bd7be,MLA24219630,BRAND,Marca,59387,Xiaomi,True,2025-04-03 12:09:12.822151,2025-04-03 12:09:12.822151
a2929476-b175-4cf9-af5c-854b3918e8be,MLA24219630,LINE,Línea,20457880,Tv Box S,True,2025-04-03 12:09:12.822155,2025-04-03 12:09:12.822155
2413ec01-5bc9-45ec-88c4-0d363924f9b0,MLA24219630,MODEL,Modelo,18898691,Xiaomi TV Box S,True,2025-04-03 12:09:12.822158,2025-04-03 12:09:12.822158
489e6889-dcf9-49b2-a6fc-7a15d57d5595,MLA24219630,GENERATION,Generación,11281876,2.ª generación,True,2025-04-03 12:09:12.822162,2025-04-03 12:09:12.822162
5a878402-bc8d-4775-90e4-acaa400cab92,MLA24219630,ALPHANUMERIC_MODEL,Modelo alfanumérico,18898690,MDZ-28-AA,True,2025-04-03 12:09:12.822165,2025-04-03 12:09:12.822165
2b5d336f-567a-414e-8ebc-8066f3edaaf6,MLA24219630,MANUFACTURER,Fabricante,59387,Xiaomi,True,2025-04-03 12:09:12.822168,2025-04-03 12:09:12.822169
9c2fd443-88bb-4d86-8a89-7d3ed92b3599,MLA24219630,WITH_INTEGRATED_VOICE_ASSISTANTS,Con asistentes de voz integrados,242085,Sí,True,2025-04-03 12:09:12.822172,2025-04-03 12:09:12.822172
6ece802a-80f9-4d43-8969-2499731ab51e,MLA24219630,INTEGRATED_VOICE_ASSISTANTS,Asistentes de voz integrados,,Google Assistant,True,2025-04-03 12:09:12.822175,2025-04-03 12:09:12.822175
51fd827b-9a2e-4bce-b369-d7a73417816d,MLA24219630,LENGTH,Largo,40359030,9.525 cm,True,2025-04-03 12:09:12.822179,2025-04-03 12:09:12.822179
c5164dc7-b818-4a51-bf7e-038fd2a2304a,MLA24219630,WIDTH,Ancho,31767652,1.67 cm,True,2025-04-03 12:09:12.822182,2025-04-03 12:09:12.822182
d714c998-acba-49f8-a211-9afa2a882f34,MLA24219630,HEIGHT,Altura,48588080,9.525 cm,True,2025-04-03 12:09:12.822186,2025-04-03 12:09:12.822186
4e0300b1-6c37-4f39-ae2d-ac49407b6bdc,MLA24219630,WEIGHT,Peso,16910220,142 g,True,2025-04-03 12:09:12.822190,2025-04-03 12:09:12.822191
68cb4644-8e10-4582-8c3d-08c7aedfcedf,MLA24219630,OS_NAME,Nombre del sistema operativo,13310224,Google TV,True,2025-04-03 12:09:12.822194,2025-04-03 12:09:12.822194
76f01238-320a-4f9b-a27d-b33c18b17c8e,MLA24219630,CPU,CPU,,Quad-core 2.0 GHz (ARM Cortex-A55),True,2025-04-03 12:09:12.822197,2025-04-03 12:09:12.822198
41b43737-75a0-4be8-aba6-3a1dd5a3328a,MLA24219630,GRAPHICS_PROCESSOR,Procesador gráfico,34722080,ARM Mali-G31 MP2,True,2025-04-03 12:09:12.822201,2025-04-03 12:09:12.822201
2ba419dc-af85-4fc6-8c58-b8dfd9ba660e,MLA24219630,WI_FI_STANDARDS,Estándares Wi-Fi,,IEEE 802.11a/b/g/n/ac,True,2025-04-03 12:09:12.822204,2025-04-03 12:09:12.822205
c0de3a40-87ea-4328-be70-1b46ab7da9ba,MLA24219630,FREQUENCIES,Frecuencias,,"2.4 GHz, 5 GHz",True,2025-04-03 12:09:12.822208,2025-04-03 12:09:12.822208
247030c3-eb88-4b24-843f-43085f295ae0,MLA24219630,DEVICE_OPERATING_VOLTAGE,Voltaje de funcionamiento,12151728,5.2 V,True,2025-04-03 12:09:12.822211,2025-04-03 12:09:12.822211
672ba5f3-8fa5-4798-bd1e-30458039f618,MLA20255929,BRAND,Marca,31163,Multilaser,True,2025-04-03 12:09:12.822255,2025-04-03 12:09:12.822256
41975e75-c881-4c36-802d-999e5ee8b672,MLA20255929,MODEL,Modelo,14304637,DG001,True,2025-04-03 12:09:12.822259,2025-04-03 12:09:12.822259
6bfc9daf-b6c6-4d69-9c92-3adcfaea9420,MLA20255929,ALPHANUMERIC_MODEL,Modelo alfanumérico,14304636,DG001,True,2025-04-03 12:09:12.822262,2025-04-03 12:09:12.822263
1316b232-da45-43bf-b7b1-e7355fa3128e,MLA20255929,DEVICE_FORMAT,Formato del dispositivo,9234856,Pendant Box,True,2025-04-03 12:09:12.822266,2025-04-03 12:09:12.822266
b60b7d0e-1a29-4219-a449-b56faf523722,MLA20255929,ANATEL_HOMOLOGATION_NUMBER,Homologación Anatel Nº,41605243,70641906569,True,2025-04-03 12:09:12.822269,2025-04-03 12:09:12.822269
bb020ced-039c-4d01-a047-4df09ac188f8,MLA20255929,OS_NAME,Nombre del sistema operativo,19898179,android e ios,True,2025-04-03 12:09:12.822273,2025-04-03 12:09:12.822273
17402958-f098-468b-bb95-1829add69737,MLA45643642,BRAND,Marca,11166712,Luo,True,2025-04-03 12:09:12.822286,2025-04-03 12:09:12.822286
56b23b7e-507f-4dbb-9d83-588477d6e235,MLA45643642,MODEL,Modelo,46882604,LUO,True,2025-04-03 12:09:12.822289,2025-04-03 12:09:12.822290
170a5d5e-4353-4397-86db-83ef097c1df3,MLA45643642,GENERATION,Generación,11011815,5°,True,2025-04-03 12:09:12.822293,2025-04-03 12:09:12.822293
d53c5ed9-eab4-48c2-a4c9-928fff90f891,MLA45643642,COLOR,Color,52049,Negro,True,2025-04-03 12:09:12.822296,2025-04-03 12:09:12.822296
c3fe3f74-24f1-4efa-b5de-35026062d559,MLA45643642,STORAGE_CAPACITY,Capacidad de almacenamiento,47780,512 GB,True,2025-04-03 12:09:12.822300,2025-04-03 12:09:12.822300
5338e79e-134c-49bb-b2bb-387d98ed559a,MLA45643642,RAM_MEMORY,Memoria RAM,9051468,256 GB,True,2025-04-03 12:09:12.822303,2025-04-03 12:09:12.822303
b5c10089-e707-4918-ab73-6697aae9d16f,MLA45643642,REMOTE_CONTROL_TYPE,Tipo de control remoto,182134,Estándar,True,2025-04-03 12:09:12.822308,2025-04-03 12:09:12.822308
49109687-6572-4b57-92ca-5cd1da01fee1,MLA45643642,DEVICE_FORMAT,Formato del dispositivo,8616495,TV Box,True,2025-04-03 12:09:12.822311,2025-04-03 12:09:12.822311
5466b8f4-6722-4989-ad97-16ecc71aa8ab,MLA45643642,MAX_VIDEO_RESOLUTION,Resolución máxima de video,169883,4K,True,2025-04-03 12:09:12.822315,2025-04-03 12:09:12.822315
9c8bce16-1966-44fa-bfde-041a47ea2b25,MLA45643642,AUDIO_AND_VIDEO_INTERFACES,Interfaces de audio y video,,HDMI,True,2025-04-03 12:09:12.822318,2025-04-03 12:09:12.822318
c1a7e0b3-cfc5-4ac2-b188-578ec3ab3288,MLA45643642,PORTS_AND_CONNECTORS_TYPES,Tipos de puertos y conectores,,USB-A,True,2025-04-03 12:09:12.822322,2025-04-03 12:09:12.822322
d2433ac9-7a50-4b69-a5fe-94c7db64cd81,MLA45643642,WITH_BLUETOOTH,Con Bluetooth,242084,No,True,2025-04-03 12:09:12.822325,2025-04-03 12:09:12.822325
0e82c9ea-8443-498f-b6a1-e72caf28b9a7,MLA45643642,WITH_WI_FI,Con Wi-Fi,242085,Sí,True,2025-04-03 12:09:12.822329,2025-04-03 12:09:12.822329
a3717162-5447-4252-8d60-01be7004a65c,MLA45643642,WITH_INTEGRATED_VOICE_ASSISTANTS,Con asistentes de voz integrados,242084,No,True,2025-04-03 12:09:12.822332,2025-04-03 12:09:12.822332
3b2447cb-b351-4349-97d2-20bbf81c9d55,MLA45643642,INCLUDES_HDMI_CABLE,Incluye cable HDMI,242085,Sí,True,2025-04-03 12:09:12.822336,2025-04-03 12:09:12.822336
43710c7e-e2bd-4809-8ca1-b751f2cbba02,MLA45643642,INCLUDES_CELL_BATTERIES,Incluye pilas,242084,No,True,2025-04-03 12:09:12.822339,2025-04-03 12:09:12.822339
0ef6c95c-ddd6-4156-b659-a8bb3d84242d,MLA45643642,LENGTH,Largo,8865109,11.5 cm,True,2025-04-03 12:09:12.822343,2025-04-03 12:09:12.822343
0a997e5c-0035-41bb-aee1-64388c4cbf3b,MLA45643642,WIDTH,Ancho,8053647,11.5 cm,True,2025-04-03 12:09:12.822346,2025-04-03 12:09:12.822346
535e6907-fb1d-4168-9c41-73857f6b1f0d,MLA45643642,HEIGHT,Altura,7908260,2.5 cm,True,2025-04-03 12:09:12.822350,2025-04-03 12:09:12.822350
0c93210c-12c7-4497-96e5-60224f12c7d5,MLA45643642,WEIGHT,Peso,14410270,200 g,True,2025-04-03 12:09:12.822353,2025-04-03 12:09:12.822354
2ab3c24a-55ed-44b9-ba67-d3d651a25d36,MLA45643642,OS_NAME,Nombre del sistema operativo,46882610,Android 14.1,True,2025-04-03 12:09:12.822357,2025-04-03 12:09:12.822357
a71c7a9b-8b9f-44ec-bf49-7be68e7bfd45,MLA44098335,BRAND,Marca,38483540,Lihuzmd,True,2025-04-03 12:09:12.822377,2025-04-03 12:09:12.822377
7cfd2e3e-ad8f-4772-95ac-2fe4230225cf,MLA44098335,MODEL,Modelo,42887163,6K Ultra HD,True,2025-04-03 12:09:12.822381,2025-04-03 12:09:12.822381
f0509580-a6cc-4733-b655-c06c9c6612b7,MLA44098335,DEVICE_FORMAT,Formato del dispositivo,8616495,TV Box,True,2025-04-03 12:09:12.822384,2025-04-03 12:09:12.822384
9c625936-6ff0-45ce-8dc8-2788f5e67496,MLA44098335,MAX_VIDEO_RESOLUTION,Resolución máxima de video,23838568,6K,True,2025-04-03 12:09:12.822387,2025-04-03 12:09:12.822388
d54f7e22-6919-4dab-ab39-e9e1074ad3a1,MLA23224956,BRAND,Marca,19079620,Dynalink,True,2025-04-03 12:09:12.822401,2025-04-03 12:09:12.822401
40f01944-bc3c-4aa7-ba5c-92e7b4efb600,MLA23224956,MODEL,Modelo,8894347,TV Box 4K,True,2025-04-03 12:09:12.822404,2025-04-03 12:09:12.822404
20f8d123-e0e0-40dc-b40c-4c9cb1410feb,MLA23224956,ALPHANUMERIC_MODEL,Modelo alfanumérico,19079619,DL-ATV36,True,2025-04-03 12:09:12.822408,2025-04-03 12:09:12.822408
231a8910-42a1-44db-b79e-f8f6ae7dce01,MLA23224956,WITH_BLUETOOTH,Con Bluetooth,242085,Sí,True,2025-04-03 12:09:12.822411,2025-04-03 12:09:12.822411
e7402f0c-54e0-469d-9bf5-fd1e6cc4bb80,MLA23224956,INCLUDES_HDMI_CABLE,Incluye cable HDMI,242085,Sí,True,2025-04-03 12:09:12.822415,2025-04-03 12:09:12.822415
93f954bd-32f7-42db-895b-30b6cafa3de3,MLA23224956,OS_NAME,Nombre del sistema operativo,296858,Android,True,2025-04-03 12:09:12.822422,2025-04-03 12:09:12.822422
3182aa99-1939-4762-8ba1-d37e42896268,MLA17795952,BRAND,Marca,50341,Steren,True,2025-04-03 12:09:12.822442,2025-04-03 12:09:12.822443
44846a49-e601-494b-b775-a8e68956730e,MLA17795952,MODEL,Modelo,49074918,Adaptador WI-FI a TV,True,2025-04-03 12:09:12.822446,2025-04-03 12:09:12.822446
ac97a78b-144d-46d9-94eb-33eb4c3ef2fa,MLA17795952,ALPHANUMERIC_MODEL,Modelo alfanumérico,10201674,INTV-060,True,2025-04-03 12:09:12.822449,2025-04-03 12:09:12.822450
87f0be27-c485-45c1-8eab-67b74d017273,MLA17795952,DEVICE_FORMAT,Formato del dispositivo,8616496,Stick,True,2025-04-03 12:09:12.822453,2025-04-03 12:09:12.822453
239d307a-a317-439f-9319-cb273f204402,MLA17795952,MAX_VIDEO_RESOLUTION,Resolución máxima de video,168332,Full HD,True,2025-04-03 12:09:12.822456,2025-04-03 12:09:12.822457
ffce17b8-eece-4d99-be45-96e44cd0cdc2,MLA17795952,RECOMMENDED_DEVICES,Dispositivos recomendados,,"Celulares, Tablets, Televisores",True,2025-04-03 12:09:12.822460,2025-04-03 12:09:12.822460
05bc15d3-aeed-4a9e-8699-8139e0d4a37b,MLA17795952,AUDIO_AND_VIDEO_INTERFACES,Interfaces de audio y video,,HDMI,True,2025-04-03 12:09:12.822464,2025-04-03 12:09:12.822464
1d956e8f-dff6-4622-9d12-c50554bec8e5,MLA17795952,PORTS_AND_CONNECTORS_TYPES,Tipos de puertos y conectores,,USB-A,True,2025-04-03 12:09:12.822467,2025-04-03 12:09:12.822467
8f1229c3-815c-4c2f-9499-a67e2b020e47,MLA17795952,WITH_BLUETOOTH,Con Bluetooth,242085,Sí,True,2025-04-03 12:09:12.822470,2025-04-03 12:09:12.822471
85137f27-5690-4893-abd0-64573464586b,MLA17795952,WITH_WI_FI,Con Wi-Fi,242085,Sí,True,2025-04-03 12:09:12.822474,2025-04-03 12:09:12.822474
11eff5db-fe13-49e2-b16e-f54d0c7600bd,MLA17795952,WITH_INTEGRATED_VOICE_ASSISTANTS,Con asistentes de voz integrados,242084,No,True,2025-04-03 12:09:12.822477,2025-04-03 12:09:12.822478
78705b5c-276a-467d-9bd7-8fc3ec7241bd,MLA17795952,INCLUDES_HDMI_CABLE,Incluye cable HDMI,242084,No,True,2025-04-03 12:09:12.822481,2025-04-03 12:09:12.822481
9bd659d8-3431-4432-9110-8c39a1eacdb8,MLA17795952,INCLUDES_CELL_BATTERIES,Incluye pilas,242084,No,True,2025-04-03 12:09:12.822484,2025-04-03 12:09:12.822485
fbf37197-76c0-4331-ab5d-0740250202a4,MLA17795952,OS_NAME,Nombre del sistema operativo,296858,Android,True,2025-04-03 12:09:12.822488,2025-04-03 12:09:12.822488
cb3f0948-9d25-4c4e-a698-2c9792b2c89f,MLA17795952,STREAMING_TECHNOLOGIES,Tecnologías de streaming,,"AirPlay, Miracast, DLNA",True,2025-04-03 12:09:12.822491,2025-04-03 12:09:12.822491
d1e7ba52-9175-41eb-b943-a2c2f524d6a6,MLA17795952,MIN_OPERATING_SYSTEMS_REQUIRED,Sistemas operativos mínimos requeridos,,"Android, iOS",True,2025-04-03 12:09:12.822495,2025-04-03 12:09:12.822495
097d7e2f-6986-435c-a522-df83a835ca6c,MLA17795952,CPU,CPU,,Amlogic AM8252,True,2025-04-03 12:09:12.822499,2025-04-03 12:09:12.822500
2c5ecbf5-db6a-4c93-9597-588b43627eaf,MLA17795952,WI_FI_STANDARDS,Estándares Wi-Fi,,IEEE 802.11b/g/n,True,2025-04-03 12:09:12.822503,2025-04-03 12:09:12.822503
26db9105-dd45-4f6f-9d44-8706f4a71e79,MLA17795952,DEVICE_OPERATING_VOLTAGE,Voltaje de funcionamiento,8631470,5 V,True,2025-04-03 12:09:12.822507,2025-04-03 12:09:12.822507
33388a7d-91dd-4ad0-b7cf-4f442c12cb4e,MLA42226421,BRAND,Marca,43798982,Junerain,True,2025-04-03 12:09:12.822533,2025-04-03 12:09:12.822533
d4684fe5-888d-4c01-b82c-2bbf52e91c43,MLA42226421,MODEL,Modelo,40343492,RBOX,True,2025-04-03 12:09:12.822537,2025-04-03 12:09:12.822537
c4436829-3424-49f3-863a-3c463b71070e,MLA42226421,COLOR,Color,52049,Negro,True,2025-04-03 12:09:12.822540,2025-04-03 12:09:12.822540
2ddf07b8-2cbe-4529-8a41-366b1734b2cf,MLA42226421,REMOTE_CONTROL_TYPE,Tipo de control remoto,182134,Estándar,True,2025-04-03 12:09:12.822544,2025-04-03 12:09:12.822544
df16411b-0b99-4855-a62b-5c36090dfffb,MLA42226421,DEVICE_FORMAT,Formato del dispositivo,8616495,TV Box,True,2025-04-03 12:09:12.822547,2025-04-03 12:09:12.822547
22327feb-1cce-4d90-8440-8907ca2e28b0,MLA40697019,BRAND,Marca,5339404,MXQ,True,2025-04-03 12:09:12.822567,2025-04-03 12:09:12.822567
7938bc92-9573-4af2-82d7-f9e71677a0f1,MLA40697019,MODEL,Modelo,38130774,Pro 5G,True,2025-04-03 12:09:12.822571,2025-04-03 12:09:12.822571
3f331312-1fc3-4a0a-bf09-b369d6037fcf,MLA40697019,COLOR,Color,52049,Negro,True,2025-04-03 12:09:12.822574,2025-04-03 12:09:12.822574
182eb754-e128-4ef2-9b59-ed76204ee58e,MLA40697019,RAM_MEMORY,Memoria RAM,98852,4 GB,True,2025-04-03 12:09:12.822578,2025-04-03 12:09:12.822578
fb2b4c43-07e5-45f0-abbf-abab5ac7b509,MLA40697019,REMOTE_CONTROL_TYPE,Tipo de control remoto,182134,Estándar,True,2025-04-03 12:09:12.822581,2025-04-03 12:09:12.822581
3c9891dc-1578-44b5-a520-b79c590aac59,MLA40697019,MAIN_COLOR,Color principal,2450295,Negro,True,2025-04-03 12:09:12.822584,2025-04-03 12:09:12.822584
2433a91e-ccc9-4a6e-8d67-0baf30c0db53,MLA40697019,DEVICE_FORMAT,Formato del dispositivo,8616495,TV Box,True,2025-04-03 12:09:12.822588,2025-04-03 12:09:12.822588
07de1620-861d-4842-9fbc-5526ee089a75,MLA40697019,MAX_VIDEO_RESOLUTION,Resolución máxima de video,169883,4K,True,2025-04-03 12:09:12.822591,2025-04-03 12:09:12.822591
e2ef4a9e-afbb-46a2-8602-a022482bac9a,MLA40697019,AUDIO_AND_VIDEO_INTERFACES,Interfaces de audio y video,,HDMI,True,2025-04-03 12:09:12.822595,2025-04-03 12:09:12.822595
33184a48-0d8f-41e3-8975-160ddcbd2c1b,MLA40697019,PORTS_AND_CONNECTORS_TYPES,Tipos de puertos y conectores,,"USB-A, Ethernet, Micro-USB",True,2025-04-03 12:09:12.822598,2025-04-03 12:09:12.822598
8133d7e6-64cf-4bf4-9285-3f6232337743,MLA40697019,WITH_BLUETOOTH,Con Bluetooth,242085,Sí,True,2025-04-03 12:09:12.822601,2025-04-03 12:09:12.822602
976fe4a6-2999-4edc-ba0e-29da9b90f4c3,MLA40697019,WITH_WI_FI,Con Wi-Fi,242085,Sí,True,2025-04-03 12:09:12.822605,2025-04-03 12:09:12.822605
e6a0cb43-97d7-41eb-b421-15da4c607e7e,MLA40697019,LENGTH,Largo,15378141,1.17 m,True,2025-04-03 12:09:12.822608,2025-04-03 12:09:12.822608
8cfe37d5-7ebc-40f3-841b-3f606a37f1bf,MLA40697019,WIDTH,Ancho,47680008,1.17 m,True,2025-04-03 12:09:12.822612,2025-04-03 12:09:12.822612
775dec49-f77e-4f85-b6c7-b475f91f7328,MLA40697019,HEIGHT,Altura,7816568,25 cm,True,2025-04-03 12:09:12.822615,2025-04-03 12:09:12.822615
3f2f695d-23df-4858-858d-fddb88b3b429,MLA40697019,OS_NAME,Nombre del sistema operativo,296858,Android,True,2025-04-03 12:09:12.822618,2025-04-03 12:09:12.822619
601f5041-7f52-4684-a7e0-bf40da7dd07e,MLA6253543,BRAND,Marca,9344,Apple,True,2025-04-03 12:09:12.822640,2025-04-03 12:09:12.822640
2d441a75-e1b6-4c10-8c33-590d0e590a3b,MLA6253543,MODEL,Modelo,11281879,Apple TV HD,True,2025-04-03 12:09:12.822644,2025-04-03 12:09:12.822644
a2efa359-e96c-437c-a026-542442ab33ef,MLA6253543,GENERATION,Generación,11437959,4.ª generación 2015,True,2025-04-03 12:09:12.822647,2025-04-03 12:09:12.822648
872ef9df-be6a-49f4-8b3a-ad7effb183da,MLA6253543,ALPHANUMERIC_MODEL,Modelo alfanumérico,333308,A1625,True,2025-04-03 12:09:12.822651,2025-04-03 12:09:12.822651
804562b5-bb89-4100-8798-43d0751f6d1d,MLA6253543,DEVICE_FORMAT,Formato del dispositivo,8616495,TV Box,True,2025-04-03 12:09:12.822655,2025-04-03 12:09:12.822655
e9eba0f1-6637-40c4-b66f-7dce96ae0a62,MLA6253543,MAX_VIDEO_RESOLUTION,Resolución máxima de video,168332,Full HD,True,2025-04-03 12:09:12.822658,2025-04-03 12:09:12.822659
94d7a3e2-2253-48f4-951d-54cebd37c999,MLA6253543,COMPATIBLE_APPLICATIONS,Aplicaciones compatibles,,"Amazon Prime Video, Apple TV, Disney+, FOX, HBO Go, Hulu, iTunes, Netflix",True,2025-04-03 12:09:12.822665,2025-04-03 12:09:12.822665
b92e48c4-b374-435b-9015-0301904518c3,MLA6253543,RECOMMENDED_DEVICES,Dispositivos recomendados,,"Televisores, Celulares, iPad, Teclados",True,2025-04-03 12:09:12.822668,2025-04-03 12:09:12.822668
34a8db47-8c1e-4259-ab6d-1b7c021d025d,MLA6253543,AUDIO_AND_VIDEO_INTERFACES,Interfaces de audio y video,,HDMI,True,2025-04-03 12:09:12.822672,2025-04-03 12:09:12.822672
97e325ee-5956-448b-85af-614d04fe76a0,MLA6253543,PORTS_AND_CONNECTORS_TYPES,Tipos de puertos y conectores,,"Apple power supply, USB-C, Ethernet, IR",True,2025-04-03 12:09:12.822675,2025-04-03 12:09:12.822676
6e24940f-a60f-40f3-9025-897b28107050,MLA6253543,ANATEL_HOMOLOGATION_NUMBER,Homologación Anatel Nº,40365093,34501501993,True,2025-04-03 12:09:12.822679,2025-04-03 12:09:12.822679
f8fd44f8-5175-400d-8949-db88f489fd2d,MLA6253543,WITH_BLUETOOTH,Con Bluetooth,242085,Sí,True,2025-04-03 12:09:12.822682,2025-04-03 12:09:12.822682
c5c7a3a2-124a-43cd-85ee-811961816a47,MLA6253543,WITH_WI_FI,Con Wi-Fi,242085,Sí,True,2025-04-03 12:09:12.822686,2025-04-03 12:09:12.822686
d3510b5f-1ce7-4357-91bf-12085608084c,MLA6253543,INCLUDES_HDMI_CABLE,Incluye cable HDMI,242084,No,True,2025-04-03 12:09:12.822689,2025-04-03 12:09:12.822689
a8de8970-77a6-4a1d-92b3-af047aeeece8,MLA6253543,LENGTH,Largo,7854903,9.8 cm,True,2025-04-03 12:09:12.822693,2025-04-03 12:09:12.822693
e39301a8-a66c-43f4-8b86-9cec6448a3c6,MLA6253543,WIDTH,Ancho,8055183,9.8 cm,True,2025-04-03 12:09:12.822696,2025-04-03 12:09:12.822696
195fc404-ac2b-4e8d-b895-e21e45727c68,MLA6253543,HEIGHT,Altura,7908810,3.5 cm,True,2025-04-03 12:09:12.822699,2025-04-03 12:09:12.822700
a9e9d034-9161-4d17-a679-7e1a9674417f,MLA6253543,STREAMING_TECHNOLOGIES,Tecnologías de streaming,,AirPlay,True,2025-04-03 12:09:12.822703,2025-04-03 12:09:12.822703
5e78c4fb-e9bf-47de-94b3-730cffa7a17b,MLA6253543,AUDIO_QUALITY,Calidad de audio,,"Dolby Digital 5.1, Dolby Digital Plus 7.1",True,2025-04-03 12:09:12.822707,2025-04-03 12:09:12.822707
258514ce-99a1-457a-a57b-3d3593b4d123,MLA6253543,CPU,CPU,,Apple A8,True,2025-04-03 12:09:12.822710,2025-04-03 12:09:12.822710
5589847b-0978-42e0-be8c-d67968f6e830,MLA6253543,WI_FI_STANDARDS,Estándares Wi-Fi,,IEEE 802.11ac,True,2025-04-03 12:09:12.822714,2025-04-03 12:09:12.822714
e17bc447-d329-4565-8b0d-e28d25be88df,MLA22209469,BRAND,Marca,94681,X-View,True,2025-04-03 12:09:12.822738,2025-04-03 12:09:12.822739
13d91795-a5bb-42bb-aca7-744012bc3af6,MLA22209469,MODEL,Modelo,17447618,BOX PLUS,True,2025-04-03 12:09:12.822742,2025-04-03 12:09:12.822742
95d355d4-a413-4a24-832a-72cdba07c29c,MLA22209469,DEVICE_FORMAT,Formato del dispositivo,8616495,TV Box,True,2025-04-03 12:09:12.822745,2025-04-03 12:09:12.822746
cbf36f65-33fc-4ab6-840e-b12512349c25,MLA21930281,BRAND,Marca,17056719,F Fenvi,True,2025-04-03 12:09:12.822759,2025-04-03 12:09:12.822759
a96bebd3-b734-46f1-b447-fcfef6576ca3,MLA21930281,MODEL,Modelo,17056722,ax200ngw ax wifi,True,2025-04-03 12:09:12.822762,2025-04-03 12:09:12.822762
