id,product_id,date_id,catalog_product_id,status_id,domain_id,name,children_ids,quality_type,priority,type,site_id,keywords,is_active,created_at,updated_at
91e0c132-a3a4-4b2b-8f05-c97f29343cfa,MLA30109886,24ed35b5-7425-4fe8-932f-3052259d5266,MLA30109886,d5e2bafc-0cb5-495d-968d-794f56211bad,5144510e-085b-44d6-a348-f07d53c5b155,Google Chromecast 3 Chromecast 3,,COMPLETE,MEDIUM,PRODUCT,MLA,Google Chromecast 3 Chromecast 3,True,2025-04-03 12:09:12.783595,2025-04-03 12:09:12.783595
a343cba0-81a2-4a07-a701-f6fe14419b6d,MLA27534806,1af56440-6a74-4d10-a9a1-0f260cbae2b5,,d5e2bafc-0cb5-495d-968d-794f56211bad,5144510e-085b-44d6-a348-f07d53c5b155,Conversor Hdmi Para Google Chromecast: Uso Chromecast Con En,,COMPLETE,MEDIUM,PRODUCT,MLA,Conversor Hdmi Para Google Chromecast: Uso Chromecast Con En,True,2025-04-03 12:09:12.783786,2025-04-03 12:09:12.783791
9eaa2da8-6e23-4a4a-9197-6f3c2b1d6fa8,MLA36344214,41fe5ab2-6186-469a-845d-a721005eb697,MLA36344214,d5e2bafc-0cb5-495d-968d-794f56211bad,5144510e-085b-44d6-a348-f07d53c5b155,Br Chromecast Chromecast 3 3.ª generación Full HD negro,,COMPLETE,MEDIUM,PRODUCT,MLA,Br Chromecast Chromecast 3 3.ª generación Full HD negro,True,2025-04-03 12:09:12.784107,2025-04-03 12:09:12.784108
81b446f1-100e-4e0c-8191-252720722e04,MLA21615680,85cd523d-0410-4024-8ee5-bdb309368847,MLA21615680,d5e2bafc-0cb5-495d-968d-794f56211bad,5144510e-085b-44d6-a348-f07d53c5b155,Google Chromecast 3 Chromecast 3 3.ª generación Full HD,,COMPLETE,MEDIUM,PRODUCT,MLA,Google Chromecast 3 Chromecast 3 3.ª generación Full HD,True,2025-04-03 12:09:12.784770,2025-04-03 12:09:12.784771
83e34131-fe82-4621-be51-5495bea86190,MLA19971472,3dc5ba87-dcc1-4191-97f2-cf51618030f8,MLA19971472,d5e2bafc-0cb5-495d-968d-794f56211bad,5144510e-085b-44d6-a348-f07d53c5b155,Google Chromecast Hd,,COMPLETE,MEDIUM,PRODUCT,MLA,Google Chromecast Hd,True,2025-04-03 12:09:12.785548,2025-04-03 12:09:12.785553
17ed3169-9ba6-4ecd-bb80-725267c689ff,MLA37174404,4f34497f-2c47-4f43-ae3b-cda6e6611eb0,,d5e2bafc-0cb5-495d-968d-794f56211bad,5144510e-085b-44d6-a348-f07d53c5b155,Adaptador De Visualización Hdmi 4rd Generación Wifi Dongle 1080p Hd Compatible Con Chromecast/chromecast Tv/dlna/airplay/miracast,,PRIMITIVE,MEDIUM,PRODUCT,MLA,Adaptador De Visualización Hdmi 4rd Generación Wifi Dongle 1080p Hd Compatible Con Chromecast/chromecast Tv/dlna/airplay/miracast,True,2025-04-03 12:09:12.786734,2025-04-03 12:09:12.786735
7924cc10-4e66-498e-93e3-a978ab54e245,MLA34185746,75c64cd6-3ed5-486f-97d4-8c7ac408dbe6,MLA34185746,d5e2bafc-0cb5-495d-968d-794f56211bad,5144510e-085b-44d6-a348-f07d53c5b155,Google Chromecast 3 Negro,,COMPLETE,MEDIUM,PRODUCT,MLA,Google Chromecast 3 Negro,True,2025-04-03 12:09:12.786859,2025-04-03 12:09:12.786859
3bf9fbd7-2fb2-4d7e-8dc0-dee66096842f,MLA28796813,fdc8c9d6-6ea7-45c9-b291-67b354df84ed,,d5e2bafc-0cb5-495d-968d-794f56211bad,5144510e-085b-44d6-a348-f07d53c5b155,Google Chromecast HDMI 1080p,,COMPLETE,MEDIUM,PRODUCT,MLA,Google Chromecast HDMI 1080p,True,2025-04-03 12:09:12.787141,2025-04-03 12:09:12.787141
7f686ad4-48ca-4468-85c1-179e5c87e659,MLA40203817,9e136202-e229-4147-8b6b-0b17a664b719,MLA40203817,d5e2bafc-0cb5-495d-968d-794f56211bad,5144510e-085b-44d6-a348-f07d53c5b155,Google Chromecast HDMI 1080p,,COMPLETE,MEDIUM,PRODUCT,MLA,Google Chromecast HDMI 1080p,True,2025-04-03 12:09:12.787321,2025-04-03 12:09:12.787321
b307250b-ee15-4a68-bada-8909a343794b,MLA34077578,9b5936eb-468a-4b83-a062-fc83d26964a0,MLA34077578,d5e2bafc-0cb5-495d-968d-794f56211bad,5144510e-085b-44d6-a348-f07d53c5b155,Google Chromecast 3 Negro,,COMPLETE,MEDIUM,PRODUCT,MLA,Google Chromecast 3 Negro,True,2025-04-03 12:09:12.787534,2025-04-03 12:09:12.787535
cf150c77-3c9c-4594-9d18-64c8749aa8da,MLA26953032,d5124bde-302d-4c74-8444-3f64a5a62d14,MLA26953032,d5e2bafc-0cb5-495d-968d-794f56211bad,5144510e-085b-44d6-a348-f07d53c5b155,Google Chromecast Full Hd Carbón,,COMPLETE,MEDIUM,PRODUCT,MLA,Google Chromecast Full Hd Carbón,True,2025-04-03 12:09:12.788177,2025-04-03 12:09:12.788178
11dcb867-6b08-4edc-bb4e-cf33ef1e5872,MLA25208906,64abcc1a-a95a-4a53-8e0a-2bff96689288,MLA25208906,d5e2bafc-0cb5-495d-968d-794f56211bad,5144510e-085b-44d6-a348-f07d53c5b155,Google Chromecast 3 Hdmi HD,,COMPLETE,MEDIUM,PRODUCT,MLA,Google Chromecast 3 Hdmi HD,True,2025-04-03 12:09:12.788388,2025-04-03 12:09:12.788388
87d92ed5-4c53-487b-9da5-3129dc5c8c32,MLA6304839,58c4f2ae-ec5b-4ae0-8cf4-acdb77803d7a,MLA6304839,d5e2bafc-0cb5-495d-968d-794f56211bad,5144510e-085b-44d6-a348-f07d53c5b155,Google Chromecast Ultra 4K negro,,COMPLETE,MEDIUM,PRODUCT,MLA,Google Chromecast Ultra 4K negro,True,2025-04-03 12:09:12.788563,2025-04-03 12:09:12.788569
685827ad-3e6c-4adc-995d-58728c0fc0fa,MLA21148211,b6b2c749-5b32-4936-b470-d042a99b67cd,MLA21148211,d5e2bafc-0cb5-495d-968d-794f56211bad,5144510e-085b-44d6-a348-f07d53c5b155,Espejo móvil Chromecast Miracast 1080p,,COMPLETE,MEDIUM,PRODUCT,MLA,Espejo móvil Chromecast Miracast 1080p,True,2025-04-03 12:09:12.789216,2025-04-03 12:09:12.789216
23f77a5f-1f81-48f0-9b3e-5999f1a68738,MLA23298505,c02c73f1-f711-43b4-a150-fb26f73d072f,MLA23298505,d5e2bafc-0cb5-495d-968d-794f56211bad,5144510e-085b-44d6-a348-f07d53c5b155,Google Chromecast 3 tercera generación,,COMPLETE,MEDIUM,PRODUCT,MLA,Google Chromecast 3 tercera generación,True,2025-04-03 12:09:12.789425,2025-04-03 12:09:12.789425
f5d25eac-512f-4f71-8c80-61e2e1292f91,MLA29761568,f175ddf8-81b9-4bb2-af7e-010e589c425d,MLA29761568,d5e2bafc-0cb5-495d-968d-794f56211bad,5144510e-085b-44d6-a348-f07d53c5b155,Google Chromecast 3 Ga00439-de,,PRIMITIVE,MEDIUM,PRODUCT,MLA,Google Chromecast 3 Ga00439-de,True,2025-04-03 12:09:12.790155,2025-04-03 12:09:12.790156
9ceaef50-113a-4c7f-b65c-f64161281ca0,MLA42167579,d53b0d15-77e4-4658-a596-4ee25c13a417,MLA42167579,d5e2bafc-0cb5-495d-968d-794f56211bad,5144510e-085b-44d6-a348-f07d53c5b155,Chromecast 2 Hdmi 2018 1080p - Cromecast,,COMPLETE,MEDIUM,PRODUCT,MLA,Chromecast 2 Hdmi 2018 1080p - Cromecast,True,2025-04-03 12:09:12.790277,2025-04-03 12:09:12.790277
7619305f-e4d0-4285-a6b1-1550d704b705,MLA36289974,f3e3efd6-16df-4a91-99d2-1be23f6e7d33,MLA36289974,d5e2bafc-0cb5-495d-968d-794f56211bad,5144510e-085b-44d6-a348-f07d53c5b155,Google Chromecast 4k Con Control - Celeste,,COMPLETE,MEDIUM,PRODUCT,MLA,Google Chromecast 4k Con Control - Celeste,True,2025-04-03 12:09:12.790704,2025-04-03 12:09:12.790710
3c35de8c-1d3b-446f-823f-842f5df7b20e,MLA45968959,09cdcb20-0434-4397-a872-a9dbaef92205,MLA45968959,d5e2bafc-0cb5-495d-968d-794f56211bad,5144510e-085b-44d6-a348-f07d53c5b155,Google Chromecast 4k Chromecast with Google TV GA01923-US 4.ª generación 4K 8GB cielo con 2GB de memoria RAM,,COMPLETE,MEDIUM,PRODUCT,MLA,Google Chromecast 4k Chromecast with Google TV GA01923-US 4.ª generación 4K 8GB cielo con 2GB de memoria RAM,True,2025-04-03 12:09:12.791215,2025-04-03 12:09:12.791216
f530f269-e6d2-4725-a9d6-80d1485a84c2,MLA24266840,4e48f703-1e7b-432a-85ea-90d070df0e6d,MLA24266840,d5e2bafc-0cb5-495d-968d-794f56211bad,5144510e-085b-44d6-a348-f07d53c5b155,Google Chromecast 2 Generación 1080p Color Negro,,COMPLETE,MEDIUM,PRODUCT,MLA,Google Chromecast 2 Generación 1080p Color Negro,True,2025-04-03 12:09:12.791936,2025-04-03 12:09:12.791937
486f2736-aac2-4a5a-8e33-8b07e52543c4,MLA20053803,4d8fe237-8063-43cf-a906-e6d633a33fb2,MLA20053803,d5e2bafc-0cb5-495d-968d-794f56211bad,5144510e-085b-44d6-a348-f07d53c5b155,Google Chromecast 3rd Generation Full Hd Carbón,,COMPLETE,MEDIUM,PRODUCT,MLA,Google Chromecast 3rd Generation Full Hd Carbón,True,2025-04-03 12:09:12.792367,2025-04-03 12:09:12.792367
4fa1e234-e176-480a-8142-1ea74f36de7c,MLA37201577,022af37b-aa2b-411d-acb3-a352163deb38,MLA37201577,d5e2bafc-0cb5-495d-968d-794f56211bad,5144510e-085b-44d6-a348-f07d53c5b155,Google Chromecast (3ª Generacion) - Media Streamer - Paquet,,COMPLETE,MEDIUM,PRODUCT,MLA,Google Chromecast (3ª Generacion) - Media Streamer - Paquet,True,2025-04-03 12:09:12.792437,2025-04-03 12:09:12.792438
c6a513a3-49c5-4289-b0be-e34193bcbde4,MLA25208932,64abcc1a-a95a-4a53-8e0a-2bff96689288,MLA25208932,d5e2bafc-0cb5-495d-968d-794f56211bad,5144510e-085b-44d6-a348-f07d53c5b155,Google Chromecast Full HD Coal Generación 01,,COMPLETE,MEDIUM,PRODUCT,MLA,Google Chromecast Full HD Coal Generación 01,True,2025-04-03 12:09:12.792485,2025-04-03 12:09:12.792485
6c7e2d09-ef6e-4536-9e5d-025fbf3f6fb3,MLA19862210,86450dcd-88b3-40a4-ab02-08fbbe69796b,MLA19862210,d5e2bafc-0cb5-495d-968d-794f56211bad,5144510e-085b-44d6-a348-f07d53c5b155,Kit Google Home Mini + Chromecast 3era Generación,,COMPLETE,MEDIUM,PRODUCT,MLA,Kit Google Home Mini + Chromecast 3era Generación,True,2025-04-03 12:09:12.792561,2025-04-03 12:09:12.792561
1a17f72a-7144-4217-954e-11adb7ce485c,MLA21560522,85cd523d-0410-4024-8ee5-bdb309368847,MLA21560522,d5e2bafc-0cb5-495d-968d-794f56211bad,5144510e-085b-44d6-a348-f07d53c5b155,Adaptador Hdmi Anycast Ezcast Wecast Chromecast Full1080p,,COMPLETE,MEDIUM,PRODUCT,MLA,Adaptador Hdmi Anycast Ezcast Wecast Chromecast Full1080p,True,2025-04-03 12:09:12.792626,2025-04-03 12:09:12.792627
a520ffb8-52e9-4c12-aa63-eb3b19c28411,MLA16233186,58b8f3c8-eaca-47d6-8dfc-1e194cf2e4a4,MLA16233186,d5e2bafc-0cb5-495d-968d-794f56211bad,5144510e-085b-44d6-a348-f07d53c5b155,Google Chromecast 4k Chromecast with Google TV GA01919-US de voz 4.ª generación 4K 8GB sunrise con 2GB de memoria RAM,,COMPLETE,MEDIUM,PRODUCT,MLA,Google Chromecast 4k Chromecast with Google TV GA01919-US de voz 4.ª generación 4K 8GB sunrise con 2GB de memoria RAM,True,2025-04-03 12:09:12.792713,2025-04-03 12:09:12.792715
82ba668b-a35b-40a6-8d48-5893856ec2c9,MLA42186257,3f20e732-2240-4ddf-809a-bc88b8044269,MLA42186257,d5e2bafc-0cb5-495d-968d-794f56211bad,5144510e-085b-44d6-a348-f07d53c5b155,Google Chromecast - Dispositivo De Transmisión Con Cable Hdm,,COMPLETE,MEDIUM,PRODUCT,MLA,Google Chromecast - Dispositivo De Transmisión Con Cable Hdm,True,2025-04-03 12:09:12.792934,2025-04-03 12:09:12.792935
4a0893e5-2992-453b-9c5c-094d654c3205,MLA45025509,3a502768-3cb4-4d36-8e12-1c40a867667c,MLA45025509,d5e2bafc-0cb5-495d-968d-794f56211bad,5144510e-085b-44d6-a348-f07d53c5b155,"Google Chromecast 4 Con Google Tv, Color Blanco",,COMPLETE,MEDIUM,PRODUCT,MLA,"Google Chromecast 4 Con Google Tv, Color Blanco",True,2025-04-03 12:09:12.793070,2025-04-03 12:09:12.793070
b4501d5d-a101-44dc-abad-6545ae87effd,MLA45199143,4c9dbd83-0ce7-411b-a63d-ea1111faf96f,MLA45199143,d5e2bafc-0cb5-495d-968d-794f56211bad,5144510e-085b-44d6-a348-f07d53c5b155,Chromecast Tv Gen 4 - Reproducción 4k Hdr Blanco,,COMPLETE,MEDIUM,PRODUCT,MLA,Chromecast Tv Gen 4 - Reproducción 4k Hdr Blanco,True,2025-04-03 12:09:12.793182,2025-04-03 12:09:12.793182
33bb3953-fae7-4696-94c3-690ad2939b14,MLA22826595,4b2111ed-4dfb-4690-8be6-c610b4ad22a0,,d5e2bafc-0cb5-495d-968d-794f56211bad,5144510e-085b-44d6-a348-f07d53c5b155,Anycast Mirascreen Wireless Dongle Tipo Chromecast Color Negro,,COMPLETE,MEDIUM,PRODUCT,MLA,Anycast Mirascreen Wireless Dongle Tipo Chromecast Color Negro,True,2025-04-03 12:09:12.793314,2025-04-03 12:09:12.793314
f4ddf727-76f6-4032-be71-c35875b6d1a7,MLA36633513,9f12d997-5178-46bc-9e4c-32bd11e9bf00,MLA36633513,d5e2bafc-0cb5-495d-968d-794f56211bad,5144510e-085b-44d6-a348-f07d53c5b155,Chromecast Google Ga03131 Google Tv Hd 8gb Blanco,,COMPLETE,MEDIUM,PRODUCT,MLA,Chromecast Google Ga03131 Google Tv Hd 8gb Blanco,True,2025-04-03 12:09:12.793366,2025-04-03 12:09:12.793366
2e5b841a-f5ae-4bea-b3cc-1a1fc03984d5,MLA42977080,ff3828f1-1544-44ee-a0eb-3cc1a362e9e2,MLA42977080,d5e2bafc-0cb5-495d-968d-794f56211bad,5144510e-085b-44d6-a348-f07d53c5b155,Mirascreen G2 Chromecast Anycast Wifi Hdmi Color Negro,,COMPLETE,MEDIUM,PRODUCT,MLA,Mirascreen G2 Chromecast Anycast Wifi Hdmi Color Negro,True,2025-04-03 12:09:12.793549,2025-04-03 12:09:12.793549
44f50cb1-0b4e-4926-8071-535ad04fda2c,MLA32064840,eb3e29e9-63f6-4fc2-9f70-eb218cfbbf5a,MLA32064840,d5e2bafc-0cb5-495d-968d-794f56211bad,5144510e-085b-44d6-a348-f07d53c5b155,Google Chromecast - Dispositivo De Transmisión Con Cable Hdm,,COMPLETE,MEDIUM,PRODUCT,MLA,Google Chromecast - Dispositivo De Transmisión Con Cable Hdm,True,2025-04-03 12:09:12.793586,2025-04-03 12:09:12.793586
105ae743-6b0b-4e91-87ae-9256f288aa48,MLA22964864,df61bdc0-dafd-4f22-a43c-f786dd9d5e70,MLA22964864,d5e2bafc-0cb5-495d-968d-794f56211bad,5144510e-085b-44d6-a348-f07d53c5b155,Dispositivo de streaming Google Chromecast 3 - Full HD,,COMPLETE,MEDIUM,PRODUCT,MLA,Dispositivo de streaming Google Chromecast 3 - Full HD,True,2025-04-03 12:09:12.793700,2025-04-03 12:09:12.793700
2f10402f-c090-4aac-8280-e5b16d0bf432,MLA24460156,a34809a4-7861-4763-a3a1-5611b2b57369,MLA24460156,d5e2bafc-0cb5-495d-968d-794f56211bad,5144510e-085b-44d6-a348-f07d53c5b155,Google Chromecast 4 generación con Google TV blanco,,COMPLETE,MEDIUM,PRODUCT,MLA,Google Chromecast 4 generación con Google TV blanco,True,2025-04-03 12:09:12.793797,2025-04-03 12:09:12.793797
0320f919-84bc-4bfb-8b2b-489824ed5267,MLA20544894,ded4024b-d409-4412-be57-2d29b753b8c1,MLA20544894,d5e2bafc-0cb5-495d-968d-794f56211bad,5144510e-085b-44d6-a348-f07d53c5b155,Google Chromecast 3 Full Hd Media Streaming Negro,,COMPLETE,MEDIUM,PRODUCT,MLA,Google Chromecast 3 Full Hd Media Streaming Negro,True,2025-04-03 12:09:12.793971,2025-04-03 12:09:12.793971
dba2004a-d740-4669-b543-9d3bfd748d24,MLA22742201,69944864-4eb6-4220-aaed-468b172e5b88,MLA22742201,d5e2bafc-0cb5-495d-968d-794f56211bad,5144510e-085b-44d6-a348-f07d53c5b155,Chromecast Mirascreen Anycast Receptor Wifi Hdmi Tv Netflix,,COMPLETE,MEDIUM,PRODUCT,MLA,Chromecast Mirascreen Anycast Receptor Wifi Hdmi Tv Netflix,True,2025-04-03 12:09:12.794128,2025-04-03 12:09:12.794128
4a9b25d6-7d51-472b-a048-264ea31f6c39,MLA22244109,ccdd90b1-bcc5-46d5-aa56-7648366c4ef5,MLA22244109,d5e2bafc-0cb5-495d-968d-794f56211bad,5144510e-085b-44d6-a348-f07d53c5b155,Realme Stick TV Smart FullHD Google Chromecast Android TV,,COMPLETE,MEDIUM,PRODUCT,MLA,Realme Stick TV Smart FullHD Google Chromecast Android TV,True,2025-04-03 12:09:12.794201,2025-04-03 12:09:12.794201
f7c1b0ca-5822-490d-b904-9445ad8e70dc,MLA23856530,b24352cd-1803-41a5-a281-251e3f86579a,MLA23856530,d5e2bafc-0cb5-495d-968d-794f56211bad,5144510e-085b-44d6-a348-f07d53c5b155,"Adaptador Hdmi Anycast Chromecast Ezcast Wecast Full1080p, color negro",,COMPLETE,MEDIUM,PRODUCT,MLA,"Adaptador Hdmi Anycast Chromecast Ezcast Wecast Full1080p, color negro",True,2025-04-03 12:09:12.794298,2025-04-03 12:09:12.794299
2f181248-8d76-4224-9776-6ed30d90010e,MLA21319228,628058e9-f99a-4a8e-9fa1-338d938add25,MLA21319228,d5e2bafc-0cb5-495d-968d-794f56211bad,5144510e-085b-44d6-a348-f07d53c5b155,Chromecast Para Duplicar Del Celular A Tv Android/iPhone,,COMPLETE,MEDIUM,PRODUCT,MLA,Chromecast Para Duplicar Del Celular A Tv Android/iPhone,True,2025-04-03 12:09:12.794372,2025-04-03 12:09:12.794372
38d237a0-2b24-42ef-ab94-66db6fe36f7d,MLA19809983,9e757f8c-3423-43a0-92cb-87f46b2beca7,MLA19809983,d5e2bafc-0cb5-495d-968d-794f56211bad,5144510e-085b-44d6-a348-f07d53c5b155,Mirascreen Anycast Wireless Dongle Tipo Chromecast /e Color Negro,,COMPLETE,MEDIUM,PRODUCT,MLA,Mirascreen Anycast Wireless Dongle Tipo Chromecast /e Color Negro,True,2025-04-03 12:09:12.794427,2025-04-03 12:09:12.794427
e0624fa9-593b-4f18-882c-01039a7e1b69,MLA22342000,e40d7ef5-fbad-48e9-99f7-9f1cb35e709d,MLA22342000,d5e2bafc-0cb5-495d-968d-794f56211bad,5144510e-085b-44d6-a348-f07d53c5b155,"Google Chromecast Gen 2, Full Hd, Wifi, Hdmi, Negro",,COMPLETE,MEDIUM,PRODUCT,MLA,"Google Chromecast Gen 2, Full Hd, Wifi, Hdmi, Negro",True,2025-04-03 12:09:12.794527,2025-04-03 12:09:12.794527
cbf8bc92-d893-4414-9c83-c9dc4fe0645e,MLA29435056,6b2ce4d3-c369-42b8-b92f-7ced79001bb0,MLA29435056,d5e2bafc-0cb5-495d-968d-794f56211bad,5144510e-085b-44d6-a348-f07d53c5b155,Google Chromecast 2 TV Streaming Hdmi de segunda generación,,COMPLETE,MEDIUM,PRODUCT,MLA,Google Chromecast 2 TV Streaming Hdmi de segunda generación,True,2025-04-03 12:09:12.794601,2025-04-03 12:09:12.794602
8fd7badb-d7fa-4f40-8217-70e27a6a1428,MLA21622186,85cd523d-0410-4024-8ee5-bdb309368847,MLA21622186,d5e2bafc-0cb5-495d-968d-794f56211bad,5144510e-085b-44d6-a348-f07d53c5b155,Chromecast 4 Original Google Tv De Voz 4k 8gb,,COMPLETE,MEDIUM,PRODUCT,MLA,Chromecast 4 Original Google Tv De Voz 4k 8gb,True,2025-04-03 12:09:12.794648,2025-04-03 12:09:12.794648
f9c171a7-8c16-4b4f-93cf-1776e797a67b,MLA22742200,69944864-4eb6-4220-aaed-468b172e5b88,MLA22742200,d5e2bafc-0cb5-495d-968d-794f56211bad,5144510e-085b-44d6-a348-f07d53c5b155,Adaptador G2 Chromecast Wifi Hdmi Haz Cualquier Tv Smart,,COMPLETE,MEDIUM,PRODUCT,MLA,Adaptador G2 Chromecast Wifi Hdmi Haz Cualquier Tv Smart,True,2025-04-03 12:09:12.794784,2025-04-03 12:09:12.794784
0c8e504d-62c0-410a-84af-da2a8dfe95db,MLA24557201,59dd3810-a853-4658-9cc0-ce433f9bf380,MLA24557201,d5e2bafc-0cb5-495d-968d-794f56211bad,5144510e-085b-44d6-a348-f07d53c5b155,Reproductor multimedia en streaming Chromecast 4k Google Comecast Good,,COMPLETE,MEDIUM,PRODUCT,MLA,Reproductor multimedia en streaming Chromecast 4k Google Comecast Good,True,2025-04-03 12:09:12.794841,2025-04-03 12:09:12.794841
a03d4845-ece7-444b-9a16-757f5f832ea0,MLA22762005,7229f47d-20bc-4f60-8379-980424106dc2,MLA22762005,d5e2bafc-0cb5-495d-968d-794f56211bad,5144510e-085b-44d6-a348-f07d53c5b155,Reproductor multimedia en streaming Chromecast 3 Full Hd Google,,COMPLETE,MEDIUM,PRODUCT,MLA,Reproductor multimedia en streaming Chromecast 3 Full Hd Google,True,2025-04-03 12:09:12.794965,2025-04-03 12:09:12.794965
5725b0e1-187d-46c0-a25c-17bda61a57b4,MLA24589109,26070719-ebaf-4bfa-8128-392aa2b69941,MLA24589109,d5e2bafc-0cb5-495d-968d-794f56211bad,5144510e-085b-44d6-a348-f07d53c5b155,Reproductor multimedia en streaming Chromecast 4k Google Comecast Good,,COMPLETE,MEDIUM,PRODUCT,MLA,Reproductor multimedia en streaming Chromecast 4k Google Comecast Good,True,2025-04-03 12:09:12.795120,2025-04-03 12:09:12.795120
662ec633-6f4b-4778-864d-7e3f6b51d0f2,MLA27474749,e2d5d531-20dd-4496-82c4-b49089e3e6fe,MLA27474749,d5e2bafc-0cb5-495d-968d-794f56211bad,5144510e-085b-44d6-a348-f07d53c5b155,Google Chromecast Con Google Tv Full Hd Color Blanco,,COMPLETE,MEDIUM,PRODUCT,MLA,Google Chromecast Con Google Tv Full Hd Color Blanco,True,2025-04-03 12:09:12.795203,2025-04-03 12:09:12.795203
2808f580-3ede-44dd-9473-640f32fdf9fe,MLA19943147,4285bcf4-4530-4af4-add6-046167cd4f05,MLA19943147,d5e2bafc-0cb5-495d-968d-794f56211bad,5144510e-085b-44d6-a348-f07d53c5b155,Smart Tv Kit Google Home Mini + Chromecast 3ra Generación,,COMPLETE,MEDIUM,PRODUCT,MLA,Smart Tv Kit Google Home Mini + Chromecast 3ra Generación,True,2025-04-03 12:09:12.795331,2025-04-03 12:09:12.795331
d5655785-f6e7-4112-abe4-c910f292eef5,MLA22128219,e82204da-bc7a-4c3c-a80c-670b6edf85f0,MLA22128219,d5e2bafc-0cb5-495d-968d-794f56211bad,5144510e-085b-44d6-a348-f07d53c5b155,"Miracast Dongle Wifi para pantalla reflejada de Chromecast, Hdmi",,COMPLETE,MEDIUM,PRODUCT,MLA,"Miracast Dongle Wifi para pantalla reflejada de Chromecast, Hdmi",True,2025-04-03 12:09:12.795377,2025-04-03 12:09:12.795377
17e7603a-9e8c-43e4-ad10-ed38c6de63fb,MLA34951048,5d0b758d-6a90-447a-9953-c2c6257c3ca3,MLA34951048,d5e2bafc-0cb5-495d-968d-794f56211bad,5144510e-085b-44d6-a348-f07d53c5b155,Combo Negotiation Home + Home Mini + Chromecast 2 Color Negro,,COMPLETE,MEDIUM,PRODUCT,MLA,Combo Negotiation Home + Home Mini + Chromecast 2 Color Negro,True,2025-04-03 12:09:12.795433,2025-04-03 12:09:12.795433
70674994-32fd-4c2c-8672-651c0d85b927,MLA26595416,01f97d5c-4b06-44a3-935f-d542d134cdaf,MLA26595416,d5e2bafc-0cb5-495d-968d-794f56211bad,5144510e-085b-44d6-a348-f07d53c5b155,Streaming Google Chromecast Media Player Ultra 4k Color Negro,,COMPLETE,MEDIUM,PRODUCT,MLA,Streaming Google Chromecast Media Player Ultra 4k Color Negro,True,2025-04-03 12:09:12.795526,2025-04-03 12:09:12.795526
dd89655b-be8b-4e89-819e-f36f0146d75e,MLA41609398,f13d7cf9-e8b9-48ae-b463-bd1462d7aa06,MLA41609398,d5e2bafc-0cb5-495d-968d-794f56211bad,5144510e-085b-44d6-a348-f07d53c5b155,Adaptador inalámbrico para streaming y duplicación de TV Chromecast,,COMPLETE,MEDIUM,PRODUCT,MLA,Adaptador inalámbrico para streaming y duplicación de TV Chromecast,True,2025-04-03 12:09:12.795629,2025-04-03 12:09:12.795629
0ec8c57d-71d4-4ee2-956c-1b430335f5ac,MLA14630236,4e76fc98-d07c-4669-a9ab-47cac7081d17,MLA14630236,d5e2bafc-0cb5-495d-968d-794f56211bad,5144510e-085b-44d6-a348-f07d53c5b155,Google Chromecast GA00439 3.ª generación Full HD tiza,,COMPLETE,MEDIUM,PRODUCT,MLA,Google Chromecast GA00439 3.ª generación Full HD tiza,True,2025-04-03 12:09:12.795706,2025-04-03 12:09:12.795706
7cbe3f44-8807-4fe2-8b44-baa3775770d6,MLA21674842,6314fa0b-a459-4124-afd0-6007587458fb,MLA21674842,d5e2bafc-0cb5-495d-968d-794f56211bad,5144510e-085b-44d6-a348-f07d53c5b155,Televisor inteligente Chromecast Any Cast Plus Miracast Airplay Android W,,COMPLETE,MEDIUM,PRODUCT,MLA,Televisor inteligente Chromecast Any Cast Plus Miracast Airplay Android W,True,2025-04-03 12:09:12.795849,2025-04-03 12:09:12.795849
1efce8e7-f570-471d-a31c-810e24f2531d,MLA23019127,176699e9-036d-47c0-a163-f1d8c34fabfe,MLA23019127,d5e2bafc-0cb5-495d-968d-794f56211bad,5144510e-085b-44d6-a348-f07d53c5b155,Televisor inteligente Anycast Full HD 1080p Ezcast Wecast Chromecast G1,,COMPLETE,MEDIUM,PRODUCT,MLA,Televisor inteligente Anycast Full HD 1080p Ezcast Wecast Chromecast G1,True,2025-04-03 12:09:12.795910,2025-04-03 12:09:12.795910
92642568-206c-4d22-848d-e1322753b457,MLA29652233,da8aaad7-03ff-4cd6-9f5d-bdcf637499e1,MLA29652233,d5e2bafc-0cb5-495d-968d-794f56211bad,5144510e-085b-44d6-a348-f07d53c5b155,Google Chromecast 3 Full Hd Media Streaming Negro. Color Carbón,,COMPLETE,MEDIUM,PRODUCT,MLA,Google Chromecast 3 Full Hd Media Streaming Negro. Color Carbón,True,2025-04-03 12:09:12.795980,2025-04-03 12:09:12.795981
e0d49ba3-64e3-45bd-b31f-23d9d516de79,MLA22031298,ebe9702d-cb56-4600-b75d-fc894535b249,MLA22031298,d5e2bafc-0cb5-495d-968d-794f56211bad,5144510e-085b-44d6-a348-f07d53c5b155,Chromecast tv Gen 4 - 4k Hdr. Wifi+bth+c. Remoto,,COMPLETE,MEDIUM,PRODUCT,MLA,Chromecast tv Gen 4 - 4k Hdr. Wifi+bth+c. Remoto,True,2025-04-03 12:09:12.796132,2025-04-03 12:09:12.796132
c30acaa1-f42d-49bc-b20c-aab05452d899,MLA42175416,3f20e732-2240-4ddf-809a-bc88b8044269,MLA42175416,d5e2bafc-0cb5-495d-968d-794f56211bad,5144510e-085b-44d6-a348-f07d53c5b155,Google Chromecast 3 Hdmi Transmisor Wifi Tablet Pc Ce Ppct,,COMPLETE,MEDIUM,PRODUCT,MLA,Google Chromecast 3 Hdmi Transmisor Wifi Tablet Pc Ce Ppct,True,2025-04-03 12:09:12.796267,2025-04-03 12:09:12.796267
a8059dec-ea3d-4736-a9b6-ac600821e21a,MLA25033818,b8e84a7d-80bd-45a0-91c6-01225cb3d160,MLA25033818,d5e2bafc-0cb5-495d-968d-794f56211bad,5144510e-085b-44d6-a348-f07d53c5b155,Chromecast G2 4K Ultra HD HDMI para transmisión de TV,,COMPLETE,MEDIUM,PRODUCT,MLA,Chromecast G2 4K Ultra HD HDMI para transmisión de TV,True,2025-04-03 12:09:12.796401,2025-04-03 12:09:12.796401
73cf718a-5206-4e39-8048-66b2fca440f8,MLA23224959,489c2937-02da-42c2-95f2-82861241f78c,MLA23224959,d5e2bafc-0cb5-495d-968d-794f56211bad,5144510e-085b-44d6-a348-f07d53c5b155,Tv Box 4k Chromecast Android 10 Certificado Doble Banda Wifi,,COMPLETE,MEDIUM,PRODUCT,MLA,Tv Box 4k Chromecast Android 10 Certificado Doble Banda Wifi,True,2025-04-03 12:09:12.796549,2025-04-03 12:09:12.796549
20010286-55ea-4088-825e-e9a45acd99e4,MLA42037252,fde33f1c-8965-4d4b-9989-ecc6085394c8,MLA42037252,d5e2bafc-0cb5-495d-968d-794f56211bad,5144510e-085b-44d6-a348-f07d53c5b155,Google Chromecast - Dispositivo De Transmisión Con Cable H. Color Carbón Vegetal,,COMPLETE,MEDIUM,PRODUCT,MLA,Google Chromecast - Dispositivo De Transmisión Con Cable H. Color Carbón Vegetal,True,2025-04-03 12:09:12.796618,2025-04-03 12:09:12.796618
a0ea4c22-8ca6-4f6a-b9cc-20e90de56c8a,MLA37555064,57cd6d85-9856-4772-8d68-29baaceab07b,,d5e2bafc-0cb5-495d-968d-794f56211bad,5144510e-085b-44d6-a348-f07d53c5b155,Para Chromecast 4a Generación Digital Hdmi Media Video Streamer 1080p Hd,,PRIMITIVE,MEDIUM,PRODUCT,MLA,Para Chromecast 4a Generación Digital Hdmi Media Video Streamer 1080p Hd,True,2025-04-03 12:09:12.796691,2025-04-03 12:09:12.796692
38daa026-3c5d-4e45-b86e-0cc2b472776e,MLA38485694,32b9d21c-5746-4029-b86d-80d15ebdf07d,MLA38485694,d5e2bafc-0cb5-495d-968d-794f56211bad,5144510e-085b-44d6-a348-f07d53c5b155,"Wiim Receptor Pro Plus Airplay 2, Audio Chromecast, Transmi. Color Negro",,COMPLETE,MEDIUM,PRODUCT,MLA,"Wiim Receptor Pro Plus Airplay 2, Audio Chromecast, Transmi. Color Negro",True,2025-04-03 12:09:12.796733,2025-04-03 12:09:12.796733
23cb881c-0460-4f7e-b957-cd4b715d01b7,MLA26595419,01f97d5c-4b06-44a3-935f-d542d134cdaf,MLA26595419,d5e2bafc-0cb5-495d-968d-794f56211bad,5144510e-085b-44d6-a348-f07d53c5b155,Mirascreen G2 Chromecast Anycast Receptor Wifi Display Entrada Hdmi Color Blanco,,COMPLETE,MEDIUM,PRODUCT,MLA,Mirascreen G2 Chromecast Anycast Receptor Wifi Display Entrada Hdmi Color Blanco,True,2025-04-03 12:09:12.796774,2025-04-03 12:09:12.796774
e1ba71d3-41c0-48d5-8003-ec071d14e653,MLA23140666,c8ad6904-80d0-4182-a19c-283952dbb11a,MLA23140666,d5e2bafc-0cb5-495d-968d-794f56211bad,5144510e-085b-44d6-a348-f07d53c5b155,Mirascreen Chromecast Wifi Smart Anycast Hdmi Visualizacion Mirroring 1080p Wifi Convertidor,,COMPLETE,MEDIUM,PRODUCT,MLA,Mirascreen Chromecast Wifi Smart Anycast Hdmi Visualizacion Mirroring 1080p Wifi Convertidor,True,2025-04-03 12:09:12.796861,2025-04-03 12:09:12.796862
a214b9b1-3381-45ac-9e07-b3633ce86049,MLA28939456,a4cfd3cf-4ca9-450e-ae08-a66c26c65d70,MLA28939456,d5e2bafc-0cb5-495d-968d-794f56211bad,5144510e-085b-44d6-a348-f07d53c5b155,Anycast M9 Plus Receptor Hdmi Chromecast Celular Smart Tv Color Negro,,COMPLETE,MEDIUM,PRODUCT,MLA,Anycast M9 Plus Receptor Hdmi Chromecast Celular Smart Tv Color Negro,True,2025-04-03 12:09:12.796936,2025-04-03 12:09:12.796936
2066a984-ee85-4e01-8d27-a4c18fa65052,MLA32379039,55282ae1-b0ca-4b45-b73d-11996e58d57e,MLA32379039,d5e2bafc-0cb5-495d-968d-794f56211bad,5144510e-085b-44d6-a348-f07d53c5b155,Pack Streaming Google Home Mini Y Chromecast Charcoal Fhd Color Negro,,COMPLETE,MEDIUM,PRODUCT,MLA,Pack Streaming Google Home Mini Y Chromecast Charcoal Fhd Color Negro,True,2025-04-03 12:09:12.797066,2025-04-03 12:09:12.797066
a5844cd2-f83e-432d-a569-5128ca6fbc15,MLA27081846,9a1abbad-3e0e-439f-b73e-79337e4c2e62,MLA27081846,d5e2bafc-0cb5-495d-968d-794f56211bad,5144510e-085b-44d6-a348-f07d53c5b155,Chromecast Wireless Full Hd Conectar Smartphone/tablet A Tv Color Negro,,COMPLETE,MEDIUM,PRODUCT,MLA,Chromecast Wireless Full Hd Conectar Smartphone/tablet A Tv Color Negro,True,2025-04-03 12:09:12.797126,2025-04-03 12:09:12.797126
aea2f10c-e026-44fe-80ac-20f99bee5ff5,MLA36834510,ab4ce599-93b2-4359-85fb-7b457666122c,,d5e2bafc-0cb5-495d-968d-794f56211bad,5144510e-085b-44d6-a348-f07d53c5b155,Spigen Silicone Fit Diseñado Para Funda Para Chromecast Con Google Tv - Blanco,,PRIMITIVE,MEDIUM,PRODUCT,MLA,Spigen Silicone Fit Diseñado Para Funda Para Chromecast Con Google Tv - Blanco,True,2025-04-03 12:09:12.797214,2025-04-03 12:09:12.797215
06bfd319-b804-4bb8-a154-05d3457c6857,MLA36300441,f3e3efd6-16df-4a91-99d2-1be23f6e7d33,MLA36300441,d5e2bafc-0cb5-495d-968d-794f56211bad,5144510e-085b-44d6-a348-f07d53c5b155,Combo Google Chromecast 2 + Google Home Mini De Vitrine Color Gris Oscuro,,COMPLETE,MEDIUM,PRODUCT,MLA,Combo Google Chromecast 2 + Google Home Mini De Vitrine Color Gris Oscuro,True,2025-04-03 12:09:12.797236,2025-04-03 12:09:12.797236
0849a113-e680-480f-9c7c-53f2d347f705,MLA35715335,c37a4578-a31b-4145-8590-f3f38a07793d,MLA35715335,d5e2bafc-0cb5-495d-968d-794f56211bad,5144510e-085b-44d6-a348-f07d53c5b155,Google Chromecast Tv 4 1080p Fhd Control Remoto Wifi Hdmi Color Blanco,,COMPLETE,MEDIUM,PRODUCT,MLA,Google Chromecast Tv 4 1080p Fhd Control Remoto Wifi Hdmi Color Blanco,True,2025-04-03 12:09:12.797381,2025-04-03 12:09:12.797381
af6f0e82-9fbf-4500-abaa-b2582446d970,MLA21494606,ce34be2a-46b4-48e0-8edb-65d38b570b93,MLA21494606,d5e2bafc-0cb5-495d-968d-794f56211bad,5144510e-085b-44d6-a348-f07d53c5b155,Chromecast Asus Chromebit Cs10 16 GB 2 GB Hdmi TV/PC Asus,,COMPLETE,MEDIUM,PRODUCT,MLA,Chromecast Asus Chromebit Cs10 16 GB 2 GB Hdmi TV/PC Asus,True,2025-04-03 12:09:12.797513,2025-04-03 12:09:12.797513
5ea4aa53-8529-4dd7-81a5-59c7b9c16c37,MLA29583052,cd2751de-a84b-42a7-9b1d-7cfd87b042ef,MLA29583052,d5e2bafc-0cb5-495d-968d-794f56211bad,5144510e-085b-44d6-a348-f07d53c5b155,Google Chromecast de tercera generación Controla tu TV desde tu teléfono celular,,COMPLETE,MEDIUM,PRODUCT,MLA,Google Chromecast de tercera generación Controla tu TV desde tu teléfono celular,True,2025-04-03 12:09:12.797573,2025-04-03 12:09:12.797573
56048dc2-5dbe-4e6f-b340-648600e6a20e,MLA24434205,a34809a4-7861-4763-a3a1-5611b2b57369,MLA24434205,d5e2bafc-0cb5-495d-968d-794f56211bad,5144510e-085b-44d6-a348-f07d53c5b155,"Teléfono móvil Anycast M2 Plus Hdmi 1080p, estilo Chromecast, TV, color negro",,COMPLETE,MEDIUM,PRODUCT,MLA,"Teléfono móvil Anycast M2 Plus Hdmi 1080p, estilo Chromecast, TV, color negro",True,2025-04-03 12:09:12.797612,2025-04-03 12:09:12.797612
75728907-5a27-4ca4-86e7-5e29fcc27d5f,MLA24999665,b8e84a7d-80bd-45a0-91c6-01225cb3d160,MLA24999665,d5e2bafc-0cb5-495d-968d-794f56211bad,5144510e-085b-44d6-a348-f07d53c5b155,Chromecast Tv Streaming 1080 Hd Color Negro Tipo De Control Remoto Estándar,,COMPLETE,MEDIUM,PRODUCT,MLA,Chromecast Tv Streaming 1080 Hd Color Negro Tipo De Control Remoto Estándar,True,2025-04-03 12:09:12.797696,2025-04-03 12:09:12.797697
62863757-6f19-465b-b6d3-1e16309d8c63,MLA24434229,a34809a4-7861-4763-a3a1-5611b2b57369,MLA24434229,d5e2bafc-0cb5-495d-968d-794f56211bad,5144510e-085b-44d6-a348-f07d53c5b155,Chromecast 2 Full HD Wifi Transmisión de vídeo Netflix en color negro,,COMPLETE,MEDIUM,PRODUCT,MLA,Chromecast 2 Full HD Wifi Transmisión de vídeo Netflix en color negro,True,2025-04-03 12:09:12.797756,2025-04-03 12:09:12.797757
4776d489-3fb0-4ef3-8286-dc9b0dff0a26,MLA32222092,068d29f2-d7af-43a0-b2a4-1887ee29273e,MLA32222092,d5e2bafc-0cb5-495d-968d-794f56211bad,5144510e-085b-44d6-a348-f07d53c5b155,"Chromecast Audio Bivolt Black con entrada Rca de 3,5 mm y óptica",,COMPLETE,MEDIUM,PRODUCT,MLA,"Chromecast Audio Bivolt Black con entrada Rca de 3,5 mm y óptica",True,2025-04-03 12:09:12.797923,2025-04-03 12:09:12.797923
e3746e4f-e6ae-4e60-8a62-2e8b8485ff50,MLA23122610,3baac5e8-9740-4b22-ab62-fcc3c766a24a,MLA23122610,d5e2bafc-0cb5-495d-968d-794f56211bad,5144510e-085b-44d6-a348-f07d53c5b155,Anycast MiraScreen M9 Plus Netflix Flow Smart Tv Chromecast Wifi 2.4g Negro,,COMPLETE,MEDIUM,PRODUCT,MLA,Anycast MiraScreen M9 Plus Netflix Flow Smart Tv Chromecast Wifi 2.4g Negro,True,2025-04-03 12:09:12.797966,2025-04-03 12:09:12.797966
c741c822-51c7-4866-8f30-b17fef4eec9a,MLA25863373,eb32d91b-ef17-478d-a5d1-26d0b0c5bc5c,MLA25863373,d5e2bafc-0cb5-495d-968d-794f56211bad,5144510e-085b-44d6-a348-f07d53c5b155,Google Chromecast 3rd Full Hd Convierte Tv En Tv Smart Apps Color Carbón,,COMPLETE,MEDIUM,PRODUCT,MLA,Google Chromecast 3rd Full Hd Convierte Tv En Tv Smart Apps Color Carbón,True,2025-04-03 12:09:12.798087,2025-04-03 12:09:12.798087
c0d9e2eb-0070-44d6-9aeb-b733c8437363,MLA21774715,9ba52352-baf2-489d-9d39-c22bae1421f2,MLA21774715,d5e2bafc-0cb5-495d-968d-794f56211bad,5144510e-085b-44d6-a348-f07d53c5b155,Chromecast GA01919-US Google 4ᵃ generación 4K 8GB con 2GB de memoria RAM,,COMPLETE,MEDIUM,PRODUCT,MLA,Chromecast GA01919-US Google 4ᵃ generación 4K 8GB con 2GB de memoria RAM,True,2025-04-03 12:09:12.798222,2025-04-03 12:09:12.798222
bd9e2cf3-36a5-4bd6-b043-10b2ba7be086,MLA25208909,64abcc1a-a95a-4a53-8e0a-2bff96689288,MLA25208909,d5e2bafc-0cb5-495d-968d-794f56211bad,5144510e-085b-44d6-a348-f07d53c5b155,"Chromecast 4k Ultra Hd Hdmi Wi-Fi Hdr 3 sin embalaje, color negro",,COMPLETE,MEDIUM,PRODUCT,MLA,"Chromecast 4k Ultra Hd Hdmi Wi-Fi Hdr 3 sin embalaje, color negro",True,2025-04-03 12:09:12.798361,2025-04-03 12:09:12.798361
c5f521d2-e9f4-468b-b3b5-5dbfdf6d5d63,MLA24132571,2fe5b4ae-b3c3-49f3-a5bb-fea7190302f5,MLA24132571,d5e2bafc-0cb5-495d-968d-794f56211bad,5144510e-085b-44d6-a348-f07d53c5b155,Mi Box Tv Xiaomi 4k Google Assistant y Chromecast integrados en color negro,,COMPLETE,MEDIUM,PRODUCT,MLA,Mi Box Tv Xiaomi 4k Google Assistant y Chromecast integrados en color negro,True,2025-04-03 12:09:12.798464,2025-04-03 12:09:12.798464
cae7f2a1-72ea-47e6-aa66-2f23563c8351,MLA23953957,9b64adc1-4672-4dfc-893d-2889031d653b,MLA23953957,d5e2bafc-0cb5-495d-968d-794f56211bad,5144510e-085b-44d6-a348-f07d53c5b155,Mirascreen G2 Chromecast Anycast Receptor Hdmi Wifi Wireless Tv Inteligente Adaptador Color Negro,,COMPLETE,MEDIUM,PRODUCT,MLA,Mirascreen G2 Chromecast Anycast Receptor Hdmi Wifi Wireless Tv Inteligente Adaptador Color Negro,True,2025-04-03 12:09:12.798577,2025-04-03 12:09:12.798578
3d739a5e-bace-42bb-9ed0-37df89d30236,MLA15984003,175c2e11-ac2d-4c50-92be-92d80d33a653,MLA15984003,d5e2bafc-0cb5-495d-968d-794f56211bad,5144510e-085b-44d6-a348-f07d53c5b155,Xiaomi Mi Tv stick Full Hd 8gb Chromecast streaming con control color negro,,COMPLETE,MEDIUM,PRODUCT,MLA,Xiaomi Mi Tv stick Full Hd 8gb Chromecast streaming con control color negro,True,2025-04-03 12:09:12.798695,2025-04-03 12:09:12.798695
8a9c0870-bac9-4798-8922-7471277608ac,MLA42847198,9d872469-58f3-4c0c-9592-dcdbaa74c0ad,MLA42847198,d5e2bafc-0cb5-495d-968d-794f56211bad,5144510e-085b-44d6-a348-f07d53c5b155,"Adaptador de TV inalámbrico Chromecast Mirroring, color: negro, tipo de control remoto estándar",,COMPLETE,MEDIUM,PRODUCT,MLA,"Adaptador de TV inalámbrico Chromecast Mirroring, color: negro, tipo de control remoto estándar",True,2025-04-03 12:09:12.799077,2025-04-03 12:09:12.799077
f2a1181f-9b2f-4f3a-a519-5f64c8a8300a,MLA46650591,48773564-58e0-4cac-a6db-65723175477c,MLA46650591,d5e2bafc-0cb5-495d-968d-794f56211bad,5144510e-085b-44d6-a348-f07d53c5b155,Google Chromecast Full Hd 256 MB negro con 512 MB de memoria RAM,,COMPLETE,MEDIUM,PRODUCT,MLA,Google Chromecast Full Hd 256 MB negro con 512 MB de memoria RAM,True,2025-04-03 12:09:12.799142,2025-04-03 12:09:12.799142
b50b38bf-5ab6-4e6a-a3ae-e13033b0f89f,MLA20255932,c6bdb85a-9eba-4eb9-b7f6-8e1271d5b708,MLA20255932,d5e2bafc-0cb5-495d-968d-794f56211bad,5144510e-085b-44d6-a348-f07d53c5b155,Google Chromecast 3ra Generación Streaming Hdmi Celular Color Negro Tipo de control remoto Negro,,COMPLETE,MEDIUM,PRODUCT,MLA,Google Chromecast 3ra Generación Streaming Hdmi Celular Color Negro Tipo de control remoto Negro,True,2025-04-03 12:09:12.799251,2025-04-03 12:09:12.799251
81852abc-396f-4a01-a7a3-f807a4db1cf5,MLA27202677,b12d09ce-f83f-4e51-99f2-6292bb1834ac,MLA27202677,d5e2bafc-0cb5-495d-968d-794f56211bad,5144510e-085b-44d6-a348-f07d53c5b155,Dcolor Chromecast GD1 4K de voz 4K 16GB negro con 2GB de memoria RAM,,COMPLETE,MEDIUM,PRODUCT,MLA,Dcolor Chromecast GD1 4K de voz 4K 16GB negro con 2GB de memoria RAM,True,2025-04-03 12:09:12.799399,2025-04-03 12:09:12.799400
2a0b2803-5516-453d-aff5-5aa7aada13ca,MLA6125040,956a0d95-99d7-4fda-99e1-89c0386727a1,MLA6125040,d5e2bafc-0cb5-495d-968d-794f56211bad,5144510e-085b-44d6-a348-f07d53c5b155,Google Chromecast 2.ª generación Full HD 256MB amarillo con 512MB de memoria RAM,,COMPLETE,MEDIUM,PRODUCT,MLA,Google Chromecast 2.ª generación Full HD 256MB amarillo con 512MB de memoria RAM,True,2025-04-03 12:09:12.799468,2025-04-03 12:09:12.799468
3dc547b4-733d-4b23-9580-5307e56f40f0,MLA6125041,956a0d95-99d7-4fda-99e1-89c0386727a1,MLA6125041,d5e2bafc-0cb5-495d-968d-794f56211bad,5144510e-085b-44d6-a348-f07d53c5b155,Google Chromecast 2.ª generación Full HD 256MB rojo con 512MB de memoria RAM,,COMPLETE,MEDIUM,PRODUCT,MLA,Google Chromecast 2.ª generación Full HD 256MB rojo con 512MB de memoria RAM,True,2025-04-03 12:09:12.799579,2025-04-03 12:09:12.799580
15d39e1b-50b1-4a86-a52a-d764b97718e0,MLA40695658,34b81f21-da08-49c5-928a-0a066e31db71,MLA40695658,d5e2bafc-0cb5-495d-968d-794f56211bad,5144510e-085b-44d6-a348-f07d53c5b155,"Audiocast M5 es mejor que el audio de Google Chromecast en Brasil, color negro",,COMPLETE,MEDIUM,PRODUCT,MLA,"Audiocast M5 es mejor que el audio de Google Chromecast en Brasil, color negro",True,2025-04-03 12:09:12.799703,2025-04-03 12:09:12.799703
4f9d29ce-4965-4547-918e-f3e39433a6d4,MLA46599052,4ab90397-41d1-4186-8b1e-3b636c904031,MLA46599052,d5e2bafc-0cb5-495d-968d-794f56211bad,5144510e-085b-44d6-a348-f07d53c5b155,"Google Chromecast Ga3a00028a14 Reproductor Multimedia De Transmisión Hdmi - Transmite Programas, Música, Fotos Y Deportes Desde Tu Teléfono A Tu Televisor",,COMPLETE,MEDIUM,PRODUCT,MLA,"Google Chromecast Ga3a00028a14 Reproductor Multimedia De Transmisión Hdmi - Transmite Programas, Música, Fotos Y Deportes Desde Tu Teléfono A Tu Televisor",True,2025-04-03 12:09:12.799749,2025-04-03 12:09:12.799750
488fe02c-17d3-41da-91b2-185e8975db1b,MLA37734297,7942dca9-4507-4d32-a8ae-1007a4fc6f37,MLA37734297,d5e2bafc-0cb5-495d-968d-794f56211bad,5144510e-085b-44d6-a348-f07d53c5b155,"Google Nest Mini Charcoal De Segunda Generación (altavoz Bluetooth), Chromecast De Tercera Generación, Paquete Económico",,PRIMITIVE,MEDIUM,PRODUCT,MLA,"Google Nest Mini Charcoal De Segunda Generación (altavoz Bluetooth), Chromecast De Tercera Generación, Paquete Económico",True,2025-04-03 12:09:12.799795,2025-04-03 12:09:12.799795
82c352cb-83fd-4d9a-ae2e-8e22777f5ec0,MLA47354226,62c253e0-fa99-46c8-9544-609c10bf66d2,MLA47354226,d5e2bafc-0cb5-495d-968d-794f56211bad,5144510e-085b-44d6-a348-f07d53c5b155,"Google Chromecast TV 4 HD, transmisión multimedia de voz, 8 GB, 2 GB de RAM",,COMPLETE,MEDIUM,PRODUCT,MLA,"Google Chromecast TV 4 HD, transmisión multimedia de voz, 8 GB, 2 GB de RAM",True,2025-04-03 12:09:12.799824,2025-04-03 12:09:12.799824
ddd59a9e-f677-4289-b326-cd10223f5730,MLA47546956,236b88f6-4e0b-4842-af4e-565fc6111bb4,MLA47546956,d5e2bafc-0cb5-495d-968d-794f56211bad,5144510e-085b-44d6-a348-f07d53c5b155,Chromecast Version Miracast Netflix Youtube Spotify Ramos Color Azul Acero Tipo De Control Remoto Estándar,,COMPLETE,MEDIUM,PRODUCT,MLA,Chromecast Version Miracast Netflix Youtube Spotify Ramos Color Azul Acero Tipo De Control Remoto Estándar,True,2025-04-03 12:09:12.799961,2025-04-03 12:09:12.799961
f857ed94-2504-44e0-8bee-fa92d23e352d,MLA38351184,fc458685-6cf3-4628-827e-a052334947b1,MLA38351184,d5e2bafc-0cb5-495d-968d-794f56211bad,5144510e-085b-44d6-a348-f07d53c5b155,Google Chromecast con Google TV Full HD de 8 GB Snow y 2 GB de RAM,,COMPLETE,MEDIUM,PRODUCT,MLA,Google Chromecast con Google TV Full HD de 8 GB Snow y 2 GB de RAM,True,2025-04-03 12:09:12.800091,2025-04-03 12:09:12.800091
29079902-e65a-4d09-b3e0-3dff87c9a80d,MLA37281209,600381dd-d9a6-40c9-b4ff-54ef0431fb4c,MLA37281209,d5e2bafc-0cb5-495d-968d-794f56211bad,5144510e-085b-44d6-a348-f07d53c5b155,"Ronshin Electronics 2.4 G Wifi Hdmi Receptor De Visualización Inalámbrica Para Chromecast Google Pusher, Adaptador De Espejado Fundido Miracast Airplay Dlna",,PRIMITIVE,MEDIUM,PRODUCT,MLA,"Ronshin Electronics 2.4 G Wifi Hdmi Receptor De Visualización Inalámbrica Para Chromecast Google Pusher, Adaptador De Espejado Fundido Miracast Airplay Dlna",True,2025-04-03 12:09:12.800256,2025-04-03 12:09:12.800257
0a6caf17-c76d-43e5-b67f-2dfa57440019,MLA21237756,ae8b85b6-a141-491c-8f48-b3e7540d8a84,MLA21237756,d5e2bafc-0cb5-495d-968d-794f56211bad,5144510e-085b-44d6-a348-f07d53c5b155,Chromecast Google Ga03131 Tv Hd 8gb 2gb Ram 60 Fps Wifi Bluetooth Hdmi 4ta Gen Blanco,,COMPLETE,MEDIUM,PRODUCT,MLA,Chromecast Google Ga03131 Tv Hd 8gb 2gb Ram 60 Fps Wifi Bluetooth Hdmi 4ta Gen Blanco,True,2025-04-03 12:09:12.800294,2025-04-03 12:09:12.800294
cc74ff45-dc76-4a09-aaf0-b9746ca5cf21,MLA28801485,fdc8c9d6-6ea7-45c9-b291-67b354df84ed,MLA28801485,d5e2bafc-0cb5-495d-968d-794f56211bad,5144510e-085b-44d6-a348-f07d53c5b155,"Chromecast To Mirror Tv 3 Hdmi 1080p Edición original, color negro, tipo de control remoto estándar",,COMPLETE,MEDIUM,PRODUCT,MLA,"Chromecast To Mirror Tv 3 Hdmi 1080p Edición original, color negro, tipo de control remoto estándar",True,2025-04-03 12:09:12.800436,2025-04-03 12:09:12.800437
cbd347f8-d27b-41a4-9849-e447c54d5bf7,MLA16233185,58b8f3c8-eaca-47d6-8dfc-1e194cf2e4a4,MLA16233185,d5e2bafc-0cb5-495d-968d-794f56211bad,5144510e-085b-44d6-a348-f07d53c5b155,Chromecast with Google TV de voz 4ª generación 4K 8GB snow con 2GB de memoria RAM,,COMPLETE,MEDIUM,PRODUCT,MLA,Chromecast with Google TV de voz 4ª generación 4K 8GB snow con 2GB de memoria RAM,True,2025-04-03 12:09:12.800516,2025-04-03 12:09:12.800516
e60abdf4-ab20-4580-a84e-97796746e43f,MLA6125043,956a0d95-99d7-4fda-99e1-89c0386727a1,MLA6125043,d5e2bafc-0cb5-495d-968d-794f56211bad,5144510e-085b-44d6-a348-f07d53c5b155,Google Chromecast H2G2-42 1.ª generación Full HD 2GB negro con 512MB de memoria RAM,,COMPLETE,MEDIUM,PRODUCT,MLA,Google Chromecast H2G2-42 1.ª generación Full HD 2GB negro con 512MB de memoria RAM,True,2025-04-03 12:09:12.800676,2025-04-03 12:09:12.800676
e6825d06-b63a-43cd-9853-a7607919500b,MLA44016696,d2f0815e-fd8d-4b16-ab94-0f0740838ea1,MLA44016696,d5e2bafc-0cb5-495d-968d-794f56211bad,5144510e-085b-44d6-a348-f07d53c5b155,"Dongle inalámbrico Mirascreen Anycast de 4K, Chromecast, tipo /e, color negro, tipo de control remoto estándar",,COMPLETE,MEDIUM,PRODUCT,MLA,"Dongle inalámbrico Mirascreen Anycast de 4K, Chromecast, tipo /e, color negro, tipo de control remoto estándar",True,2025-04-03 12:09:12.800834,2025-04-03 12:09:12.800834
8ae7282a-847a-4207-888f-045f7414a3c5,MLA46646080,48773564-58e0-4cac-a6db-65723175477c,MLA46646080,d5e2bafc-0cb5-495d-968d-794f56211bad,5144510e-085b-44d6-a348-f07d53c5b155,Tv Box Chromecast Fire Tv Stick Android Full HD en color negro tipo control remoto por voz,,COMPLETE,MEDIUM,PRODUCT,MLA,Tv Box Chromecast Fire Tv Stick Android Full HD en color negro tipo control remoto por voz,True,2025-04-03 12:09:12.800902,2025-04-03 12:09:12.800902
5295e986-7512-4fcb-90c8-bee5159f6285,MLA40682584,34b81f21-da08-49c5-928a-0a066e31db71,MLA40682584,d5e2bafc-0cb5-495d-968d-794f56211bad,5144510e-085b-44d6-a348-f07d53c5b155,Tv Box Gadnic Android 10.0 Hdmi 4k Chromecast Full Hd Color Negro Tipo de control remoto Estándar,,COMPLETE,MEDIUM,PRODUCT,MLA,Tv Box Gadnic Android 10.0 Hdmi 4k Chromecast Full Hd Color Negro Tipo de control remoto Estándar,True,2025-04-03 12:09:12.801028,2025-04-03 12:09:12.801028
7e33124f-e2c0-4896-82d3-bbf7700719d3,MLA47449800,5aff942c-8159-4485-b728-857e20e2d8a8,MLA47449800,d5e2bafc-0cb5-495d-968d-794f56211bad,5144510e-085b-44d6-a348-f07d53c5b155,Android Tv Box Tipo Watch Onn 4k Streaming Google Chromecast Color Negro Tipo De Control Remoto Estándar,,COMPLETE,MEDIUM,PRODUCT,MLA,Android Tv Box Tipo Watch Onn 4k Streaming Google Chromecast Color Negro Tipo De Control Remoto Estándar,True,2025-04-03 12:09:12.801085,2025-04-03 12:09:12.801085
3bd50ec7-6f68-4216-901a-08a2b69a466f,MLA29041598,8d882565-9435-4055-8b42-1724352c93a5,MLA29041598,d5e2bafc-0cb5-495d-968d-794f56211bad,5144510e-085b-44d6-a348-f07d53c5b155,Mecool Km2 Android Tv Netflix 4k Con Google Assistant Chromecast Integrado En 4k Hdr Streaming Reproductor Multimedia Certificado Google 1,,PRIMITIVE,MEDIUM,PRODUCT,MLA,Mecool Km2 Android Tv Netflix 4k Con Google Assistant Chromecast Integrado En 4k Hdr Streaming Reproductor Multimedia Certificado Google 1,True,2025-04-03 12:09:12.801172,2025-04-03 12:09:12.801173
9779bcbb-4211-4f6a-b3eb-e937fd11f4e9,MLA34334446,322862b9-1952-4e7e-b6ec-d75039a1df71,MLA34334446,d5e2bafc-0cb5-495d-968d-794f56211bad,5144510e-085b-44d6-a348-f07d53c5b155,"Wiim Pro Airplay 2 Receptor, Chromecast Audio, Wifi Multiroom Streamer, Compatible Con Alexa, Siri Y Google Assistant, Transmite Audio De Alta Resolución De Spotify, Amazon Music, Tidal Y Más",,PRIMITIVE,MEDIUM,PRODUCT,MLA,"Wiim Pro Airplay 2 Receptor, Chromecast Audio, Wifi Multiroom Streamer, Compatible Con Alexa, Siri Y Google Assistant, Transmite Audio De Alta Resolución De Spotify, Amazon Music, Tidal Y Más",True,2025-04-03 12:09:12.801213,2025-04-03 12:09:12.801213
4d9a52cc-dec8-4600-96ca-e6b1373c6153,MLA46644650,48773564-58e0-4cac-a6db-65723175477c,MLA46644650,d5e2bafc-0cb5-495d-968d-794f56211bad,5144510e-085b-44d6-a348-f07d53c5b155,"Dispositivo Xiaomi Mi Tv Box Stick Chromecast Google Smart TV, color negro, tipo control remoto por voz",,COMPLETE,MEDIUM,PRODUCT,MLA,"Dispositivo Xiaomi Mi Tv Box Stick Chromecast Google Smart TV, color negro, tipo control remoto por voz",True,2025-04-03 12:09:12.801232,2025-04-03 12:09:12.801233
31f3331d-bcc2-4544-9e15-40abc3195bb3,MLA34921279,e61a694f-b204-4705-a84e-7d6c9fb9afca,MLA34921279,d5e2bafc-0cb5-495d-968d-794f56211bad,5144510e-085b-44d6-a348-f07d53c5b155,"Google Chromecast Con Google Tv (4k) - Disfruta De Películas, Programas En Vivo En 4k Hdr - Color Nieve",,COMPLETE,MEDIUM,PRODUCT,MLA,"Google Chromecast Con Google Tv (4k) - Disfruta De Películas, Programas En Vivo En 4k Hdr - Color Nieve",True,2025-04-03 12:09:12.801319,2025-04-03 12:09:12.801320
30b5d546-83af-436f-8de4-2c95847a91f5,MLA39011584,642b884d-17a1-4252-9ffc-e4b2ce3e3c1d,MLA39011584,d5e2bafc-0cb5-495d-968d-794f56211bad,5144510e-085b-44d6-a348-f07d53c5b155,"Receptor Inalámbrico De Pantalla Wifi M9 Plus, 1080p Actualizado Edición M9 Plus De Pantalla Chromecast Espejo Dongle Av Digital A Hdmi Compatible Con Ios / Android / Samsung / iPhone",,PRIMITIVE,MEDIUM,PRODUCT,MLA,"Receptor Inalámbrico De Pantalla Wifi M9 Plus, 1080p Actualizado Edición M9 Plus De Pantalla Chromecast Espejo Dongle Av Digital A Hdmi Compatible Con Ios / Android / Samsung / iPhone",True,2025-04-03 12:09:12.801447,2025-04-03 12:09:12.801447
5a30d063-031e-4719-8db5-9f2a92c799bf,MLA37230837,8ffdc1e2-483d-446e-974f-84761134da2a,MLA37230837,d5e2bafc-0cb5-495d-968d-794f56211bad,5144510e-085b-44d6-a348-f07d53c5b155,"Google Chromecast Con Google Tv - Mira Películas, Youtube, Programas Y Tv En Vivo En Reproductor Multimedia De Transmisión 4k Hdr, Búsqueda De Voz, Solo Dispositivo Chromecast, Nieve",,PRIMITIVE,MEDIUM,PRODUCT,MLA,"Google Chromecast Con Google Tv - Mira Películas, Youtube, Programas Y Tv En Vivo En Reproductor Multimedia De Transmisión 4k Hdr, Búsqueda De Voz, Solo Dispositivo Chromecast, Nieve",True,2025-04-03 12:09:12.801499,2025-04-03 12:09:12.801499
c2b2cdf4-e06e-41bb-8890-6a8396e3faea,MLA37719267,7942dca9-4507-4d32-a8ae-1007a4fc6f37,,d5e2bafc-0cb5-495d-968d-794f56211bad,5144510e-085b-44d6-a348-f07d53c5b155,Contiman Receptor De Pantalla Inalámbrico G12 Wifi Hdmi Para Chromecast Google Pusher Cast Adaptador De Espejo De Pantalla Para Miracast Airplay Dlna Negro,,PRIMITIVE,MEDIUM,PRODUCT,MLA,Contiman Receptor De Pantalla Inalámbrico G12 Wifi Hdmi Para Chromecast Google Pusher Cast Adaptador De Espejo De Pantalla Para Miracast Airplay Dlna Negro,True,2025-04-03 12:09:12.801530,2025-04-03 12:09:12.801531
ffb7d495-7978-4316-973b-1558f3147166,MLA41155487,e2e7f2a0-04c3-4ae2-9d84-6492f45bd968,MLA41155487,d5e2bafc-0cb5-495d-968d-794f56211bad,5144510e-085b-44d6-a348-f07d53c5b155,"Dispositivo Xiaomi Mi Tv Box S Stick Chromecast Google Smart TV, color negro, tipo control remoto por voz",,COMPLETE,MEDIUM,PRODUCT,MLA,"Dispositivo Xiaomi Mi Tv Box S Stick Chromecast Google Smart TV, color negro, tipo control remoto por voz",True,2025-04-03 12:09:12.801569,2025-04-03 12:09:12.801570
7ce35456-1b70-4b08-9706-12b78dce6a45,MLA42838649,9d872469-58f3-4c0c-9592-dcdbaa74c0ad,MLA42838649,d5e2bafc-0cb5-495d-968d-794f56211bad,5144510e-085b-44d6-a348-f07d53c5b155,"Dispositivo Xiaomi Mi Tv Box Stick Chromecast y Google Smart TV, color negro, tipo control remoto por voz",,COMPLETE,MEDIUM,PRODUCT,MLA,"Dispositivo Xiaomi Mi Tv Box Stick Chromecast y Google Smart TV, color negro, tipo control remoto por voz",True,2025-04-03 12:09:12.801642,2025-04-03 12:09:12.801642
9e7e38cf-b5fe-4eb2-a829-cd9493cefa03,MLA41082280,bb2307d8-a974-4496-bf0d-b75295d6d84c,MLA41082280,d5e2bafc-0cb5-495d-968d-794f56211bad,5144510e-085b-44d6-a348-f07d53c5b155,"Sylvox - Televisión Qled 4k Impermeable Para Exteriores De Google Tv De 43 Pulgadas, Asistente De Voz Chromecast Integrado De 15 W, Sonido Panorámico Envolvente Estéreo, Alto Brillo Para Sol Parcial",,COMPLETE,MEDIUM,PRODUCT,MLA,"Sylvox - Televisión Qled 4k Impermeable Para Exteriores De Google Tv De 43 Pulgadas, Asistente De Voz Chromecast Integrado De 15 W, Sonido Panorámico Envolvente Estéreo, Alto Brillo Para Sol Parcial",True,2025-04-03 12:09:12.801719,2025-04-03 12:09:12.801719
f6bcfc8e-9972-4e93-b5d5-a97d122112b6,MLA37291478,600381dd-d9a6-40c9-b4ff-54ef0431fb4c,MLA37291478,d5e2bafc-0cb5-495d-968d-794f56211bad,5144510e-085b-44d6-a348-f07d53c5b155,"Serie D De 32 Pulgadas De Vizio: Televisor Inteligente Full Hd 1080p Con Apple Airplay Y Chromecast Integrados, Duplicación De Pantalla Para Segundas Pantallas Y Más De 150 Canales De Transmisión",,PRIMITIVE,MEDIUM,PRODUCT,MLA,"Serie D De 32 Pulgadas De Vizio: Televisor Inteligente Full Hd 1080p Con Apple Airplay Y Chromecast Integrados, Duplicación De Pantalla Para Segundas Pantallas Y Más De 150 Canales De Transmisión",True,2025-04-03 12:09:12.801766,2025-04-03 12:09:12.801766
9ff6c813-8301-4875-a7f7-4d4a9f9b6dee,MLA46660900,f91fd95b-abb3-4f5d-8778-f4237c0de9c9,MLA46660900,d5e2bafc-0cb5-495d-968d-794f56211bad,5144510e-085b-44d6-a348-f07d53c5b155,"Dispositivo de TV inteligente Xiaomi Mi Box S 4k Chromecast Google 2Gbs, color negro, tipo control remoto por voz",,COMPLETE,MEDIUM,PRODUCT,MLA,"Dispositivo de TV inteligente Xiaomi Mi Box S 4k Chromecast Google 2Gbs, color negro, tipo control remoto por voz",True,2025-04-03 12:09:12.801804,2025-04-03 12:09:12.801804
524a2db1-068c-4414-948c-391deef2ea54,MLA41077223,bb2307d8-a974-4496-bf0d-b75295d6d84c,MLA41077223,d5e2bafc-0cb5-495d-968d-794f56211bad,5144510e-085b-44d6-a348-f07d53c5b155,"Sylvox Smart Tv De 55 Pulgadas, Resistente A La Intemperie, Google Tv 4k, Asistente De Voz Chromecast Integrado De 15 W, Sonido Panorámico Estéreo Envolvente, Ultra Alto Brillo Para Áreas De Sol",,PRIMITIVE,MEDIUM,PRODUCT,MLA,"Sylvox Smart Tv De 55 Pulgadas, Resistente A La Intemperie, Google Tv 4k, Asistente De Voz Chromecast Integrado De 15 W, Sonido Panorámico Estéreo Envolvente, Ultra Alto Brillo Para Áreas De Sol",True,2025-04-03 12:09:12.801856,2025-04-03 12:09:12.801856
fe2ffe9d-c007-4570-b24c-d90d66661c5f,MLA28705947,f08d092d-1a9d-4c47-ab16-11e19f316a49,MLA28705947,d5e2bafc-0cb5-495d-968d-794f56211bad,5144510e-085b-44d6-a348-f07d53c5b155,Optimus Tv Gd1 4k Tv Box Android Tv Wi-fi Streaming Transmite 4k Ultra Hd Función De Chromecast Con Google Assintant - Tv Sitck Optimus Technology,,COMPLETE,MEDIUM,PRODUCT,MLA,Optimus Tv Gd1 4k Tv Box Android Tv Wi-fi Streaming Transmite 4k Ultra Hd Función De Chromecast Con Google Assintant - Tv Sitck Optimus Technology,True,2025-04-03 12:09:12.801894,2025-04-03 12:09:12.801894
f78f5165-f081-4c08-8549-07110998caac,MLA45001905,8e0afae3-028d-496a-a45a-a0be3dbaf194,MLA45001905,d5e2bafc-0cb5-495d-968d-794f56211bad,5144510e-085b-44d6-a348-f07d53c5b155,"Chromecast Pix Mira HDMI de segunda generación, 8 GB, 1,5 GB con fuente de 12 V, color gris oscuro, tipo de control remoto estándar",,COMPLETE,MEDIUM,PRODUCT,MLA,"Chromecast Pix Mira HDMI de segunda generación, 8 GB, 1,5 GB con fuente de 12 V, color gris oscuro, tipo de control remoto estándar",True,2025-04-03 12:09:12.802040,2025-04-03 12:09:12.802040
d183d036-1a9d-4ef7-bfba-d70d5fa482ff,MLA42827642,9d872469-58f3-4c0c-9592-dcdbaa74c0ad,MLA42827642,d5e2bafc-0cb5-495d-968d-794f56211bad,5144510e-085b-44d6-a348-f07d53c5b155,"Newtek Tricaster 410 Advanced Super Preserved con funda y color: negro, tipo mando a distancia estándar",,COMPLETE,MEDIUM,PRODUCT,MLA,"Newtek Tricaster 410 Advanced Super Preserved con funda y color: negro, tipo mando a distancia estándar",True,2025-04-03 12:09:12.802098,2025-04-03 12:09:12.802098
66129125-9451-46a6-b145-a8c1733cd8c1,MLA44748277,efbd2ab0-dea3-40ef-ae8a-1c562210414e,MLA44748277,d5e2bafc-0cb5-495d-968d-794f56211bad,5144510e-085b-44d6-a348-f07d53c5b155,Convertidor De Led A Smart Tv 1080p Netflix Star Disney 16gb Color Negro Tipo de control remoto Estándar,,COMPLETE,MEDIUM,PRODUCT,MLA,Convertidor De Led A Smart Tv 1080p Netflix Star Disney 16gb Color Negro Tipo de control remoto Estándar,True,2025-04-03 12:09:12.802176,2025-04-03 12:09:12.802176
6ec9a9aa-4782-4932-8259-7fd49908453a,MLA42834722,9d872469-58f3-4c0c-9592-dcdbaa74c0ad,MLA42834722,d5e2bafc-0cb5-495d-968d-794f56211bad,5144510e-085b-44d6-a348-f07d53c5b155,"Adaptador de pantalla inalámbrico D-link MainStage Tv Dhd-131, color negro",,COMPLETE,MEDIUM,PRODUCT,MLA,"Adaptador de pantalla inalámbrico D-link MainStage Tv Dhd-131, color negro",True,2025-04-03 12:09:12.802236,2025-04-03 12:09:12.802236
02a229f9-bb13-4133-96fb-8fb54cc26e09,MLA21728489,9829347a-8c19-4899-889f-606264aebd11,MLA21728489,d5e2bafc-0cb5-495d-968d-794f56211bad,5144510e-085b-44d6-a348-f07d53c5b155,Caja de streaming Vw Nivus T Cross Taos Amarok Carplay S/f,,COMPLETE,MEDIUM,PRODUCT,MLA,Caja de streaming Vw Nivus T Cross Taos Amarok Carplay S/f,True,2025-04-03 12:09:12.802301,2025-04-03 12:09:12.802301
482fef58-1c5e-4cb9-8004-a7844f2904a1,MLA42843484,9d872469-58f3-4c0c-9592-dcdbaa74c0ad,MLA42843484,d5e2bafc-0cb5-495d-968d-794f56211bad,5144510e-085b-44d6-a348-f07d53c5b155,Anbernic Rg353v Preto 16+64gb. Tipo De Controle Remoto Padrão,,PRIMITIVE,MEDIUM,PRODUCT,MLA,Anbernic Rg353v Preto 16+64gb. Tipo De Controle Remoto Padrão,True,2025-04-03 12:09:12.802344,2025-04-03 12:09:12.802344
2a0e0141-0b7a-499b-90b2-0aa33e904f48,MLA34955589,5d0b758d-6a90-447a-9953-c2c6257c3ca3,MLA34955589,d5e2bafc-0cb5-495d-968d-794f56211bad,5144510e-085b-44d6-a348-f07d53c5b155,Tv Stick Convertidor Smart 256gb 4k + Control Remoto Wifi Color Negro Tipo De Control Remoto De Voz,,COMPLETE,MEDIUM,PRODUCT,MLA,Tv Stick Convertidor Smart 256gb 4k + Control Remoto Wifi Color Negro Tipo De Control Remoto De Voz,True,2025-04-03 12:09:12.802368,2025-04-03 12:09:12.802369
1528153c-9454-470e-829d-6cd9c66387bf,MLA22209472,ccdd90b1-bcc5-46d5-aa56-7648366c4ef5,MLA22209472,d5e2bafc-0cb5-495d-968d-794f56211bad,5144510e-085b-44d6-a348-f07d53c5b155,Mini Pc Tv Box Android 4k Alta Resolucion Smart Tv Cargador,,COMPLETE,MEDIUM,PRODUCT,MLA,Mini Pc Tv Box Android 4k Alta Resolucion Smart Tv Cargador,True,2025-04-03 12:09:12.802419,2025-04-03 12:09:12.802419
9d7ec9e0-9cc9-4638-a9af-db06a52e2305,MLA26707106,503efbf0-f789-4df7-a9c5-2439606d7e13,MLA26707106,d5e2bafc-0cb5-495d-968d-794f56211bad,5144510e-085b-44d6-a348-f07d53c5b155,Tv stick MiraScreen MiraScreen DT8 DT8 4K negro con 128GB de memoria RAM,,COMPLETE,MEDIUM,PRODUCT,MLA,Tv stick MiraScreen MiraScreen DT8 DT8 4K negro con 128GB de memoria RAM,True,2025-04-03 12:09:12.802469,2025-04-03 12:09:12.802469
e7575c10-134d-4815-98c6-b91d9f4ba3d8,MLA42857839,9d872469-58f3-4c0c-9592-dcdbaa74c0ad,MLA42857839,d5e2bafc-0cb5-495d-968d-794f56211bad,5144510e-085b-44d6-a348-f07d53c5b155,"Dispositivo Voltalic 4k sin cuotas mensuales, a todo color, negro, tipo control remoto estándar",,COMPLETE,MEDIUM,PRODUCT,MLA,"Dispositivo Voltalic 4k sin cuotas mensuales, a todo color, negro, tipo control remoto estándar",True,2025-04-03 12:09:12.802568,2025-04-03 12:09:12.802568
f8a306bd-04fe-48d2-beb3-93f7d96b69db,MLA28495758,3d96e981-4b0c-4f46-95e9-344d6ae5ccb9,MLA28495758,d5e2bafc-0cb5-495d-968d-794f56211bad,5144510e-085b-44d6-a348-f07d53c5b155,Vr-1hd | Streamer De Video,,COMPLETE,MEDIUM,PRODUCT,MLA,Vr-1hd | Streamer De Video,True,2025-04-03 12:09:12.802646,2025-04-03 12:09:12.802646
18e1d5a2-93f1-4cf9-8ef2-5af1c7c78b57,MLA47080081,2e122071-8e6e-4129-b777-970376fa0222,MLA47080081,d5e2bafc-0cb5-495d-968d-794f56211bad,5144510e-085b-44d6-a348-f07d53c5b155,Sjrohe Internet Streaming Tv Strick Android 13.0 4+32gb 8k Tv Box 4k Con Google Assistant Full Hd Tv Android Tv Game Box Tv Stick Para Google Store Magis Netflix Usb Bluetooth Cable Hdmi,,COMPLETE,MEDIUM,PRODUCT,MLA,Sjrohe Internet Streaming Tv Strick Android 13.0 4+32gb 8k Tv Box 4k Con Google Assistant Full Hd Tv Android Tv Game Box Tv Stick Para Google Store Magis Netflix Usb Bluetooth Cable Hdmi,True,2025-04-03 12:09:12.802684,2025-04-03 12:09:12.802684
d837c6c8-e4ef-4bc5-b7ac-a94db4dd463f,MLA36986130,b2806008-b25f-41fd-9518-3aa3f097f452,,d5e2bafc-0cb5-495d-968d-794f56211bad,5144510e-085b-44d6-a348-f07d53c5b155,"Sutinna Reproductor Multimedia, Reproductor Multimedia 4k Hd Mini Reproductor Multimedia De Transmisión Con Control Remoto E Indicador Led 100240v(enchufe Americano)",,PRIMITIVE,MEDIUM,PRODUCT,MLA,"Sutinna Reproductor Multimedia, Reproductor Multimedia 4k Hd Mini Reproductor Multimedia De Transmisión Con Control Remoto E Indicador Led 100240v(enchufe Americano)",True,2025-04-03 12:09:12.802834,2025-04-03 12:09:12.802834
ada66b3e-376b-4088-a597-d5e2780f90f6,MLA45571762,e4f5f179-3e56-46c1-a14d-7156292a1d5b,MLA45571762,d5e2bafc-0cb5-495d-968d-794f56211bad,5144510e-085b-44d6-a348-f07d53c5b155,"Receptor Glen Exposure en Wifi Hdmi Wifi, color negro",,COMPLETE,MEDIUM,PRODUCT,MLA,"Receptor Glen Exposure en Wifi Hdmi Wifi, color negro",True,2025-04-03 12:09:12.802876,2025-04-03 12:09:12.802876
4c5c4312-a6d9-402e-900a-fbe7ea8040ff,MLA43275820,f82baead-bcf4-451d-94f1-1f5b35b9324c,MLA43275820,d5e2bafc-0cb5-495d-968d-794f56211bad,5144510e-085b-44d6-a348-f07d53c5b155,Caja inteligente Smartpro 4k - PROSB-2000/2 GB - Proelektronic,,COMPLETE,MEDIUM,PRODUCT,MLA,Caja inteligente Smartpro 4k - PROSB-2000/2 GB - Proelektronic,True,2025-04-03 12:09:12.802968,2025-04-03 12:09:12.802968
f4a72f68-0881-42a8-9ad0-89f4a2427fdd,MLA41750701,cfd1cc51-2818-4060-af41-57f25110c558,MLA41750701,d5e2bafc-0cb5-495d-968d-794f56211bad,5144510e-085b-44d6-a348-f07d53c5b155,"Pustuep Castview Tv, Dispositivos De Streaming Para Tv, Adaptador De Pantalla Inalámbrico 1080p, Reproductor Multimedia Tv, Adaptador De Pantalla Inalámbrico 4k (#1)",,COMPLETE,MEDIUM,PRODUCT,MLA,"Pustuep Castview Tv, Dispositivos De Streaming Para Tv, Adaptador De Pantalla Inalámbrico 1080p, Reproductor Multimedia Tv, Adaptador De Pantalla Inalámbrico 4k (#1)",True,2025-04-03 12:09:12.803103,2025-04-03 12:09:12.803104
7a51c125-4c16-428a-91fc-bab7c72af0fd,MLA27716550,a5d78ec7-ccc6-4c13-9555-dceb729789d2,MLA27716550,d5e2bafc-0cb5-495d-968d-794f56211bad,5144510e-085b-44d6-a348-f07d53c5b155,Sintonizador Digital Goldtech Isdb-t Full Hd Tv Canales Aire Color Negro JTACCAV200,,COMPLETE,MEDIUM,PRODUCT,MLA,Sintonizador Digital Goldtech Isdb-t Full Hd Tv Canales Aire Color Negro JTACCAV200,True,2025-04-03 12:09:12.803202,2025-04-03 12:09:12.803202
1c1048a8-246e-4e80-9dc7-98ad32a462f6,MLA43943950,3374f3ed-0550-4903-9c13-cb8e0111dc69,MLA43943950,d5e2bafc-0cb5-495d-968d-794f56211bad,5144510e-085b-44d6-a348-f07d53c5b155,Tanix W2 Amlogic S905w2 Quad Core Ram 4 Gb Rom 64 Gb Dual Wifi 2.4g/5.8g Bt4.2 4k 6k Av1 Home Smart Media Player Set Parte Superior Box,,COMPLETE,MEDIUM,PRODUCT,MLA,Tanix W2 Amlogic S905w2 Quad Core Ram 4 Gb Rom 64 Gb Dual Wifi 2.4g/5.8g Bt4.2 4k 6k Av1 Home Smart Media Player Set Parte Superior Box,True,2025-04-03 12:09:12.803288,2025-04-03 12:09:12.803288
9a361537-2e2d-4989-9ef5-2eb44b669882,MLA42791859,34270aec-5505-41b5-928b-2c613d4a765f,MLA42791859,d5e2bafc-0cb5-495d-968d-794f56211bad,5144510e-085b-44d6-a348-f07d53c5b155,Smart Box Carplay Android 9.0 4 GB RAM 32 GB ROM Color negro,,COMPLETE,MEDIUM,PRODUCT,MLA,Smart Box Carplay Android 9.0 4 GB RAM 32 GB ROM Color negro,True,2025-04-03 12:09:12.803325,2025-04-03 12:09:12.803325
c5866dfc-cc1d-48d8-b688-4cc417b73aa9,MLA43273493,f82baead-bcf4-451d-94f1-1f5b35b9324c,MLA43273493,d5e2bafc-0cb5-495d-968d-794f56211bad,5144510e-085b-44d6-a348-f07d53c5b155,Dispositivo Dc Box Smart 4k 128gb / 16gb Ram / Android 12.1 Color Negro Tipo De Control Remoto Estándar,,PRIMITIVE,MEDIUM,PRODUCT,MLA,Dispositivo Dc Box Smart 4k 128gb / 16gb Ram / Android 12.1 Color Negro Tipo De Control Remoto Estándar,True,2025-04-03 12:09:12.803405,2025-04-03 12:09:12.803405
3c0cd232-f0b9-471e-a1a7-603c8943985c,MLA45480527,a09b8b1b-c21e-4815-819d-3c73dab66cb6,MLA45480527,d5e2bafc-0cb5-495d-968d-794f56211bad,5144510e-085b-44d6-a348-f07d53c5b155,Smart Tv Box Mlab 4k Uhd 16gb Android 7.1 Color Negro,,COMPLETE,MEDIUM,PRODUCT,MLA,Smart Tv Box Mlab 4k Uhd 16gb Android 7.1 Color Negro,True,2025-04-03 12:09:12.803462,2025-04-03 12:09:12.803462
f7a909f9-f6bb-4f20-aac0-485dc3912b40,MLA39016572,642b884d-17a1-4252-9ffc-e4b2ce3e3c1d,MLA39016572,d5e2bafc-0cb5-495d-968d-794f56211bad,5144510e-085b-44d6-a348-f07d53c5b155,"Lirom Android Tv Box 11.0 8 Gb De Ram, 128 Gb De Rom, Rk3356 Cpu Cortex-a53 De 64 Bits, 4k/8k Uhd Usb 3.0 Bt 4.1 2.4g/5g Wifi 1000m Smart Tv Box Con Mini Inalámbrico, 4 Gb+32 Gb",,PRIMITIVE,MEDIUM,PRODUCT,MLA,"Lirom Android Tv Box 11.0 8 Gb De Ram, 128 Gb De Rom, Rk3356 Cpu Cortex-a53 De 64 Bits, 4k/8k Uhd Usb 3.0 Bt 4.1 2.4g/5g Wifi 1000m Smart Tv Box Con Mini Inalámbrico, 4 Gb+32 Gb",True,2025-04-03 12:09:12.803511,2025-04-03 12:09:12.803511
d22c6b79-1a5f-465b-ab01-ae84fea1ce87,MLA41829330,4d8acc68-e055-4a73-ba66-66aff16074e3,MLA41829330,d5e2bafc-0cb5-495d-968d-794f56211bad,5144510e-085b-44d6-a348-f07d53c5b155,"Android 12.0 Tv Box, Cpu X88 Pro13 Rk3258, 4 Gb De Ram, 64 Gb De Rom, 4k 3d 2.4/5 Ghz Wifi6 Bt5.0 10/100m Ethernet Dlna Hdr10 Hdmi 2.0 H.265, Mini Inalámbrico, 4 Gb+64 Gb",,COMPLETE,MEDIUM,PRODUCT,MLA,"Android 12.0 Tv Box, Cpu X88 Pro13 Rk3258, 4 Gb De Ram, 64 Gb De Rom, 4k 3d 2.4/5 Ghz Wifi6 Bt5.0 10/100m Ethernet Dlna Hdr10 Hdmi 2.0 H.265, Mini Inalámbrico, 4 Gb+64 Gb",True,2025-04-03 12:09:12.803566,2025-04-03 12:09:12.803566
b1864949-a1e3-4961-83a4-606d09b269ad,MLA8738165,46ca6077-a1d2-4d42-bd5a-7ec8131cd0d0,MLA8738165,d5e2bafc-0cb5-495d-968d-794f56211bad,5144510e-085b-44d6-a348-f07d53c5b155,Roku Premiere+ 4630 estándar 4K 1GB negro con 1GB de memoria RAM,,COMPLETE,MEDIUM,PRODUCT,MLA,Roku Premiere+ 4630 estándar 4K 1GB negro con 1GB de memoria RAM,True,2025-04-03 12:09:12.803606,2025-04-03 12:09:12.803607
0615c08e-a010-463c-95c8-23ddd5ce4a32,MLA29124502,40c4c948-4a65-410e-a501-1685e3c61a77,MLA29124502,d5e2bafc-0cb5-495d-968d-794f56211bad,5144510e-085b-44d6-a348-f07d53c5b155,Tsemy Anycast Adaptador De Visualización Inalámbrico Hdmi Wifi 1080p Receptor De Espejo De Visualización Móvil Dongle A Tv/receptor De Proyector Compatible Con Android Mac Ios Windows,,PRIMITIVE,MEDIUM,PRODUCT,MLA,Tsemy Anycast Adaptador De Visualización Inalámbrico Hdmi Wifi 1080p Receptor De Espejo De Visualización Móvil Dongle A Tv/receptor De Proyector Compatible Con Android Mac Ios Windows,True,2025-04-03 12:09:12.803711,2025-04-03 12:09:12.803711
736e423f-a56e-4453-8b8a-94ceacb0d200,MLA45961530,09cdcb20-0434-4397-a872-a9dbaef92205,MLA45961530,d5e2bafc-0cb5-495d-968d-794f56211bad,5144510e-085b-44d6-a348-f07d53c5b155,Sjrohe Internet Streaming Tv Box Uhd 8k 4+32gb 4k Full Hd Con Google Assistant Android Tv Android 13.0 Media Streaming Tv Stick Game Box Incluye Cable Hdmi 2.1 Bluetooth,,COMPLETE,MEDIUM,PRODUCT,MLA,Sjrohe Internet Streaming Tv Box Uhd 8k 4+32gb 4k Full Hd Con Google Assistant Android Tv Android 13.0 Media Streaming Tv Stick Game Box Incluye Cable Hdmi 2.1 Bluetooth,True,2025-04-03 12:09:12.803743,2025-04-03 12:09:12.803743
76ce2f6e-275a-4501-80f3-33b75bf3852e,MLA27390180,5a3d781e-d092-484b-90ee-58b136d31cc2,MLA27390180,d5e2bafc-0cb5-495d-968d-794f56211bad,5144510e-085b-44d6-a348-f07d53c5b155,Smart Tv Box Inteligente And-6000 Mitzu End Color Negro,,COMPLETE,MEDIUM,PRODUCT,MLA,Smart Tv Box Inteligente And-6000 Mitzu End Color Negro,True,2025-04-03 12:09:12.803893,2025-04-03 12:09:12.803893
18287138-7683-42e0-a690-1ecaa363870f,MLA21392300,63d727e3-33cf-4a98-8c32-dadf670a2b0b,MLA21392300,d5e2bafc-0cb5-495d-968d-794f56211bad,5144510e-085b-44d6-a348-f07d53c5b155,Tv box BTV Geração 11 4K Ultra Hd Geração 11 4K Ultra Hd,,COMPLETE,MEDIUM,PRODUCT,MLA,Tv box BTV Geração 11 4K Ultra Hd Geração 11 4K Ultra Hd,True,2025-04-03 12:09:12.803946,2025-04-03 12:09:12.803947
e46f7a8d-bd07-4731-b097-3cd0831d22e1,MLA6184344,1314c64b-58c8-49ef-adde-df762ccd8d39,MLA6184344,d5e2bafc-0cb5-495d-968d-794f56211bad,5144510e-085b-44d6-a348-f07d53c5b155,Tv box Eny M8 4K,,COMPLETE,MEDIUM,PRODUCT,MLA,Tv box Eny M8 4K,True,2025-04-03 12:09:12.803974,2025-04-03 12:09:12.803974
dac4ca03-3a87-4720-ab33-cd6f31d8dc9c,MLA41073937,bb2307d8-a974-4496-bf0d-b75295d6d84c,MLA41073937,d5e2bafc-0cb5-495d-968d-794f56211bad,5144510e-085b-44d6-a348-f07d53c5b155,"Amitva Android 11.0 Tv Box, 4g Rom 32g Rom Amlogic S905y4 Quad-core, Wifi6/10-1000m Lan 64 Bits Bt 5.0 H.265 Uhd 4k Set Top Box, With Mini Wireless, 4 Gb+32 Gb",,COMPLETE,MEDIUM,PRODUCT,MLA,"Amitva Android 11.0 Tv Box, 4g Rom 32g Rom Amlogic S905y4 Quad-core, Wifi6/10-1000m Lan 64 Bits Bt 5.0 H.265 Uhd 4k Set Top Box, With Mini Wireless, 4 Gb+32 Gb",True,2025-04-03 12:09:12.804001,2025-04-03 12:09:12.804001
0aa8d0e0-74bc-44ab-b5ba-c6246cff1162,MLA25306161,64abcc1a-a95a-4a53-8e0a-2bff96689288,MLA25306161,d5e2bafc-0cb5-495d-968d-794f56211bad,5144510e-085b-44d6-a348-f07d53c5b155,Roku Hd 3932rd Estándar Color Negro,,COMPLETE,MEDIUM,PRODUCT,MLA,Roku Hd 3932rd Estándar Color Negro,True,2025-04-03 12:09:12.804061,2025-04-03 12:09:12.804061
bc3ecaf1-b4aa-47d7-8b8d-1286863309b2,MLA27081850,9a1abbad-3e0e-439f-b73e-79337e4c2e62,MLA27081850,d5e2bafc-0cb5-495d-968d-794f56211bad,5144510e-085b-44d6-a348-f07d53c5b155,Amazon Fire TV Stick Lite 1080p Alexa Control Remoto Tz,,COMPLETE,MEDIUM,PRODUCT,MLA,Amazon Fire TV Stick Lite 1080p Alexa Control Remoto Tz,True,2025-04-03 12:09:12.804169,2025-04-03 12:09:12.804169
19005e20-abad-44d2-908c-ed28213bde3f,MLA41070755,bb2307d8-a974-4496-bf0d-b75295d6d84c,MLA41070755,d5e2bafc-0cb5-495d-968d-794f56211bad,5144510e-085b-44d6-a348-f07d53c5b155,Lnv Gchromecast Tv Hd Wifi Bluetooth,,COMPLETE,MEDIUM,PRODUCT,MLA,Lnv Gchromecast Tv Hd Wifi Bluetooth,True,2025-04-03 12:09:12.804263,2025-04-03 12:09:12.804263
05e83246-98b3-4cd4-a0ca-61c5cf3253f6,MLA42846011,9d872469-58f3-4c0c-9592-dcdbaa74c0ad,MLA42846011,d5e2bafc-0cb5-495d-968d-794f56211bad,5144510e-085b-44d6-a348-f07d53c5b155,Smart Tv Box Smartpro 4k Hd Pro4K 2gb 64gb Youtube Color Negro Tipo de mando a distancia estándar,,COMPLETE,MEDIUM,PRODUCT,MLA,Smart Tv Box Smartpro 4k Hd Pro4K 2gb 64gb Youtube Color Negro Tipo de mando a distancia estándar,True,2025-04-03 12:09:12.804341,2025-04-03 12:09:12.804341
ba37d4ab-b08f-4292-a510-a832bf804e13,MLA28367883,c0f88de3-1a83-46c1-b46b-e8a43baea457,,d5e2bafc-0cb5-495d-968d-794f56211bad,5144510e-085b-44d6-a348-f07d53c5b155,"Mecool-mini Dongle TV Stick Kd5 Wi-Fi, 2,4 G, 5G, Bt5.0",,COMPLETE,MEDIUM,PRODUCT,MLA,"Mecool-mini Dongle TV Stick Kd5 Wi-Fi, 2,4 G, 5G, Bt5.0",True,2025-04-03 12:09:12.804410,2025-04-03 12:09:12.804410
ae942f4f-1c6d-405c-9917-1d66dba13319,MLA42193314,3f20e732-2240-4ddf-809a-bc88b8044269,MLA42193314,d5e2bafc-0cb5-495d-968d-794f56211bad,5144510e-085b-44d6-a348-f07d53c5b155,"Duplicación de pantalla de TV HDMI con cable, 5G, Wifi, Dongle Cast",,COMPLETE,MEDIUM,PRODUCT,MLA,"Duplicación de pantalla de TV HDMI con cable, 5G, Wifi, Dongle Cast",True,2025-04-03 12:09:12.804440,2025-04-03 12:09:12.804441
ccadb786-b0f6-442c-8c66-9a9d0b85040d,MLA28144143,cb1f18ee-4c81-4e22-94d1-915eb1070cb5,MLA28144143,d5e2bafc-0cb5-495d-968d-794f56211bad,5144510e-085b-44d6-a348-f07d53c5b155,Tv stick Realme Smart TV stick 1.ª generación 1080p 1GB negro con 8GB de memoria RAM,,COMPLETE,MEDIUM,PRODUCT,MLA,Tv stick Realme Smart TV stick 1.ª generación 1080p 1GB negro con 8GB de memoria RAM,True,2025-04-03 12:09:12.804511,2025-04-03 12:09:12.804512
7e57101e-1ec5-4f88-8236-35dd5bab9a39,MLA42618514,9c0fc5ac-313e-4409-8460-cc6edae3549b,MLA42618514,d5e2bafc-0cb5-495d-968d-794f56211bad,5144510e-085b-44d6-a348-f07d53c5b155,"Transmisor-receptor Monoprice Premium Bluetooth 5 Con Códecs Aptx Hd, Aptx, Aptx De Baja Latencia, Aac Y Sbc Y Entradas Ópticas Y Auxiliares",,PRIMITIVE,MEDIUM,PRODUCT,MLA,"Transmisor-receptor Monoprice Premium Bluetooth 5 Con Códecs Aptx Hd, Aptx, Aptx De Baja Latencia, Aac Y Sbc Y Entradas Ópticas Y Auxiliares",True,2025-04-03 12:09:12.804610,2025-04-03 12:09:12.804610
11c7d3ed-02bc-4034-829e-3bab67ef5bf3,MLA37165537,4f34497f-2c47-4f43-ae3b-cda6e6611eb0,MLA37165537,d5e2bafc-0cb5-495d-968d-794f56211bad,5144510e-085b-44d6-a348-f07d53c5b155,Mecool Km3 Google Certificado Android 10.0 Tv Box 4g Ddr4 64g Rom Amlogic S905x2 2.4g/5g Wifi 4k Bt Control De Voz Hdr 4k Tv Box,,PRIMITIVE,MEDIUM,PRODUCT,MLA,Mecool Km3 Google Certificado Android 10.0 Tv Box 4g Ddr4 64g Rom Amlogic S905x2 2.4g/5g Wifi 4k Bt Control De Voz Hdr 4k Tv Box,True,2025-04-03 12:09:12.804628,2025-04-03 12:09:12.804628
6c8f35cb-d543-46c2-bd57-24921f6967ff,MLA41831681,4d8acc68-e055-4a73-ba66-66aff16074e3,MLA41831681,d5e2bafc-0cb5-495d-968d-794f56211bad,5144510e-085b-44d6-a348-f07d53c5b155,Vtniu X96 Max Plus Ultra Tv Box Android 11 Amlogic S905x4 4 Gb 32 Gb Av1 Hdmi 8k Video Decodificación Dual-wifi 2.4g 5g Blue Tooth 4.x Usb 3.0,,COMPLETE,MEDIUM,PRODUCT,MLA,Vtniu X96 Max Plus Ultra Tv Box Android 11 Amlogic S905x4 4 Gb 32 Gb Av1 Hdmi 8k Video Decodificación Dual-wifi 2.4g 5g Blue Tooth 4.x Usb 3.0,True,2025-04-03 12:09:12.804662,2025-04-03 12:09:12.804662
ed24f5de-7424-44f0-92a7-6917286d24ce,MLA42425158,f2fe78fe-2bc1-443a-b232-7de5d7433034,MLA42425158,d5e2bafc-0cb5-495d-968d-794f56211bad,5144510e-085b-44d6-a348-f07d53c5b155,"Lirom Android Tv Box 11.0, 4gb Ram/64gb Rom 3d Caja De Tv De Alta Resolución, 4k Hd S905xx Cpu Tv Boxes, Compatible Con 2.4g/5.0ghz Wifi, Bt4.1 Y 100m Ethernet, Con Inalámbrico,4gb+32gb",,PRIMITIVE,MEDIUM,PRODUCT,MLA,"Lirom Android Tv Box 11.0, 4gb Ram/64gb Rom 3d Caja De Tv De Alta Resolución, 4k Hd S905xx Cpu Tv Boxes, Compatible Con 2.4g/5.0ghz Wifi, Bt4.1 Y 100m Ethernet, Con Inalámbrico,4gb+32gb",True,2025-04-03 12:09:12.804707,2025-04-03 12:09:12.804708
482de00c-e00d-4509-a0d7-27828267f2e8,MLA20544893,ded4024b-d409-4412-be57-2d29b753b8c1,MLA20544893,d5e2bafc-0cb5-495d-968d-794f56211bad,5144510e-085b-44d6-a348-f07d53c5b155,Fire Tv Stick 3ra Generación,,COMPLETE,MEDIUM,PRODUCT,MLA,Fire Tv Stick 3ra Generación,True,2025-04-03 12:09:12.804722,2025-04-03 12:09:12.804722
f8017168-8fdb-444d-a8b8-efd6f4ce67ed,MLA41079335,bb2307d8-a974-4496-bf0d-b75295d6d84c,MLA41079335,d5e2bafc-0cb5-495d-968d-794f56211bad,5144510e-085b-44d6-a348-f07d53c5b155,Koarmy G22 2.4g/5g 4k Miracast Wireless Para Dlna Airplay Hd Tv Stick Wifi Display Tv Dongle Receptor Para Ios Android,,COMPLETE,MEDIUM,PRODUCT,MLA,Koarmy G22 2.4g/5g 4k Miracast Wireless Para Dlna Airplay Hd Tv Stick Wifi Display Tv Dongle Receptor Para Ios Android,True,2025-04-03 12:09:12.804841,2025-04-03 12:09:12.804841
4ab2b4a0-39c9-497f-9672-4e0ad82d2947,MLA41070580,bb2307d8-a974-4496-bf0d-b75295d6d84c,,d5e2bafc-0cb5-495d-968d-794f56211bad,5144510e-085b-44d6-a348-f07d53c5b155,Tv Stick Airshi Desconocido Negro,,COMPLETE,MEDIUM,PRODUCT,MLA,Tv Stick Airshi Desconocido Negro,True,2025-04-03 12:09:12.804925,2025-04-03 12:09:12.804925
4f277026-e139-49a1-8a26-33e6525207d5,MLA24596630,26070719-ebaf-4bfa-8128-392aa2b69941,MLA24596630,d5e2bafc-0cb5-495d-968d-794f56211bad,5144510e-085b-44d6-a348-f07d53c5b155,Pendoo X10 Plus Smart 32gb 4gb,,COMPLETE,MEDIUM,PRODUCT,MLA,Pendoo X10 Plus Smart 32gb 4gb,True,2025-04-03 12:09:12.804979,2025-04-03 12:09:12.804979
c956cba7-2ca9-4190-b10f-95e395465cbb,MLA18605482,c3008d9c-e57e-4c33-85e2-b2b0f5c03929,MLA18605482,d5e2bafc-0cb5-495d-968d-794f56211bad,5144510e-085b-44d6-a348-f07d53c5b155,Roku Streaming Stick 3500 estándar Full HD violeta,,COMPLETE,MEDIUM,PRODUCT,MLA,Roku Streaming Stick 3500 estándar Full HD violeta,True,2025-04-03 12:09:12.805064,2025-04-03 12:09:12.805064
151c949b-131c-4d6d-9c7b-5de3e1774020,MLA34303722,25fc27f8-87a9-46a0-a5b1-071e98eb0f9d,,d5e2bafc-0cb5-495d-968d-794f56211bad,5144510e-085b-44d6-a348-f07d53c5b155,"C. Crane Cc Wifi 3 Radio Internet Con Skytune, Receptor Bluetooth, Reloj Y Alarma Con Control Remoto, Acceso A Miles De Estaciones De Radio En Todo El Mundo",,PRIMITIVE,MEDIUM,PRODUCT,MLA,"C. Crane Cc Wifi 3 Radio Internet Con Skytune, Receptor Bluetooth, Reloj Y Alarma Con Control Remoto, Acceso A Miles De Estaciones De Radio En Todo El Mundo",True,2025-04-03 12:09:12.805134,2025-04-03 12:09:12.805134
e1c99b83-8522-4554-baa4-be96395002f6,MLA37503450,eba37396-ae33-4b7d-8739-83944e3f8105,,d5e2bafc-0cb5-495d-968d-794f56211bad,5144510e-085b-44d6-a348-f07d53c5b155,"Dongle Inalámbrico De Pantalla Hdmi 4k Inalámbrico Wifi Pantalla Espejo Receptor Para iPhone/iPad/ios/android/windows/pc A Hd Tv/monitor/proyector, Adaptador De Pantalla Wifi Miracast Airplay Dlna",,PRIMITIVE,MEDIUM,PRODUCT,MLA,"Dongle Inalámbrico De Pantalla Hdmi 4k Inalámbrico Wifi Pantalla Espejo Receptor Para iPhone/iPad/ios/android/windows/pc A Hd Tv/monitor/proyector, Adaptador De Pantalla Wifi Miracast Airplay Dlna",True,2025-04-03 12:09:12.805180,2025-04-03 12:09:12.805181
bb67ae86-6afc-48ce-bc4c-9642f43ea705,MLA21389309,63d727e3-33cf-4a98-8c32-dadf670a2b0b,MLA21389309,d5e2bafc-0cb5-495d-968d-794f56211bad,5144510e-085b-44d6-a348-f07d53c5b155,Pantalla Hdmi Inalambrico Convertidor Smart Media Streaming,,COMPLETE,MEDIUM,PRODUCT,MLA,Pantalla Hdmi Inalambrico Convertidor Smart Media Streaming,True,2025-04-03 12:09:12.805202,2025-04-03 12:09:12.805202
fadde71a-a3b8-44a9-9364-e589ccf25e1a,MLA6121663,d9e6d15f-d4cb-4c35-9b6c-5da41e4e0271,MLA6121663,d5e2bafc-0cb5-495d-968d-794f56211bad,5144510e-085b-44d6-a348-f07d53c5b155,Tv stick Seguro EZCast M2 OTA Full HD,,COMPLETE,MEDIUM,PRODUCT,MLA,Tv stick Seguro EZCast M2 OTA Full HD,True,2025-04-03 12:09:12.805260,2025-04-03 12:09:12.805260
668d6eec-ae6a-4ee4-aba0-b3efaeda9626,MLA45571641,e4f5f179-3e56-46c1-a14d-7156292a1d5b,MLA45571641,d5e2bafc-0cb5-495d-968d-794f56211bad,5144510e-085b-44d6-a348-f07d53c5b155,Gee S98 Pr Cm Cámara Térmica 15gb (8gb+7gb) Ram 256gb Cr Negro,,PRIMITIVE,MEDIUM,PRODUCT,MLA,Gee S98 Pr Cm Cámara Térmica 15gb (8gb+7gb) Ram 256gb Cr Negro,True,2025-04-03 12:09:12.805302,2025-04-03 12:09:12.805302
cd0f95da-12ba-4817-ad00-2892664821e5,MLA42838201,9d872469-58f3-4c0c-9592-dcdbaa74c0ad,MLA42838201,d5e2bafc-0cb5-495d-968d-794f56211bad,5144510e-085b-44d6-a348-f07d53c5b155,"Mini Tv Stick Dq03, Android 10 Quad Core Cortex A53 2g/16g Color Negro",,PRIMITIVE,MEDIUM,PRODUCT,MLA,"Mini Tv Stick Dq03, Android 10 Quad Core Cortex A53 2g/16g Color Negro",True,2025-04-03 12:09:12.805376,2025-04-03 12:09:12.805376
9928c3e1-5d95-485f-a3d0-71da77fb5ddc,MLA36998765,b2806008-b25f-41fd-9518-3aa3f097f452,,d5e2bafc-0cb5-495d-968d-794f56211bad,5144510e-085b-44d6-a348-f07d53c5b155,"Jiemeimei Caja De Tv, Tx3 Mini Smart Android Tv Caja De Tv Android 7.1 Amlogic S905w Quad Core H.265 2gb / 16gb Set Top Box Dlna Wifi Lan Hd Media Player",,PRIMITIVE,MEDIUM,PRODUCT,MLA,"Jiemeimei Caja De Tv, Tx3 Mini Smart Android Tv Caja De Tv Android 7.1 Amlogic S905w Quad Core H.265 2gb / 16gb Set Top Box Dlna Wifi Lan Hd Media Player",True,2025-04-03 12:09:12.805428,2025-04-03 12:09:12.805428
f5fd1871-190e-422b-814c-0b733922a0e8,MLA36664193,55974607-f9bc-4b36-ac7e-3feb9d3bd858,MLA36664193,d5e2bafc-0cb5-495d-968d-794f56211bad,5144510e-085b-44d6-a348-f07d53c5b155,Roku Premiere Convertidor Smart Tv Hd Streaming Multimedia Color Negro,,COMPLETE,MEDIUM,PRODUCT,MLA,Roku Premiere Convertidor Smart Tv Hd Streaming Multimedia Color Negro,True,2025-04-03 12:09:12.805450,2025-04-03 12:09:12.805450
784e2868-9819-4b48-92ff-835975a553f4,MLA41043432,de7839a4-b496-4731-a7f5-dfb43ef30138,MLA41043432,d5e2bafc-0cb5-495d-968d-794f56211bad,5144510e-085b-44d6-a348-f07d53c5b155,Adaptador Streaming Box Android 8 núcleos 4/64 (caja inteligente) Aikon,,COMPLETE,MEDIUM,PRODUCT,MLA,Adaptador Streaming Box Android 8 núcleos 4/64 (caja inteligente) Aikon,True,2025-04-03 12:09:12.805514,2025-04-03 12:09:12.805515
85936c1d-29f2-474f-86f6-c4730c6ee513,MLA36181128,8372bbc3-eeb7-4018-b746-af93815c8471,MLA36181128,d5e2bafc-0cb5-495d-968d-794f56211bad,5144510e-085b-44d6-a348-f07d53c5b155,Tv box Peiso TX100 estándar 16GB negro con 2GB de memoria RAM,,COMPLETE,MEDIUM,PRODUCT,MLA,Tv box Peiso TX100 estándar 16GB negro con 2GB de memoria RAM,True,2025-04-03 12:09:12.805573,2025-04-03 12:09:12.805574
b7eb6cf3-0086-40b0-b60b-bb923c452b1d,MLA45886147,eb7d0a22-5dde-4f53-be41-89dc965dec63,MLA45886147,d5e2bafc-0cb5-495d-968d-794f56211bad,5144510e-085b-44d6-a348-f07d53c5b155,Android Tv Stick Tv Android Android Color Negro Tipo De Control Remoto Estándar,,COMPLETE,MEDIUM,PRODUCT,MLA,Android Tv Stick Tv Android Android Color Negro Tipo De Control Remoto Estándar,True,2025-04-03 12:09:12.805633,2025-04-03 12:09:12.805633
645a2bed-d595-4418-92ed-319d3375b188,MLA44999223,8e0afae3-028d-496a-a45a-a0be3dbaf194,MLA44999223,d5e2bafc-0cb5-495d-968d-794f56211bad,5144510e-085b-44d6-a348-f07d53c5b155,"Grabador y transmisor de streaming Huawei Rse6500 Full HD, color negro",,COMPLETE,MEDIUM,PRODUCT,MLA,"Grabador y transmisor de streaming Huawei Rse6500 Full HD, color negro",True,2025-04-03 12:09:12.805705,2025-04-03 12:09:12.805705
2f634fdf-ac15-4d25-8f84-bdcd9c585be1,MLA42824996,9d872469-58f3-4c0c-9592-dcdbaa74c0ad,MLA42824996,d5e2bafc-0cb5-495d-968d-794f56211bad,5144510e-085b-44d6-a348-f07d53c5b155,Tipo de mando a distancia estándar Matrox TripleHead2Go Digital Se Color Black,,COMPLETE,MEDIUM,PRODUCT,MLA,Tipo de mando a distancia estándar Matrox TripleHead2Go Digital Se Color Black,True,2025-04-03 12:09:12.805758,2025-04-03 12:09:12.805758
fc670714-bd87-412b-b3c8-8c5902d300c0,MLA40922941,76c311ef-1da7-4307-a7ef-26087d3145de,MLA40922941,d5e2bafc-0cb5-495d-968d-794f56211bad,5144510e-085b-44d6-a348-f07d53c5b155,Xiaomi Mi Tv Android Full Hd 2Gb Ram 8Gb Rom Negro,,COMPLETE,MEDIUM,PRODUCT,MLA,Xiaomi Mi Tv Android Full Hd 2Gb Ram 8Gb Rom Negro,True,2025-04-03 12:09:12.805818,2025-04-03 12:09:12.805818
a595a576-dc1d-4140-9cb1-3fb35e9b6704,MLA40943619,cb5fde7f-d939-4cb1-b3d3-d0c9727bebde,MLA40943619,d5e2bafc-0cb5-495d-968d-794f56211bad,5144510e-085b-44d6-a348-f07d53c5b155,Tv Box Gadnic Tx-1500 4k 8gb Color Negro Tipo De Control Remoto Estándar,,COMPLETE,MEDIUM,PRODUCT,MLA,Tv Box Gadnic Tx-1500 4k 8gb Color Negro Tipo De Control Remoto Estándar,True,2025-04-03 12:09:12.805936,2025-04-03 12:09:12.805936
9ec3374d-44fc-492f-acf5-d0856915e34a,MLA37167679,4f34497f-2c47-4f43-ae3b-cda6e6611eb0,,d5e2bafc-0cb5-495d-968d-794f56211bad,5144510e-085b-44d6-a348-f07d53c5b155,"Caja De Tv Inteligente Percrocuta 11.0, Cuatro Núcleos, 64 Bits, 2 Gb De Ram, 16 Gb De Rom Uhd, Decodificador Ott Wifi, 2,4 G+5g",,PRIMITIVE,MEDIUM,PRODUCT,MLA,"Caja De Tv Inteligente Percrocuta 11.0, Cuatro Núcleos, 64 Bits, 2 Gb De Ram, 16 Gb De Rom Uhd, Decodificador Ott Wifi, 2,4 G+5g",True,2025-04-03 12:09:12.806051,2025-04-03 12:09:12.806051
d4b25a35-9592-4e60-bffc-b0ad9d50d7b1,MLA46618082,4ab90397-41d1-4186-8b1e-3b636c904031,MLA46618082,d5e2bafc-0cb5-495d-968d-794f56211bad,5144510e-085b-44d6-a348-f07d53c5b155,"Chrox Android Tv Box 13.0, Vontar R3 Wi-fi 6 4 Gb Ram 128 Gb Rom, Rk3528 Cpu Quad-core 2.4g/5g Wi-fi Bt 5.0 Usb 3.0 Android Box With Mini Keyboard Wifi 2gb+16gb",,PRIMITIVE,MEDIUM,PRODUCT,MLA,"Chrox Android Tv Box 13.0, Vontar R3 Wi-fi 6 4 Gb Ram 128 Gb Rom, Rk3528 Cpu Quad-core 2.4g/5g Wi-fi Bt 5.0 Usb 3.0 Android Box With Mini Keyboard Wifi 2gb+16gb",True,2025-04-03 12:09:12.806075,2025-04-03 12:09:12.806075
1dae70a1-8574-4aad-bd43-d4479cae6a3c,MLA41828680,4d8acc68-e055-4a73-ba66-66aff16074e3,MLA41828680,d5e2bafc-0cb5-495d-968d-794f56211bad,5144510e-085b-44d6-a348-f07d53c5b155,"Caja De Tv Android 10.0, X96q Android Tv Box 2gb Ram 16gb Rom Allwinner H313 Quad-core 64bit Con Wifi 2.4g Usb Ultra Hd 4k H.265 3d Home Smart Tv Box",,PRIMITIVE,MEDIUM,PRODUCT,MLA,"Caja De Tv Android 10.0, X96q Android Tv Box 2gb Ram 16gb Rom Allwinner H313 Quad-core 64bit Con Wifi 2.4g Usb Ultra Hd 4k H.265 3d Home Smart Tv Box",True,2025-04-03 12:09:12.806093,2025-04-03 12:09:12.806093
591c08c7-e28b-485e-bd3f-cf66393320cb,MLA34488740,7a4885ef-99fb-4e92-939e-77af156e7869,MLA34488740,d5e2bafc-0cb5-495d-968d-794f56211bad,5144510e-085b-44d6-a348-f07d53c5b155,"Penpower Worldpen Scan Go - Bolígrafo De Lectura Ocr Con Texto A Voz | Escáner De Lápiz Para Entrada De Datos | Traductor De Lápiz Para Estudiantes De Segundo Idioma, Inalámbrico Independiente",,PRIMITIVE,MEDIUM,PRODUCT,MLA,"Penpower Worldpen Scan Go - Bolígrafo De Lectura Ocr Con Texto A Voz | Escáner De Lápiz Para Entrada De Datos | Traductor De Lápiz Para Estudiantes De Segundo Idioma, Inalámbrico Independiente",True,2025-04-03 12:09:12.806128,2025-04-03 12:09:12.806128
9ef28654-327b-4aa6-8457-eeeb657549a4,MLA29123916,40c4c948-4a65-410e-a501-1685e3c61a77,,d5e2bafc-0cb5-495d-968d-794f56211bad,5144510e-085b-44d6-a348-f07d53c5b155,Nero Burn Express Versión 4,,PRIMITIVE,MEDIUM,PRODUCT,MLA,Nero Burn Express Versión 4,True,2025-04-03 12:09:12.806142,2025-04-03 12:09:12.806142
c0916f38-47a9-432a-8224-bcd6e7e09765,MLA42427748,f2fe78fe-2bc1-443a-b232-7de5d7433034,MLA42427748,d5e2bafc-0cb5-495d-968d-794f56211bad,5144510e-085b-44d6-a348-f07d53c5b155,"Chrox Android Tv Box 13.0,4gb Ram 128gb Rom Rk3258 2.4g/5g Dual Wifi Bluetooth 4.2, Reproductor Multimedia Compatible Con Vídeos 3d 4k Uhd Usb 2.0 Con Mini Inalámbrico,4gb+64gb",,PRIMITIVE,MEDIUM,PRODUCT,MLA,"Chrox Android Tv Box 13.0,4gb Ram 128gb Rom Rk3258 2.4g/5g Dual Wifi Bluetooth 4.2, Reproductor Multimedia Compatible Con Vídeos 3d 4k Uhd Usb 2.0 Con Mini Inalámbrico,4gb+64gb",True,2025-04-03 12:09:12.806163,2025-04-03 12:09:12.806163
2f2a368a-257a-4843-accd-d81e0e537080,MLA43280439,f82baead-bcf4-451d-94f1-1f5b35b9324c,MLA43280439,d5e2bafc-0cb5-495d-968d-794f56211bad,5144510e-085b-44d6-a348-f07d53c5b155,Caja de TV Kinhank G1 G1 voice 4K 32GB negra con 4 GB de RAM,,COMPLETE,MEDIUM,PRODUCT,MLA,Caja de TV Kinhank G1 G1 voice 4K 32GB negra con 4 GB de RAM,True,2025-04-03 12:09:12.806185,2025-04-03 12:09:12.806186
201abe33-f53e-4431-9059-666b76280948,MLA42725087,3429d05b-910e-468c-b904-ede1cbec58a4,MLA42725087,d5e2bafc-0cb5-495d-968d-794f56211bad,5144510e-085b-44d6-a348-f07d53c5b155,"Tv Box, H96 Max Android 13.0 Smart Box, 4 Gb De Ram, 64 Gb, Emmc Rk3528, Cuatro Núcleos, 64 Bits, Arm Corter-a53, Cpu Mali G31 Mp2, Gpu, 8k Salida Bt5.0, 2,4 Ghz/5 Ghz, Wifi 100 M Lan, Internet, 2",,PRIMITIVE,MEDIUM,PRODUCT,MLA,"Tv Box, H96 Max Android 13.0 Smart Box, 4 Gb De Ram, 64 Gb, Emmc Rk3528, Cuatro Núcleos, 64 Bits, Arm Corter-a53, Cpu Mali G31 Mp2, Gpu, 8k Salida Bt5.0, 2,4 Ghz/5 Ghz, Wifi 100 M Lan, Internet, 2",True,2025-04-03 12:09:12.806283,2025-04-03 12:09:12.806283
c3ef2b09-a697-417a-bc0d-e32135a393af,MLA34116578,d75ad7e7-64e2-4689-9f52-1d393dd4651e,MLA34116578,d5e2bafc-0cb5-495d-968d-794f56211bad,5144510e-085b-44d6-a348-f07d53c5b155,Convertidor Led A Smart Netflix Youtube Starplus Disney 32gb Color Negro Tipo de control remoto Estándar,,COMPLETE,MEDIUM,PRODUCT,MLA,Convertidor Led A Smart Netflix Youtube Starplus Disney 32gb Color Negro Tipo de control remoto Estándar,True,2025-04-03 12:09:12.806303,2025-04-03 12:09:12.806303
cb8c9735-707f-4b43-9a4e-9ac3c9ba8ef0,MLA45000299,8e0afae3-028d-496a-a45a-a0be3dbaf194,MLA45000299,d5e2bafc-0cb5-495d-968d-794f56211bad,5144510e-085b-44d6-a348-f07d53c5b155,"Caja de transmisión automotriz para automóviles, multimedia, Carplay S Wire, color negro, tipo de control remoto estándar",,COMPLETE,MEDIUM,PRODUCT,MLA,"Caja de transmisión automotriz para automóviles, multimedia, Carplay S Wire, color negro, tipo de control remoto estándar",True,2025-04-03 12:09:12.806347,2025-04-03 12:09:12.806347
2b25cf94-e0c2-4a36-a5bd-d92f8a50ef54,MLA18194004,0d41f486-6a69-4323-968e-8c7c88e9ed38,MLA18194004,d5e2bafc-0cb5-495d-968d-794f56211bad,5144510e-085b-44d6-a348-f07d53c5b155,Tv box Ematic AGT419 de voz 4K 8GB negro con 2GB de memoria RAM,,COMPLETE,MEDIUM,PRODUCT,MLA,Tv box Ematic AGT419 de voz 4K 8GB negro con 2GB de memoria RAM,True,2025-04-03 12:09:12.806425,2025-04-03 12:09:12.806425
688c1180-c29e-43f2-b124-d574c40d87f4,MLA44779432,2500fd7a-0830-4c2d-8fda-3543481204e4,MLA44779432,d5e2bafc-0cb5-495d-968d-794f56211bad,5144510e-085b-44d6-a348-f07d53c5b155,Tipo de mando a distancia estándar Pro Premium Stick 5g 512gb 128ram 4k color negro,,COMPLETE,MEDIUM,PRODUCT,MLA,Tipo de mando a distancia estándar Pro Premium Stick 5g 512gb 128ram 4k color negro,True,2025-04-03 12:09:12.806524,2025-04-03 12:09:12.806524
e7adcec5-48ba-4910-bed7-3f637eeaf727,MLA35899098,9ecd7f03-7900-4cc0-9fa5-a25b8b032337,MLA35899098,d5e2bafc-0cb5-495d-968d-794f56211bad,5144510e-085b-44d6-a348-f07d53c5b155,Dispositivo De Gestion De Fotos De Monumento Realizar Automa,,COMPLETE,MEDIUM,PRODUCT,MLA,Dispositivo De Gestion De Fotos De Monumento Realizar Automa,True,2025-04-03 12:09:12.806588,2025-04-03 12:09:12.806589
2bdfe84b-f72e-4c18-9bd8-b68033f8a24f,MLA43320186,9b7e545e-20ea-4414-9fe3-badbed1f15fd,MLA43320186,d5e2bafc-0cb5-495d-968d-794f56211bad,5144510e-085b-44d6-a348-f07d53c5b155,"Tv Box H20 Pro, Wifi, Android 10, 4k 3d, 16 GB, 2 GB, color negro, tipo de control remoto estándar",,COMPLETE,MEDIUM,PRODUCT,MLA,"Tv Box H20 Pro, Wifi, Android 10, 4k 3d, 16 GB, 2 GB, color negro, tipo de control remoto estándar",True,2025-04-03 12:09:12.806647,2025-04-03 12:09:12.806647
1918a609-a953-4434-856f-d5c01e6b958c,MLA41375746,84230f54-e4a3-4cb0-9d75-34d05331c9b1,MLA41375746,d5e2bafc-0cb5-495d-968d-794f56211bad,5144510e-085b-44d6-a348-f07d53c5b155,Tv Box Red One 4k L5b83g 2gb Ram 8gb Almacenamiento Color Negro Tipo De Control Remoto Estándar,,PRIMITIVE,MEDIUM,PRODUCT,MLA,Tv Box Red One 4k L5b83g 2gb Ram 8gb Almacenamiento Color Negro Tipo De Control Remoto Estándar,True,2025-04-03 12:09:12.806749,2025-04-03 12:09:12.806749
d56eb19a-db5a-4f3a-9fdc-04f3a241ba6f,MLA42301552,56c25b7e-deda-4e0c-8c76-f5c0c4dbb588,MLA42301552,d5e2bafc-0cb5-495d-968d-794f56211bad,5144510e-085b-44d6-a348-f07d53c5b155,"Cubierta Para Sol, I50 / I60 / I70 / P70",,PRIMITIVE,MEDIUM,PRODUCT,MLA,"Cubierta Para Sol, I50 / I60 / I70 / P70",True,2025-04-03 12:09:12.806858,2025-04-03 12:09:12.806858
fd78e5c3-0d8b-49c8-8af2-b3f8ae32ea44,MLA44238927,54276fea-4df6-443b-8067-e80821b1c35e,MLA44238927,d5e2bafc-0cb5-495d-968d-794f56211bad,5144510e-085b-44d6-a348-f07d53c5b155,"Control remoto Smart TV Stick Dq06, 16 GB, 2 GB de RAM, color negro, tipo control remoto por voz",,COMPLETE,MEDIUM,PRODUCT,MLA,"Control remoto Smart TV Stick Dq06, 16 GB, 2 GB de RAM, color negro, tipo control remoto por voz",True,2025-04-03 12:09:12.806878,2025-04-03 12:09:12.806878
26bf62e5-4619-498d-9085-2bbb3cb0bb3d,MLA27269094,8f15c36e-0ade-4126-9295-287f01c22acd,,d5e2bafc-0cb5-495d-968d-794f56211bad,5144510e-085b-44d6-a348-f07d53c5b155,Android12 Tv Box Todo En Uno H618 Bt5.0 Internet Inalámbrico,,COMPLETE,MEDIUM,PRODUCT,MLA,Android12 Tv Box Todo En Uno H618 Bt5.0 Internet Inalámbrico,True,2025-04-03 12:09:12.806940,2025-04-03 12:09:12.806940
e1345403-be31-4def-90f9-d4a3ce5f33d1,MLA42413856,f2fe78fe-2bc1-443a-b232-7de5d7433034,MLA42413856,d5e2bafc-0cb5-495d-968d-794f56211bad,5144510e-085b-44d6-a348-f07d53c5b155,"Lihuzmd Caja De Tv, Android 9.0 Caja De Tv Inteligente Quad-core Rk3318 4k Conjunto Caja Superior Vp9 H.265 2.4g Wifi 1000m Bt 4.0 Hd Reproductor Multimedia, Puertos Usb,4gb+32gb",,PRIMITIVE,MEDIUM,PRODUCT,MLA,"Lihuzmd Caja De Tv, Android 9.0 Caja De Tv Inteligente Quad-core Rk3318 4k Conjunto Caja Superior Vp9 H.265 2.4g Wifi 1000m Bt 4.0 Hd Reproductor Multimedia, Puertos Usb,4gb+32gb",True,2025-04-03 12:09:12.806973,2025-04-03 12:09:12.806973
af3a7ec3-0f45-4616-b0e8-82392581387b,MLA43268437,f82baead-bcf4-451d-94f1-1f5b35b9324c,MLA43268437,d5e2bafc-0cb5-495d-968d-794f56211bad,5144510e-085b-44d6-a348-f07d53c5b155,Box Set Inova pro TV Box 4K control remoto por voz inteligente en color Negro 32/4gb,,COMPLETE,MEDIUM,PRODUCT,MLA,Box Set Inova pro TV Box 4K control remoto por voz inteligente en color Negro 32/4gb,True,2025-04-03 12:09:12.806988,2025-04-03 12:09:12.806988
362c794b-8716-4cca-826e-007e52f000fa,MLA42855293,9d872469-58f3-4c0c-9592-dcdbaa74c0ad,MLA42855293,d5e2bafc-0cb5-495d-968d-794f56211bad,5144510e-085b-44d6-a348-f07d53c5b155,"Memoria de comandos de voz Tv Box Dq08 para Android 13, 32 x 4 pulgadas, color negro",,COMPLETE,MEDIUM,PRODUCT,MLA,"Memoria de comandos de voz Tv Box Dq08 para Android 13, 32 x 4 pulgadas, color negro",True,2025-04-03 12:09:12.807072,2025-04-03 12:09:12.807073
0986b73f-bedb-49b3-a5c9-dab706103019,MLA21891478,dda74e7d-0a0d-41c4-bec5-04e6d7f1f10d,MLA21891478,d5e2bafc-0cb5-495d-968d-794f56211bad,5144510e-085b-44d6-a348-f07d53c5b155,Copag Box Tapukoko + 12 Booster Origem Perdida Box Tapukoko + 12 Booster,,COMPLETE,MEDIUM,PRODUCT,MLA,Copag Box Tapukoko + 12 Booster Origem Perdida Box Tapukoko + 12 Booster,True,2025-04-03 12:09:12.807144,2025-04-03 12:09:12.807144
df627a1e-e5a1-4833-bbc0-237fff82bd22,MLA46629263,4ab90397-41d1-4186-8b1e-3b636c904031,MLA46629263,d5e2bafc-0cb5-495d-968d-794f56211bad,5144510e-085b-44d6-a348-f07d53c5b155,"X88 Caja De Tv Para Android 12.0, Tanix Tx2 H618 Quadcore 2 Gb Ram 16 Gb Rom Wifi 4k 6k Utral Hd 3d H.265 Android Smart Home Player, Tx2-16gb",,PRIMITIVE,MEDIUM,PRODUCT,MLA,"X88 Caja De Tv Para Android 12.0, Tanix Tx2 H618 Quadcore 2 Gb Ram 16 Gb Rom Wifi 4k 6k Utral Hd 3d H.265 Android Smart Home Player, Tx2-16gb",True,2025-04-03 12:09:12.807172,2025-04-03 12:09:12.807172
133f30d1-58d2-4e99-b5ab-678cb679545f,MLA16590847,dd65e69f-f77e-499e-8966-af83bd8937df,MLA16590847,d5e2bafc-0cb5-495d-968d-794f56211bad,5144510e-085b-44d6-a348-f07d53c5b155,Tv box Pendoo X10 Plus S905X2 4K,,COMPLETE,MEDIUM,PRODUCT,MLA,Tv box Pendoo X10 Plus S905X2 4K,True,2025-04-03 12:09:12.807202,2025-04-03 12:09:12.807202
eb16ceae-8556-40c1-bcaf-85d2eb64da13,MLA43251460,f82baead-bcf4-451d-94f1-1f5b35b9324c,MLA43251460,d5e2bafc-0cb5-495d-968d-794f56211bad,5144510e-085b-44d6-a348-f07d53c5b155,"El Tv Stick 4k Dq03 2gb 16gb 4 transforma los televisores en un color negro inteligente, tipo de control remoto estándar",,COMPLETE,MEDIUM,PRODUCT,MLA,"El Tv Stick 4k Dq03 2gb 16gb 4 transforma los televisores en un color negro inteligente, tipo de control remoto estándar",True,2025-04-03 12:09:12.807284,2025-04-03 12:09:12.807285
97db92a4-4730-47db-80f7-0c807ecfb259,MLA45653047,daae4012-c31a-4690-909b-7fab37da388f,MLA45653047,d5e2bafc-0cb5-495d-968d-794f56211bad,5144510e-085b-44d6-a348-f07d53c5b155,Dispositivo Android Smart Stick 4k Ultra Hd Color Negro,,COMPLETE,MEDIUM,PRODUCT,MLA,Dispositivo Android Smart Stick 4k Ultra Hd Color Negro,True,2025-04-03 12:09:12.807340,2025-04-03 12:09:12.807340
9e91f260-9f65-4b33-919c-28cbe72ddec7,MLA28307360,d000e37c-67df-487e-88dc-7015734f56f7,MLA28307360,d5e2bafc-0cb5-495d-968d-794f56211bad,5144510e-085b-44d6-a348-f07d53c5b155,Miniconversor SDI a audio Blackmagic Design,,COMPLETE,MEDIUM,PRODUCT,MLA,Miniconversor SDI a audio Blackmagic Design,True,2025-04-03 12:09:12.807431,2025-04-03 12:09:12.807431
81c0eadd-1abd-4fab-88be-475cae4d25dc,MLA42847946,9d872469-58f3-4c0c-9592-dcdbaa74c0ad,MLA42847946,d5e2bafc-0cb5-495d-968d-794f56211bad,5144510e-085b-44d6-a348-f07d53c5b155,"Control remoto por voz Google Streamer 4k GA-05662us, 32 GB, 4 GB de RAM, color blanco 2024",,COMPLETE,MEDIUM,PRODUCT,MLA,"Control remoto por voz Google Streamer 4k GA-05662us, 32 GB, 4 GB de RAM, color blanco 2024",True,2025-04-03 12:09:12.807462,2025-04-03 12:09:12.807463
119c00e8-4a0e-4d00-9b05-85fe0b0986f5,MLA45773538,214cd1db-8b0d-4f23-86cd-d96b1f7a4778,MLA45773538,d5e2bafc-0cb5-495d-968d-794f56211bad,5144510e-085b-44d6-a348-f07d53c5b155,Tv Stick Convertidor Smart Tv 4k G96 Tv Box Wifi Androi 12.1 Color Negro Tv Stick,,COMPLETE,MEDIUM,PRODUCT,MLA,Tv Stick Convertidor Smart Tv 4k G96 Tv Box Wifi Androi 12.1 Color Negro Tv Stick,True,2025-04-03 12:09:12.807562,2025-04-03 12:09:12.807562
94fdd6bc-d2a4-4660-9bdf-580be4a51acc,MLA43320106,9b7e545e-20ea-4414-9fe3-badbed1f15fd,MLA43320106,d5e2bafc-0cb5-495d-968d-794f56211bad,5144510e-085b-44d6-a348-f07d53c5b155,Tipo de control remoto estándar Inova Tv Box + LED de color negro,,COMPLETE,MEDIUM,PRODUCT,MLA,Tipo de control remoto estándar Inova Tv Box + LED de color negro,True,2025-04-03 12:09:12.807661,2025-04-03 12:09:12.807661
de24e5e4-cc51-4275-912c-3109cb6103e0,MLA41829760,4d8acc68-e055-4a73-ba66-66aff16074e3,MLA41829760,d5e2bafc-0cb5-495d-968d-794f56211bad,5144510e-085b-44d6-a348-f07d53c5b155,"Yitre Extensor Av Inalámbrico, 1080p 100240v Conector De 3,5 Mm Interfaz Multimedia Hd Transmisor Receptor Alcance De 328 Pies Señal Clara Plug And Play Para Linux Para Proyector",,COMPLETE,MEDIUM,PRODUCT,MLA,"Yitre Extensor Av Inalámbrico, 1080p 100240v Conector De 3,5 Mm Interfaz Multimedia Hd Transmisor Receptor Alcance De 328 Pies Señal Clara Plug And Play Para Linux Para Proyector",True,2025-04-03 12:09:12.807724,2025-04-03 12:09:12.807724
b637910a-2e74-4ac3-a24a-473804ffde61,MLA45571780,e4f5f179-3e56-46c1-a14d-7156292a1d5b,MLA45571780,d5e2bafc-0cb5-495d-968d-794f56211bad,5144510e-085b-44d6-a348-f07d53c5b155,"Alicate de streaming Bluesound Power Node 2, color blanco Nadal, tipo Pp",,COMPLETE,MEDIUM,PRODUCT,MLA,"Alicate de streaming Bluesound Power Node 2, color blanco Nadal, tipo Pp",True,2025-04-03 12:09:12.807783,2025-04-03 12:09:12.807783
b1a9ae6a-626d-4a1b-91c4-df606e77f5bd,MLA46469654,e16f92eb-e56c-4a69-b05b-6013fb17243d,MLA46469654,d5e2bafc-0cb5-495d-968d-794f56211bad,5144510e-085b-44d6-a348-f07d53c5b155,Android Tv Stick Control De Voz 16gb Con 2gb De Ram Ver 2024 Color Negro Tipo De Control Remoto Estándar,,COMPLETE,MEDIUM,PRODUCT,MLA,Android Tv Stick Control De Voz 16gb Con 2gb De Ram Ver 2024 Color Negro Tipo De Control Remoto Estándar,True,2025-04-03 12:09:12.807862,2025-04-03 12:09:12.807862
1f8b74e3-f296-4b8c-8193-c04870aaa89a,MLA20333246,a80c737f-472e-43b4-8d5a-9aa27cd9e76d,MLA20333246,d5e2bafc-0cb5-495d-968d-794f56211bad,5144510e-085b-44d6-a348-f07d53c5b155,"Paquete Apple Airtag Tracker con 4 unidades, original",,COMPLETE,MEDIUM,PRODUCT,MLA,"Paquete Apple Airtag Tracker con 4 unidades, original",True,2025-04-03 12:09:12.807936,2025-04-03 12:09:12.807936
5a679b72-8754-4fc3-97a3-e62347c3efc4,MLA43265433,f82baead-bcf4-451d-94f1-1f5b35b9324c,MLA43265433,d5e2bafc-0cb5-495d-968d-794f56211bad,5144510e-085b-44d6-a348-f07d53c5b155,"El dispositivo adaptador 4K Smart TV Box transforma el televisor en Smarttv, color negro, tipo de control remoto estándar",,COMPLETE,MEDIUM,PRODUCT,MLA,"El dispositivo adaptador 4K Smart TV Box transforma el televisor en Smarttv, color negro, tipo de control remoto estándar",True,2025-04-03 12:09:12.807983,2025-04-03 12:09:12.807983
4ae0690f-9eec-4429-9384-c9c96b1724d4,MLA15989655,37e8f022-394e-4f6b-9e1f-b38fd404183c,MLA15989655,d5e2bafc-0cb5-495d-968d-794f56211bad,5144510e-085b-44d6-a348-f07d53c5b155,Tv box Necnon 3M-2 estándar 4K 16GB negro con 2GB de memoria RAM,,COMPLETE,MEDIUM,PRODUCT,MLA,Tv box Necnon 3M-2 estándar 4K 16GB negro con 2GB de memoria RAM,True,2025-04-03 12:09:12.808109,2025-04-03 12:09:12.808110
3f8fab55-518a-4b4b-82f3-585453c97fd3,MLA38660485,81abe670-ffa2-4af1-b7d5-521c269f343b,,d5e2bafc-0cb5-495d-968d-794f56211bad,5144510e-085b-44d6-a348-f07d53c5b155,Caja de TV Transpeed Ultra HD MX10 MX10 Caja de TV negra estándar de 8K de cuarta generación con 2 GB de RAM,,COMPLETE,MEDIUM,PRODUCT,MLA,Caja de TV Transpeed Ultra HD MX10 MX10 Caja de TV negra estándar de 8K de cuarta generación con 2 GB de RAM,True,2025-04-03 12:09:12.808193,2025-04-03 12:09:12.808193
82523555-4e51-49ad-835b-c7c5ee28ef66,MLA34504409,af59bfe1-c39f-4682-b086-8c7ed01a449b,MLA34504409,d5e2bafc-0cb5-495d-968d-794f56211bad,5144510e-085b-44d6-a348-f07d53c5b155,Nyrius Aries Home+ Wireless Hdmi 2x Input Transmitter & Receiver For Streaming Hd 1080p 3d Video And Digital Audio (navs502) - Bonus Additional Nyrius Hdmi Cable Included,,PRIMITIVE,MEDIUM,PRODUCT,MLA,Nyrius Aries Home+ Wireless Hdmi 2x Input Transmitter & Receiver For Streaming Hd 1080p 3d Video And Digital Audio (navs502) - Bonus Additional Nyrius Hdmi Cable Included,True,2025-04-03 12:09:12.808250,2025-04-03 12:09:12.808251
c4962298-7a37-4881-bdc2-46f1f37d971e,MLA34311773,25fc27f8-87a9-46a0-a5b1-071e98eb0f9d,MLA34311773,d5e2bafc-0cb5-495d-968d-794f56211bad,5144510e-085b-44d6-a348-f07d53c5b155,"J5create Screencast Transmisor Y Receptor De Pantalla Inalámbrica Usb-c A Hdmi, Soporta 1080p, Compatible Con Macbook, iPad Pro, Chromeos, Portátiles Usb-c Y Android (jvaw62)",,PRIMITIVE,MEDIUM,PRODUCT,MLA,"J5create Screencast Transmisor Y Receptor De Pantalla Inalámbrica Usb-c A Hdmi, Soporta 1080p, Compatible Con Macbook, iPad Pro, Chromeos, Portátiles Usb-c Y Android (jvaw62)",True,2025-04-03 12:09:12.808274,2025-04-03 12:09:12.808274
1bb24335-6ac9-47be-a743-26cb0435db4b,MLA21015912,a51e5fe5-b7e2-478d-a4d2-acf32f0b000d,,d5e2bafc-0cb5-495d-968d-794f56211bad,5144510e-085b-44d6-a348-f07d53c5b155,Aparelho Smart Tx6 de 3 GB + 16 GB,,COMPLETE,MEDIUM,PRODUCT,MLA,Aparelho Smart Tx6 de 3 GB + 16 GB,True,2025-04-03 12:09:12.808296,2025-04-03 12:09:12.808296
2a0038e1-4ad6-4128-a415-30e1691c0472,MLA46031077,46867f02-7ae0-4f13-b9e9-4ff5c6b73ddc,MLA46031077,d5e2bafc-0cb5-495d-968d-794f56211bad,5144510e-085b-44d6-a348-f07d53c5b155,"Cerevo utiliza la transmisión Liveshell X Full HD H.265, con NFE Color Black",,COMPLETE,MEDIUM,PRODUCT,MLA,"Cerevo utiliza la transmisión Liveshell X Full HD H.265, con NFE Color Black",True,2025-04-03 12:09:12.808331,2025-04-03 12:09:12.808332
7fdf69f4-06da-4171-8315-348ec3ab3df8,MLA45478109,a09b8b1b-c21e-4815-819d-3c73dab66cb6,MLA45478109,d5e2bafc-0cb5-495d-968d-794f56211bad,5144510e-085b-44d6-a348-f07d53c5b155,Dispositivo inalámbrico: pantalla Hdmi duplicada sin recortar,,COMPLETE,MEDIUM,PRODUCT,MLA,Dispositivo inalámbrico: pantalla Hdmi duplicada sin recortar,True,2025-04-03 12:09:12.808374,2025-04-03 12:09:12.808374
68eb601a-297c-4421-884c-4ba5cdd66b58,MLA42856754,9d872469-58f3-4c0c-9592-dcdbaa74c0ad,MLA42856754,d5e2bafc-0cb5-495d-968d-794f56211bad,5144510e-085b-44d6-a348-f07d53c5b155,"TV Box H20 Pro 5g 4k 2 gb/16 gb, color negro, tipo de control remoto estándar",,COMPLETE,MEDIUM,PRODUCT,MLA,"TV Box H20 Pro 5g 4k 2 gb/16 gb, color negro, tipo de control remoto estándar",True,2025-04-03 12:09:12.808421,2025-04-03 12:09:12.808421
a678fbd7-3cb5-4625-95f5-0300fde2b130,MLA37006144,b2806008-b25f-41fd-9518-3aa3f097f452,MLA37006144,d5e2bafc-0cb5-495d-968d-794f56211bad,5144510e-085b-44d6-a348-f07d53c5b155,"Qfx Bt-1953 Bluetooth 1953 Hot Rod Pickup Truck Réplica Altavoz | 2 Altavoces De 3 Pulgadas, Enlace Manos Libres, Micrófono Integrado, Radio Fm Y Luces Led De Fiesta | Plata",,PRIMITIVE,MEDIUM,PRODUCT,MLA,"Qfx Bt-1953 Bluetooth 1953 Hot Rod Pickup Truck Réplica Altavoz | 2 Altavoces De 3 Pulgadas, Enlace Manos Libres, Micrófono Integrado, Radio Fm Y Luces Led De Fiesta | Plata",True,2025-04-03 12:09:12.808467,2025-04-03 12:09:12.808467
06422f6c-7bbf-42c7-a436-bb6bc0b29119,MLA6345542,8bbfd62a-0365-43b1-abdf-6dbb2756f4c5,MLA6345542,d5e2bafc-0cb5-495d-968d-794f56211bad,5144510e-085b-44d6-a348-f07d53c5b155,Tv stick X-View ViewCast Full HD negro y amarillo,,COMPLETE,MEDIUM,PRODUCT,MLA,Tv stick X-View ViewCast Full HD negro y amarillo,True,2025-04-03 12:09:12.808494,2025-04-03 12:09:12.808494
6ddebdf5-5a17-4279-a8a7-feea53230404,MLA21930293,d2695e02-3021-42ca-b821-4d37df916c0f,MLA21930293,d5e2bafc-0cb5-495d-968d-794f56211bad,5144510e-085b-44d6-a348-f07d53c5b155,Wi-fi 6 Gig Ax200 Bt 5.0 Tarjeta Wifi Ax200ngw 802.11ac Ax 3,,COMPLETE,MEDIUM,PRODUCT,MLA,Wi-fi 6 Gig Ax200 Bt 5.0 Tarjeta Wifi Ax200ngw 802.11ac Ax 3,True,2025-04-03 12:09:12.808556,2025-04-03 12:09:12.808556
9458dcd6-3427-41c8-b7e8-c52aba09759a,MLA47246152,eb4a83d9-a0c8-47c2-a234-6223acc96e16,MLA47246152,d5e2bafc-0cb5-495d-968d-794f56211bad,5144510e-085b-44d6-a348-f07d53c5b155,"Xreal Beam Pro: aplicaciones 3D, juegos y transmisión en color blanco tipo control remoto por voz",,COMPLETE,MEDIUM,PRODUCT,MLA,"Xreal Beam Pro: aplicaciones 3D, juegos y transmisión en color blanco tipo control remoto por voz",True,2025-04-03 12:09:12.808598,2025-04-03 12:09:12.808599
3a0b5aab-1e75-4fc2-ab04-31c91b51b0e6,MLA6386869,3a3ec6c6-6adb-41cd-b4b9-f4e413bf7931,MLA6386869,d5e2bafc-0cb5-495d-968d-794f56211bad,5144510e-085b-44d6-a348-f07d53c5b155,Tv box H.TV5 Chinese Version 4K,,COMPLETE,MEDIUM,PRODUCT,MLA,Tv box H.TV5 Chinese Version 4K,True,2025-04-03 12:09:12.808745,2025-04-03 12:09:12.808746
bc417e24-4b51-42f0-ac20-0437b61824b4,MLA35714572,c37a4578-a31b-4145-8590-f3f38a07793d,MLA35714572,d5e2bafc-0cb5-495d-968d-794f56211bad,5144510e-085b-44d6-a348-f07d53c5b155,"Smartsee Anycast - Adaptador De Visualización Inalámbrico Hdmi Wifi 1080p Receptor De Espejo De Visualización Móvil Para iPhone, Mac, Ios, Android A Proyector De Tv, Compatible Con Miracast Airplay",,PRIMITIVE,MEDIUM,PRODUCT,MLA,"Smartsee Anycast - Adaptador De Visualización Inalámbrico Hdmi Wifi 1080p Receptor De Espejo De Visualización Móvil Para iPhone, Mac, Ios, Android A Proyector De Tv, Compatible Con Miracast Airplay",True,2025-04-03 12:09:12.808782,2025-04-03 12:09:12.808782
862b835e-ebb6-47f8-828d-7113eff022dd,MLA22641206,a4615784-04e7-495c-9b4c-32aa5650d85a,MLA22641206,d5e2bafc-0cb5-495d-968d-794f56211bad,5144510e-085b-44d6-a348-f07d53c5b155,Roku LE 3930S4 estándar Full HD 32MB negro y blanco,,COMPLETE,MEDIUM,PRODUCT,MLA,Roku LE 3930S4 estándar Full HD 32MB negro y blanco,True,2025-04-03 12:09:12.808808,2025-04-03 12:09:12.808808
eb3b8d41-9255-4273-9902-2d606114103e,MLA44894386,be5f857c-e662-4651-8b20-44cd2b336f82,MLA44894386,d5e2bafc-0cb5-495d-968d-794f56211bad,5144510e-085b-44d6-a348-f07d53c5b155,Reproductor multimedia digital Wd Tv Live Plus Hd | Wd | Color gris oscuro,,COMPLETE,MEDIUM,PRODUCT,MLA,Reproductor multimedia digital Wd Tv Live Plus Hd | Wd | Color gris oscuro,True,2025-04-03 12:09:12.808925,2025-04-03 12:09:12.808925
e9fac002-33cd-48f1-87b2-309f2f0636ec,MLA39136311,37ba515d-f8d3-4ac5-a7dd-2aee1c3f00ba,MLA39136311,d5e2bafc-0cb5-495d-968d-794f56211bad,5144510e-085b-44d6-a348-f07d53c5b155,"Shysky Tv Box Android 12,0, H96 Max V56 8 Gb Ram 64 Gb Rom Rockchip Rk3566 2,4g/5g Dual Wifi H.265 8k Ultra Hd Set Top Tv Box With I8",,COMPLETE,MEDIUM,PRODUCT,MLA,"Shysky Tv Box Android 12,0, H96 Max V56 8 Gb Ram 64 Gb Rom Rockchip Rk3566 2,4g/5g Dual Wifi H.265 8k Ultra Hd Set Top Tv Box With I8",True,2025-04-03 12:09:12.809002,2025-04-03 12:09:12.809002
8986fef3-db45-4506-8029-ec568b977444,MLA27753970,8484a1f6-5f05-49dd-bfc0-6c50030bee5e,MLA27753970,d5e2bafc-0cb5-495d-968d-794f56211bad,5144510e-085b-44d6-a348-f07d53c5b155,Dune Hd Magic 4k / 4k Plus | Ultra Hd | Hdr10+ | Reproductor,,COMPLETE,MEDIUM,PRODUCT,MLA,Dune Hd Magic 4k / 4k Plus | Ultra Hd | Hdr10+ | Reproductor,True,2025-04-03 12:09:12.809082,2025-04-03 12:09:12.809082
93ad5999-eec7-456f-8246-93ffd02fede9,MLA29637610,da8aaad7-03ff-4cd6-9f5d-bdcf637499e1,MLA29637610,d5e2bafc-0cb5-495d-968d-794f56211bad,5144510e-085b-44d6-a348-f07d53c5b155,"Android Tv Box Mygica Atv329x, Smart Tv, 4k Hdr, H.265, Kodi Color Negro",,COMPLETE,MEDIUM,PRODUCT,MLA,"Android Tv Box Mygica Atv329x, Smart Tv, 4k Hdr, H.265, Kodi Color Negro",True,2025-04-03 12:09:12.809121,2025-04-03 12:09:12.809121
a414b95a-82ae-4c5a-930a-bdfa22f9791c,MLA35734835,b6be0f68-ae6f-4ded-97d4-a4b0c3ead1c8,MLA35734835,d5e2bafc-0cb5-495d-968d-794f56211bad,5144510e-085b-44d6-a348-f07d53c5b155,Zkteco Perú Ml100 Cerradura Inteligente Wifi Color Negro,,COMPLETE,MEDIUM,PRODUCT,MLA,Zkteco Perú Ml100 Cerradura Inteligente Wifi Color Negro,True,2025-04-03 12:09:12.809211,2025-04-03 12:09:12.809211
c4bc2b70-b0c9-499b-9cb5-d972e01b387c,MLA28929968,a4cfd3cf-4ca9-450e-ae08-a66c26c65d70,MLA28929968,d5e2bafc-0cb5-495d-968d-794f56211bad,5144510e-085b-44d6-a348-f07d53c5b155,Android Tv Box Smart Tv Super Rapido Y Economico,,COMPLETE,MEDIUM,PRODUCT,MLA,Android Tv Box Smart Tv Super Rapido Y Economico,True,2025-04-03 12:09:12.809238,2025-04-03 12:09:12.809238
cf455cdf-4c75-4ac4-a0fe-a46712bcdaf1,MLA46977442,a832504a-498d-4d8f-a9e2-b0faf26ed5d0,MLA46977442,d5e2bafc-0cb5-495d-968d-794f56211bad,5144510e-085b-44d6-a348-f07d53c5b155,Roku Se Streaming Hd - Convierte Tu Tv En Smart Tv Con Wifi Color Gris Oscuro,,COMPLETE,MEDIUM,PRODUCT,MLA,Roku Se Streaming Hd - Convierte Tu Tv En Smart Tv Con Wifi Color Gris Oscuro,True,2025-04-03 12:09:12.809318,2025-04-03 12:09:12.809318
0fa28e76-96b2-435b-b327-af1e3d8520c4,MLA43012589,2e2783f9-15f2-49a4-9014-5c601e7e1955,MLA43012589,d5e2bafc-0cb5-495d-968d-794f56211bad,5144510e-085b-44d6-a348-f07d53c5b155,Media Streaming Uni-TV V10 Lifetime Color Blanco Tipo mando a distancia estándar,,COMPLETE,MEDIUM,PRODUCT,MLA,Media Streaming Uni-TV V10 Lifetime Color Blanco Tipo mando a distancia estándar,True,2025-04-03 12:09:12.809375,2025-04-03 12:09:12.809375
c55b2ccc-7da3-4c0a-a8e4-335553981127,MLA42963033,ff3828f1-1544-44ee-a0eb-3cc1a362e9e2,MLA42963033,d5e2bafc-0cb5-495d-968d-794f56211bad,5144510e-085b-44d6-a348-f07d53c5b155,Roku TV Box 2 XS Negro - Dispositivo de Streaming para ver tus series y películas favoritas en alta definición.,,COMPLETE,MEDIUM,PRODUCT,MLA,Roku TV Box 2 XS Negro - Dispositivo de Streaming para ver tus series y películas favoritas en alta definición.,True,2025-04-03 12:09:12.809445,2025-04-03 12:09:12.809445
0b312a4f-c979-4af9-bd56-06131cc99b6e,MLA22209479,ccdd90b1-bcc5-46d5-aa56-7648366c4ef5,MLA22209479,d5e2bafc-0cb5-495d-968d-794f56211bad,5144510e-085b-44d6-a348-f07d53c5b155,Dongle Netcast Tv Hdmi Wifi - Netmak,,COMPLETE,MEDIUM,PRODUCT,MLA,Dongle Netcast Tv Hdmi Wifi - Netmak,True,2025-04-03 12:09:12.809471,2025-04-03 12:09:12.809471
ba30271a-4433-4cc6-bb99-95c531828ef9,MLA43273427,f82baead-bcf4-451d-94f1-1f5b35b9324c,MLA43273427,d5e2bafc-0cb5-495d-968d-794f56211bad,5144510e-085b-44d6-a348-f07d53c5b155,Transpeed 8k Ultra Hd Convertidor Smartv 4gb Ram Android 12 Color Negro Tipo De Control Remoto Estándar,,PRIMITIVE,MEDIUM,PRODUCT,MLA,Transpeed 8k Ultra Hd Convertidor Smartv 4gb Ram Android 12 Color Negro Tipo De Control Remoto Estándar,True,2025-04-03 12:09:12.809523,2025-04-03 12:09:12.809523
2fb520b0-10ae-4c65-b08b-da3c77a0a4cf,MLA14141502,51e3955a-27bc-4096-9668-1698e9ddcb9d,MLA14141502,d5e2bafc-0cb5-495d-968d-794f56211bad,5144510e-085b-44d6-a348-f07d53c5b155,Roku Express 3700XB estándar Full HD negro,,COMPLETE,MEDIUM,PRODUCT,MLA,Roku Express 3700XB estándar Full HD negro,True,2025-04-03 12:09:12.809579,2025-04-03 12:09:12.809579
f3cd42aa-7438-49cb-a99d-096378a4c5ab,MLA36775989,2ef0b2d4-ed9a-47c0-80a8-6bb4260e1ab6,,d5e2bafc-0cb5-495d-968d-794f56211bad,5144510e-085b-44d6-a348-f07d53c5b155,"Ezcast Receptor De Pantalla Inalámbrico 4k, Compatible Con Wifi De 2.4/5 Ghz, Compatible Con Android, Ios, Windows, Macos, Dlna, Miracast, Airplay Mirroring",,PRIMITIVE,MEDIUM,PRODUCT,MLA,"Ezcast Receptor De Pantalla Inalámbrico 4k, Compatible Con Wifi De 2.4/5 Ghz, Compatible Con Android, Ios, Windows, Macos, Dlna, Miracast, Airplay Mirroring",True,2025-04-03 12:09:12.809642,2025-04-03 12:09:12.809643
af2ce5c9-ff7a-46ed-b4a5-e2b509823120,MLA39064534,4abf986e-88bf-47f5-b7fe-4e33210c0658,MLA39064534,d5e2bafc-0cb5-495d-968d-794f56211bad,5144510e-085b-44d6-a348-f07d53c5b155,Smart Tv Box 4k Noga Pc Ultra10 Android 10 1gb 8gb Wifi Hdmi Color Negro Tipo De Control Remoto Estándar,,COMPLETE,MEDIUM,PRODUCT,MLA,Smart Tv Box 4k Noga Pc Ultra10 Android 10 1gb 8gb Wifi Hdmi Color Negro Tipo De Control Remoto Estándar,True,2025-04-03 12:09:12.809666,2025-04-03 12:09:12.809666
70918a3b-724d-4007-ac9c-87738b39d2a9,MLA21494611,ce34be2a-46b4-48e0-8edb-65d38b570b93,MLA21494611,d5e2bafc-0cb5-495d-968d-794f56211bad,5144510e-085b-44d6-a348-f07d53c5b155,Android TV Box S1000 8k Ultra HD,,COMPLETE,MEDIUM,PRODUCT,MLA,Android TV Box S1000 8k Ultra HD,True,2025-04-03 12:09:12.809719,2025-04-03 12:09:12.809720
c22bd34c-0eca-492d-82f0-1a5f13cd2236,MLA36873001,5d79475c-43aa-4102-834a-da61ed2ac388,,d5e2bafc-0cb5-495d-968d-794f56211bad,5144510e-085b-44d6-a348-f07d53c5b155,Videostudio Pro X8 Ultimate Ml Caja Mini X8,,PRIMITIVE,MEDIUM,PRODUCT,MLA,Videostudio Pro X8 Ultimate Ml Caja Mini X8,True,2025-04-03 12:09:12.809779,2025-04-03 12:09:12.809779
29966fb0-2899-40f3-ad31-cc63aa9032f2,MLA22102557,0c57d3ff-dffc-4f91-9ac7-13a9d04b5647,MLA22102557,d5e2bafc-0cb5-495d-968d-794f56211bad,5144510e-085b-44d6-a348-f07d53c5b155,Atem Mini Blackmagic,,COMPLETE,MEDIUM,PRODUCT,MLA,Atem Mini Blackmagic,True,2025-04-03 12:09:12.809805,2025-04-03 12:09:12.809806
2ec45082-49e1-40f4-a102-8f9e2777b904,MLA21319245,628058e9-f99a-4a8e-9fa1-338d938add25,MLA21319245,d5e2bafc-0cb5-495d-968d-794f56211bad,5144510e-085b-44d6-a348-f07d53c5b155,Android Tv Box Tecnolab 4k Tl074 Wifi/2gb/16gb/4core,,COMPLETE,MEDIUM,PRODUCT,MLA,Android Tv Box Tecnolab 4k Tl074 Wifi/2gb/16gb/4core,True,2025-04-03 12:09:12.809839,2025-04-03 12:09:12.809839
8177e717-3c74-476b-9909-6cead9c0ed3f,MLA38218444,11b129dc-fe47-4b69-b6e1-ebb96f232a9b,MLA38218444,d5e2bafc-0cb5-495d-968d-794f56211bad,5144510e-085b-44d6-a348-f07d53c5b155,Convertidor Smart Tv Directv Go Stick Vgk-02 (4k / Android) Color Negro Tipo De Control Remoto Estándar,,COMPLETE,MEDIUM,PRODUCT,MLA,Convertidor Smart Tv Directv Go Stick Vgk-02 (4k / Android) Color Negro Tipo De Control Remoto Estándar,True,2025-04-03 12:09:12.809875,2025-04-03 12:09:12.809875
03233f3e-325f-43ab-8524-5b07fa3bc22a,MLA42907196,516287c0-9a5b-4e5f-a2ef-1b939c3b77f8,MLA42907196,d5e2bafc-0cb5-495d-968d-794f56211bad,5144510e-085b-44d6-a348-f07d53c5b155,TV Stick WiFi Smart TV Android Hdmi TV Box,,COMPLETE,MEDIUM,PRODUCT,MLA,TV Stick WiFi Smart TV Android Hdmi TV Box,True,2025-04-03 12:09:12.809933,2025-04-03 12:09:12.809933
cddbf298-2fc1-4214-8cdb-47f29dd00646,MLA37034302,b2806008-b25f-41fd-9518-3aa3f097f452,,d5e2bafc-0cb5-495d-968d-794f56211bad,5144510e-085b-44d6-a348-f07d53c5b155,"Yy Yitika -mando Infrarrojo Inteligente Universal Wifi Controla Diversos Dispositivos De Control Remoto Simultáneamente Con Tu Smartphone (ios Y Android), Compatible Con Alexa Y Asistente De Google",,PRIMITIVE,MEDIUM,PRODUCT,MLA,"Yy Yitika -mando Infrarrojo Inteligente Universal Wifi Controla Diversos Dispositivos De Control Remoto Simultáneamente Con Tu Smartphone (ios Y Android), Compatible Con Alexa Y Asistente De Google",True,2025-04-03 12:09:12.810020,2025-04-03 12:09:12.810021
6316b317-a8e7-4c74-9281-602572654a7f,MLA24801177,31ad9f82-faa9-4df7-ae0a-7591361ed77c,MLA24801177,d5e2bafc-0cb5-495d-968d-794f56211bad,5144510e-085b-44d6-a348-f07d53c5b155,Convertidor De Smart Tv Conversor Pc Ultra Hdmi Android Netm,,COMPLETE,MEDIUM,PRODUCT,MLA,Convertidor De Smart Tv Conversor Pc Ultra Hdmi Android Netm,True,2025-04-03 12:09:12.810060,2025-04-03 12:09:12.810061
e1e2aed1-36b7-43c2-a041-5c5d76c717db,MLA41826511,4d8acc68-e055-4a73-ba66-66aff16074e3,MLA41826511,d5e2bafc-0cb5-495d-968d-794f56211bad,5144510e-085b-44d6-a348-f07d53c5b155,Android 11.0 4gb 64gb Rom Amlogic S905x4 Mxiii Pro X4 Caja De Tv Android Caja De Tv 8k Ultra Hd 2.4g/5.8g Dual Wifi Bt 4.0 Hd 1000m Usb 3.0 Con H9,,COMPLETE,MEDIUM,PRODUCT,MLA,Android 11.0 4gb 64gb Rom Amlogic S905x4 Mxiii Pro X4 Caja De Tv Android Caja De Tv 8k Ultra Hd 2.4g/5.8g Dual Wifi Bt 4.0 Hd 1000m Usb 3.0 Con H9,True,2025-04-03 12:09:12.810138,2025-04-03 12:09:12.810138
8a2cea05-aaee-4e0d-95e5-c25aaa74bfbc,MLA6134629,b21f0606-c1f5-4ae2-a969-c5e9a0d6a073,MLA6134629,d5e2bafc-0cb5-495d-968d-794f56211bad,5144510e-085b-44d6-a348-f07d53c5b155,Tv stick Rikomagic Android MINI PC V5 Full HD,,COMPLETE,MEDIUM,PRODUCT,MLA,Tv stick Rikomagic Android MINI PC V5 Full HD,True,2025-04-03 12:09:12.810175,2025-04-03 12:09:12.810175
28b9cdcd-7906-40ef-adde-078d4ac56a2d,MLA41763612,cfd1cc51-2818-4060-af41-57f25110c558,MLA41763612,d5e2bafc-0cb5-495d-968d-794f56211bad,5144510e-085b-44d6-a348-f07d53c5b155,"Ginyia Altavoz Black Loud Sound, Altavoz Abs Shell Tv, Para Reproductor De Publicidad Lcd Tv",,PRIMITIVE,MEDIUM,PRODUCT,MLA,"Ginyia Altavoz Black Loud Sound, Altavoz Abs Shell Tv, Para Reproductor De Publicidad Lcd Tv",True,2025-04-03 12:09:12.810214,2025-04-03 12:09:12.810214
5e993483-9386-4059-aebc-5cecb6705581,MLA14540830,24b51091-e617-4f4c-8601-3241aa97b7df,MLA14540830,d5e2bafc-0cb5-495d-968d-794f56211bad,5144510e-085b-44d6-a348-f07d53c5b155,Tv box Aquário STV-2000 estándar 4K 8GB negro con 1GB de memoria RAM,,COMPLETE,MEDIUM,PRODUCT,MLA,Tv box Aquário STV-2000 estándar 4K 8GB negro con 1GB de memoria RAM,True,2025-04-03 12:09:12.810261,2025-04-03 12:09:12.810261
10ca23c1-8725-457b-a152-07d3ab47f6c6,MLA41081314,bb2307d8-a974-4496-bf0d-b75295d6d84c,,d5e2bafc-0cb5-495d-968d-794f56211bad,5144510e-085b-44d6-a348-f07d53c5b155,"Caja De Tv Lihuzmd, Decodificación H.265 De 1000 M, Usb 3.0, Android 9.0 H96 Max X3 4k/8k, Reproductor Multimedia Hd, Chipset Amlogic S905 X3, 2,4 G/5g, Doble Wifi, 4 Gb+128 Gb",,COMPLETE,MEDIUM,PRODUCT,MLA,"Caja De Tv Lihuzmd, Decodificación H.265 De 1000 M, Usb 3.0, Android 9.0 H96 Max X3 4k/8k, Reproductor Multimedia Hd, Chipset Amlogic S905 X3, 2,4 G/5g, Doble Wifi, 4 Gb+128 Gb",True,2025-04-03 12:09:12.810381,2025-04-03 12:09:12.810381
ad14b4a8-7a7a-402d-bd9f-bb7bee73aab9,MLA37220358,022af37b-aa2b-411d-acb3-a352163deb38,MLA37220358,d5e2bafc-0cb5-495d-968d-794f56211bad,5144510e-085b-44d6-a348-f07d53c5b155,"Native Instruments Production Station Software (renewed) Software De Codificación De Barra, Ultimate Software Suite",,PRIMITIVE,MEDIUM,PRODUCT,MLA,"Native Instruments Production Station Software (renewed) Software De Codificación De Barra, Ultimate Software Suite",True,2025-04-03 12:09:12.810441,2025-04-03 12:09:12.810442
0b04c525-684e-48e9-a3b7-2984043ecb44,MLA42707732,3429d05b-910e-468c-b904-ede1cbec58a4,MLA42707732,d5e2bafc-0cb5-495d-968d-794f56211bad,5144510e-085b-44d6-a348-f07d53c5b155,"Android 13.0 Tv Box, X88 Mini 13, 4 Gb De Ram, 64 Gb De Rom, Rk3528, Wifi De Cuatro Núcleos, 2,4 G/5,8 Ghz, 8 K, Hdr10+, Ultra Hd, Usb, Reproductor Doméstico Inteligente",,PRIMITIVE,MEDIUM,PRODUCT,MLA,"Android 13.0 Tv Box, X88 Mini 13, 4 Gb De Ram, 64 Gb De Rom, Rk3528, Wifi De Cuatro Núcleos, 2,4 G/5,8 Ghz, 8 K, Hdr10+, Ultra Hd, Usb, Reproductor Doméstico Inteligente",True,2025-04-03 12:09:12.810465,2025-04-03 12:09:12.810465
39d9672c-2d21-42fb-a1e7-5f28d096c0f6,MLA42707090,3429d05b-910e-468c-b904-ede1cbec58a4,MLA42707090,d5e2bafc-0cb5-495d-968d-794f56211bad,5144510e-085b-44d6-a348-f07d53c5b155,Caja De Tv Shysky Android 14.0 H96 Max M9s Rk3576 4 Gb Ram 32 Gb Rom Wifi6 1000 M Bt5.4 Usb3.0 Av1 8k 30 Fps 4k H.265 Hdr Box,,PRIMITIVE,MEDIUM,PRODUCT,MLA,Caja De Tv Shysky Android 14.0 H96 Max M9s Rk3576 4 Gb Ram 32 Gb Rom Wifi6 1000 M Bt5.4 Usb3.0 Av1 8k 30 Fps 4k H.265 Hdr Box,True,2025-04-03 12:09:12.810482,2025-04-03 12:09:12.810482
da464e02-6ca7-4b66-9996-dc5c45d1fae2,MLA42857385,9d872469-58f3-4c0c-9592-dcdbaa74c0ad,MLA42857385,d5e2bafc-0cb5-495d-968d-794f56211bad,5144510e-085b-44d6-a348-f07d53c5b155,Innuos Zen Mini Mk2 Ripper Color Negro Tipo De Control Remoto Tablet / Celular O Computadora,,PRIMITIVE,MEDIUM,PRODUCT,MLA,Innuos Zen Mini Mk2 Ripper Color Negro Tipo De Control Remoto Tablet / Celular O Computadora,True,2025-04-03 12:09:12.810508,2025-04-03 12:09:12.810509
b4d88d4e-897c-4197-b607-915625227955,MLA42427194,f2fe78fe-2bc1-443a-b232-7de5d7433034,MLA42427194,d5e2bafc-0cb5-495d-968d-794f56211bad,5144510e-085b-44d6-a348-f07d53c5b155,"Super Tv Box S5 Max 4g Ram + 64g Rom 2024 Con Funda De Viaje, Tira De Luz Rgb, 1 Control Remoto De Voz Y 1 , Unidad Flash Usb De 32 Gb, Tarjeta Tf De 32 Gb, Cable Hd 2.1, 5 Bridas E",,PRIMITIVE,MEDIUM,PRODUCT,MLA,"Super Tv Box S5 Max 4g Ram + 64g Rom 2024 Con Funda De Viaje, Tira De Luz Rgb, 1 Control Remoto De Voz Y 1 , Unidad Flash Usb De 32 Gb, Tarjeta Tf De 32 Gb, Cable Hd 2.1, 5 Bridas E",True,2025-04-03 12:09:12.810579,2025-04-03 12:09:12.810579
04351abd-c988-4dc4-858a-f0ca747ce3aa,MLA22870933,790eb27c-5991-4345-b764-9cef6fab654e,MLA22870933,d5e2bafc-0cb5-495d-968d-794f56211bad,5144510e-085b-44d6-a348-f07d53c5b155,"Caja de TV inteligente Aparelho N9 de 3 GB de RAM, 16 GB, Android 9.0",,COMPLETE,MEDIUM,PRODUCT,MLA,"Caja de TV inteligente Aparelho N9 de 3 GB de RAM, 16 GB, Android 9.0",True,2025-04-03 12:09:12.810612,2025-04-03 12:09:12.810612
eac4e020-0c89-48f9-8544-a744d0fb7be8,MLA19756737,8f3fec89-40b0-47bf-a17b-8bbbbda56ee1,MLA19756737,d5e2bafc-0cb5-495d-968d-794f56211bad,5144510e-085b-44d6-a348-f07d53c5b155,Tv Box E-max Pc Ultra 2 Estándar 4k 8gb Negro Con 1gb De Memoria Ram Miracast Ethernet Wifi Android,,COMPLETE,MEDIUM,PRODUCT,MLA,Tv Box E-max Pc Ultra 2 Estándar 4k 8gb Negro Con 1gb De Memoria Ram Miracast Ethernet Wifi Android,True,2025-04-03 12:09:12.810705,2025-04-03 12:09:12.810705
af7e13b1-a390-41d1-b8b9-e969d70de627,MLA42864777,9d872469-58f3-4c0c-9592-dcdbaa74c0ad,MLA42864777,d5e2bafc-0cb5-495d-968d-794f56211bad,5144510e-085b-44d6-a348-f07d53c5b155,Tipo de control remoto de voz Xiaomi Mi Stick Color Black,,COMPLETE,MEDIUM,PRODUCT,MLA,Tipo de control remoto de voz Xiaomi Mi Stick Color Black,True,2025-04-03 12:09:12.810828,2025-04-03 12:09:12.810828
c61d72bd-90b7-4fbc-a07e-f05da85c6d88,MLA37170466,4f34497f-2c47-4f43-ae3b-cda6e6611eb0,,d5e2bafc-0cb5-495d-968d-794f56211bad,5144510e-085b-44d6-a348-f07d53c5b155,"Roku Streambar & Wireless Bass Premium 4k Hdr Soundbar With Subwoofer, Voice Remote, Free & Live Tv Streaming",,PRIMITIVE,MEDIUM,PRODUCT,MLA,"Roku Streambar & Wireless Bass Premium 4k Hdr Soundbar With Subwoofer, Voice Remote, Free & Live Tv Streaming",True,2025-04-03 12:09:12.810870,2025-04-03 12:09:12.810870
e1a304fd-4eb3-4b3c-a5e5-9a5ec347e18b,MLA44999334,8e0afae3-028d-496a-a45a-a0be3dbaf194,MLA44999334,d5e2bafc-0cb5-495d-968d-794f56211bad,5144510e-085b-44d6-a348-f07d53c5b155,Dispositivo adaptador Smart TV Box Transforma tu televisor + Color Negro Tipo de control remoto estándar,,COMPLETE,MEDIUM,PRODUCT,MLA,Dispositivo adaptador Smart TV Box Transforma tu televisor + Color Negro Tipo de control remoto estándar,True,2025-04-03 12:09:12.810907,2025-04-03 12:09:12.810907
97ae4712-98f4-4687-98d0-33e5bde5caad,MLA16033188,52d0adb3-13d7-4ccc-9200-055f318ba046,MLA16033188,d5e2bafc-0cb5-495d-968d-794f56211bad,5144510e-085b-44d6-a348-f07d53c5b155,Tv box Youit UT9 Pro 4K 32GB negro con 3GB de memoria RAM,,COMPLETE,MEDIUM,PRODUCT,MLA,Tv box Youit UT9 Pro 4K 32GB negro con 3GB de memoria RAM,True,2025-04-03 12:09:12.810972,2025-04-03 12:09:12.810972
6540f581-9fba-4e7a-a8b0-9e818d996045,MLA29066258,e60e3933-43e4-4aeb-bba2-8689489e5e33,MLA29066258,d5e2bafc-0cb5-495d-968d-794f56211bad,5144510e-085b-44d6-a348-f07d53c5b155,Wifi Inalámbrico Convertidor De Pantalla Misma Empujador Hdm Color Negro,,COMPLETE,MEDIUM,PRODUCT,MLA,Wifi Inalámbrico Convertidor De Pantalla Misma Empujador Hdm Color Negro,True,2025-04-03 12:09:12.811066,2025-04-03 12:09:12.811066
82987e1c-936b-4f22-9ecc-87ea32112bcc,MLA43918831,78d343df-97fe-46a8-b220-c11419334df9,MLA43918831,d5e2bafc-0cb5-495d-968d-794f56211bad,5144510e-085b-44d6-a348-f07d53c5b155,Smart UniTV Xplus S1 V3 V10 4ª generación 2024,,COMPLETE,MEDIUM,PRODUCT,MLA,Smart UniTV Xplus S1 V3 V10 4ª generación 2024,True,2025-04-03 12:09:12.811190,2025-04-03 12:09:12.811190
14d3df5f-cafa-4d9f-bccb-011dbbdc1fda,MLA41083730,bb2307d8-a974-4496-bf0d-b75295d6d84c,MLA41083730,d5e2bafc-0cb5-495d-968d-794f56211bad,5144510e-085b-44d6-a348-f07d53c5b155,Samsung Qn77s95ca 77 Pulgadas Hdr Quantum Dot Oled Smart Tv Cable De Corte Con Dispositivo Directv Stream Quad Core 4k Android Tv Reproductor Multimedia De Transmisión Inalámbrica Y 1 Año Cps Paquete,,COMPLETE,MEDIUM,PRODUCT,MLA,Samsung Qn77s95ca 77 Pulgadas Hdr Quantum Dot Oled Smart Tv Cable De Corte Con Dispositivo Directv Stream Quad Core 4k Android Tv Reproductor Multimedia De Transmisión Inalámbrica Y 1 Año Cps Paquete,True,2025-04-03 12:09:12.811296,2025-04-03 12:09:12.811296
659a115d-a65d-4e51-b437-674d6215f15a,MLA42411374,f2fe78fe-2bc1-443a-b232-7de5d7433034,MLA42411374,d5e2bafc-0cb5-495d-968d-794f56211bad,5144510e-085b-44d6-a348-f07d53c5b155,"Android Tv Box 11.0, 4 Gb De Ram, 64 Gb De Rom, S905w2, Cuatro Núcleos, Compatible Con Pantalla De Transmisión, 2,4 G/5g, Wifi Bt 4.0, 3d, 8 K, Usb 3.0 Lan, 100 M, Ethernet, Smart Tv Box Con Mini",,PRIMITIVE,MEDIUM,PRODUCT,MLA,"Android Tv Box 11.0, 4 Gb De Ram, 64 Gb De Rom, S905w2, Cuatro Núcleos, Compatible Con Pantalla De Transmisión, 2,4 G/5g, Wifi Bt 4.0, 3d, 8 K, Usb 3.0 Lan, 100 M, Ethernet, Smart Tv Box Con Mini",True,2025-04-03 12:09:12.811391,2025-04-03 12:09:12.811391
ac90c2f5-e50f-4db5-9146-436bee81879d,MLA44429515,0391d0ed-c0b5-4b38-a80b-2e4cdb037c23,MLA44429515,d5e2bafc-0cb5-495d-968d-794f56211bad,5144510e-085b-44d6-a348-f07d53c5b155,"Ai Box Lite 1t Netflix, Youtube Con Carplay Y Androidauto Color Negro Tipo De Control Remoto De Voz",,COMPLETE,MEDIUM,PRODUCT,MLA,"Ai Box Lite 1t Netflix, Youtube Con Carplay Y Androidauto Color Negro Tipo De Control Remoto De Voz",True,2025-04-03 12:09:12.811431,2025-04-03 12:09:12.811431
e3505c2e-1727-45dd-b8d0-24c9d1841031,MLA25362243,43ecfc85-ad0d-4124-9d4a-827d619f404b,MLA25362243,d5e2bafc-0cb5-495d-968d-794f56211bad,5144510e-085b-44d6-a348-f07d53c5b155,Tv Box 4k Android 10 Smart Quadcore 2g Ram 16g Rom Wifi Hdmi Color Negro,,COMPLETE,MEDIUM,PRODUCT,MLA,Tv Box 4k Android 10 Smart Quadcore 2g Ram 16g Rom Wifi Hdmi Color Negro,True,2025-04-03 12:09:12.811524,2025-04-03 12:09:12.811525
daece1a8-4e33-443f-9bcc-9269bdbb57ac,MLA45646033,daae4012-c31a-4690-909b-7fab37da388f,MLA45646033,d5e2bafc-0cb5-495d-968d-794f56211bad,5144510e-085b-44d6-a348-f07d53c5b155,Box Android Smart Sagemcom Diw586 6ta Generación Negro 8gb,,COMPLETE,MEDIUM,PRODUCT,MLA,Box Android Smart Sagemcom Diw586 6ta Generación Negro 8gb,True,2025-04-03 12:09:12.811579,2025-04-03 12:09:12.811580
5e2c07e2-9125-43c6-8724-9506317f5779,MLA29223144,3252e9b3-d700-4356-a301-536de54f4cc9,MLA29223144,d5e2bafc-0cb5-495d-968d-794f56211bad,5144510e-085b-44d6-a348-f07d53c5b155,"Caja de streaming automotriz Taurus Carplay Octacore Smart Play, color negro",,COMPLETE,MEDIUM,PRODUCT,MLA,"Caja de streaming automotriz Taurus Carplay Octacore Smart Play, color negro",True,2025-04-03 12:09:12.811725,2025-04-03 12:09:12.811726
21fe461f-3642-4f1b-99d5-353f87eff7d8,MLA23906562,0bfc9ba4-51ad-4781-ad05-585b2dbb0f7a,MLA23906562,d5e2bafc-0cb5-495d-968d-794f56211bad,5144510e-085b-44d6-a348-f07d53c5b155,"Caja de TV Interbras X Plus 8k blanca de 8 GB (canales lanzados), color blanco",,COMPLETE,MEDIUM,PRODUCT,MLA,"Caja de TV Interbras X Plus 8k blanca de 8 GB (canales lanzados), color blanco",True,2025-04-03 12:09:12.811842,2025-04-03 12:09:12.811843
cf963995-d331-415c-b355-04b0f1cb7470,MLA41630493,f13d7cf9-e8b9-48ae-b463-bd1462d7aa06,MLA41630493,d5e2bafc-0cb5-495d-968d-794f56211bad,5144510e-085b-44d6-a348-f07d53c5b155,"Inova Tv Box 4k Smart Transforma televisores antiguos YouTube Netflix en color negro, tipo de control remoto estándar",,COMPLETE,MEDIUM,PRODUCT,MLA,"Inova Tv Box 4k Smart Transforma televisores antiguos YouTube Netflix en color negro, tipo de control remoto estándar",True,2025-04-03 12:09:12.811955,2025-04-03 12:09:12.811955
9a90254c-9726-43b5-9698-8de92531d9e3,MLA23876507,b24352cd-1803-41a5-a281-251e3f86579a,MLA23876507,d5e2bafc-0cb5-495d-968d-794f56211bad,5144510e-085b-44d6-a348-f07d53c5b155,Roku Express Se Hd Smart Tv Box Wifi Netflix Color Violeta,,COMPLETE,MEDIUM,PRODUCT,MLA,Roku Express Se Hd Smart Tv Box Wifi Netflix Color Violeta,True,2025-04-03 12:09:12.812050,2025-04-03 12:09:12.812050
b71e56ab-6df3-49f7-b573-2cb45ec7e3d5,MLA28370643,c0f88de3-1a83-46c1-b46b-e8a43baea457,MLA28370643,d5e2bafc-0cb5-495d-968d-794f56211bad,5144510e-085b-44d6-a348-f07d53c5b155,La montura Reliamount Roku Ultra no es compatible con el nuevo Roku,,COMPLETE,MEDIUM,PRODUCT,MLA,La montura Reliamount Roku Ultra no es compatible con el nuevo Roku,True,2025-04-03 12:09:12.812136,2025-04-03 12:09:12.812137
4317328d-8825-4a78-8864-e10b8e8b9d58,MLA41826045,4d8acc68-e055-4a73-ba66-66aff16074e3,MLA41826045,d5e2bafc-0cb5-495d-968d-794f56211bad,5144510e-085b-44d6-a348-f07d53c5b155,"Lihuzmd Caja De Tv Inteligente, Android 10 4gb 32gb 64gb 2.4g / 5ghz Wifi Bt4.1 6k Hdr Media Player Youtube 3d Video Set Top Box,4gb+32gb",,COMPLETE,MEDIUM,PRODUCT,MLA,"Lihuzmd Caja De Tv Inteligente, Android 10 4gb 32gb 64gb 2.4g / 5ghz Wifi Bt4.1 6k Hdr Media Player Youtube 3d Video Set Top Box,4gb+32gb",True,2025-04-03 12:09:12.812170,2025-04-03 12:09:12.812171
7beda4ad-eee8-410c-ba62-9a22e6d25c1b,MLA20561974,ded4024b-d409-4412-be57-2d29b753b8c1,,d5e2bafc-0cb5-495d-968d-794f56211bad,5144510e-085b-44d6-a348-f07d53c5b155,Mini dispositivo Smart Tx3 de 2 Gb de RAM y 16 Gb,,COMPLETE,MEDIUM,PRODUCT,MLA,Mini dispositivo Smart Tx3 de 2 Gb de RAM y 16 Gb,True,2025-04-03 12:09:12.812201,2025-04-03 12:09:12.812201
03dc3205-da47-4d0e-9c2b-7bcaeb55a6e5,MLA45377763,d8f54de9-7686-4035-9d80-f74a18cee7eb,MLA45377763,d5e2bafc-0cb5-495d-968d-794f56211bad,5144510e-085b-44d6-a348-f07d53c5b155,Tivo Stream | Evofuse 32gb | Netflix 4k Certificado | Android Tv,,COMPLETE,MEDIUM,PRODUCT,MLA,Tivo Stream | Evofuse 32gb | Netflix 4k Certificado | Android Tv,True,2025-04-03 12:09:12.812255,2025-04-03 12:09:12.812256
013b352a-e082-41c7-9275-2aab6a56074a,MLA28479770,7c9a5908-90ce-4d9f-839c-bc4eeb26a530,MLA28479770,d5e2bafc-0cb5-495d-968d-794f56211bad,5144510e-085b-44d6-a348-f07d53c5b155,Productos Bafx - Kit Adaptador Cat5 Para Productos Bafx Kit,,COMPLETE,MEDIUM,PRODUCT,MLA,Productos Bafx - Kit Adaptador Cat5 Para Productos Bafx Kit,True,2025-04-03 12:09:12.812347,2025-04-03 12:09:12.812347
7c31306a-09cb-46fe-bde0-5e4ca95d2e50,MLA43274418,f82baead-bcf4-451d-94f1-1f5b35b9324c,MLA43274418,d5e2bafc-0cb5-495d-968d-794f56211bad,5144510e-085b-44d6-a348-f07d53c5b155,"Asistente de voz premium Transpeed 8k para TV Box, color negro",,COMPLETE,MEDIUM,PRODUCT,MLA,"Asistente de voz premium Transpeed 8k para TV Box, color negro",True,2025-04-03 12:09:12.812396,2025-04-03 12:09:12.812396
e1eaf635-4d2b-4db5-96a2-d65c1a93a327,MLA39014899,642b884d-17a1-4252-9ffc-e4b2ce3e3c1d,MLA39014899,d5e2bafc-0cb5-495d-968d-794f56211bad,5144510e-085b-44d6-a348-f07d53c5b155,Felenny 1080p Hdmi Receptor De Pantalla Inalámbrico Pantalla Dongle Pantalla Espejo Tv Stick Airplay Dlna Miracast,,PRIMITIVE,MEDIUM,PRODUCT,MLA,Felenny 1080p Hdmi Receptor De Pantalla Inalámbrico Pantalla Dongle Pantalla Espejo Tv Stick Airplay Dlna Miracast,True,2025-04-03 12:09:12.812473,2025-04-03 12:09:12.812474
5c2e9ba1-5d52-426f-aa6d-0d4ff5c7e46c,MLA41834937,4d8acc68-e055-4a73-ba66-66aff16074e3,MLA41834937,d5e2bafc-0cb5-495d-968d-794f56211bad,5144510e-085b-44d6-a348-f07d53c5b155,"Caja De Tv Inteligente Lihuzmd, Android 9.0 Amlogic S905x3 Quad Core, 4 Gb, 128 Gb, 2,4 Gb, 2,4 G Y 5g, Doble Wifi, 1000 M, 8 K, Reproductor Multimedia Inteligente, 8 Gb+128 Gb",,COMPLETE,MEDIUM,PRODUCT,MLA,"Caja De Tv Inteligente Lihuzmd, Android 9.0 Amlogic S905x3 Quad Core, 4 Gb, 128 Gb, 2,4 Gb, 2,4 G Y 5g, Doble Wifi, 1000 M, 8 K, Reproductor Multimedia Inteligente, 8 Gb+128 Gb",True,2025-04-03 12:09:12.812525,2025-04-03 12:09:12.812525
f9e387ec-bd09-4310-99fe-8bac6ccf79e9,MLA42857060,9d872469-58f3-4c0c-9592-dcdbaa74c0ad,MLA42857060,d5e2bafc-0cb5-495d-968d-794f56211bad,5144510e-085b-44d6-a348-f07d53c5b155,"Mi Tv Stick Xiaomi, transmisión de alta calidad, fácil acceso, color negro, tipo control remoto por voz",,COMPLETE,MEDIUM,PRODUCT,MLA,"Mi Tv Stick Xiaomi, transmisión de alta calidad, fácil acceso, color negro, tipo control remoto por voz",True,2025-04-03 12:09:12.812591,2025-04-03 12:09:12.812591
2a66b520-6a8e-40d2-af20-fa50dfb3361d,MLA34219547,1133bb06-c820-4322-af77-b53cca0f47a4,MLA34219547,d5e2bafc-0cb5-495d-968d-794f56211bad,5144510e-085b-44d6-a348-f07d53c5b155,Wiim Mini Color Negro Tipo De Control Remoto Control De Voz,,COMPLETE,MEDIUM,PRODUCT,MLA,Wiim Mini Color Negro Tipo De Control Remoto Control De Voz,True,2025-04-03 12:09:12.812724,2025-04-03 12:09:12.812724
e21750f0-2a71-48b9-8b92-8df97695f052,MLA36100882,8f38db99-7fba-4ecd-b0cf-5ccc7bd37fbe,MLA36100882,d5e2bafc-0cb5-495d-968d-794f56211bad,5144510e-085b-44d6-a348-f07d53c5b155,"Control remoto de voz Fire Tv Stick Lite de segunda generación, Alexa Amazon Bivolt, color negro, tipo control remoto",,COMPLETE,MEDIUM,PRODUCT,MLA,"Control remoto de voz Fire Tv Stick Lite de segunda generación, Alexa Amazon Bivolt, color negro, tipo control remoto",True,2025-04-03 12:09:12.812771,2025-04-03 12:09:12.812771
941435d2-c59f-4c8d-8c28-41241d960802,MLA34350481,322862b9-1952-4e7e-b6ec-d75039a1df71,MLA34350481,d5e2bafc-0cb5-495d-968d-794f56211bad,5144510e-085b-44d6-a348-f07d53c5b155,"Moesgo Wifi Rf Ir Control Remoto Universal Tv Aire Acondicionado Smart Home Blaster Infrarrojos Electrodomésticos Rf Tuya/smart Life, Control De Voz Alexa Google Home",,PRIMITIVE,MEDIUM,PRODUCT,MLA,"Moesgo Wifi Rf Ir Control Remoto Universal Tv Aire Acondicionado Smart Home Blaster Infrarrojos Electrodomésticos Rf Tuya/smart Life, Control De Voz Alexa Google Home",True,2025-04-03 12:09:12.812904,2025-04-03 12:09:12.812905
69b41dfc-dc14-4b65-acfc-0d332bac38e8,MLA46424691,6be836a9-d2d5-4f11-bf94-c0288a6342f5,MLA46424691,d5e2bafc-0cb5-495d-968d-794f56211bad,5144510e-085b-44d6-a348-f07d53c5b155,"Adaptador inalámbrico Dongle con pantalla de TV HD para teléfono celular, color negro, tipo de control remoto estándar",,COMPLETE,MEDIUM,PRODUCT,MLA,"Adaptador inalámbrico Dongle con pantalla de TV HD para teléfono celular, color negro, tipo de control remoto estándar",True,2025-04-03 12:09:12.812931,2025-04-03 12:09:12.812931
97ebf299-e0f6-4178-bb9e-328ffa0fe3a0,MLA41915257,0f5bf1be-7b85-4501-a54e-c94eb00b8168,MLA41915257,d5e2bafc-0cb5-495d-968d-794f56211bad,5144510e-085b-44d6-a348-f07d53c5b155,"Smart Tv Box, 8k Tv Box Android 9.0 Rgb Light Ram 2g/4g Rom 16g 3264g Amlogic S905x3 H.265 Wifi Google Player Ip Tv, Decodificador, 4 Gb+64 Gb",,PRIMITIVE,MEDIUM,PRODUCT,MLA,"Smart Tv Box, 8k Tv Box Android 9.0 Rgb Light Ram 2g/4g Rom 16g 3264g Amlogic S905x3 H.265 Wifi Google Player Ip Tv, Decodificador, 4 Gb+64 Gb",True,2025-04-03 12:09:12.813036,2025-04-03 12:09:12.813036
4a045ae7-6643-4861-bc46-91439b7e9772,MLA37501143,eba37396-ae33-4b7d-8739-83944e3f8105,MLA37501143,d5e2bafc-0cb5-495d-968d-794f56211bad,5144510e-085b-44d6-a348-f07d53c5b155,"Aopen 91.med00.ga10, Chromebox Mini Media Player, Quad Core, 16gb Emmc, Cromado Os, 4gb Memoria, Hdmi, Wi-fi Y Bluetooth",,PRIMITIVE,MEDIUM,PRODUCT,MLA,"Aopen 91.med00.ga10, Chromebox Mini Media Player, Quad Core, 16gb Emmc, Cromado Os, 4gb Memoria, Hdmi, Wi-fi Y Bluetooth",True,2025-04-03 12:09:12.813070,2025-04-03 12:09:12.813070
e49aa30a-7993-4085-8ad7-3ccc5c1ef4e0,MLA46615984,4ab90397-41d1-4186-8b1e-3b636c904031,MLA46615984,d5e2bafc-0cb5-495d-968d-794f56211bad,5144510e-085b-44d6-a348-f07d53c5b155,Ncomputing L400 Ethernet Thin Client Para Vspace Pro,,PRIMITIVE,MEDIUM,PRODUCT,MLA,Ncomputing L400 Ethernet Thin Client Para Vspace Pro,True,2025-04-03 12:09:12.813086,2025-04-03 12:09:12.813086
674017a7-81b7-4dcf-bd7a-f6a3734334d1,MLA41101465,8b368079-f069-437f-a7a8-ec6eb764bc00,MLA41101465,d5e2bafc-0cb5-495d-968d-794f56211bad,5144510e-085b-44d6-a348-f07d53c5b155,Formuler Z10 Neo Android 10 Banda Única Wi-fi 2gb Ram 4gb Rom 4k + De Computadora Adicional,,COMPLETE,MEDIUM,PRODUCT,MLA,Formuler Z10 Neo Android 10 Banda Única Wi-fi 2gb Ram 4gb Rom 4k + De Computadora Adicional,True,2025-04-03 12:09:12.813115,2025-04-03 12:09:12.813115
552619de-e6b2-49e1-a305-bff8d6206316,MLA34337474,322862b9-1952-4e7e-b6ec-d75039a1df71,,d5e2bafc-0cb5-495d-968d-794f56211bad,5144510e-085b-44d6-a348-f07d53c5b155,Xiaomi Mi Box S 4k Hdr Android Tv Con Reproductor Multimedia De Transmisión Dba Con Control Remoto Google Y Asistente De Voz,,PRIMITIVE,MEDIUM,PRODUCT,MLA,Xiaomi Mi Box S 4k Hdr Android Tv Con Reproductor Multimedia De Transmisión Dba Con Control Remoto Google Y Asistente De Voz,True,2025-04-03 12:09:12.813160,2025-04-03 12:09:12.813160
da38357e-c8f2-4a69-98cd-4f016cc3e5bd,MLA27803562,4074c3c7-aca0-4648-9552-a6a9f2190d43,MLA27803562,d5e2bafc-0cb5-495d-968d-794f56211bad,5144510e-085b-44d6-a348-f07d53c5b155,"Amazon Fire Tv Stick Simplifica tu experiencia televisiva Fire TV Stick Fire TV Stick de tercera generación, tercera generación, tercera generación, voz HD Voice, 8 GB, negro con 2 GB de RAM",,COMPLETE,MEDIUM,PRODUCT,MLA,"Amazon Fire Tv Stick Simplifica tu experiencia televisiva Fire TV Stick Fire TV Stick de tercera generación, tercera generación, tercera generación, voz HD Voice, 8 GB, negro con 2 GB de RAM",True,2025-04-03 12:09:12.813183,2025-04-03 12:09:12.813183
f8cf6bfe-5565-46df-9abe-a6010352e71b,MLA25208882,64abcc1a-a95a-4a53-8e0a-2bff96689288,MLA25208882,bf48a6df-924e-4684-a638-1e3872bc5b2a,5144510e-085b-44d6-a348-f07d53c5b155,Outro Chromecast Google Chromecast 3 Hdmi Hd Chromecast 3,MLA25208906,COMPLETE,MEDIUM,PRODUCT,MLA,Outro Chromecast Google Chromecast 3 Hdmi Hd Chromecast 3,True,2025-04-03 12:09:12.813311,2025-04-03 12:09:12.813311
90fdd17a-ce36-4899-a66b-593632a199b6,MLA32379038,55282ae1-b0ca-4b45-b73d-11996e58d57e,MLA32379038,bf48a6df-924e-4684-a638-1e3872bc5b2a,5144510e-085b-44d6-a348-f07d53c5b155,Google Chromecast Google Home Mini & Chromecast 2.ª generación Google Home Mini & Chromecast,MLA32379039,COMPLETE,MEDIUM,PRODUCT,MLA,Google Chromecast Google Home Mini & Chromecast 2.ª generación Google Home Mini & Chromecast,True,2025-04-03 12:09:12.813335,2025-04-03 12:09:12.813335
03311280-0009-4861-980f-9d8ad4db9367,MLA40203816,9e136202-e229-4147-8b6b-0b17a664b719,MLA40203816,bf48a6df-924e-4684-a638-1e3872bc5b2a,5144510e-085b-44d6-a348-f07d53c5b155,Fi Chromecast Google Chromecast Hdmi 1080P,MLA40203817,COMPLETE,MEDIUM,PRODUCT,MLA,Fi Chromecast Google Chromecast Hdmi 1080P,True,2025-04-03 12:09:12.813365,2025-04-03 12:09:12.813365
983a6da8-1c43-4455-96c1-786433429558,MLA29652225,da8aaad7-03ff-4cd6-9f5d-bdcf637499e1,MLA29652225,bf48a6df-924e-4684-a638-1e3872bc5b2a,5144510e-085b-44d6-a348-f07d53c5b155,Google Chromecast 3.ª generación Chromecast 3,MLA29652233,COMPLETE,MEDIUM,PRODUCT,MLA,Google Chromecast 3.ª generación Chromecast 3,True,2025-04-03 12:09:12.813393,2025-04-03 12:09:12.813393
99a51664-d9e7-474e-9f04-a30364c01dd6,MLA36344212,41fe5ab2-6186-469a-845d-a721005eb697,MLA36344212,bf48a6df-924e-4684-a638-1e3872bc5b2a,5144510e-085b-44d6-a348-f07d53c5b155,BR Chromecast 3.ª generación Chromecast 3,MLA36344214,COMPLETE,MEDIUM,PRODUCT,MLA,BR Chromecast 3.ª generación Chromecast 3,True,2025-04-03 12:09:12.813437,2025-04-03 12:09:12.813438
23786c7f-2602-498c-99f6-574053cf03a6,MLA43953849,3374f3ed-0550-4903-9c13-cb8e0111dc69,MLA43953849,bf48a6df-924e-4684-a638-1e3872bc5b2a,5144510e-085b-44d6-a348-f07d53c5b155,Google Adaptador Chromecast 2015 Adaptador Chromecast 2ª generación,MLA42847198,COMPLETE,MEDIUM,PRODUCT,MLA,Google Adaptador Chromecast 2015 Adaptador Chromecast 2ª generación,True,2025-04-03 12:09:12.813468,2025-04-03 12:09:12.813469
a959a4bf-8aff-4d75-a285-15c0550d35c4,MLA34185744,75c64cd6-3ed5-486f-97d4-8c7ac408dbe6,MLA34185744,bf48a6df-924e-4684-a638-1e3872bc5b2a,5144510e-085b-44d6-a348-f07d53c5b155,Google Chromecast 3 4.ª generación Chromecast 3,MLA34185746,COMPLETE,MEDIUM,PRODUCT,MLA,Google Chromecast 3 4.ª generación Chromecast 3,True,2025-04-03 12:09:12.813519,2025-04-03 12:09:12.813519
3175d672-8653-4438-b17b-ce83a4d12b5d,MLA25444469,309a4fe5-d538-48f4-be3c-51096a241ff4,MLA25444469,bf48a6df-924e-4684-a638-1e3872bc5b2a,5144510e-085b-44d6-a348-f07d53c5b155,Genérica Chromecast 3 3.ª generación Chromecast 3,MLA25444470,COMPLETE,MEDIUM,PRODUCT,MLA,Genérica Chromecast 3 3.ª generación Chromecast 3,True,2025-04-03 12:09:12.813552,2025-04-03 12:09:12.813553
78218983-92ce-4bf4-bc9a-aa4fda48daed,MLA21622180,85cd523d-0410-4024-8ee5-bdb309368847,MLA21622180,bf48a6df-924e-4684-a638-1e3872bc5b2a,5144510e-085b-44d6-a348-f07d53c5b155,Google Chromecast 4 2015 4.ª generación Chromecast 4,MLA21622186,COMPLETE,MEDIUM,PRODUCT,MLA,Google Chromecast 4 2015 4.ª generación Chromecast 4,True,2025-04-03 12:09:12.813594,2025-04-03 12:09:12.813594
a4c1edb4-7de0-484a-9496-9a567cc1e96c,MLA28801483,fdc8c9d6-6ea7-45c9-b291-67b354df84ed,MLA28801483,bf48a6df-924e-4684-a638-1e3872bc5b2a,5144510e-085b-44d6-a348-f07d53c5b155,"Google notebook, macbook Chromecast 3.ª generación Chromecast 3",MLA28801485,COMPLETE,MEDIUM,PRODUCT,MLA,"Google notebook, macbook Chromecast 3.ª generación Chromecast 3",True,2025-04-03 12:09:12.813662,2025-04-03 12:09:12.813662
09a81a4a-af24-4111-bd37-2ea82210d5b1,MLA37201576,022af37b-aa2b-411d-acb3-a352163deb38,MLA37201576,bf48a6df-924e-4684-a638-1e3872bc5b2a,5144510e-085b-44d6-a348-f07d53c5b155,Google Chromecast Ga00439-2 Pack 4.ª generación Chromecast 3,MLA37201577,COMPLETE,MEDIUM,PRODUCT,MLA,Google Chromecast Ga00439-2 Pack 4.ª generación Chromecast 3,True,2025-04-03 12:09:12.813690,2025-04-03 12:09:12.813690
63aef9a6-0eb4-4a37-97ee-350ebcedc79f,MLA24434192,a34809a4-7861-4763-a3a1-5611b2b57369,MLA24434192,bf48a6df-924e-4684-a638-1e3872bc5b2a,5144510e-085b-44d6-a348-f07d53c5b155,Google Chromecast Google Chromecast 2 2.ª generación NC2-6A5,MLA24434229,COMPLETE,MEDIUM,PRODUCT,MLA,Google Chromecast Google Chromecast 2 2.ª generación NC2-6A5,True,2025-04-03 12:09:12.813718,2025-04-03 12:09:12.813719
5aa1262a-01d7-49b1-8bc1-9a99de51a714,MLA42141452,04d950bf-a905-46ba-8aee-3e1745bf6d5e,MLA42141452,bf48a6df-924e-4684-a638-1e3872bc5b2a,5144510e-085b-44d6-a348-f07d53c5b155,Kecung Chromecast,MLA42141459,COMPLETE,MEDIUM,PRODUCT,MLA,Kecung Chromecast,True,2025-04-03 12:09:12.813804,2025-04-03 12:09:12.813804
9bf48795-66e7-4d08-a137-0fce0bbcb1b9,MLA42144900,04d950bf-a905-46ba-8aee-3e1745bf6d5e,MLA42144900,bf48a6df-924e-4684-a638-1e3872bc5b2a,5144510e-085b-44d6-a348-f07d53c5b155,wemee Chromecast,MLA42144907,COMPLETE,MEDIUM,PRODUCT,MLA,wemee Chromecast,True,2025-04-03 12:09:12.813824,2025-04-03 12:09:12.813824
e93b583a-003d-4421-9412-108888275194,MLA46599046,4ab90397-41d1-4186-8b1e-3b636c904031,MLA46599046,bf48a6df-924e-4684-a638-1e3872bc5b2a,5144510e-085b-44d6-a348-f07d53c5b155,Google Chromecast,MLA46599052,COMPLETE,MEDIUM,PRODUCT,MLA,Google Chromecast,True,2025-04-03 12:09:12.813846,2025-04-03 12:09:12.813847
0158d230-4b71-40c8-91da-f6447b66561e,MLA41071492,bb2307d8-a974-4496-bf0d-b75295d6d84c,MLA41071492,bf48a6df-924e-4684-a638-1e3872bc5b2a,5144510e-085b-44d6-a348-f07d53c5b155,hwqsad Chromecast,MLA41071494,COMPLETE,MEDIUM,PRODUCT,MLA,hwqsad Chromecast,True,2025-04-03 12:09:12.813867,2025-04-03 12:09:12.813867
4d2942b2-623e-4820-b0d2-81371023d365,MLA45360496,86170570-0a5a-4188-9079-52eec1be805b,MLA45360496,bf48a6df-924e-4684-a638-1e3872bc5b2a,5144510e-085b-44d6-a348-f07d53c5b155,Génerico Chromecast,MLA45360497,COMPLETE,MEDIUM,PRODUCT,MLA,Génerico Chromecast,True,2025-04-03 12:09:12.813894,2025-04-03 12:09:12.813895
7948ec2d-7ade-45c4-b9a5-b786060ac901,MLA16233184,58b8f3c8-eaca-47d6-8dfc-1e194cf2e4a4,MLA16233184,bf48a6df-924e-4684-a638-1e3872bc5b2a,5144510e-085b-44d6-a348-f07d53c5b155,Google Chromecast 4k Chromecast with Google TV 4.ª generación GA01919-US,"MLA16233185,MLA16233186",COMPLETE,MEDIUM,PRODUCT,MLA,Google Chromecast 4k Chromecast with Google TV 4.ª generación GA01919-US,True,2025-04-03 12:09:12.813915,2025-04-03 12:09:12.813915
3322bcfc-d524-49ba-a4e5-c43349cd5801,MLA45968958,09cdcb20-0434-4397-a872-a9dbaef92205,MLA45968958,bf48a6df-924e-4684-a638-1e3872bc5b2a,5144510e-085b-44d6-a348-f07d53c5b155,Google Chromecast 4k Chromecast with Google TV 4.ª generación GA01923-US,MLA45968959,COMPLETE,MEDIUM,PRODUCT,MLA,Google Chromecast 4k Chromecast with Google TV 4.ª generación GA01923-US,True,2025-04-03 12:09:12.814038,2025-04-03 12:09:12.814038
07436b5f-9af0-4b0a-a442-c14f59fe9caa,MLA22964861,df61bdc0-dafd-4f22-a43c-f786dd9d5e70,MLA22964861,bf48a6df-924e-4684-a638-1e3872bc5b2a,5144510e-085b-44d6-a348-f07d53c5b155,Google Chromecast 3,MLA22964864,COMPLETE,MEDIUM,PRODUCT,MLA,Google Chromecast 3,True,2025-04-03 12:09:12.814158,2025-04-03 12:09:12.814159
17d22773-c24b-4ef0-adf5-033c6379dd03,MLA20255928,c6bdb85a-9eba-4eb9-b7f6-8e1271d5b708,MLA20255928,bf48a6df-924e-4684-a638-1e3872bc5b2a,5144510e-085b-44d6-a348-f07d53c5b155,Google Chromecast 3,MLA20255932,COMPLETE,MEDIUM,PRODUCT,MLA,Google Chromecast 3,True,2025-04-03 12:09:12.814182,2025-04-03 12:09:12.814182
1c111b5c-e3a2-449d-9f79-994729f57163,MLA23953951,9b64adc1-4672-4dfc-893d-2889031d653b,MLA23953951,bf48a6df-924e-4684-a638-1e3872bc5b2a,5144510e-085b-44d6-a348-f07d53c5b155,MiraScreen Chromecast G2,MLA23953957,COMPLETE,MEDIUM,PRODUCT,MLA,MiraScreen Chromecast G2,True,2025-04-03 12:09:12.814273,2025-04-03 12:09:12.814273
82fbf1fc-9f52-4a7e-a1e1-23db3137c742,MLA6304838,58c4f2ae-ec5b-4ae0-8cf4-acdb77803d7a,MLA6304838,bf48a6df-924e-4684-a638-1e3872bc5b2a,5144510e-085b-44d6-a348-f07d53c5b155,Google Chromecast Ultra,"MLA6304839,MLA25208909",COMPLETE,MEDIUM,PRODUCT,MLA,Google Chromecast Ultra,True,2025-04-03 12:09:12.814300,2025-04-03 12:09:12.814300
6bafeccd-9f9c-4c12-9a2e-8a3e6353921e,MLA32222089,068d29f2-d7af-43a0-b2a4-1887ee29273e,MLA32222089,bf48a6df-924e-4684-a638-1e3872bc5b2a,5144510e-085b-44d6-a348-f07d53c5b155,Google Chromecast Audio,MLA32222092,COMPLETE,MEDIUM,PRODUCT,MLA,Google Chromecast Audio,True,2025-04-03 12:09:12.814408,2025-04-03 12:09:12.814408
2203d625-2181-49b3-a39c-5f6180b5e82f,MLA25208896,64abcc1a-a95a-4a53-8e0a-2bff96689288,MLA25208896,bf48a6df-924e-4684-a638-1e3872bc5b2a,5144510e-085b-44d6-a348-f07d53c5b155,Google Chromecast Carvão,"MLA25208932,MLA26953032",COMPLETE,MEDIUM,PRODUCT,MLA,Google Chromecast Carvão,True,2025-04-03 12:09:12.814428,2025-04-03 12:09:12.814428
18182771-6b5f-4faf-8f35-6ae4d324a30d,MLA24589099,26070719-ebaf-4bfa-8128-392aa2b69941,MLA24589099,bf48a6df-924e-4684-a638-1e3872bc5b2a,5144510e-085b-44d6-a348-f07d53c5b155,Google Chromecast 4K,MLA24589109,COMPLETE,MEDIUM,PRODUCT,MLA,Google Chromecast 4K,True,2025-04-03 12:09:12.814447,2025-04-03 12:09:12.814448
bd585274-e2fd-4def-872c-e6f198221306,MLA25208878,64abcc1a-a95a-4a53-8e0a-2bff96689288,MLA25208878,bf48a6df-924e-4684-a638-1e3872bc5b2a,5144510e-085b-44d6-a348-f07d53c5b155,Miracreen Chromecast G2,MLA25208903,COMPLETE,MEDIUM,PRODUCT,MLA,Miracreen Chromecast G2,True,2025-04-03 12:09:12.814468,2025-04-03 12:09:12.814468
30f9e1b6-2052-4652-a45c-002287003d09,MLA22762001,7229f47d-20bc-4f60-8379-980424106dc2,MLA22762001,bf48a6df-924e-4684-a638-1e3872bc5b2a,5144510e-085b-44d6-a348-f07d53c5b155,Google Chromecast 3 4K,MLA22762005,COMPLETE,MEDIUM,PRODUCT,MLA,Google Chromecast 3 4K,True,2025-04-03 12:09:12.814549,2025-04-03 12:09:12.814549
77071f8a-bc0e-4b77-9a92-c88d04dacd25,MLA42037245,fde33f1c-8965-4d4b-9989-ecc6085394c8,MLA42037245,bf48a6df-924e-4684-a638-1e3872bc5b2a,5144510e-085b-44d6-a348-f07d53c5b155,Google Chromecast GA00439 JP,MLA42037252,COMPLETE,MEDIUM,PRODUCT,MLA,Google Chromecast GA00439 JP,True,2025-04-03 12:09:12.814636,2025-04-03 12:09:12.814636
09cc43e6-fcba-4fd8-a757-c73ff40be123,MLA27081837,9a1abbad-3e0e-439f-b73e-79337e4c2e62,MLA27081837,bf48a6df-924e-4684-a638-1e3872bc5b2a,5144510e-085b-44d6-a348-f07d53c5b155,AnyCast Chromecast AnyCast M9,MLA27081846,COMPLETE,MEDIUM,PRODUCT,MLA,AnyCast Chromecast AnyCast M9,True,2025-04-03 12:09:12.814660,2025-04-03 12:09:12.814660
e405acc7-c9d5-4bcb-95bf-ffe8b68a170c,MLA21774712,9ba52352-baf2-489d-9d39-c22bae1421f2,MLA21774712,bf48a6df-924e-4684-a638-1e3872bc5b2a,5144510e-085b-44d6-a348-f07d53c5b155,Google Chromecast GA01919-US,"MLA21774715,MLA24557201,MLA32064840",COMPLETE,MEDIUM,PRODUCT,MLA,Google Chromecast GA01919-US,True,2025-04-03 12:09:12.814680,2025-04-03 12:09:12.814680
4b06a80f-8283-4751-bd39-b9c6925fa832,MLA42186248,3f20e732-2240-4ddf-809a-bc88b8044269,MLA42186248,bf48a6df-924e-4684-a638-1e3872bc5b2a,5144510e-085b-44d6-a348-f07d53c5b155,Google Chromecast GA01919-US,MLA42186257,COMPLETE,MEDIUM,PRODUCT,MLA,Google Chromecast GA01919-US,True,2025-04-03 12:09:12.814767,2025-04-03 12:09:12.814767
e5973406-07e6-4d65-aa5f-f2108e9aa795,MLA27202671,b12d09ce-f83f-4e51-99f2-6292bb1834ac,MLA27202671,bf48a6df-924e-4684-a638-1e3872bc5b2a,5144510e-085b-44d6-a348-f07d53c5b155,Dcolor Chromecast GD1 4K,MLA27202677,COMPLETE,MEDIUM,PRODUCT,MLA,Dcolor Chromecast GD1 4K,True,2025-04-03 12:09:12.814794,2025-04-03 12:09:12.814794
ddaa1f67-1ede-45f5-9b86-c287f85da445,MLA24666237,05eef3c4-d74d-483f-ac75-8d3c95139264,MLA24666237,bf48a6df-924e-4684-a638-1e3872bc5b2a,5144510e-085b-44d6-a348-f07d53c5b155,MiraScreen Chromecast G2S Anycast,MLA26595419,COMPLETE,MEDIUM,PRODUCT,MLA,MiraScreen Chromecast G2S Anycast,True,2025-04-03 12:09:12.814855,2025-04-03 12:09:12.814855
23d3c33a-484a-4afb-b0a0-fe67819d8397,MLA34951047,5d0b758d-6a90-447a-9953-c2c6257c3ca3,MLA34951047,bf48a6df-924e-4684-a638-1e3872bc5b2a,5144510e-085b-44d6-a348-f07d53c5b155,Chromecast 2 2ª generación,MLA34951048,COMPLETE,MEDIUM,PRODUCT,MLA,Chromecast 2 2ª generación,True,2025-04-03 12:09:12.814879,2025-04-03 12:09:12.814879
a4eec173-0204-4d61-9bcd-bc548f7fa91e,MLA22826593,4b2111ed-4dfb-4690-8be6-c610b4ad22a0,MLA22826593,bf48a6df-924e-4684-a638-1e3872bc5b2a,5144510e-085b-44d6-a348-f07d53c5b155,OEM Anycast Chromecast Google,MLA22826595,COMPLETE,MEDIUM,PRODUCT,MLA,OEM Anycast Chromecast Google,True,2025-04-03 12:09:12.814902,2025-04-03 12:09:12.814902
0d34686d-f070-478c-9e88-4b27fd074dbc,MLA41070754,bb2307d8-a974-4496-bf0d-b75295d6d84c,MLA41070754,bf48a6df-924e-4684-a638-1e3872bc5b2a,5144510e-085b-44d6-a348-f07d53c5b155,LNV Chromecast con Google TV,MLA41070755,COMPLETE,MEDIUM,PRODUCT,MLA,LNV Chromecast con Google TV,True,2025-04-03 12:09:12.814925,2025-04-03 12:09:12.814925
b5e14425-b965-46a4-98bc-863f72436b1d,MLA22341999,e40d7ef5-fbad-48e9-99f7-9f1cb35e709d,MLA22341999,bf48a6df-924e-4684-a638-1e3872bc5b2a,5144510e-085b-44d6-a348-f07d53c5b155,Google Chromecast HD NC2-6A5,MLA22342000,COMPLETE,MEDIUM,PRODUCT,MLA,Google Chromecast HD NC2-6A5,True,2025-04-03 12:09:12.814948,2025-04-03 12:09:12.814948
ac88429d-5593-43d2-99d7-e35a9f953bae,MLA34921274,e61a694f-b204-4705-a84e-7d6c9fb9afca,MLA34921274,bf48a6df-924e-4684-a638-1e3872bc5b2a,5144510e-085b-44d6-a348-f07d53c5b155,Google Chromecast with Google TV,MLA34921279,COMPLETE,MEDIUM,PRODUCT,MLA,Google Chromecast with Google TV,True,2025-04-03 12:09:12.814980,2025-04-03 12:09:12.814980
3fb367c1-6b47-4205-9278-4f32180e8878,MLA29435054,6b2ce4d3-c369-42b8-b92f-7ced79001bb0,MLA29435054,bf48a6df-924e-4684-a638-1e3872bc5b2a,5144510e-085b-44d6-a348-f07d53c5b155,Chromecast 2 2.ª generación,MLA29435056,COMPLETE,MEDIUM,PRODUCT,MLA,Chromecast 2 2.ª generación,True,2025-04-03 12:09:12.815072,2025-04-03 12:09:12.815072
c3b5e187-f44e-48d3-acac-5552d3ff989e,MLA6125038,956a0d95-99d7-4fda-99e1-89c0386727a1,MLA6125038,bf48a6df-924e-4684-a638-1e3872bc5b2a,5144510e-085b-44d6-a348-f07d53c5b155,Google Chromecast 2.ª generación,"MLA6125040,MLA6125041,MLA24266840",COMPLETE,MEDIUM,PRODUCT,MLA,Google Chromecast 2.ª generación,True,2025-04-03 12:09:12.815092,2025-04-03 12:09:12.815092
59f81928-586b-4000-8c67-37963c8c6a82,MLA27474748,e2d5d531-20dd-4496-82c4-b49089e3e6fe,MLA27474748,bf48a6df-924e-4684-a638-1e3872bc5b2a,5144510e-085b-44d6-a348-f07d53c5b155,Google Chromecast 3.ª generación,"MLA27474749,MLA42175416",COMPLETE,MEDIUM,PRODUCT,MLA,Google Chromecast 3.ª generación,True,2025-04-03 12:09:12.815207,2025-04-03 12:09:12.815207
49f29070-e401-43cc-8408-a6a6490c1fb8,MLA36300440,f3e3efd6-16df-4a91-99d2-1be23f6e7d33,MLA36300440,bf48a6df-924e-4684-a638-1e3872bc5b2a,5144510e-085b-44d6-a348-f07d53c5b155,Google Chromecast 4.ª generación,"MLA36300441,MLA36633513,MLA38351184",COMPLETE,MEDIUM,PRODUCT,MLA,Google Chromecast 4.ª generación,True,2025-04-03 12:09:12.815258,2025-04-03 12:09:12.815258
6ba4e17f-bdf7-43f3-a5c0-e94f46371a0e,MLA20544892,ded4024b-d409-4412-be57-2d29b753b8c1,MLA20544892,bf48a6df-924e-4684-a638-1e3872bc5b2a,5144510e-085b-44d6-a348-f07d53c5b155,Google Chromecast 3.ª generación,"MLA20544894,MLA23298505",COMPLETE,MEDIUM,PRODUCT,MLA,Google Chromecast 3.ª generación,True,2025-04-03 12:09:12.815372,2025-04-03 12:09:12.815373
5ab24e35-9188-4086-8052-4450087a39b6,MLA19862209,86450dcd-88b3-40a4-ab02-08fbbe69796b,MLA19862209,bf48a6df-924e-4684-a638-1e3872bc5b2a,5144510e-085b-44d6-a348-f07d53c5b155,Google Kit Home Mini + Chromecast,MLA19862210,COMPLETE,MEDIUM,PRODUCT,MLA,Google Kit Home Mini + Chromecast,True,2025-04-03 12:09:12.815466,2025-04-03 12:09:12.815466
8839b841-ef24-4e47-b17e-b8b573129e85,MLA42167578,d53b0d15-77e4-4658-a596-4ee25c13a417,MLA42167578,bf48a6df-924e-4684-a638-1e3872bc5b2a,5144510e-085b-44d6-a348-f07d53c5b155,Google Chromecast 2 NC2-6A5,MLA42167579,COMPLETE,MEDIUM,PRODUCT,MLA,Google Chromecast 2 NC2-6A5,True,2025-04-03 12:09:12.815519,2025-04-03 12:09:12.815519
0d17658b-c8e6-4096-9180-380b24a29929,MLA45025508,3a502768-3cb4-4d36-8e12-1c40a867667c,MLA45025508,bf48a6df-924e-4684-a638-1e3872bc5b2a,5144510e-085b-44d6-a348-f07d53c5b155,Google Chromecast con Google TV,MLA45025509,COMPLETE,MEDIUM,PRODUCT,MLA,Google Chromecast con Google TV,True,2025-04-03 12:09:12.815549,2025-04-03 12:09:12.815549
8633785e-331e-4722-83b9-9e991ff4fd5d,MLA23019122,176699e9-036d-47c0-a163-f1d8c34fabfe,MLA23019122,bf48a6df-924e-4684-a638-1e3872bc5b2a,5144510e-085b-44d6-a348-f07d53c5b155,Yehua g1 Chromecast G1-1,MLA23019127,COMPLETE,MEDIUM,PRODUCT,MLA,Yehua g1 Chromecast G1-1,True,2025-04-03 12:09:12.815571,2025-04-03 12:09:12.815572
4b8d5e08-7d57-48d0-8f53-06c5a686ab6b,MLA46650576,48773564-58e0-4cac-a6db-65723175477c,MLA46650576,bf48a6df-924e-4684-a638-1e3872bc5b2a,5144510e-085b-44d6-a348-f07d53c5b155,Google Chromecast 2.ª generación,MLA46650591,COMPLETE,MEDIUM,PRODUCT,MLA,Google Chromecast 2.ª generación,True,2025-04-03 12:09:12.815595,2025-04-03 12:09:12.815596
07e95e3c-9d83-47da-a435-1dfb00e73a7e,MLA36289971,f3e3efd6-16df-4a91-99d2-1be23f6e7d33,MLA36289971,bf48a6df-924e-4684-a638-1e3872bc5b2a,5144510e-085b-44d6-a348-f07d53c5b155,Google Chromecast ACx1815 4.ª generación,MLA36289974,COMPLETE,MEDIUM,PRODUCT,MLA,Google Chromecast ACx1815 4.ª generación,True,2025-04-03 12:09:12.815624,2025-04-03 12:09:12.815625
ce11248d-a487-40e0-b5bc-164d654c9703,MLA21237750,ae8b85b6-a141-491c-8f48-b3e7540d8a84,MLA21237750,bf48a6df-924e-4684-a638-1e3872bc5b2a,5144510e-085b-44d6-a348-f07d53c5b155,Google Chromecast GA03131 4.ª generación,MLA21237756,COMPLETE,MEDIUM,PRODUCT,MLA,Google Chromecast GA03131 4.ª generación,True,2025-04-03 12:09:12.815672,2025-04-03 12:09:12.815673
bde48a01-c216-428c-8ed7-aac9b0eaa364,MLA34077577,9b5936eb-468a-4b83-a062-fc83d26964a0,MLA34077577,bf48a6df-924e-4684-a638-1e3872bc5b2a,5144510e-085b-44d6-a348-f07d53c5b155,Google Chromecast 3.ª generación GA00439,MLA34077578,COMPLETE,MEDIUM,PRODUCT,MLA,Google Chromecast 3.ª generación GA00439,True,2025-04-03 12:09:12.815765,2025-04-03 12:09:12.815765
4f135938-55cd-485f-96dd-78e63a30ff60,MLA44242558,54276fea-4df6-443b-8067-e80821b1c35e,MLA44242558,bf48a6df-924e-4684-a638-1e3872bc5b2a,5144510e-085b-44d6-a348-f07d53c5b155,Homatics Chromecast Stick Gd2 HOMATICS Dongle,MLA42851823,COMPLETE,MEDIUM,PRODUCT,MLA,Homatics Chromecast Stick Gd2 HOMATICS Dongle,True,2025-04-03 12:09:12.815822,2025-04-03 12:09:12.815823
9346a5a6-3597-44c4-8f5d-46d501e3c63a,MLA13841392,5fcc62ef-ec80-4b1b-8b19-66cd961cb968,MLA13841392,bf48a6df-924e-4684-a638-1e3872bc5b2a,5144510e-085b-44d6-a348-f07d53c5b155,Google Chromecast 3.ª generación GA00439,"MLA13841393,MLA14630236",COMPLETE,MEDIUM,PRODUCT,MLA,Google Chromecast 3.ª generación GA00439,True,2025-04-03 12:09:12.815909,2025-04-03 12:09:12.815909
f38d9c27-c823-439c-9f40-fb00c1b10726,MLA45478107,a09b8b1b-c21e-4815-819d-3c73dab66cb6,MLA45478107,bf48a6df-924e-4684-a638-1e3872bc5b2a,5144510e-085b-44d6-a348-f07d53c5b155,Zhuhao co-screen device 3° Chromecast 3,MLA45478109,COMPLETE,MEDIUM,PRODUCT,MLA,Zhuhao co-screen device 3° Chromecast 3,True,2025-04-03 12:09:12.816030,2025-04-03 12:09:12.816030
9041e40b-be9d-41ed-b08b-cde0f35b7cc2,MLA28705946,f08d092d-1a9d-4c47-ab16-11e19f316a49,MLA28705946,bf48a6df-924e-4684-a638-1e3872bc5b2a,5144510e-085b-44d6-a348-f07d53c5b155,Optimus Technology Chromecast Optimus TV TVBOX-OPTV01,MLA28705947,COMPLETE,MEDIUM,PRODUCT,MLA,Optimus Technology Chromecast Optimus TV TVBOX-OPTV01,True,2025-04-03 12:09:12.816063,2025-04-03 12:09:12.816063
464b1ac2-9f3e-4381-9aba-c141b1c5200c,MLA13841393,5fcc62ef-ec80-4b1b-8b19-66cd961cb968,MLA13841393,bf48a6df-924e-4684-a638-1e3872bc5b2a,5144510e-085b-44d6-a348-f07d53c5b155,Google Chromecast 3.ª generación GA00439 - Carbón,,COMPLETE,MEDIUM,PRODUCT,MLA,Google Chromecast 3.ª generación GA00439 - Carbón,True,2025-04-03 12:09:12.816094,2025-04-03 12:09:12.816094
eb8f76f5-042f-4d73-982c-061cf4b2af32,MLA35715334,c37a4578-a31b-4145-8590-f3f38a07793d,MLA35715334,bf48a6df-924e-4684-a638-1e3872bc5b2a,5144510e-085b-44d6-a348-f07d53c5b155,Google Chromecast GOOHDMIIV 4.ª generación GOOHDMIIV,MLA35715335,COMPLETE,MEDIUM,PRODUCT,MLA,Google Chromecast GOOHDMIIV 4.ª generación GOOHDMIIV,True,2025-04-03 12:09:12.816261,2025-04-03 12:09:12.816261
7fd6d522-5aa7-452e-a623-50f16ff3135e,MLA25863372,eb32d91b-ef17-478d-a5d1-26d0b0c5bc5c,MLA25863372,bf48a6df-924e-4684-a638-1e3872bc5b2a,5144510e-085b-44d6-a348-f07d53c5b155,Google Smart Chromecast 3.ª generación GA00439,MLA25863373,COMPLETE,MEDIUM,PRODUCT,MLA,Google Smart Chromecast 3.ª generación GA00439,True,2025-04-03 12:09:12.816357,2025-04-03 12:09:12.816357
39439694-6d49-4524-9479-a915e60720fc,MLA44208596,54276fea-4df6-443b-8067-e80821b1c35e,MLA44208596,bf48a6df-924e-4684-a638-1e3872bc5b2a,5144510e-085b-44d6-a348-f07d53c5b155,Cast Chromecast Air 2ª generación GA03131-US,MLA41609398,COMPLETE,MEDIUM,PRODUCT,MLA,Cast Chromecast Air 2ª generación GA03131-US,True,2025-04-03 12:09:12.816403,2025-04-03 12:09:12.816403
622b4972-8015-4a1f-8918-81af1786da9d,MLA24460155,a34809a4-7861-4763-a3a1-5611b2b57369,MLA24460155,bf48a6df-924e-4684-a638-1e3872bc5b2a,5144510e-085b-44d6-a348-f07d53c5b155,Google Chromecast 4.ª generación GA03131-US,"MLA24460156,MLA40695658",COMPLETE,MEDIUM,PRODUCT,MLA,Google Chromecast 4.ª generación GA03131-US,True,2025-04-03 12:09:12.816447,2025-04-03 12:09:12.816447
c2f6bf4d-cbde-432b-975d-1b2730e13595,MLA6125042,956a0d95-99d7-4fda-99e1-89c0386727a1,MLA6125042,bf48a6df-924e-4684-a638-1e3872bc5b2a,5144510e-085b-44d6-a348-f07d53c5b155,Google Chromecast 1.ª generación H2G2-42,MLA6125043,COMPLETE,MEDIUM,PRODUCT,MLA,Google Chromecast 1.ª generación H2G2-42,True,2025-04-03 12:09:12.816573,2025-04-03 12:09:12.816573
b46b350e-4aac-44dd-b168-454fb53ead62,MLA47546946,236b88f6-4e0b-4842-af4e-565fc6111bb4,MLA47546946,bf48a6df-924e-4684-a638-1e3872bc5b2a,5144510e-085b-44d6-a348-f07d53c5b155,Google Chromecast con Google TV 4.ª generación,MLA47546956,COMPLETE,MEDIUM,PRODUCT,MLA,Google Chromecast con Google TV 4.ª generación,True,2025-04-03 12:09:12.816690,2025-04-03 12:09:12.816691
12cd81a4-b20c-4d2e-b09d-2d0d0d4f8092,MLA20053796,4d8fe237-8063-43cf-a906-e6d633a33fb2,MLA20053796,bf48a6df-924e-4684-a638-1e3872bc5b2a,5144510e-085b-44d6-a348-f07d53c5b155,Google Smart Chromecast 3.ª generación GA00545-US,MLA20053803,COMPLETE,MEDIUM,PRODUCT,MLA,Google Smart Chromecast 3.ª generación GA00545-US,True,2025-04-03 12:09:12.816714,2025-04-03 12:09:12.816714
fca7335d-eaeb-49b4-9703-f615c6aa86c7,MLA45150218,898b4256-6dd5-49f7-98f0-bed08413005e,MLA45150218,bf48a6df-924e-4684-a638-1e3872bc5b2a,5144510e-085b-44d6-a348-f07d53c5b155,Zhuhao co-screen device 3.ª Chromecast 3,MLA45150219,COMPLETE,MEDIUM,PRODUCT,MLA,Zhuhao co-screen device 3.ª Chromecast 3,True,2025-04-03 12:09:12.816750,2025-04-03 12:09:12.816751
2b253b38-7d7a-46d9-94df-b2f3feeb9e4e,MLA25033812,b8e84a7d-80bd-45a0-91c6-01225cb3d160,MLA25033812,bf48a6df-924e-4684-a638-1e3872bc5b2a,5144510e-085b-44d6-a348-f07d53c5b155,Jpcell Chromecast 2 3.ª generación GA00439-LA,MLA25033818,COMPLETE,MEDIUM,PRODUCT,MLA,Jpcell Chromecast 2 3.ª generación GA00439-LA,True,2025-04-03 12:09:12.816778,2025-04-03 12:09:12.816778
caeefc3b-7f45-4db5-ba3f-7df75d584cfb,MLA26595414,01f97d5c-4b06-44a3-935f-d542d134cdaf,MLA26595414,bf48a6df-924e-4684-a638-1e3872bc5b2a,5144510e-085b-44d6-a348-f07d53c5b155,Google Chromecast Chomecast Ultra 4.ª generación NC2-6A5,MLA26595416,COMPLETE,MEDIUM,PRODUCT,MLA,Google Chromecast Chomecast Ultra 4.ª generación NC2-6A5,True,2025-04-03 12:09:12.816806,2025-04-03 12:09:12.816806
8da51605-a105-49a6-91e8-ddb3e6c5acc0,MLA21319205,628058e9-f99a-4a8e-9fa1-338d938add25,MLA21319205,bf48a6df-924e-4684-a638-1e3872bc5b2a,5144510e-085b-44d6-a348-f07d53c5b155,HR PART Chromecast para TV 4.ª generación 0,MLA21319228,COMPLETE,MEDIUM,PRODUCT,MLA,HR PART Chromecast para TV 4.ª generación 0,True,2025-04-03 12:09:12.816836,2025-04-03 12:09:12.816836
be42c7a8-40e3-46de-b4ed-e02efc582fa5,MLA45001904,8e0afae3-028d-496a-a45a-a0be3dbaf194,MLA45001904,bf48a6df-924e-4684-a638-1e3872bc5b2a,5144510e-085b-44d6-a348-f07d53c5b155,Chromecast Pix Mira GA03131-US 2.ª generación GA03131-US,MLA45001905,COMPLETE,MEDIUM,PRODUCT,MLA,Chromecast Pix Mira GA03131-US 2.ª generación GA03131-US,True,2025-04-03 12:09:12.816860,2025-04-03 12:09:12.816860
ac2d6608-77ab-4dd6-8577-50541fc551b5,MLA24200451,dec8ebfa-2ee0-4a6f-89c6-3bd33dce5cf6,MLA24200451,bf48a6df-924e-4684-a638-1e3872bc5b2a,5144510e-085b-44d6-a348-f07d53c5b155,Google with google tv 4k Chromecast 2 4.ª generación GA03131-US,MLA24200452,COMPLETE,MEDIUM,PRODUCT,MLA,Google with google tv 4k Chromecast 2 4.ª generación GA03131-US,True,2025-04-03 12:09:12.816894,2025-04-03 12:09:12.816894
69643254-e6d3-4119-895e-c5b7c950cded,MLA26746470,8242afa7-90b8-42ac-93c7-9f598b06a05c,MLA26746470,bf48a6df-924e-4684-a638-1e3872bc5b2a,5144510e-085b-44d6-a348-f07d53c5b155,TV Box Fire Stick - Amazon - chromecast - fire tv stick - fire stick - apple tv 4k - tvbox -  aapple tv 4k -  google chromecast - roku express - chromecast 4 -  roku -  adaptador smart tv Amazon - chromecast - fire tv stick - fire stick - apple tv 4k - tvbox -  aapple tv 4k -  google chromecast - roku express - chromecast 4 -  roku -  adaptador smart tv Fire Stick Tv box - Amazon - chromecast - fire tv stick - fire stick - apple tv 4k - tvbox -  aapple tv 4k -  google chromecast - roku express - chromecast 4 -  roku -  adaptador smart tv - Negro - 8 GB - 2 GB - De voz,,COMPLETE,MEDIUM,PRODUCT,MLA,TV Box Fire Stick - Amazon - chromecast - fire tv stick - fire stick - apple tv 4k - tvbox -  aapple tv 4k -  google chromecast - roku express - chromecast 4 -  roku -  adaptador smart tv Amazon - chromecast - fire tv stick - fire stick - apple tv 4k - tvbox -  aapple tv 4k -  google chromecast - roku express - chromecast 4 -  roku -  adaptador smart tv Fire Stick Tv box - Amazon - chromecast - fire tv stick - fire stick - apple tv 4k - tvbox -  aapple tv 4k -  google chromecast - roku express - chromecast 4 -  roku -  adaptador smart tv - Negro - 8 GB - 2 GB - De voz,True,2025-04-03 12:09:12.816927,2025-04-03 12:09:12.816927
2fa45beb-0fc9-4a78-ad4c-97718cc86c02,MLA26746467,8242afa7-90b8-42ac-93c7-9f598b06a05c,MLA26746467,bf48a6df-924e-4684-a638-1e3872bc5b2a,5144510e-085b-44d6-a348-f07d53c5b155,TV Box Fire Stick - Amazon - chromecast - fire tv stick - fire stick - apple tv 4k - tvbox -  aapple tv 4k -  google chromecast - roku express - chromecast 4 -  roku -  adaptador smart tv Amazon - chromecast - fire tv stick - fire stick - apple tv 4k - tvbox -  aapple tv 4k -  google chromecast - roku express - chromecast 4 -  roku -  adaptador smart tv Fire Stick Tv box - Amazon - chromecast - fire tv stick - fire stick - apple tv 4k - tvbox -  aapple tv 4k -  google chromecast - roku express - chromecast 4 -  roku -  adaptador smart tv,MLA26746470,COMPLETE,MEDIUM,PRODUCT,MLA,TV Box Fire Stick - Amazon - chromecast - fire tv stick - fire stick - apple tv 4k - tvbox -  aapple tv 4k -  google chromecast - roku express - chromecast 4 -  roku -  adaptador smart tv Amazon - chromecast - fire tv stick - fire stick - apple tv 4k - tvbox -  aapple tv 4k -  google chromecast - roku express - chromecast 4 -  roku -  adaptador smart tv Fire Stick Tv box - Amazon - chromecast - fire tv stick - fire stick - apple tv 4k - tvbox -  aapple tv 4k -  google chromecast - roku express - chromecast 4 -  roku -  adaptador smart tv,True,2025-04-03 12:09:12.816997,2025-04-03 12:09:12.816998
29345481-db67-427a-8b0f-70dd09214ad4,MLA36556405,8a34e3d0-57cb-474c-8d72-85e869863bb6,MLA36556405,bf48a6df-924e-4684-a638-1e3872bc5b2a,5144510e-085b-44d6-a348-f07d53c5b155,Roland WP 400 2.ª generación,MLA36556408,COMPLETE,MEDIUM,PRODUCT,MLA,Roland WP 400 2.ª generación,True,2025-04-03 12:09:12.817039,2025-04-03 12:09:12.817040
1c246827-99a9-4a46-811a-cb9e6854efa4,MLA22257161,f93f9ef7-8e2e-42f6-b862-607b9f7317b7,MLA22257161,bf48a6df-924e-4684-a638-1e3872bc5b2a,5144510e-085b-44d6-a348-f07d53c5b155,Andoer Mini 5G mini,MLA22257162,COMPLETE,MEDIUM,PRODUCT,MLA,Andoer Mini 5G mini,True,2025-04-03 12:09:12.817081,2025-04-03 12:09:12.817081
68785c33-8b47-4f4e-9217-4f5f6213497a,MLA21560506,85cd523d-0410-4024-8ee5-bdb309368847,MLA21560506,bf48a6df-924e-4684-a638-1e3872bc5b2a,5144510e-085b-44d6-a348-f07d53c5b155,Hevc 4k MX9 5G A,MLA21560514,COMPLETE,MEDIUM,PRODUCT,MLA,Hevc 4k MX9 5G A,True,2025-04-03 12:09:12.817107,2025-04-03 12:09:12.817107
c0a6a677-7ac8-457c-b8fa-dd0aeef32aa9,MLA22244100,ccdd90b1-bcc5-46d5-aa56-7648366c4ef5,MLA22244100,bf48a6df-924e-4684-a638-1e3872bc5b2a,5144510e-085b-44d6-a348-f07d53c5b155,Dongle Miracast,MLA22244108,COMPLETE,MEDIUM,PRODUCT,MLA,Dongle Miracast,True,2025-04-03 12:09:12.817139,2025-04-03 12:09:12.817139
622f791d-e8c9-443d-8ede-3fca89d0b149,MLA13877774,731576f2-d7c9-4c0e-a3d3-5dd2af4423db,MLA13877774,bf48a6df-924e-4684-a638-1e3872bc5b2a,5144510e-085b-44d6-a348-f07d53c5b155,Gadnic TX-1000 Premium SMTV0028,MLA13877779,COMPLETE,MEDIUM,PRODUCT,MLA,Gadnic TX-1000 Premium SMTV0028,True,2025-04-03 12:09:12.817164,2025-04-03 12:09:12.817164
13fe2a18-27ca-4edb-bdca-c074a2c01878,MLA29528550,d763d058-18d8-4918-8f1d-57b195d52d61,MLA29528550,bf48a6df-924e-4684-a638-1e3872bc5b2a,5144510e-085b-44d6-a348-f07d53c5b155,Dblue Dbspthd04,MLA29528551,COMPLETE,MEDIUM,PRODUCT,MLA,Dblue Dbspthd04,True,2025-04-03 12:09:12.817255,2025-04-03 12:09:12.817256
a78a6cea-6595-4088-b50e-a05c40c7d3bd,MLA29066257,e60e3933-43e4-4aeb-bba2-8689489e5e33,MLA29066257,bf48a6df-924e-4684-a638-1e3872bc5b2a,5144510e-085b-44d6-a348-f07d53c5b155,GOMITA DN343 3ra Generación W13,MLA29066258,COMPLETE,MEDIUM,PRODUCT,MLA,GOMITA DN343 3ra Generación W13,True,2025-04-03 12:09:12.817282,2025-04-03 12:09:12.817283
b74b0f11-4bc4-407d-b179-590e0304b0cc,MLA27235368,42bbc3a5-bdfe-482e-b6fc-4c8513829834,MLA27235368,bf48a6df-924e-4684-a638-1e3872bc5b2a,5144510e-085b-44d6-a348-f07d53c5b155,X96Q MAX Genérica,MLA27235370,COMPLETE,MEDIUM,PRODUCT,MLA,X96Q MAX Genérica,True,2025-04-03 12:09:12.817333,2025-04-03 12:09:12.817333
7994beed-85c2-4f65-b4d2-93499ffb6f4b,MLA45298011,4584366f-b3f6-479c-89d9-f0b5207c8e24,MLA45298011,bf48a6df-924e-4684-a638-1e3872bc5b2a,5144510e-085b-44d6-a348-f07d53c5b155,Mecool KM2 DELUXE 6.ª generación HP44H / HP4423,MLA45298013,COMPLETE,MEDIUM,PRODUCT,MLA,Mecool KM2 DELUXE 6.ª generación HP44H / HP4423,True,2025-04-03 12:09:12.817357,2025-04-03 12:09:12.817357
c25634e4-ffdf-4069-956c-7f8baefbe456,MLA41827758,4d8acc68-e055-4a73-ba66-66aff16074e3,MLA41827758,bf48a6df-924e-4684-a638-1e3872bc5b2a,5144510e-085b-44d6-a348-f07d53c5b155,Galand R69,MLA41827760,COMPLETE,MEDIUM,PRODUCT,MLA,Galand R69,True,2025-04-03 12:09:12.817388,2025-04-03 12:09:12.817388
63a7d5c8-8cc1-41f6-adb8-f73c32d0a3bb,MLA19918808,5c097eda-889b-4152-927d-54c1cd6435b8,MLA19918808,bf48a6df-924e-4684-a638-1e3872bc5b2a,5144510e-085b-44d6-a348-f07d53c5b155,Kanji AS TV BOX 2GB 6.ª generación AS TV BOX ONE PLUS,MLA19918818,COMPLETE,MEDIUM,PRODUCT,MLA,Kanji AS TV BOX 2GB 6.ª generación AS TV BOX ONE PLUS,True,2025-04-03 12:09:12.817414,2025-04-03 12:09:12.817414
41370cfd-7659-4900-9990-9457544120da,MLA42839612,9d872469-58f3-4c0c-9592-dcdbaa74c0ad,MLA42839612,bf48a6df-924e-4684-a638-1e3872bc5b2a,5144510e-085b-44d6-a348-f07d53c5b155,Lemfo HK1 RBOX Tvbox Mi Tv Stick - Negro - 32 GB - 4 GB - Estándar,,COMPLETE,MEDIUM,PRODUCT,MLA,Lemfo HK1 RBOX Tvbox Mi Tv Stick - Negro - 32 GB - 4 GB - Estándar,True,2025-04-03 12:09:12.817437,2025-04-03 12:09:12.817438
53a32728-37be-4cb8-a7c2-c6658ca4ce92,MLA16140082,8698b271-c54b-43f4-bce4-74daf24627b5,MLA16140082,bf48a6df-924e-4684-a638-1e3872bc5b2a,5144510e-085b-44d6-a348-f07d53c5b155,Noga Ultra PC Ultra 2.ª generación,MLA16140083,COMPLETE,MEDIUM,PRODUCT,MLA,Noga Ultra PC Ultra 2.ª generación,True,2025-04-03 12:09:12.817486,2025-04-03 12:09:12.817486
ee7ccbf9-dfef-445d-b5d2-9287fea32a72,MLA21720055,2199a4ab-6094-4fa0-bfc6-925808fc8d38,MLA21720055,bf48a6df-924e-4684-a638-1e3872bc5b2a,5144510e-085b-44d6-a348-f07d53c5b155,MILKOISAS3D Apple TV,MLA21720059,COMPLETE,MEDIUM,PRODUCT,MLA,MILKOISAS3D Apple TV,True,2025-04-03 12:09:12.817567,2025-04-03 12:09:12.817567
54634476-78a1-4049-9122-5c67a232105e,MLA21647272,9adaca56-ffa1-4205-9f94-3f3143266110,MLA21647272,bf48a6df-924e-4684-a638-1e3872bc5b2a,5144510e-085b-44d6-a348-f07d53c5b155,Eiyo Smart pro tv box PROSB-2000/2GB,MLA21647276,COMPLETE,MEDIUM,PRODUCT,MLA,Eiyo Smart pro tv box PROSB-2000/2GB,True,2025-04-03 12:09:12.817591,2025-04-03 12:09:12.817591
b4d337b8-8f55-466b-9542-ac3aa2847a0b,MLA45000296,8e0afae3-028d-496a-a45a-a0be3dbaf194,MLA45000296,bf48a6df-924e-4684-a638-1e3872bc5b2a,5144510e-085b-44d6-a348-f07d53c5b155,H-Tech Streaming Box SB232,MLA45000299,COMPLETE,MEDIUM,PRODUCT,MLA,H-Tech Streaming Box SB232,True,2025-04-03 12:09:12.817609,2025-04-03 12:09:12.817609
5f31b637-11e1-4649-a75f-d3377b7f2766,MLA44063015,d2f0815e-fd8d-4b16-ab94-0f0740838ea1,MLA44063015,bf48a6df-924e-4684-a638-1e3872bc5b2a,5144510e-085b-44d6-a348-f07d53c5b155,mi tv box tv box mi stick full hd xiaomi tv box mi stick full hd de Xiaomi,MLA41000447,COMPLETE,MEDIUM,PRODUCT,MLA,mi tv box tv box mi stick full hd xiaomi tv box mi stick full hd de Xiaomi,True,2025-04-03 12:09:12.817635,2025-04-03 12:09:12.817635
d461e5b3-4134-4a18-a29c-03ba056176e8,MLA23871059,b24352cd-1803-41a5-a281-251e3f86579a,MLA23871059,bf48a6df-924e-4684-a638-1e3872bc5b2a,5144510e-085b-44d6-a348-f07d53c5b155,Suono TV Box SNCS-1000,MLA23871062,COMPLETE,MEDIUM,PRODUCT,MLA,Suono TV Box SNCS-1000,True,2025-04-03 12:09:12.817696,2025-04-03 12:09:12.817696
f08ea40c-a725-4be9-8f27-51552d133ccf,MLA16023740,88db7f93-9ce4-47ba-8a92-06f2039dbee5,MLA16023740,bf48a6df-924e-4684-a638-1e3872bc5b2a,5144510e-085b-44d6-a348-f07d53c5b155,Inova TV Box DIG-6200,MLA16023741,COMPLETE,MEDIUM,PRODUCT,MLA,Inova TV Box DIG-6200,True,2025-04-03 12:09:12.817780,2025-04-03 12:09:12.817780
4a7adc75-b40a-4881-b61c-d56ca09e0f27,MLA34360345,69baa6ea-6a01-4b2e-b2c5-6f5964c066bb,MLA34360345,bf48a6df-924e-4684-a638-1e3872bc5b2a,5144510e-085b-44d6-a348-f07d53c5b155,G 96 Mini Box G96MINI,MLA34360347,COMPLETE,MEDIUM,PRODUCT,MLA,G 96 Mini Box G96MINI,True,2025-04-03 12:09:12.817850,2025-04-03 12:09:12.817850
a770e5f9-97ee-48f6-bf22-f756a6c7d917,MLA46424690,6be836a9-d2d5-4f11-bf94-c0288a6342f5,MLA46424690,bf48a6df-924e-4684-a638-1e3872bc5b2a,5144510e-085b-44d6-a348-f07d53c5b155,Tomate Dongle MPD-G02 1a generación MPD-G02,MLA46424691,COMPLETE,MEDIUM,PRODUCT,MLA,Tomate Dongle MPD-G02 1a generación MPD-G02,True,2025-04-03 12:09:12.817869,2025-04-03 12:09:12.817869
02a4e2af-ccba-473e-9501-840779cc3c49,MLA11979832,0f128f25-2b74-4e9d-9337-fd3fe230c9b7,MLA11979832,bf48a6df-924e-4684-a638-1e3872bc5b2a,5144510e-085b-44d6-a348-f07d53c5b155,VUVA Hub 2.ª generación,MLA11979833,COMPLETE,MEDIUM,PRODUCT,MLA,VUVA Hub 2.ª generación,True,2025-04-03 12:09:12.817901,2025-04-03 12:09:12.817901
1918ab8c-db41-4c43-a51e-a5743d13a679,MLA20615703,bcfe8a82-6995-45bc-b862-94fcd3eea408,MLA20615703,bf48a6df-924e-4684-a638-1e3872bc5b2a,5144510e-085b-44d6-a348-f07d53c5b155,Pro Tv Box 5G 8/128GB 5.ª generación Android 11.1,MLA20615704,COMPLETE,MEDIUM,PRODUCT,MLA,Pro Tv Box 5G 8/128GB 5.ª generación Android 11.1,True,2025-04-03 12:09:12.817966,2025-04-03 12:09:12.817967
505fe903-e876-48ad-ba15-b2be5b3dc7b2,MLA45001448,8e0afae3-028d-496a-a45a-a0be3dbaf194,MLA45001448,bf48a6df-924e-4684-a638-1e3872bc5b2a,5144510e-085b-44d6-a348-f07d53c5b155,Sumexr Pro Androidtv Game 5G 8K 1a generación SUMEatvg01,MLA45001450,COMPLETE,MEDIUM,PRODUCT,MLA,Sumexr Pro Androidtv Game 5G 8K 1a generación SUMEatvg01,True,2025-04-03 12:09:12.818034,2025-04-03 12:09:12.818034
dcc55c43-e529-4dc5-9f53-debe1d64e697,MLA44218749,54276fea-4df6-443b-8067-e80821b1c35e,MLA44218749,bf48a6df-924e-4684-a638-1e3872bc5b2a,5144510e-085b-44d6-a348-f07d53c5b155,Formuler Z8,MLA39136792,COMPLETE,MEDIUM,PRODUCT,MLA,Formuler Z8,True,2025-04-03 12:09:12.818063,2025-04-03 12:09:12.818063
31133ae6-5544-4f98-aebc-35cdbf03432c,MLA6253547,78cadd13-4bbc-47f1-8ec1-ae41c23ab453,MLA6253547,bf48a6df-924e-4684-a638-1e3872bc5b2a,5144510e-085b-44d6-a348-f07d53c5b155,Apple TV 2.ª generación 2010 A1378,MLA6253548,COMPLETE,MEDIUM,PRODUCT,MLA,Apple TV 2.ª generación 2010 A1378,True,2025-04-03 12:09:12.818108,2025-04-03 12:09:12.818109
a00599ae-fd56-4f99-8db4-3d9f7ae39baf,MLA21560508,85cd523d-0410-4024-8ee5-bdb309368847,MLA21560508,bf48a6df-924e-4684-a638-1e3872bc5b2a,5144510e-085b-44d6-a348-f07d53c5b155,Zinwell Zp-500,MLA21560516,COMPLETE,MEDIUM,PRODUCT,MLA,Zinwell Zp-500,True,2025-04-03 12:09:12.818192,2025-04-03 12:09:12.818193
c76e7d0b-cbed-4263-a36a-c3f605c8c1b4,MLA24596825,26070719-ebaf-4bfa-8128-392aa2b69941,MLA24596825,bf48a6df-924e-4684-a638-1e3872bc5b2a,5144510e-085b-44d6-a348-f07d53c5b155,Premium Smart TV - 32 GB,,COMPLETE,MEDIUM,PRODUCT,MLA,Premium Smart TV - 32 GB,True,2025-04-03 12:09:12.818209,2025-04-03 12:09:12.818209
e28d7396-31dd-44ef-8b96-f033e479dd94,MLA26153323,e389f0f9-61cc-4439-b4ae-c1ac569465cb,MLA26153323,bf48a6df-924e-4684-a638-1e3872bc5b2a,5144510e-085b-44d6-a348-f07d53c5b155,D-Link DSM-312,MLA26153332,COMPLETE,MEDIUM,PRODUCT,MLA,D-Link DSM-312,True,2025-04-03 12:09:12.818242,2025-04-03 12:09:12.818242
388a040a-7322-4ebf-9cc9-2b3ee337f82c,MLA28112657,33d0cf55-695f-4353-b3fe-c59a36d4f939,MLA28112657,bf48a6df-924e-4684-a638-1e3872bc5b2a,5144510e-085b-44d6-a348-f07d53c5b155,GYS D9 S905 5.ª generación,MLA28112658,COMPLETE,MEDIUM,PRODUCT,MLA,GYS D9 S905 5.ª generación,True,2025-04-03 12:09:12.818264,2025-04-03 12:09:12.818264
42795bf0-14bf-4beb-9717-7cb43ededa0c,MLA45153975,898b4256-6dd5-49f7-98f0-bed08413005e,MLA45153975,bf48a6df-924e-4684-a638-1e3872bc5b2a,5144510e-085b-44d6-a348-f07d53c5b155,Panacom TVB12216,MLA45153977,COMPLETE,MEDIUM,PRODUCT,MLA,Panacom TVB12216,True,2025-04-03 12:09:12.818331,2025-04-03 12:09:12.818331
b90b872e-9625-4b4a-8b54-3c975c3f88f9,MLA24434185,a34809a4-7861-4763-a3a1-5611b2b57369,MLA24434185,bf48a6df-924e-4684-a638-1e3872bc5b2a,5144510e-085b-44d6-a348-f07d53c5b155,AnyCast TV M2 Plus,MLA24434205,COMPLETE,MEDIUM,PRODUCT,MLA,AnyCast TV M2 Plus,True,2025-04-03 12:09:12.818381,2025-04-03 12:09:12.818381
2f5c9539-dd90-4aab-8969-bf0e089d87dd,MLA23691729,7192e8eb-c1cb-463b-8570-62b4242ce4f2,MLA23691729,bf48a6df-924e-4684-a638-1e3872bc5b2a,5144510e-085b-44d6-a348-f07d53c5b155,BLURORY TV Stick 4K 60FPS 1°,MLA23691735,COMPLETE,MEDIUM,PRODUCT,MLA,BLURORY TV Stick 4K 60FPS 1°,True,2025-04-03 12:09:12.818409,2025-04-03 12:09:12.818409
2b4354fb-c691-457d-8a4d-6e670420d7aa,MLA28209270,a4ebc269-bce3-4199-8284-84ff53430b04,MLA28209270,bf48a6df-924e-4684-a638-1e3872bc5b2a,5144510e-085b-44d6-a348-f07d53c5b155,Genérica H96,MLA28209271,COMPLETE,MEDIUM,PRODUCT,MLA,Genérica H96,True,2025-04-03 12:09:12.818433,2025-04-03 12:09:12.818433
de37d431-50aa-4be7-a5ea-bdc87b23b7aa,MLA44100658,b79a6897-4a98-4591-a195-3b5ee411f831,MLA44100658,bf48a6df-924e-4684-a638-1e3872bc5b2a,5144510e-085b-44d6-a348-f07d53c5b155,Kinhank G1 Tvbox G1,MLA43270860,COMPLETE,MEDIUM,PRODUCT,MLA,Kinhank G1 Tvbox G1,True,2025-04-03 12:09:12.818453,2025-04-03 12:09:12.818453
c9a8dc9a-ba37-4720-98db-244a022cb9f3,MLA44219986,54276fea-4df6-443b-8067-e80821b1c35e,MLA44219986,bf48a6df-924e-4684-a638-1e3872bc5b2a,5144510e-085b-44d6-a348-f07d53c5b155,Kronos / Outros Automotivo B8400,MLA42847301,COMPLETE,MEDIUM,PRODUCT,MLA,Kronos / Outros Automotivo B8400,True,2025-04-03 12:09:12.818499,2025-04-03 12:09:12.818499
d09be35c-9f29-448f-b778-b1d3558e5b74,MLA46628071,4ab90397-41d1-4186-8b1e-3b636c904031,MLA46628071,bf48a6df-924e-4684-a638-1e3872bc5b2a,5144510e-085b-44d6-a348-f07d53c5b155,x88 TX3 Mini,MLA46628078,COMPLETE,MEDIUM,PRODUCT,MLA,x88 TX3 Mini,True,2025-04-03 12:09:12.818523,2025-04-03 12:09:12.818523
fbaf9dbf-4466-4289-88bb-0c95ded59cc8,MLA24000830,01ec181b-9627-417e-afa2-477c5947a1a4,MLA24000830,bf48a6df-924e-4684-a638-1e3872bc5b2a,5144510e-085b-44d6-a348-f07d53c5b155,Amazon MAX Fire TV Stick 4K Max 1.ª generación,"MLA24000831,MLA25824178",COMPLETE,MEDIUM,PRODUCT,MLA,Amazon MAX Fire TV Stick 4K Max 1.ª generación,True,2025-04-03 12:09:12.818546,2025-04-03 12:09:12.818546
2693fa89-b0b8-4edc-8134-25ecf13b7e3e,MLA39033244,642b884d-17a1-4252-9ffc-e4b2ce3e3c1d,MLA39033244,bf48a6df-924e-4684-a638-1e3872bc5b2a,5144510e-085b-44d6-a348-f07d53c5b155,White Shark X98h 98H 1.ª generación X98,MLA39033245,COMPLETE,MEDIUM,PRODUCT,MLA,White Shark X98h 98H 1.ª generación X98,True,2025-04-03 12:09:12.818584,2025-04-03 12:09:12.818584
c4382948-b171-41b7-a058-15b341c0a11c,MLA45067173,f5921386-5b33-4c5a-9707-b0a0605f3e05,MLA45067173,bf48a6df-924e-4684-a638-1e3872bc5b2a,5144510e-085b-44d6-a348-f07d53c5b155,Roku 4802CA 2021 4662,MLA45067179,COMPLETE,MEDIUM,PRODUCT,MLA,Roku 4802CA 2021 4662,True,2025-04-03 12:09:12.818626,2025-04-03 12:09:12.818626
f107c2c7-f6ed-477d-a127-453c596c8fa5,MLA41070240,bb2307d8-a974-4496-bf0d-b75295d6d84c,MLA41070240,bf48a6df-924e-4684-a638-1e3872bc5b2a,5144510e-085b-44d6-a348-f07d53c5b155,Lirom TX6,MLA41070243,COMPLETE,MEDIUM,PRODUCT,MLA,Lirom TX6,True,2025-04-03 12:09:12.818652,2025-04-03 12:09:12.818652
5382d04e-8f90-4e11-8a97-791d6ebd758b,MLA44999222,8e0afae3-028d-496a-a45a-a0be3dbaf194,MLA44999222,bf48a6df-924e-4684-a638-1e3872bc5b2a,5144510e-085b-44d6-a348-f07d53c5b155,Huawei RSE 6500 6500,MLA44999223,COMPLETE,MEDIUM,PRODUCT,MLA,Huawei RSE 6500 6500,True,2025-04-03 12:09:12.818669,2025-04-03 12:09:12.818670
dc1b4641-b5a9-422b-ba86-24ce307f5bb3,MLA46386226,6e92af65-d415-4fb1-bc40-e00e405338f9,MLA46386226,bf48a6df-924e-4684-a638-1e3872bc5b2a,5144510e-085b-44d6-a348-f07d53c5b155,Proeletronic Pro Stick Stick Pro 4K HD 1a generación PROSK-1000,MLA46386230,COMPLETE,MEDIUM,PRODUCT,MLA,Proeletronic Pro Stick Stick Pro 4K HD 1a generación PROSK-1000,True,2025-04-03 12:09:12.818696,2025-04-03 12:09:12.818696
f0592dc0-39f8-48d8-9541-01e9339830eb,MLA44112536,b79a6897-4a98-4591-a195-3b5ee411f831,MLA44112536,bf48a6df-924e-4684-a638-1e3872bc5b2a,5144510e-085b-44d6-a348-f07d53c5b155,UBISHENG 4k GD1 4K 2° M9,MLA42826880,COMPLETE,MEDIUM,PRODUCT,MLA,UBISHENG 4k GD1 4K 2° M9,True,2025-04-03 12:09:12.818738,2025-04-03 12:09:12.818738
aca10b85-1ba2-465d-9ced-08b0143cf9b6,MLA44999332,8e0afae3-028d-496a-a45a-a0be3dbaf194,MLA44999332,bf48a6df-924e-4684-a638-1e3872bc5b2a,5144510e-085b-44d6-a348-f07d53c5b155,Aquario Box Smart Android Box 2.ª generación Android Box,MLA44999334,COMPLETE,MEDIUM,PRODUCT,MLA,Aquario Box Smart Android Box 2.ª generación Android Box,True,2025-04-03 12:09:12.818794,2025-04-03 12:09:12.818794
3231a079-8b86-474f-92b7-a96bfeaa9dec,MLA46577168,4ab90397-41d1-4186-8b1e-3b636c904031,MLA46577168,bf48a6df-924e-4684-a638-1e3872bc5b2a,5144510e-085b-44d6-a348-f07d53c5b155,CHROX HK1 Box - Negro - Estándar,,COMPLETE,MEDIUM,PRODUCT,MLA,CHROX HK1 Box - Negro - Estándar,True,2025-04-03 12:09:12.818818,2025-04-03 12:09:12.818818
42f28291-8fb0-46a4-a9ce-4576666fe897,MLA26513690,55ea8b99-2fdf-416e-afc1-cbbe346f7686,MLA26513690,bf48a6df-924e-4684-a638-1e3872bc5b2a,5144510e-085b-44d6-a348-f07d53c5b155,Kandao Qoocam FUN 360 Qoocam fun 360,MLA26513697,COMPLETE,MEDIUM,PRODUCT,MLA,Kandao Qoocam FUN 360 Qoocam fun 360,True,2025-04-03 12:09:12.818853,2025-04-03 12:09:12.818853
6e5df9d8-868d-4133-87bf-a6d8d0f73b34,MLA36742852,938d4e8a-ce60-45ef-8d6d-9ccc41ef7503,MLA36742852,bf48a6df-924e-4684-a638-1e3872bc5b2a,5144510e-085b-44d6-a348-f07d53c5b155,Mi Smart Tv Box Mi Stick Full HD 5° Generacion Full HD 2GB,"MLA36742854,MLA38430883,MLA40922941",COMPLETE,MEDIUM,PRODUCT,MLA,Mi Smart Tv Box Mi Stick Full HD 5° Generacion Full HD 2GB,True,2025-04-03 12:09:12.818881,2025-04-03 12:09:12.818881
3016102d-ef3c-4cd6-aafb-f0e75d5f4e81,MLA22989599,25a06df9-d238-4a89-b81f-c700ba67e8e8,MLA22989599,bf48a6df-924e-4684-a638-1e3872bc5b2a,5144510e-085b-44d6-a348-f07d53c5b155,MiraScreen mismo que Anycast,MLA22989601,COMPLETE,MEDIUM,PRODUCT,MLA,MiraScreen mismo que Anycast,True,2025-04-03 12:09:12.818915,2025-04-03 12:09:12.818915
73a0ea0f-a512-449f-bb22-31c811c90703,MLA35543563,0c1169a3-de6e-4a11-8413-66eec8373677,MLA35543563,bf48a6df-924e-4684-a638-1e3872bc5b2a,5144510e-085b-44d6-a348-f07d53c5b155,Artec MXqPRO,MLA35543564,COMPLETE,MEDIUM,PRODUCT,MLA,Artec MXqPRO,True,2025-04-03 12:09:12.818935,2025-04-03 12:09:12.818935
7c8f5eb9-b69a-4970-b843-8c4df79f4660,MLA41915829,0f5bf1be-7b85-4501-a54e-c94eb00b8168,MLA41915829,bf48a6df-924e-4684-a638-1e3872bc5b2a,5144510e-085b-44d6-a348-f07d53c5b155,Karolama OTT TV BOX,MLA41915835,COMPLETE,MEDIUM,PRODUCT,MLA,Karolama OTT TV BOX,True,2025-04-03 12:09:12.818950,2025-04-03 12:09:12.818950
d061237b-72b7-402d-89e6-0ed0ad865b60,MLA46031075,46867f02-7ae0-4f13-b9e9-4ff5c6b73ddc,MLA46031075,bf48a6df-924e-4684-a638-1e3872bc5b2a,5144510e-085b-44d6-a348-f07d53c5b155,Cerevo LiveShell X,MLA46031077,COMPLETE,MEDIUM,PRODUCT,MLA,Cerevo LiveShell X,True,2025-04-03 12:09:12.818969,2025-04-03 12:09:12.818969
11ed027d-6a9b-418d-8041-40d2d3827a0e,MLA13877782,731576f2-d7c9-4c0e-a3d3-5dd2af4423db,MLA13877782,bf48a6df-924e-4684-a638-1e3872bc5b2a,5144510e-085b-44d6-a348-f07d53c5b155,Xiaomi Mi Box S 1.ª generación MDZ-22-AB,MLA13877783,COMPLETE,MEDIUM,PRODUCT,MLA,Xiaomi Mi Box S 1.ª generación MDZ-22-AB,True,2025-04-03 12:09:12.818988,2025-04-03 12:09:12.818988
e9ffceba-d0bd-4254-84af-4cc76841d60e,MLA24817938,31ad9f82-faa9-4df7-ae0a-7591361ed77c,MLA24817938,bf48a6df-924e-4684-a638-1e3872bc5b2a,5144510e-085b-44d6-a348-f07d53c5b155,Roku Express,MLA24817946,COMPLETE,MEDIUM,PRODUCT,MLA,Roku Express,True,2025-04-03 12:09:12.819087,2025-04-03 12:09:12.819087
24e1b7f6-e3d2-4472-ad51-919055d0b45d,MLA44611551,9a8d2cb8-8114-40e8-ae4b-5d0ec26d21e8,MLA44611551,bf48a6df-924e-4684-a638-1e3872bc5b2a,5144510e-085b-44d6-a348-f07d53c5b155,MDTV 5g 3840X22160 Tvbox,MLA44465727,COMPLETE,MEDIUM,PRODUCT,MLA,MDTV 5g 3840X22160 Tvbox,True,2025-04-03 12:09:12.819158,2025-04-03 12:09:12.819158
eb36c7c7-a5b6-4f53-a3d2-a50c702f0525,MLA41082380,bb2307d8-a974-4496-bf0d-b75295d6d84c,MLA41082380,bf48a6df-924e-4684-a638-1e3872bc5b2a,5144510e-085b-44d6-a348-f07d53c5b155,Ugoos X4Q Pro,MLA41082383,COMPLETE,MEDIUM,PRODUCT,MLA,Ugoos X4Q Pro,True,2025-04-03 12:09:12.819225,2025-04-03 12:09:12.819226
e64a00b3-2e8b-4540-b005-96712c7148a4,MLA38462012,32b9d21c-5746-4029-b86d-80d15ebdf07d,MLA38462012,bf48a6df-924e-4684-a638-1e3872bc5b2a,5144510e-085b-44d6-a348-f07d53c5b155,Luo Tv Box Lu Pro - Negro - 128 GB - 8 GB,,COMPLETE,MEDIUM,PRODUCT,MLA,Luo Tv Box Lu Pro - Negro - 128 GB - 8 GB,True,2025-04-03 12:09:12.819243,2025-04-03 12:09:12.819244
1efc1013-f488-4892-b651-e620f5071349,MLA45002221,8e0afae3-028d-496a-a45a-a0be3dbaf194,MLA45002221,bf48a6df-924e-4684-a638-1e3872bc5b2a,5144510e-085b-44d6-a348-f07d53c5b155,Smart-INOVA-Pro Smart SMART-PLUS+ 2.ª generación STV-2000,MLA45002230,COMPLETE,MEDIUM,PRODUCT,MLA,Smart-INOVA-Pro Smart SMART-PLUS+ 2.ª generación STV-2000,True,2025-04-03 12:09:12.819339,2025-04-03 12:09:12.819339
fd660921-db12-4b9b-bfcb-09e21d4665d4,MLA44180062,b79a6897-4a98-4591-a195-3b5ee411f831,MLA44180062,bf48a6df-924e-4684-a638-1e3872bc5b2a,5144510e-085b-44d6-a348-f07d53c5b155,Voutar QD04 5° Generacion Full HD 2GB,MLA42828022,COMPLETE,MEDIUM,PRODUCT,MLA,Voutar QD04 5° Generacion Full HD 2GB,True,2025-04-03 12:09:12.819370,2025-04-03 12:09:12.819371
1e815d9d-c5e9-4ada-8543-42981aba8a21,MLA18475448,d49e5eb6-35aa-4e42-95a5-279fa6f11c46,MLA18475448,bf48a6df-924e-4684-a638-1e3872bc5b2a,5144510e-085b-44d6-a348-f07d53c5b155,Mecool KD1,MLA18475449,COMPLETE,MEDIUM,PRODUCT,MLA,Mecool KD1,True,2025-04-03 12:09:12.819403,2025-04-03 12:09:12.819403
98c1c89b-ad29-488b-bc43-46d27eea29e1,MLA43956238,3374f3ed-0550-4903-9c13-cb8e0111dc69,MLA43956238,bf48a6df-924e-4684-a638-1e3872bc5b2a,5144510e-085b-44d6-a348-f07d53c5b155,Ottocast Premium i3,MLA42422792,COMPLETE,MEDIUM,PRODUCT,MLA,Ottocast Premium i3,True,2025-04-03 12:09:12.819461,2025-04-03 12:09:12.819462
45dd11a7-3ec2-4583-ae3e-946c0c5521a2,MLA21186738,4f406e63-7c8c-4572-825d-0ebc82ba1403,MLA21186738,bf48a6df-924e-4684-a638-1e3872bc5b2a,5144510e-085b-44d6-a348-f07d53c5b155,Apple 4º e 5º Geração 4ta Generación,,COMPLETE,MEDIUM,PRODUCT,MLA,Apple 4º e 5º Geração 4ta Generación,True,2025-04-03 12:09:12.819501,2025-04-03 12:09:12.819501
8c629668-f683-4f62-a92f-a84129885495,MLA36390807,41fe5ab2-6186-469a-845d-a721005eb697,MLA36390807,bf48a6df-924e-4684-a638-1e3872bc5b2a,5144510e-085b-44d6-a348-f07d53c5b155,Dingsun CH5004 D-102 BP-TV106,MLA36390811,COMPLETE,MEDIUM,PRODUCT,MLA,Dingsun CH5004 D-102 BP-TV106,True,2025-04-03 12:09:12.819518,2025-04-03 12:09:12.819519
66a2d383-a4e4-4438-b2cc-9a3a13c527e9,MLA22618658,043c718d-b417-4988-a3d0-71d1ee425f54,MLA22618658,bf48a6df-924e-4684-a638-1e3872bc5b2a,5144510e-085b-44d6-a348-f07d53c5b155,hevec Ultra HD 4K TV Box 4K Actualizado Android 5GHz e 2.4GHZ - Negro - 32 GB - 512 GB - Estándar,,COMPLETE,MEDIUM,PRODUCT,MLA,hevec Ultra HD 4K TV Box 4K Actualizado Android 5GHz e 2.4GHZ - Negro - 32 GB - 512 GB - Estándar,True,2025-04-03 12:09:12.819545,2025-04-03 12:09:12.819545
ad96fe42-d370-48e5-9507-7629190b91f3,MLA46119738,7a9029cf-107f-4035-839a-e939cfcc4619,MLA46119738,bf48a6df-924e-4684-a638-1e3872bc5b2a,5144510e-085b-44d6-a348-f07d53c5b155,ColmeTecno TV Box 4K Pro 1GB,MLA46119758,COMPLETE,MEDIUM,PRODUCT,MLA,ColmeTecno TV Box 4K Pro 1GB,True,2025-04-03 12:09:12.819615,2025-04-03 12:09:12.819616
b5b91944-db20-48b2-98bc-cb978a45c727,MLA35587177,097f954b-480f-452a-ae3f-212f539473d8,MLA35587177,bf48a6df-924e-4684-a638-1e3872bc5b2a,5144510e-085b-44d6-a348-f07d53c5b155,Aquário PLUS 4K STV-3000 Plus 4k STV-3000,MLA35587178,COMPLETE,MEDIUM,PRODUCT,MLA,Aquário PLUS 4K STV-3000 Plus 4k STV-3000,True,2025-04-03 12:09:12.819642,2025-04-03 12:09:12.819642
35ce0d5b-d7e4-4c0c-b62e-388eec7d0fd2,MLA44038361,d2f0815e-fd8d-4b16-ab94-0f0740838ea1,MLA44038361,bf48a6df-924e-4684-a638-1e3872bc5b2a,5144510e-085b-44d6-a348-f07d53c5b155,Aquário Tudo Liberado Vitalicio Smart 4ª generación 2024 UniTV Xplus S1 V3 V10,MLA43918831,COMPLETE,MEDIUM,PRODUCT,MLA,Aquário Tudo Liberado Vitalicio Smart 4ª generación 2024 UniTV Xplus S1 V3 V10,True,2025-04-03 12:09:12.819742,2025-04-03 12:09:12.819742
aaa203e4-0814-4d71-96c9-26cf04f493c2,MLA43896318,78d343df-97fe-46a8-b220-c11419334df9,MLA43896318,bf48a6df-924e-4684-a638-1e3872bc5b2a,5144510e-085b-44d6-a348-f07d53c5b155,Aquário E Outras TV Box 4k 047821811567,MLA43896324,COMPLETE,MEDIUM,PRODUCT,MLA,Aquário E Outras TV Box 4k 047821811567,True,2025-04-03 12:09:12.819819,2025-04-03 12:09:12.819819
901116c4-ab9e-4673-b65b-22f430bf59a6,MLA28972674,a4cfd3cf-4ca9-450e-ae08-a66c26c65d70,MLA28972674,bf48a6df-924e-4684-a638-1e3872bc5b2a,5144510e-085b-44d6-a348-f07d53c5b155,Wanlian 1.ª generación C,MLA28972685,COMPLETE,MEDIUM,PRODUCT,MLA,Wanlian 1.ª generación C,True,2025-04-03 12:09:12.819843,2025-04-03 12:09:12.819844
c8c7eab9-d247-4877-9a14-db73732411e1,MLA10931841,e3336b1d-280b-453f-a135-5760408235fa,MLA10931841,bf48a6df-924e-4684-a638-1e3872bc5b2a,5144510e-085b-44d6-a348-f07d53c5b155,Blackpcs Black EO104K-BL,MLA10931842,COMPLETE,MEDIUM,PRODUCT,MLA,Blackpcs Black EO104K-BL,True,2025-04-03 12:09:12.819937,2025-04-03 12:09:12.819937
78df1e8a-0b04-436f-9024-b5394f539474,MLA32042452,eb3e29e9-63f6-4fc2-9f70-eb218cfbbf5a,MLA32042452,bf48a6df-924e-4684-a638-1e3872bc5b2a,5144510e-085b-44d6-a348-f07d53c5b155,Ledstar DT-001,MLA32042453,COMPLETE,MEDIUM,PRODUCT,MLA,Ledstar DT-001,True,2025-04-03 12:09:12.819997,2025-04-03 12:09:12.819997
aa8eacc4-b797-4649-8220-1ea424beea4a,MLA24576412,26070719-ebaf-4bfa-8128-392aa2b69941,MLA24576412,bf48a6df-924e-4684-a638-1e3872bc5b2a,5144510e-085b-44d6-a348-f07d53c5b155,Gadnic Tv Box TX-1000 28CT,MLA24576415,COMPLETE,MEDIUM,PRODUCT,MLA,Gadnic Tv Box TX-1000 28CT,True,2025-04-03 12:09:12.820024,2025-04-03 12:09:12.820024
9a71ce4c-5fe7-4e8f-b690-0c4e827c3248,MLA40796830,e8e9b3d7-487c-4c24-b5ec-8f154d24d581,MLA40796830,bf48a6df-924e-4684-a638-1e3872bc5b2a,5144510e-085b-44d6-a348-f07d53c5b155,Lihuzmd 5G Ultra HD,MLA40796831,COMPLETE,MEDIUM,PRODUCT,MLA,Lihuzmd 5G Ultra HD,True,2025-04-03 12:09:12.820061,2025-04-03 12:09:12.820061
185b8b5e-7665-46cf-b625-5fdb62975bdc,MLA44525203,e3ea122d-6d96-4e5c-8ca6-0bc6477594ea,MLA44525203,bf48a6df-924e-4684-a638-1e3872bc5b2a,5144510e-085b-44d6-a348-f07d53c5b155,MX10 4k ATV F3 2024 ARM H313,MLA44525220,COMPLETE,MEDIUM,PRODUCT,MLA,MX10 4k ATV F3 2024 ARM H313,True,2025-04-03 12:09:12.820090,2025-04-03 12:09:12.820090
f76b342b-3cca-4213-971c-aa57ebaf2b9e,MLA20554738,ded4024b-d409-4412-be57-2d29b753b8c1,MLA20554738,bf48a6df-924e-4684-a638-1e3872bc5b2a,5144510e-085b-44d6-a348-f07d53c5b155,"MX 4k, BRAND",MLA20554745,COMPLETE,MEDIUM,PRODUCT,MLA,"MX 4k, BRAND",True,2025-04-03 12:09:12.820123,2025-04-03 12:09:12.820123
7edb066b-4760-4090-bc29-3b0d7558ac0d,MLA17848458,6b906927-2506-43e1-9ee1-bf3fcde83597,MLA17848458,bf48a6df-924e-4684-a638-1e3872bc5b2a,5144510e-085b-44d6-a348-f07d53c5b155,Xion XI-ATV4-32PRO,MLA24547200,COMPLETE,MEDIUM,PRODUCT,MLA,Xion XI-ATV4-32PRO,True,2025-04-03 12:09:12.820149,2025-04-03 12:09:12.820149
84c73771-8796-4668-af63-bea81446334f,MLA21141906,1936ad07-689a-4c74-9c61-4f29f1a02ea1,MLA21141906,bf48a6df-924e-4684-a638-1e3872bc5b2a,5144510e-085b-44d6-a348-f07d53c5b155,Apple 4º e 5º Geração 4ta Generación,,COMPLETE,MEDIUM,PRODUCT,MLA,Apple 4º e 5º Geração 4ta Generación,True,2025-04-03 12:09:12.820218,2025-04-03 12:09:12.820218
ef452aa7-0435-48e1-a7e3-2726b3924399,MLA19845597,c37598db-90ed-449e-b272-72c3d5bf212e,MLA19845597,bf48a6df-924e-4684-a638-1e3872bc5b2a,5144510e-085b-44d6-a348-f07d53c5b155,Directv Go Box 4k OTT-01,MLA19845598,COMPLETE,MEDIUM,PRODUCT,MLA,Directv Go Box 4k OTT-01,True,2025-04-03 12:09:12.820245,2025-04-03 12:09:12.820245
87386f07-2191-4c55-be41-9e3c1fe54cc4,MLA44250964,54276fea-4df6-443b-8067-e80821b1c35e,MLA44250964,bf48a6df-924e-4684-a638-1e3872bc5b2a,5144510e-085b-44d6-a348-f07d53c5b155,Inova 2.ª generación 6200,MLA43320106,COMPLETE,MEDIUM,PRODUCT,MLA,Inova 2.ª generación 6200,True,2025-04-03 12:09:12.820272,2025-04-03 12:09:12.820272
83e3c6ec-b6d6-4392-890d-9ae29ddb08ec,MLA41750696,cfd1cc51-2818-4060-af41-57f25110c558,MLA41750696,bf48a6df-924e-4684-a638-1e3872bc5b2a,5144510e-085b-44d6-a348-f07d53c5b155,Pustuep Dispositivo de Streaming,MLA41750701,COMPLETE,MEDIUM,PRODUCT,MLA,Pustuep Dispositivo de Streaming,True,2025-04-03 12:09:12.820313,2025-04-03 12:09:12.820313
2c21e375-7f52-4760-b17d-4ff8e006c595,MLA22832978,2d2cf90b-3c9a-4953-aebe-8711195b249f,MLA22832978,bf48a6df-924e-4684-a638-1e3872bc5b2a,5144510e-085b-44d6-a348-f07d53c5b155,Rock Cast Display dongle,MLA22832979,COMPLETE,MEDIUM,PRODUCT,MLA,Rock Cast Display dongle,True,2025-04-03 12:09:12.820343,2025-04-03 12:09:12.820344
79c403af-323d-44ed-9afe-25515c3fd1bd,MLA44251062,54276fea-4df6-443b-8067-e80821b1c35e,MLA44251062,bf48a6df-924e-4684-a638-1e3872bc5b2a,5144510e-085b-44d6-a348-f07d53c5b155,Box tv 5g AndroidTV 5ª generación,MLA44250489,COMPLETE,MEDIUM,PRODUCT,MLA,Box tv 5g AndroidTV 5ª generación,True,2025-04-03 12:09:12.820370,2025-04-03 12:09:12.820370
4b1205ab-2b03-4ffc-a3fe-c257cedfc8b0,MLA23069364,7976137b-5a5b-4bd9-b7b4-16a244a57c12,MLA23069364,bf48a6df-924e-4684-a638-1e3872bc5b2a,5144510e-085b-44d6-a348-f07d53c5b155,Amazon Fire TV Stick 4K 2.ª generación - Negro - 8 GB - 2 GB - De voz,,COMPLETE,MEDIUM,PRODUCT,MLA,Amazon Fire TV Stick 4K 2.ª generación - Negro - 8 GB - 2 GB - De voz,True,2025-04-03 12:09:12.820443,2025-04-03 12:09:12.820443
9dbd9821-f541-4c01-9adb-06b02886a3b1,MLA35429995,91cf9f67-fc33-4ef8-a605-6b34e6445473,MLA35429995,bf48a6df-924e-4684-a638-1e3872bc5b2a,5144510e-085b-44d6-a348-f07d53c5b155,Nvidia NVIDIA Corporation 945-12897-2500-101,MLA35429996,COMPLETE,MEDIUM,PRODUCT,MLA,Nvidia NVIDIA Corporation 945-12897-2500-101,True,2025-04-03 12:09:12.820566,2025-04-03 12:09:12.820566
5dcd9739-8670-4fbd-97cf-e4f1d0d4a921,MLA26186828,e389f0f9-61cc-4439-b4ae-c1ac569465cb,MLA26186828,bf48a6df-924e-4684-a638-1e3872bc5b2a,5144510e-085b-44d6-a348-f07d53c5b155,MyMobile H96 1.ª generación,MLA26186834,COMPLETE,MEDIUM,PRODUCT,MLA,MyMobile H96 1.ª generación,True,2025-04-03 12:09:12.820586,2025-04-03 12:09:12.820586
970d6da0-91c9-4a43-ad17-cd9176fc5df6,MLA45397375,99b7434e-8f37-459a-a8b9-5340cb59f978,MLA45397375,bf48a6df-924e-4684-a638-1e3872bc5b2a,5144510e-085b-44d6-a348-f07d53c5b155,Tv Box 5g smart 4k Android 13 última generación Android,MLA45397376,COMPLETE,MEDIUM,PRODUCT,MLA,Tv Box 5g smart 4k Android 13 última generación Android,True,2025-04-03 12:09:12.820616,2025-04-03 12:09:12.820616
bd440f32-293a-4847-89d6-75629dab9c1d,MLA37651541,5f372e7f-0711-43db-b741-da34eb2843ef,MLA37651541,bf48a6df-924e-4684-a638-1e3872bc5b2a,5144510e-085b-44d6-a348-f07d53c5b155,Tv box 5g PROSB-2000/16gb 2.ª generación Android 10.0,MLA37651543,COMPLETE,MEDIUM,PRODUCT,MLA,Tv box 5g PROSB-2000/16gb 2.ª generación Android 10.0,True,2025-04-03 12:09:12.820652,2025-04-03 12:09:12.820653
d666a6ac-f688-44f6-a70b-810929d08897,MLA15998180,c7b9d418-0f19-4ef7-9f54-1ae8ae076766,MLA15998180,bf48a6df-924e-4684-a638-1e3872bc5b2a,5144510e-085b-44d6-a348-f07d53c5b155,Tecnova Pro X88 - Negro/Gris - 16 GB - 2 GB - Estándar,,COMPLETE,MEDIUM,PRODUCT,MLA,Tecnova Pro X88 - Negro/Gris - 16 GB - 2 GB - Estándar,True,2025-04-03 12:09:12.820692,2025-04-03 12:09:12.820692
75b2b532-a348-452a-ae4f-11ab7630ea8d,MLA10931843,e3336b1d-280b-453f-a135-5760408235fa,MLA10931843,bf48a6df-924e-4684-a638-1e3872bc5b2a,5144510e-085b-44d6-a348-f07d53c5b155,Ghia GAC-009 AC-4925,MLA10931844,COMPLETE,MEDIUM,PRODUCT,MLA,Ghia GAC-009 AC-4925,True,2025-04-03 12:09:12.820794,2025-04-03 12:09:12.820795
3a50bcf1-7273-4e47-a5d6-29a69d4ab197,MLA35235194,f7eb272b-e644-4df1-981e-b4c1c1ff4c58,MLA35235194,bf48a6df-924e-4684-a638-1e3872bc5b2a,5144510e-085b-44d6-a348-f07d53c5b155,Audiolab Streamer Audiolab 9000N Play,MLA35235195,COMPLETE,MEDIUM,PRODUCT,MLA,Audiolab Streamer Audiolab 9000N Play,True,2025-04-03 12:09:12.820863,2025-04-03 12:09:12.820864
2ad22458-1f45-41f6-90c2-72fbb65e68c9,MLA42419422,f2fe78fe-2bc1-443a-b232-7de5d7433034,MLA42419422,bf48a6df-924e-4684-a638-1e3872bc5b2a,5144510e-085b-44d6-a348-f07d53c5b155,Amazon Fire tv Stick Fire TV Stick Lite 10278,MLA42419435,COMPLETE,MEDIUM,PRODUCT,MLA,Amazon Fire tv Stick Fire TV Stick Lite 10278,True,2025-04-03 12:09:12.820930,2025-04-03 12:09:12.820930
9e82f577-3b8b-43b7-968d-074219ca84f4,MLA22870931,790eb27c-5991-4345-b764-9cef6fab654e,MLA22870931,bf48a6df-924e-4684-a638-1e3872bc5b2a,5144510e-085b-44d6-a348-f07d53c5b155,Tv Box Maxpro 5G 512 GB/64Gb ram 5.ª generación Android 11.1 - Negro - 512 GB - 64 GB - Control,,COMPLETE,MEDIUM,PRODUCT,MLA,Tv Box Maxpro 5G 512 GB/64Gb ram 5.ª generación Android 11.1 - Negro - 512 GB - 64 GB - Control,True,2025-04-03 12:09:12.820957,2025-04-03 12:09:12.820957
1ed8d2a3-e55d-4445-809b-31c0de51998b,MLA44112022,b79a6897-4a98-4591-a195-3b5ee411f831,MLA44112022,bf48a6df-924e-4684-a638-1e3872bc5b2a,5144510e-085b-44d6-a348-f07d53c5b155,Live! Plus Mini 2023,MLA43272699,COMPLETE,MEDIUM,PRODUCT,MLA,Live! Plus Mini 2023,True,2025-04-03 12:09:12.821015,2025-04-03 12:09:12.821015
6e1684e4-6f67-4bc3-b34e-ea4dd9ef0378,MLA20188978,c6bdb85a-9eba-4eb9-b7f6-8e1271d5b708,MLA20188978,bf48a6df-924e-4684-a638-1e3872bc5b2a,5144510e-085b-44d6-a348-f07d53c5b155,Tv box. Magic incluido Smart TV,MLA20188982,COMPLETE,MEDIUM,PRODUCT,MLA,Tv box. Magic incluido Smart TV,True,2025-04-03 12:09:12.821071,2025-04-03 12:09:12.821072
02f58d67-bd0e-4be7-af59-f109dcffa234,MLA44037163,d2f0815e-fd8d-4b16-ab94-0f0740838ea1,MLA44037163,bf48a6df-924e-4684-a638-1e3872bc5b2a,5144510e-085b-44d6-a348-f07d53c5b155,xangshi XS97 S3 BT,MLA43897468,COMPLETE,MEDIUM,PRODUCT,MLA,xangshi XS97 S3 BT,True,2025-04-03 12:09:12.821119,2025-04-03 12:09:12.821119
56388d8e-0db8-4152-99c6-34ea4b73ccdb,MLA29637609,da8aaad7-03ff-4cd6-9f5d-bdcf637499e1,MLA29637609,bf48a6df-924e-4684-a638-1e3872bc5b2a,5144510e-085b-44d6-a348-f07d53c5b155,MyGica Atv329x ATV495X,MLA29637610,COMPLETE,MEDIUM,PRODUCT,MLA,MyGica Atv329x ATV495X,True,2025-04-03 12:09:12.821147,2025-04-03 12:09:12.821148
e2ef052e-fd4c-490d-8787-0386f9a89e60,MLA41071584,bb2307d8-a974-4496-bf0d-b75295d6d84c,MLA41071584,bf48a6df-924e-4684-a638-1e3872bc5b2a,5144510e-085b-44d6-a348-f07d53c5b155,CAYTRE No identificado,MLA41071588,COMPLETE,MEDIUM,PRODUCT,MLA,CAYTRE No identificado,True,2025-04-03 12:09:12.821168,2025-04-03 12:09:12.821168
48bc3e52-c962-4178-b531-fb31fe6e245a,MLA20188982,c6bdb85a-9eba-4eb9-b7f6-8e1271d5b708,MLA20188982,bf48a6df-924e-4684-a638-1e3872bc5b2a,5144510e-085b-44d6-a348-f07d53c5b155,Tv box. Magic incluido Smart TV - Negro - 64 GB - 8 GB - Estándar,,COMPLETE,MEDIUM,PRODUCT,MLA,Tv box. Magic incluido Smart TV - Negro - 64 GB - 8 GB - Estándar,True,2025-04-03 12:09:12.821188,2025-04-03 12:09:12.821188
c03d82d9-73c4-482d-b80c-5ee8d4fddaab,MLA41256114,826fbdd2-0ac2-4f64-9dca-3c52363b02c2,MLA41256114,bf48a6df-924e-4684-a638-1e3872bc5b2a,5144510e-085b-44d6-a348-f07d53c5b155,Inova Pro TV Box 4K 6ª generación DIG-7021,MLA41256119,COMPLETE,MEDIUM,PRODUCT,MLA,Inova Pro TV Box 4K 6ª generación DIG-7021,True,2025-04-03 12:09:12.821272,2025-04-03 12:09:12.821273
a8a745d1-0454-4a96-94e3-8e1b19581f34,MLA42506392,ace27272-32c0-4cd0-a68a-e52d5beaa30a,MLA42506392,bf48a6df-924e-4684-a638-1e3872bc5b2a,5144510e-085b-44d6-a348-f07d53c5b155,Netmak Smart Tv Box NM-TVBOX3,MLA42506394,COMPLETE,MEDIUM,PRODUCT,MLA,Netmak Smart Tv Box NM-TVBOX3,True,2025-04-03 12:09:12.821313,2025-04-03 12:09:12.821313
62c89b53-327f-489d-b59c-e82d4e1d6e05,MLA45424691,2819a1e3-3746-4204-8b48-f17a5a7812ed,MLA45424691,bf48a6df-924e-4684-a638-1e3872bc5b2a,5144510e-085b-44d6-a348-f07d53c5b155,Amazon Fire TV Stick,MLA45424692,COMPLETE,MEDIUM,PRODUCT,MLA,Amazon Fire TV Stick,True,2025-04-03 12:09:12.821365,2025-04-03 12:09:12.821365
726cb56b-ef18-454c-9b66-3df445c6f675,MLA44150266,b79a6897-4a98-4591-a195-3b5ee411f831,MLA44150266,bf48a6df-924e-4684-a638-1e3872bc5b2a,5144510e-085b-44d6-a348-f07d53c5b155,Hongtop Tv Box TV Box 1° tvbox1,MLA43530844,COMPLETE,MEDIUM,PRODUCT,MLA,Hongtop Tv Box TV Box 1° tvbox1,True,2025-04-03 12:09:12.821385,2025-04-03 12:09:12.821385
9fc7e7bc-14c2-498f-83ab-6907dd01e0cc,MLA41073863,bb2307d8-a974-4496-bf0d-b75295d6d84c,MLA41073863,bf48a6df-924e-4684-a638-1e3872bc5b2a,5144510e-085b-44d6-a348-f07d53c5b155,Lirom H96 Max,MLA41073867,COMPLETE,MEDIUM,PRODUCT,MLA,Lirom H96 Max,True,2025-04-03 12:09:12.821468,2025-04-03 12:09:12.821468
1f8a3fcc-1d96-4bc1-8a7e-e9ea9888b8bc,MLA46643069,48773564-58e0-4cac-a6db-65723175477c,MLA46643069,bf48a6df-924e-4684-a638-1e3872bc5b2a,5144510e-085b-44d6-a348-f07d53c5b155,TV Stick TV Box Android TV TV Box Android 14.0,MLA46643072,COMPLETE,MEDIUM,PRODUCT,MLA,TV Stick TV Box Android TV TV Box Android 14.0,True,2025-04-03 12:09:12.821489,2025-04-03 12:09:12.821489
3de4f165-b0f6-4431-bc6d-12758f24683d,MLA20209172,c6bdb85a-9eba-4eb9-b7f6-8e1271d5b708,MLA20209172,bf48a6df-924e-4684-a638-1e3872bc5b2a,5144510e-085b-44d6-a348-f07d53c5b155,MiraScreen Other,MLA20209176,COMPLETE,MEDIUM,PRODUCT,MLA,MiraScreen Other,True,2025-04-03 12:09:12.821516,2025-04-03 12:09:12.821516
0bf6a9ef-4b24-452d-b8ed-d7c50ef207c8,MLA34014372,60d87859-f1ab-449e-bb5b-4dfab2aee2af,MLA34014372,bf48a6df-924e-4684-a638-1e3872bc5b2a,5144510e-085b-44d6-a348-f07d53c5b155,Gadnic Tv Box RJL260,MLA34014374,COMPLETE,MEDIUM,PRODUCT,MLA,Gadnic Tv Box RJL260,True,2025-04-03 12:09:12.821542,2025-04-03 12:09:12.821542
7674ea2e-59cc-4469-9c96-2722b831007f,MLA44176706,b79a6897-4a98-4591-a195-3b5ee411f831,MLA44176706,bf48a6df-924e-4684-a638-1e3872bc5b2a,5144510e-085b-44d6-a348-f07d53c5b155,x88 X96,MLA41830698,COMPLETE,MEDIUM,PRODUCT,MLA,x88 X96,True,2025-04-03 12:09:12.821566,2025-04-03 12:09:12.821566
af77555a-c361-4d87-abd8-b28b52491815,MLA22761999,7229f47d-20bc-4f60-8379-980424106dc2,MLA22761999,bf48a6df-924e-4684-a638-1e3872bc5b2a,5144510e-085b-44d6-a348-f07d53c5b155,Tv Box Pro Pro 5G PRO 5.ª generación Android 11.1,MLA22762003,COMPLETE,MEDIUM,PRODUCT,MLA,Tv Box Pro Pro 5G PRO 5.ª generación Android 11.1,True,2025-04-03 12:09:12.821586,2025-04-03 12:09:12.821586
df05dd9d-b250-4af7-a0b3-41f38758953e,MLA44121929,b79a6897-4a98-4591-a195-3b5ee411f831,MLA44121929,bf48a6df-924e-4684-a638-1e3872bc5b2a,5144510e-085b-44d6-a348-f07d53c5b155,Blue Sound N130 3.ª generación,MLA42857303,COMPLETE,MEDIUM,PRODUCT,MLA,Blue Sound N130 3.ª generación,True,2025-04-03 12:09:12.821680,2025-04-03 12:09:12.821680
160267a3-7c9e-40ad-819e-5f0a03d897aa,MLA44178809,b79a6897-4a98-4591-a195-3b5ee411f831,MLA44178809,bf48a6df-924e-4684-a638-1e3872bc5b2a,5144510e-085b-44d6-a348-f07d53c5b155,Soundsmart Streaming SE10,MLA42846632,COMPLETE,MEDIUM,PRODUCT,MLA,Soundsmart Streaming SE10,True,2025-04-03 12:09:12.821743,2025-04-03 12:09:12.821743
6d073f90-7eed-4fb4-976e-92cf7515bdc4,MLA18614527,e74ecc49-f835-4d94-809c-3f0e189e6e80,MLA18614527,bf48a6df-924e-4684-a638-1e3872bc5b2a,5144510e-085b-44d6-a348-f07d53c5b155,AnyCast M9 Plus,MLA18614528,COMPLETE,MEDIUM,PRODUCT,MLA,AnyCast M9 Plus,True,2025-04-03 12:09:12.821777,2025-04-03 12:09:12.821778
382097cb-c50c-442c-a777-36a231ac93cb,MLA27234204,42bbc3a5-bdfe-482e-b6fc-4c8513829834,MLA27234204,bf48a6df-924e-4684-a638-1e3872bc5b2a,5144510e-085b-44d6-a348-f07d53c5b155,Amazon Fire TV Stick 3rd Gen Fire TV Stick 3.ª generación,MLA27234205,COMPLETE,MEDIUM,PRODUCT,MLA,Amazon Fire TV Stick 3rd Gen Fire TV Stick 3.ª generación,True,2025-04-03 12:09:12.821878,2025-04-03 12:09:12.821878
3bea22ea-1323-4dc9-9794-b10b180ec5ad,MLA44049282,d2f0815e-fd8d-4b16-ab94-0f0740838ea1,MLA44049282,bf48a6df-924e-4684-a638-1e3872bc5b2a,5144510e-085b-44d6-a348-f07d53c5b155,Tv Box Modelo :8k 618-t 12° 8k: 618-t,MLA43271747,COMPLETE,MEDIUM,PRODUCT,MLA,Tv Box Modelo :8k 618-t 12° 8k: 618-t,True,2025-04-03 12:09:12.821901,2025-04-03 12:09:12.821902
33053430-cca0-4ccf-ae0b-83d8d9bbd03a,MLA41083727,bb2307d8-a974-4496-bf0d-b75295d6d84c,MLA41083727,bf48a6df-924e-4684-a638-1e3872bc5b2a,5144510e-085b-44d6-a348-f07d53c5b155,Samsung Gemini,MLA41083730,COMPLETE,MEDIUM,PRODUCT,MLA,Samsung Gemini,True,2025-04-03 12:09:12.821947,2025-04-03 12:09:12.821947
a58e2c19-85c1-4228-aa95-42adc49af6a7,MLA23952431,9b64adc1-4672-4dfc-893d-2889031d653b,MLA23952431,bf48a6df-924e-4684-a638-1e3872bc5b2a,5144510e-085b-44d6-a348-f07d53c5b155,Optimus Technology Android 12,MLA23952432,COMPLETE,MEDIUM,PRODUCT,MLA,Optimus Technology Android 12,True,2025-04-03 12:09:12.821967,2025-04-03 12:09:12.821967
5d67dcca-aea4-4ae2-8614-e866d86f88f5,MLA37928134,df58ba53-a951-4a00-a3ca-9ef40bb91eca,MLA37928134,bf48a6df-924e-4684-a638-1e3872bc5b2a,5144510e-085b-44d6-a348-f07d53c5b155,Proeletronic Smart tv BOX 4K PROSB-2000 5.ª generación PROSB-2000/2GB,"MLA37928138,MLA38553522,MLA39458457",COMPLETE,MEDIUM,PRODUCT,MLA,Proeletronic Smart tv BOX 4K PROSB-2000 5.ª generación PROSB-2000/2GB,True,2025-04-03 12:09:12.822074,2025-04-03 12:09:12.822074
6d0a069a-2e46-4915-89d3-702190269c65,MLA46070630,69943c31-d4fa-4035-ac90-85c6efba6045,MLA46070630,bf48a6df-924e-4684-a638-1e3872bc5b2a,5144510e-085b-44d6-a348-f07d53c5b155,Smart Pro™ Pro Amazon Smart Mais Prime 3ª generación NETFLIX,MLA46070631,COMPLETE,MEDIUM,PRODUCT,MLA,Smart Pro™ Pro Amazon Smart Mais Prime 3ª generación NETFLIX,True,2025-04-03 12:09:12.822107,2025-04-03 12:09:12.822107
f8edbf41-a0bc-4cc3-9d3e-ea37f5697cf3,MLA24219630,70c0e0bb-da66-4be2-8966-ed379104a7c9,MLA24219630,bf48a6df-924e-4684-a638-1e3872bc5b2a,5144510e-085b-44d6-a348-f07d53c5b155,Xiaomi Tv Box S Xiaomi TV Box S 2.ª generación MDZ-28-AA,MLA24219631,COMPLETE,MEDIUM,PRODUCT,MLA,Xiaomi Tv Box S Xiaomi TV Box S 2.ª generación MDZ-28-AA,True,2025-04-03 12:09:12.822144,2025-04-03 12:09:12.822144
1d3c819f-a589-4590-bd5e-844f810b1f9f,MLA20255929,c6bdb85a-9eba-4eb9-b7f6-8e1271d5b708,MLA20255929,bf48a6df-924e-4684-a638-1e3872bc5b2a,5144510e-085b-44d6-a348-f07d53c5b155,Multilaser DG001,MLA20255933,COMPLETE,MEDIUM,PRODUCT,MLA,Multilaser DG001,True,2025-04-03 12:09:12.822248,2025-04-03 12:09:12.822248
f457487c-eb9c-41c7-8868-798188384272,MLA45643642,daae4012-c31a-4690-909b-7fab37da388f,MLA45643642,bf48a6df-924e-4684-a638-1e3872bc5b2a,5144510e-085b-44d6-a348-f07d53c5b155,Luo LUO 5° - Negro - 512 GB - 256 GB - Estándar,,COMPLETE,MEDIUM,PRODUCT,MLA,Luo LUO 5° - Negro - 512 GB - 256 GB - Estándar,True,2025-04-03 12:09:12.822278,2025-04-03 12:09:12.822279
1acced73-aadd-413d-9f8d-52067a2b14bc,MLA44098335,d2f0815e-fd8d-4b16-ab94-0f0740838ea1,MLA44098335,bf48a6df-924e-4684-a638-1e3872bc5b2a,5144510e-085b-44d6-a348-f07d53c5b155,Lihuzmd 6K Ultra HD,MLA41826045,COMPLETE,MEDIUM,PRODUCT,MLA,Lihuzmd 6K Ultra HD,True,2025-04-03 12:09:12.822370,2025-04-03 12:09:12.822370
53204916-9f6e-4fc7-924a-77b971b6c3e3,MLA23224956,489c2937-02da-42c2-95f2-82861241f78c,MLA23224956,bf48a6df-924e-4684-a638-1e3872bc5b2a,5144510e-085b-44d6-a348-f07d53c5b155,Dynalink TV Box 4K DL-ATV36,MLA23224959,COMPLETE,MEDIUM,PRODUCT,MLA,Dynalink TV Box 4K DL-ATV36,True,2025-04-03 12:09:12.822393,2025-04-03 12:09:12.822394
b8babf45-6b2a-4c41-90a3-f1816377f017,MLA17795952,e61e062e-934f-4086-8aed-3c93cc496d0b,MLA17795952,bf48a6df-924e-4684-a638-1e3872bc5b2a,5144510e-085b-44d6-a348-f07d53c5b155,Steren Adaptador WI-FI a TV INTV-060,MLA17795953,COMPLETE,MEDIUM,PRODUCT,MLA,Steren Adaptador WI-FI a TV INTV-060,True,2025-04-03 12:09:12.822435,2025-04-03 12:09:12.822435
20676947-060c-4f1d-9d88-7de481c0e3c6,MLA42226421,26e8ab16-f336-4a4f-bbf7-c115dbb867f7,MLA42226421,bf48a6df-924e-4684-a638-1e3872bc5b2a,5144510e-085b-44d6-a348-f07d53c5b155,Junerain RBOX - Negro - Estándar,,COMPLETE,MEDIUM,PRODUCT,MLA,Junerain RBOX - Negro - Estándar,True,2025-04-03 12:09:12.822526,2025-04-03 12:09:12.822526
1d959658-2827-44c5-ba84-e100047f72ad,MLA40697019,34b81f21-da08-49c5-928a-0a066e31db71,MLA40697019,bf48a6df-924e-4684-a638-1e3872bc5b2a,5144510e-085b-44d6-a348-f07d53c5b155,MXQ Pro 5G - Negro - 4 GB - Estándar,,COMPLETE,MEDIUM,PRODUCT,MLA,MXQ Pro 5G - Negro - 4 GB - Estándar,True,2025-04-03 12:09:12.822560,2025-04-03 12:09:12.822560
98b5917d-55b9-41c5-aa2b-ba1177ff66ba,MLA6253543,78cadd13-4bbc-47f1-8ec1-ae41c23ab453,MLA6253543,bf48a6df-924e-4684-a638-1e3872bc5b2a,5144510e-085b-44d6-a348-f07d53c5b155,Apple TV HD 4.ª generación 2015 A1625,"MLA6253544,MLA6269705",COMPLETE,MEDIUM,PRODUCT,MLA,Apple TV HD 4.ª generación 2015 A1625,True,2025-04-03 12:09:12.822633,2025-04-03 12:09:12.822633
b192dbe8-ab43-4f62-b855-2aa6e3529df3,MLA22209469,ccdd90b1-bcc5-46d5-aa56-7648366c4ef5,MLA22209469,bf48a6df-924e-4684-a638-1e3872bc5b2a,5144510e-085b-44d6-a348-f07d53c5b155,X-View BOX PLUS,MLA22209484,COMPLETE,MEDIUM,PRODUCT,MLA,X-View BOX PLUS,True,2025-04-03 12:09:12.822731,2025-04-03 12:09:12.822731
5569f7cb-9daa-4b5b-b3bf-6d718750c5ea,MLA21930281,d2695e02-3021-42ca-b821-4d37df916c0f,MLA21930281,bf48a6df-924e-4684-a638-1e3872bc5b2a,5144510e-085b-44d6-a348-f07d53c5b155,F Fenvi ax200ngw ax wifi,MLA21930293,COMPLETE,MEDIUM,PRODUCT,MLA,F Fenvi ax200ngw ax wifi,True,2025-04-03 12:09:12.822751,2025-04-03 12:09:12.822751
